filename,label,oof_acoustic_Ridge,oof_acoustic_ExtraTrees,oof_acoustic_RandomForest,oof_acoustic_HistGradientBoosting,oof_acoustic_LightGBM,oof_acoustic+language_Ridge,oof_acoustic+language_ExtraTrees,oof_acoustic+language_RandomForest,oof_acoustic+language_HistGradientBoosting,oof_acoustic+language_LightGBM,oof_speech_embedding_Ridge,oof_speech_embedding_ExtraTrees,oof_speech_embedding_RandomForest,oof_speech_embedding_HistGradientBoosting,oof_speech_embedding_LightGBM,oof_acoustic+speech_Ridge,oof_acoustic+speech_ExtraTrees,oof_acoustic+speech_RandomForest,oof_acoustic+speech_HistGradientBoosting,oof_acoustic+speech_LightGBM,oof_acoustic+language+speech_Ridge,oof_acoustic+language+speech_ExtraTrees,oof_acoustic+language+speech_RandomForest,oof_acoustic+language+speech_HistGradientBoosting,oof_acoustic+language+speech_LightGBM,oof_text_embedding_Ridge,oof_text_embedding_ExtraTrees,oof_text_embedding_RandomForest,oof_text_embedding_HistGradientBoosting,oof_text_embedding_LightGBM,oof_acoustic+language+text_Ridge,oof_acoustic+language+text_ExtraTrees,oof_acoustic+language+text_RandomForest,oof_acoustic+language+text_HistGradientBoosting,oof_acoustic+language+text_LightGBM,oof_acoustic+language+speech+text_Ridge,oof_acoustic+language+speech+text_ExtraTrees,oof_acoustic+language+speech+text_RandomForest,oof_acoustic+language+speech+text_HistGradientBoosting,oof_acoustic+language+speech+text_LightGBM
audio_192.wav,3.0,3.488015670642485,3.118325396825398,3.1952858807858804,3.3303137689663203,3.324790813128438,3.544985446671181,3.1520714285714284,3.018090936840938,3.2238241438415547,3.070163364366971,3.5367465813954673,3.099873015873017,3.1111697207113873,3.12262131946836,3.12294888039222,3.5974542677475916,3.0738492063492053,3.089276795735129,3.1327987590721365,3.1262495658815603,3.555569546315637,3.171880952380952,3.083341022086119,3.097619749342463,3.061741861183213,2.8446330229441323,3.651936507936508,3.6691489621489626,3.4979312223842722,3.5339381248622956,3.200872355552344,3.3379365079365084,3.277133721217055,3.5209317554436423,3.3758103331369953,3.7457236176937774,3.2152936507936487,3.1560291729875067,3.319289739018791,3.1728418594822436
audio_436.wav,3.0,3.408997840654479,3.823952380952381,3.896905082571749,3.899482783151692,3.8857325903870206,2.56430807254746,3.0901269841269845,3.099650804442471,3.2804520368047174,3.2065049190141397,2.8777825832366943,3.386365079365079,3.355946382321381,3.338254731855971,3.4067112560147415,2.5983945628689753,3.4631746031746045,3.4135105665939007,3.5788146692471874,3.553471680340124,2.3369522495251585,3.17411111111111,3.079306557639891,3.104189365394562,3.0461722494264447,3.506998618443807,3.3331746031746032,3.416774762274763,3.7014269416027408,3.5065176278538637,3.354561610884202,3.2328253968253975,3.1439041760708437,3.2321983691812863,3.3517002567805,2.8910962289834363,3.1703253968253957,3.097790323873657,3.1905781007961145,3.1360687138109733
audio_447.wav,3.5,3.413490114532306,3.6100476190476183,3.5986450463117126,3.6122895068239775,3.5799866291135802,4.10080329701581,4.316642857142855,4.398640792849126,4.601119683136996,4.622346524871653,3.0577175617218018,3.265055555555555,3.2823971260221256,3.403603151802589,3.416463152237044,3.0373225237292174,3.3255793650793652,3.3051847643097645,3.3794147395068364,3.491131948413846,3.19962572849447,3.474373015873016,3.6147629268879284,3.619435650811772,3.6655432444605034,3.602288087209066,3.925499999999999,3.9247356362773034,4.119139424784218,4.154748743520016,4.2571536245713775,4.360841269841271,4.5369227824644485,4.751410724679894,4.765277356626691,3.541269838845014,3.5347142857142857,3.601341175799508,3.725371215262776,3.756823499378068
audio_126.wav,2.0,3.056037508927742,3.5120476190476198,3.5594691234691225,3.311130956862487,3.3768965238670723,1.6891852980293252,2.918071428571429,2.9687632675966005,2.8762621660015077,2.8765239202482635,2.228318691253662,2.9373095238095233,2.851943502485169,2.6050946745517947,2.6564986068447194,2.685519338961107,3.029952380952381,3.0458195045695042,2.91210227175808,2.830223242713757,2.3761382589643243,2.8844444444444437,2.833374338624339,2.777509969822742,2.7001273432899224,1.2833071152369182,2.5838571428571426,2.6143609600276276,2.1053705586647022,2.211914648230701,2.2780864725362675,2.813722222222223,2.8084939273689264,2.771398452727073,2.6938463649866438,2.4038315310158125,2.8283492063492055,2.821616041366042,2.6911356396828428,2.6518713603339776
audio_61.wav,2.0,3.219792959756735,3.3137777777777764,3.4319545593295597,3.312926606670566,3.227499633587469,2.980107999257408,3.2941507936507937,3.237011340511341,3.140178198192076,3.133771001716983,2.666873296101888,3.6376349206349197,3.5928729634562964,3.39674263525926,3.4030654049352798,2.4801993974764405,3.51602380952381,3.5665182379349023,3.2811515241075444,3.203195410094056,2.6344346040406603,3.2331269841269834,3.1170345719095724,3.0543361545495586,3.064207579484808,1.9715737501780193,3.468555555555556,3.4496117277783944,2.9637025155989565,2.969416688000838,2.7715246407096927,3.567690476190475,3.6619997903331236,3.7627633105829936,3.6330935998852003,2.3548739584744642,3.4350873015873007,3.315439193522527,3.2593660679382235,3.1895102914190336
audio_639.wav,2.5,3.1207275760367708,2.8648253968253967,2.9528234049900717,3.117889015536935,2.947651006096843,2.361216312785721,2.993841269841269,2.942723995140662,2.757945608896035,2.726871408270806,2.9442811806996665,3.0125714285714285,3.12921667375834,2.8993260099274294,2.730840616994883,3.006185057822371,2.966484126984127,3.1075493904243903,2.857321222435091,2.7900239969441465,2.7352943209514327,3.123087301587302,3.2193603942353946,2.8941974808412865,2.6592949418658645,3.1523446242014566,3.468119047619048,3.4716775970942635,3.692057407712657,3.4498025272392696,2.36103711682761,3.0227857142857153,3.0580393542550404,2.866580914300315,2.9104595258798285,2.620251866978311,3.110182539682539,3.280837622254289,2.8872674980090753,2.835877564770366
audio_703.wav,2.0,3.75012794115379,3.6570476190476207,3.6127918177501512,3.701300686610526,3.630626880615099,1.9029874917410143,2.720261904761905,2.818345043845044,2.3643411150349194,2.3939831724378173,2.8150139649709067,2.9474920634920623,2.9861685105018427,3.0834626474242213,3.0324667300140913,2.871698639894442,3.049277777777777,3.073369388327722,2.9973177175159234,3.0214071250240018,2.6149313176926805,2.883206349206349,2.9289525428275422,2.9225651654739835,2.8270088855932705,2.3518424034118652,2.971373015873016,2.8957849172432506,2.2317199947220936,2.505264085008477,2.0742453204713347,2.8594126984126986,2.93977423039923,2.339400721230495,2.4623363844628807,2.288508651338325,2.9109603174603174,2.973531004489338,2.907097846797676,2.751352491846649
audio_509.wav,3.0,2.8287320958667865,3.0485158730158735,3.1165666786916795,3.139616118462502,3.03563955082835,3.7522037398880808,3.6780793650793644,3.8002066436649766,3.735264300836265,3.8173468825630112,3.0014516512552896,3.240738095238095,3.3130532661782666,3.244190297038871,3.1575133509914637,3.065654567725647,3.2005634920634924,3.2269073734907074,3.206201985701931,3.0708249392054294,3.1265247820306232,3.3982936507936508,3.5710182579765912,3.5213565211052207,3.4687850358557806,3.403547922770182,3.4058809523809526,3.424600815850816,3.638116175932415,3.5077303178463843,3.0841482425124185,3.7453492063492075,3.9221738369655035,3.881905972375751,3.889740445666558,3.2765367436900963,3.458555555555557,3.6232148276106604,3.712203849231301,3.609087840296949
audio_672.wav,4.0,3.9401614266656044,3.7728095238095243,3.8736320808820808,3.945780993354011,4.039430967825722,4.1201953372708955,4.326674603174606,4.402721741221742,4.42351634660066,4.393963986211484,3.406841993331909,3.613119047619047,3.5525061851728523,3.4983641247490826,3.514624357138596,3.159631300714439,3.662801587301587,3.604738175404842,3.6294630287736367,3.693712120684664,3.3566103531106406,3.869619047619048,3.877783762533762,3.9875349564334743,3.9550165615950053,3.2909448941548667,3.240833333333334,3.3840044893378227,3.122394061116798,3.193802704804748,3.4836862856183317,4.227619047619047,4.2457360309443635,4.32237550359181,4.114292392973892,3.0855228883950296,3.8658809523809516,3.842413139329805,3.9229715762697928,4.057848349341814
audio_344.wav,4.0,3.5629275280134345,3.553198412698412,3.5882857189107185,3.597365874703256,3.592553921414382,3.839305474913445,4.018984126984127,4.089825271950272,4.275134721616997,4.13032250233715,3.722605069478353,3.6083492063492066,3.602448633156966,3.699796736499993,3.651477297956861,3.7342709173130793,3.661619047619048,3.581294833253167,3.710643346407327,3.7303872022499482,3.9078740062146458,3.8479047619047617,3.9213196926530274,4.284044629007433,4.221271692992094,2.904613733291626,3.261214285714285,3.2395517954267965,3.492038731137985,3.2673213276708233,3.355802805587146,3.8975634920634925,4.013080812705813,4.189308097122748,4.169452351072263,4.102716812638739,3.847349206349205,3.892001110001111,4.245166236608881,4.242591820328026
audio_592.wav,5.0,4.405771429065833,3.9853015873015867,3.9348624307790985,4.418109593020269,4.370112847502589,4.67513174644011,4.098920634920634,3.920121142292711,4.122466372470297,4.24371399646716,4.366992473602295,3.758007936507937,3.6064944438277777,3.8429482895196423,3.928698504009695,4.818464517892926,3.793595238095238,3.6749497955747956,3.9200811564867375,4.038436437844236,4.877108149576055,4.054833333333334,4.048411836620171,4.2058090494658416,4.216501274946915,3.473947763442993,3.472063492063493,3.3208950254991922,3.467929272552255,3.300455704721207,4.576509739306175,3.890563492063493,3.6919943520531766,4.0267638143863005,3.884707018972556,4.113792178134864,3.923865079365081,4.003761744428412,4.157453121870533,4.111391235887437
audio_705.wav,3.0,4.086781876087696,3.753634920634919,3.742351375476375,3.8034852135771104,3.852693254030315,3.4574208850700914,3.357761904761905,3.2596983695317028,3.2444944456647167,3.346237834387457,2.926651398340861,3.4275555555555557,3.408081128747794,3.178996062732264,3.2387015439170894,2.7065352596224095,3.434619047619048,3.4272142574201383,3.2565522323160105,3.2213888393669676,2.728059856730398,3.3602222222222218,3.3991694262527594,3.287460661848113,3.108978185858698,4.3389692306518555,3.556611111111111,3.5633579568579568,3.5904007313037005,3.527260855172265,3.6881831750347156,3.419404761904763,3.2786562896979565,3.4054764975269616,3.399661029512112,3.165606227987824,3.4009682539682538,3.3845822649572654,3.4048174818274433,3.215392181540768
audio_497.wav,2.0,2.5938166623429173,2.471007936507936,2.54082197355114,2.4636300449383093,2.463329574236953,2.904518075335266,2.868023809523809,2.75479393600227,2.9834498145509643,3.0041932317834674,2.1876108249028525,2.5315079365079356,2.594296436588103,2.543506998847309,2.4999320145872166,2.334282123808747,2.5622619047619044,2.5697777330693996,2.474364578984367,2.567280560628582,2.552362331167708,2.68418253968254,2.615073312489979,2.7700032622151536,2.7755286808848694,3.4015584786732993,3.2042539682539686,3.3039158788742125,3.0891162573451503,3.2475505913468248,3.5382108360015088,2.896333333333333,2.841375599708934,2.715782805185332,2.771605478658897,3.0323182613437614,2.7565555555555554,2.6782660410577077,2.672851906186421,2.7731258483153542
audio_702.wav,3.0,3.8012070066357695,3.1794365079365092,3.3305851956685295,3.2631109325816126,3.3542468555025624,3.630492903909037,3.692301587301587,3.8027361558194883,4.186838861265854,3.984475776889262,2.905230760574341,3.1416349206349197,3.256918845043845,3.1995963007887407,3.234825685516805,2.9422821490883,3.156126984126985,3.314351851851852,3.32241355481295,3.3090334302122915,2.973185629140566,3.369420634920635,3.4611561648228317,3.76150404774831,3.6961026720227697,4.2936757405598955,3.545,3.6188677125343798,3.4043727810933326,3.354654595586521,4.355434711301699,3.66865873015873,3.710187118437119,3.937512073265681,3.893011588011779,3.8274670613178743,3.4362301587301585,3.4682821437821456,3.8989965983857306,3.6309739455097074
audio_598.wav,2.0,3.046691254172647,2.901944444444444,2.921720088553421,2.8491247354287474,2.8381901656425508,2.5585552296752603,2.8196904761904764,2.8881208128291456,2.5168887865531233,2.632703078021161,2.4322444597880044,2.6018174603174598,2.6513397667147673,2.518911735157671,2.560880302626853,2.196419700027358,2.633111111111111,2.6230589611006274,2.565933983665382,2.5918549250899123,2.0296204986189763,2.5657936507936503,2.6892517035433703,2.5167424472637383,2.462628649069283,0.9913448890050253,2.822626984126984,2.7391581258247926,2.9881595217282713,2.8290636099397304,1.3165630218420155,2.764301587301588,2.8561101491101493,2.6660106321765524,2.6982886579287384,1.1333120241449246,2.592587301587301,2.7228874659291322,2.501918682189656,2.483972299550875
audio_99.wav,3.5,3.154196325043902,3.2201984126984127,3.4964037259037255,3.400259484424279,3.392742955836257,2.7174193338365082,2.7542380952380956,2.6854740984324317,2.3720886030563446,2.4465222916084017,2.751631577809652,3.0951904761904756,2.894578002244669,2.797479077866837,2.7606362869920695,2.1640556656433287,2.959547619047619,2.8762655122655123,2.70956051708718,2.6086098240229543,2.4655761234840408,2.8260317460317457,2.7456702541285876,2.7136878789868746,2.57248037084107,3.7591679096221924,3.545817460317459,3.5704961319544655,3.441493998285797,3.6222398375609877,3.8649412257244062,3.0707936507936515,2.967313105104772,2.9299669615417874,2.9838469167331243,2.6597625755091348,2.8959047619047618,2.8745257736091063,2.788483369012844,2.765517250775066
audio_194.wav,4.0,3.5296642116704624,3.6242142857142845,3.663186367644702,3.91698501706162,3.819522090900976,3.2814134131138553,3.362285714285715,3.308910825285826,3.1830966662026907,3.177093862566055,3.945355256398519,4.135492063492063,4.110423881673882,4.1439402591873025,4.064869400219881,3.858885468431547,4.008880952380953,3.9867630070546745,4.126299845276665,4.0309237884429985,3.8875591436390518,3.7502698412698408,3.760674877591544,3.7158863058756437,3.6646867890059966,4.105437676111857,3.394293650793651,3.3771219212885875,3.4741926103328655,3.484840223484335,2.8650992444753136,3.2837698412698386,3.275676968093635,3.014144237233083,3.0391330991677505,3.7108358769414345,3.7541825396825392,3.775544532627866,3.6002213880367413,3.6305298700341595
audio_5055.wav,0.0,0.6569273587977666,0.05607936507936508,0.0624104938271605,0.0,0.0017994431409945643,2.137290452515946e-05,0.08632539682539682,0.058860830527497195,0.04427267955409764,0.018527389371364413,0.030780871709187824,0.06199206349206349,0.11930639730639732,0.04852742499915722,0.044171971827530444,0.016371795313159687,0.0677936507936508,0.08558796296296296,0.032800420735239436,0.040150177658072314,0.0,0.04797619047619048,0.10102314814814817,0.010848660382650867,0.017490037367542413,3.4757254123687744,3.0955238095238102,2.9089910906994234,3.0030148358190014,3.0173957206336666,1.17251488902838,0.052753968253968254,0.07213668430335096,0.04455884272489069,0.04309930749585639,0.33760029597780533,0.03,0.07129232804232803,0.007912180405454255,0.01784685806739467
audio_178.wav,3.0,2.718467387621351,2.614833333333333,2.6656493583576917,2.566917365857712,2.522981883166386,2.1682452918837605,2.6026746031746026,2.60932704641038,2.286357048935163,2.351572569563224,2.137431780497233,2.5030714285714275,2.5908696010779337,2.534910756316385,2.5233744542061287,2.10185908940569,2.4787301587301585,2.557426587301587,2.4139955313322035,2.49751528111643,2.046869926459745,2.4455317460317456,2.5296004504754506,2.2953431312091968,2.323489135069807,3.1251773039499917,2.777190476190476,2.802147015022016,2.5705297432705136,2.563435260978711,2.3597403242530492,2.5191825396825394,2.5683503286836618,2.252521752215818,2.2133409735066514,1.566003562486973,2.465904761904762,2.4901108644441976,2.308507880997999,2.408528428776103
audio_609.wav,5.0,4.688213403440993,4.585619047619048,4.569239855823189,4.7865108766516515,4.859774866778552,4.671600349081166,4.657984126984126,4.669914825189335,4.823793901417415,4.883644211898864,3.9563753604888916,4.188555555555556,4.32962287558121,4.5569355966837115,4.512366615606637,4.19513561363606,4.2289126984126995,4.377084736251402,4.692784520547604,4.561677182631868,4.316226788349094,4.415619047619048,4.517488898447233,4.599606672940054,4.681381162838481,2.818072239557902,3.312984126984127,3.48947460718294,3.6472458131863994,3.5215665843320774,4.263030093735987,4.425079365079365,4.538602392977395,4.788934351481889,4.747444648222893,3.9809089517252274,4.363531746031746,4.512329909288241,4.695949462157305,4.670593314247642
audio_77.wav,4.0,3.383527123139457,3.5304761904761883,3.6396935826519154,3.648730438802687,3.7799016181033918,3.441710125675644,3.6543095238095233,3.6575524028440705,3.6806437637198965,3.7119778441766225,3.521310885747274,3.5332063492063495,3.4489727972644624,3.496748323151147,3.508247233924557,3.330879570181436,3.3243333333333336,3.300830834289169,3.3101120944104636,3.177694794859948,3.427343731424392,3.433547619047619,3.33134029704863,3.3584717566344935,3.402425505809225,3.0664032300313315,3.3724206349206347,3.4035847624597615,3.39746412456358,3.3855480440101906,2.963317971609669,3.551880952380953,3.55200974025974,3.5221530207027527,3.444197068243831,3.2085527020073914,3.4812936507936505,3.346604518937852,3.3314305164025497,3.307922690037343
audio_18.wav,4.0,3.498303097937543,4.224619047619049,4.060097122013789,4.0308341983707905,4.235127194744906,3.592404469660806,4.172333333333332,3.9628207271123954,3.94311095041668,3.987914003758507,3.4348292350769043,3.6293888888888883,3.6353860630110635,3.469781413451079,3.4908509544962256,3.489322927286286,3.728634920634922,3.786957411415744,3.614990478030267,3.6435831653834576,3.28324043103139,3.7099365079365074,3.5868863698030364,3.6530746815682758,3.6455343368245336,3.7773265838623047,2.9366984126984135,2.9911909109409116,3.067961538814982,3.1843817713308424,4.005919293673648,4.009952380952381,3.7700194065194075,3.812562087571654,3.8750309985362708,3.2863356126242302,3.700246031746032,3.5871157052823732,3.6497792574005206,3.6145060717612623
audio_9.wav,4.0,3.1789037574889067,3.5727619047619044,3.505373282581616,3.671868691761691,3.684260668218329,2.529424399605595,3.0521825396825406,3.2839446371529704,2.958403737522366,2.9958862195444644,4.327092170715332,4.464555555555555,4.492933282766617,4.616188827933083,4.535590600382194,3.9020552348435555,4.159063492063491,4.28173518302685,4.222956802975809,4.2843287938517465,3.64210629365477,3.802055555555555,3.9032892154142154,3.9515762819199396,3.939382535585839,3.222092628479004,3.301952380952381,3.266238983238983,3.48897890033866,3.3686239026664544,2.818650387440913,2.976452380952381,3.2763730559563897,3.097026342870213,3.0579614304001494,4.030397677382372,3.7110476190476196,3.8092290564373896,3.8332139144229838,3.8247044592056008
audio_138.wav,2.0,2.558246705741448,2.75629365079365,2.6753206361539683,2.456102609776354,2.410517395807861,2.2792890048066146,2.7074444444444445,2.523892675996842,2.5247904648263044,2.3331272227692126,2.7315338452657065,3.1227539682539684,3.0577080265413596,3.02038771444481,3.057335307836508,2.9887641595005596,3.052960317460317,2.910804144929145,3.0996710505080536,3.0567247065723784,2.85532244691298,2.8550317460317465,2.803721701138368,2.9847244982752223,2.8113875141971216,2.1337778568267822,2.8002698412698415,2.797627184543851,2.645878273942346,2.5844751569400026,2.1085166423145947,2.640150793650793,2.4616933822350475,2.4725055616787723,2.3272844972477515,2.7926093673087156,2.7919206349206345,2.67096996984497,2.82710759433701,2.6790299873401406
audio_269.wav,4.0,3.0207440681132454,3.570650793650795,3.5048488533071875,3.280585912356631,3.2880899865154922,2.9340676571270756,3.115722222222223,3.017875226625227,3.0643395945336422,3.0772876891254497,3.561619281768799,3.2757142857142854,3.152323827407161,3.3926985669133622,3.1314498152465955,3.243008340023158,3.302103174603174,3.191616147741147,3.1141742226422195,3.12894219170486,3.235217717683353,3.1682619047619056,3.0514748276414942,2.9980648618994707,3.1796692692512463,4.040133476257324,3.3395476190476185,3.327195847362514,3.2229075186105196,3.281325243321772,3.196465558034756,3.1996746031746035,3.0407258744342074,3.2203340887672334,3.2214461556608533,3.475158166434183,3.2234761904761897,3.0879435024851687,3.097630917689832,3.108103377883065
audio_717.wav,4.5,3.6915995536645716,3.7670317460317464,3.6729831433998097,3.9606193808810275,3.936348282807762,3.9550967454782415,3.737142857142859,3.6075254853171526,3.983288189753893,3.94807526256956,4.076602776845296,3.966992063492064,3.850146073833575,4.050386418975034,3.943564035452067,3.9855779165004264,3.9104523809523806,3.8068769440436103,4.1554173060137565,3.9242728029169087,3.9094146644466363,3.863936507936509,3.741196969696969,4.2105493271174215,4.079925180467228,4.879964828491211,3.339119047619048,3.318651567568235,3.5411528865621604,3.597154001711273,4.4239265825051755,3.633333333333334,3.530763868847202,3.6896369340997097,3.697119744860641,3.868005638750892,3.79502380952381,3.700748396665064,4.157649825439712,3.893103865247383
audio_529.wav,3.0,2.7331633986764565,2.9310793650793645,2.922205057288391,2.929264172969578,2.7721629790949955,3.090943387861495,3.3845634920634917,3.4009731425981435,3.225349221276307,2.982952669646863,3.0409091313680015,2.6250238095238094,2.685200897867564,2.862764212562587,2.797295974421323,3.323348164578334,2.7195873015873016,2.6962356455273118,2.7004308491766835,2.7794715746103047,3.291849809859304,2.9799523809523802,3.1806180640347304,3.1172983033494277,3.1416189505713965,2.449236790339152,2.947944444444443,3.036048124714792,2.7661262678023752,2.5386238216457007,3.847237320058207,3.3815079365079366,3.340894270852605,3.2098614015574083,3.119233092093074,3.834387931916163,3.0756111111111104,3.163571047779381,3.175636201413283,3.066145999911683
audio_578.wav,4.0,3.61561382085046,3.6598968253968245,3.6650547338464015,3.4707430359167546,3.459189215109994,3.7855632035032136,3.6960793650793633,3.637796034212702,3.552664808996338,3.6696361633908965,4.544001579284668,3.337849206349207,3.3498716653716656,3.571204213928537,3.5284700280833596,4.242681233001629,3.3777063492063477,3.4054902643652647,3.6405497874177253,3.5359201416839365,4.0525175987364666,3.5635396825396817,3.5570696880280224,3.787966780407036,3.625499976499445,3.669440507888794,3.433920634920634,3.4212393316559986,3.637201695630876,3.66943030578323,3.741020052284348,3.661634920634921,3.5570937927359503,3.5311736691301334,3.618682689164945,4.386241618439586,3.452071428571428,3.5324351651434984,3.544267477385136,3.5208218047093536
audio_171.wav,2.0,3.354279071561313,3.4262460317460324,3.4554057069473743,3.1053495410179512,3.261216352763711,1.4257347583496969,2.71952380952381,2.823628974420641,2.349694328695159,2.3632453247900926,2.583617925643921,2.80065873015873,2.7691759166759176,2.299101651121403,2.3031522568360625,2.208455020029142,2.800579365079365,2.7672712842712843,2.3954103895034806,2.2655347953994096,1.7265920740643317,2.6941111111111113,2.73315262977763,2.211459875567247,2.1836280266904704,2.870663563410441,2.9576746031746044,2.883597282347282,2.696007299037402,2.8152941435242496,2.5945041134315647,2.9446825396825402,3.003249895166563,2.5368074588888256,2.6098667428307256,2.3860014480090292,2.7668492063492067,2.7327459315375986,2.276875263486305,2.190502614262041
audio_596.wav,3.0,3.017049083045366,2.9894206349206343,2.923289975456642,2.7606932034764675,2.8505097014578076,3.5635962440644158,3.696103174603175,3.729139450056118,3.7196534908442547,3.7294046459430543,3.365111509958903,2.9648095238095244,3.0208043869710544,2.9015743675052454,3.0187215175352713,3.195211813209666,2.9826349206349207,2.966513928972263,2.823966108553267,2.9385631277254465,3.099155581177101,3.296317460317462,3.4336151718651724,3.6031552491485095,3.401681968146761,4.6191512743632,3.7966190476190476,3.8312220464720457,3.943322131945383,3.839136830459985,4.122489674314137,3.794246031746031,3.931122448539114,3.6885755517208256,3.628277718262533,3.5554072100647485,3.3596190476190504,3.448880361922029,3.5823351659280056,3.4858566812604983
audio_5066.wav,0.0,0.0,0.007301587301587302,0.008888888888888889,0.08617235319134275,0.029410051209171107,0.0,0.003492063492063492,0.012404761904761905,0.005085285287287188,0.007146566742199545,0.0,0.0004761904761904762,0.015080246913580246,0.00023501210286076121,0.0,0.0,0.0,0.015425925925925926,0.0036383426519752157,0.005755495974638684,0.0,0.0011111111111111111,0.025438271604938275,0.002960656480297278,0.000987935359874901,3.6312474409739175,3.08618253968254,3.186283284616618,3.1018563321512254,3.033493483927728,0.23415549428085494,0.004126984126984127,0.004814814814814814,0.03996765666730976,0.05830653575041341,0.0570578021923942,0.0004761904761904762,0.025000000000000005,0.0077826554480731535,0.0029145230981175176
audio_501.wav,3.0,3.431692962660135,3.6525714285714272,3.746175765592433,3.682236503308625,3.5893413445597226,3.05244118704408,3.2793095238095233,3.543269157539991,3.260649857571162,3.221388317755475,2.6624606450398765,3.1379365079365082,3.1006045913962574,3.0301560381573633,3.0837433994541175,2.7339934304758384,3.2857380952380963,3.2712601642184977,3.390223930815333,3.280652907917625,2.6971587500765177,3.133777777777777,3.1546923339006674,3.133972009090712,3.085564039356459,3.87721578280131,3.703793650793651,3.7590814478731165,3.8187169442530915,3.7399317880610856,3.653992477702703,3.4323492063492065,3.565027437069103,3.5652548431137663,3.564869448304061,3.425285670442834,3.1543412698412685,3.220811968895301,3.212125676582303,3.221708495599076
audio_8.wav,2.0,3.420572677624452,3.6296269841269844,3.6401666897916893,3.856356907978744,3.7140258978683236,2.2463523184187997,2.796492063492064,2.829404533737867,2.7906709657516764,2.7659986336575257,3.258692502975464,3.660055555555555,3.6344269449686117,3.6746448123667417,3.6402277374879297,2.7623637110457318,3.6089920634920643,3.6230958593875253,3.544694107846792,3.4933804573979415,2.516772120663809,3.230238095238096,3.184107243065576,3.1324851832245586,3.155973610553526,1.7665461301803589,2.9357857142857156,3.063514348306016,2.8947736018037062,2.812225250913965,2.5328999437338497,2.7381984126984142,2.730540544332211,2.544521318433215,2.482597253724222,2.7741436034287634,3.1415238095238096,3.204953082411416,3.0054891297591833,3.0456183449967114
audio_84.wav,2.5,2.5486645663994625,3.0297222222222238,2.9292455908289248,2.68279527853518,2.714518088357481,2.7029260105914994,2.937412698412698,2.709919119460786,2.734054936909896,2.714123556086067,2.7630087534586587,2.869293650793651,2.834096580888247,2.760864935449623,2.7875048450139235,2.6666783181662415,2.818849206349206,2.8035733541150214,2.6366675466500586,2.7065726474980267,2.8955847991766883,2.854198412698412,2.870787229745563,2.640851481792817,2.6298781447862116,2.768599271774292,2.894071428571429,3.069041899458565,2.9858940069615993,2.9576826163588286,2.488573127745793,2.904563492063492,2.720802322677322,2.650798061983227,2.5283304568272396,3.070637630982709,2.909468253968255,2.901928431136765,2.6232319522596232,2.7072509871162507
audio_11.wav,3.0,2.9800951469863546,3.018666666666666,2.933003778628778,2.9993592295424123,3.119437370563912,2.516903279124415,2.597460317460317,2.844733024691358,2.668997849842406,2.6743539016974527,3.1999388535817466,3.020166666666667,3.021915297665297,2.783617785962958,2.727134440999919,3.2760940378104237,3.0071428571428567,2.9258298460798464,2.829720742052885,2.804157647835425,3.270554173776046,2.8370793650793655,2.936907227032227,2.81948345359802,2.7326764909700128,3.3237241903940835,2.950777777777778,3.040036771870106,2.9774037058367067,3.0124275763340744,3.080405427806747,2.61279365079365,2.9400544933461603,2.68185717866219,2.8025370688635616,3.241692366951069,2.78104761904762,2.891008604050271,2.7420944707439676,2.744884135844756
audio_142.wav,2.5,3.0510602337305492,2.9438809523809533,3.0460174748091418,3.064968585001593,3.1431344365336273,2.6925305929445305,3.165007936507937,3.321412747746083,3.260563894161925,3.203110415956786,2.835045258204142,2.8961269841269837,2.9907594195927527,2.814154806779886,2.890554426912906,2.7500520795989876,2.8326111111111114,2.947599106140773,2.63490463665191,2.723322526451451,2.951423195534549,3.0088571428571433,3.144219336219336,3.1866226775006385,3.126328879806971,2.782194455464681,3.3554603174603166,3.2544948893698886,3.3044936052379366,3.2744082773669163,2.6495755026554995,3.2177380952380954,3.3915032914616248,3.246956897664848,3.345929257335444,2.854669200214952,3.03238888888889,3.1975929610512943,3.1393027553204433,3.03587636959015
audio_610.wav,5.0,4.580888713899091,4.339357142857143,4.249603395061729,4.139259769633327,4.177540165674155,4.680890506235884,4.578626984126982,4.666008237133236,4.671601067142794,4.806454437193615,4.2610470453898115,4.295992063492064,4.233600849767517,4.297506725686691,4.280172676863658,4.5783922200252665,4.313634920634921,4.283462013295348,4.583599538531948,4.371064217145471,4.617143628897873,4.453222222222222,4.5491630992464325,4.586793471229122,4.511078934402489,3.6228018601735434,3.4235793650793647,3.3285797258297247,3.531933501492819,3.6205037624318055,4.606720522696932,4.392468253968254,4.568785233285233,4.6948297439230275,4.712719426081676,4.703294441703357,4.363349206349206,4.496704986371654,4.510023362564863,4.588497128080554
audio_654.wav,3.0,2.9912347246290625,3.6278888888888887,3.5710141895141896,3.4818004300879437,3.4072589110920988,2.7485637472174425,3.009761904761906,2.9867965367965366,2.764082495821493,2.868875658414846,3.3481433391571045,3.5864999999999996,3.6196068021484695,3.4992039120988743,3.6268212438293452,3.372762838834466,3.633547619047619,3.598708407333408,3.4535893327022325,3.5828661270862785,3.4188411282918927,3.3647539682539676,3.2327995630912305,3.323988412809365,3.3409171204237267,3.507094462712606,3.2146111111111133,2.9998907774324444,3.200729619117066,3.0255368071991655,3.7599447200011658,2.9802460317460326,2.9479363830613834,3.1000678999282765,3.077787143421524,3.5881611489647796,3.2897857142857148,3.1736128023211356,3.1599109894231074,3.10925018155162
audio_170.wav,2.5,4.060208475297249,4.32831746031746,4.30373903719737,4.159260327325748,4.318745619002276,4.337185739382758,4.450349206349206,4.517276977651977,4.611853694978755,4.585494721825386,3.8593753973642984,3.2522301587301583,3.286070776445777,3.5072414845109923,3.405179478103996,3.5543469093149818,3.2987619047619052,3.3383956059372726,3.4389823824458454,3.464260845260037,3.860781437554986,3.682873015873016,3.9430935222185233,3.9067626167852167,3.908825419566355,3.5257670879364014,3.7959682539682547,3.6885362554112557,3.9183515473614947,3.759388132102268,4.2928889934126575,4.368777777777777,4.425453009953009,4.7273579221202615,4.660081657888397,3.9238028047274383,3.684142857142857,3.986274390732724,3.9832869366535473,3.864148768631479
audio_255.wav,4.5,3.5750069186652067,3.799015873015873,3.6051826691826694,3.5218238436921037,3.643416626978406,3.8008023521663667,4.012626984126984,3.8126432903516245,3.7591482682788175,3.921290972364973,3.323347886403402,3.569722222222221,3.61788050683884,3.8136624179717535,3.755524405807215,3.477860822041613,3.7436825396825397,3.5853343184593203,3.7395512968973734,3.7371515025030284,3.572401598051328,3.687595238095239,3.5971865680615687,3.5917259648961077,3.696543973329201,3.1158580780029297,3.6888888888888896,3.6979201446701446,3.8637389825587722,3.880280151385071,3.495973611705344,3.9251587301587296,3.7201377249293923,3.9942804104969505,3.8444208883888202,3.341142542528283,3.7252539682539685,3.6010253866503863,3.6568390367790684,3.7047482598639583
audio_162.wav,3.0,3.884186562504572,3.702825396825398,3.708733016983017,3.6593150098346023,3.822743743503542,3.592885264153349,3.6569603174603187,3.7265271364438033,3.8384156859247263,3.9849708288369228,2.4389874935150146,3.2246507936507953,3.3185437849187838,3.2136524640567745,3.246522759846085,2.843708994081018,3.227539682539682,3.233152364610698,3.0236676015347173,3.0137953831217303,2.9122200340125253,3.276198412698413,3.268773589065255,3.2006618531918765,3.104589075616442,3.401835282643636,3.6644047619047626,3.7505976739310074,3.438694871340942,3.607022459368039,3.2984575603079676,3.75786507936508,3.6802563593813598,3.8491350759218803,3.7734673104493694,2.7994492942223808,3.338484126984127,3.329946726113393,3.2419281609761743,3.190439954109257
audio_5069.wav,0.0,0.2989424327221881,0.045293650793650796,0.012751322751322751,0.012918895050003603,0.001768920832861623,0.0,0.038269841269841266,0.016018518518518515,0.0,0.0,0.14838163057963052,0.0011111111111111111,0.01763425925925926,0.0,0.0012855037091572183,0.08210983279836581,0.0011111111111111111,0.01789814814814815,0.0008682986723653068,0.0,0.13775080423671934,0.019753968253968253,0.017468253968253966,0.002287311893724678,0.0,0.17862757047017416,2.4603571428571427,2.408791574166574,1.861584785795667,1.8031037228369644,0.0,0.011904761904761906,0.01070899470899471,0.0,0.0,0.0,0.0026984126984126986,0.02466666666666667,0.0,0.0
audio_769.wav,3.0,3.8850877168875066,3.9719126984126976,3.930566942316944,4.15302475093073,4.122499283310539,3.8560456297606627,3.9641269841269824,4.010646390646391,4.323246177362537,4.1969435376665825,3.820295492808024,3.962349206349207,3.8610073630073636,3.7743384645700186,3.8604922946813933,4.072373094260443,4.05806349206349,3.91567827080327,3.8795717218768417,3.921171455449746,4.153193209000345,3.9694047619047628,3.914050705467373,4.1871354243301875,4.051783633333128,4.01147707303365,3.469468253968254,3.5258391238391233,3.6123200887006206,3.527353080057145,4.362552987305892,3.820063492063492,3.858986851111851,4.06585375368723,4.010488413700091,3.9610335817264932,3.9483174603174604,3.7874123947040608,4.096934928156943,4.023059135827016
audio_720.wav,3.0,3.236713708024476,3.4438809523809515,3.544530434072101,3.6048178593393505,3.4248265667129245,3.5912352045529587,3.5520317460317457,3.6649140612473943,3.395364603405143,3.45142824690665,3.6302226384480796,3.499706349206349,3.5519866938616933,3.4486446736306786,3.2956551366458604,3.7051177835577715,3.556388888888888,3.572213326796659,3.4797411977361246,3.4204437919788635,3.742965204396498,3.6914047619047614,3.7816070827320822,3.686127657430379,3.4714059701041458,2.280202070871989,2.9384841269841275,3.1332837101170434,2.546404575446351,2.6667639466733104,3.5855666855735513,3.6515793650793644,3.697846190846191,3.5574230593949223,3.5278970743873486,3.513002114483882,3.6722777777777793,3.8413146822313498,3.7600691036220972,3.528051889287587
audio_623.wav,3.0,4.3934780692557505,4.159547619047619,4.23483093603927,4.143838725944906,4.183914227443782,3.799668704608998,3.4160555555555554,3.2429489939073264,3.110157399114048,3.1161548926487725,2.9317405223846436,3.391,3.6104436227352896,3.423867432304102,3.3373143019690095,3.0578872003721322,3.602809523809524,3.816899430816097,3.330141589198638,3.485270163321706,3.0915910400143836,3.3979047619047607,3.455678932178932,3.2123811057509246,3.1478356498104403,3.761895179748535,3.5385396825396813,3.5813469323885996,3.603009716033244,3.687231697780694,3.4957565718632524,3.354357142857143,3.2245789442039445,3.364992813692956,3.371278997080905,3.0698593627180295,3.4090158730158717,3.4419589931673276,3.2777372485822536,3.1665059553557975
audio_718.wav,4.5,3.3458239190051953,3.6964285714285707,3.560894286269285,3.681067217705079,3.471111317608637,3.533237096310152,3.4150873015873024,3.1849202680036,3.502664294905955,3.399266542110308,4.465537071228027,3.803396825396826,3.679884519801187,3.773826843051893,3.891119450392461,4.5318885307211,3.748349206349206,3.683969636844637,3.6433988576084926,3.8471002271448924,4.310195730578958,3.6452063492063496,3.4472378624461957,3.450960982272387,3.5322428938575086,4.104752779006958,3.1912380952380954,3.1400712821129493,3.338958361982705,3.259736911003248,3.339109871831362,3.3117777777777775,3.0957561605061596,3.1684819207278694,3.2059254527440832,3.985028203339317,3.563444444444445,3.334136904761905,3.3417473519994245,3.502705746721381
audio_136.wav,3.5,1.6523286764050618,1.723063492063492,1.3746253607503605,1.1747030848301876,0.9933807747204219,3.009859323318775,1.9155158730158728,1.308101763976764,1.573654055228556,1.3483053774962246,1.3319734334945679,2.4894682539682536,1.5965023248356571,1.6652523682165772,1.5143590099746824,1.640518157951991,2.258936507936508,1.4702688453521777,1.4389476197271176,1.2440303716967058,1.6537283214976115,2.3833809523809526,1.4419010541927195,1.4793867765407553,1.3235479676188588,3.973282814025879,3.6343492063492078,3.5604141552891555,3.7454196261653756,3.7100707981878442,2.9591395051486296,2.037269841269842,1.5056175444925444,1.669087663554409,1.553154866356324,2.187542836134615,2.46934126984127,1.5225907086740411,1.5091941636615118,1.581402110353915
audio_119.wav,2.0,2.8617215581859896,2.96470634920635,3.015455330163663,2.983099436456273,2.9715112480905392,2.9621679293926597,2.8633968253968263,2.8588307279140612,2.666617465579326,2.874009838616106,2.62146790822347,2.8296111111111113,2.849359106942439,2.7517797564339403,2.7002388383483464,2.3457297811706597,2.761626984126984,2.7911465448132122,2.5652675371423026,2.6645063429327003,2.7909306039055752,2.787952380952381,2.804385656010656,2.633259006011505,2.7487759650463937,1.8312856356302898,3.017690476190476,2.841039682539682,2.9004505497289172,2.836864575099978,2.3235816659590656,2.7439126984126982,2.705953924162257,2.5510254549885203,2.557160446903493,2.1714103961057076,2.699325396825397,2.7609625420875417,2.480253216201739,2.671442574950841
audio_542.wav,3.0,2.4609192005243425,2.823769841269843,2.8628083613916946,2.4467014948565833,2.5449194886266038,2.284752609432671,2.7858571428571426,2.972832291165625,2.6356314255756983,2.5600348897124876,2.457233111063639,3.0183809523809533,3.0502801303634643,3.017435661065629,2.9225962875728975,2.612632622413351,3.0739047619047617,3.0660001264167938,2.8816809028058956,2.792454656546718,2.3915740529411544,3.0329603174603172,2.9778963706047024,2.668578851263278,2.674557428475764,3.760141213734945,3.080373015873016,3.105440496232164,2.985516638319085,3.0108826110864357,2.871383872191094,2.976103174603175,3.149927529260863,2.610314042404609,2.8327475780422238,2.6361823307855357,3.083507936507935,3.067465347923681,2.7459891892380752,2.7414713470398393
audio_5073.wav,0.0,0.0,0.013333333333333336,0.0045370370370370365,0.10032223639123401,0.05686165532455941,0.0,0.003333333333333334,0.006941798941798941,0.020476589012843074,0.008205402769075476,0.0,0.0,0.017166666666666667,0.0008752120815142145,0.0,0.0,0.0,0.02098148148148148,0.00848859707627235,0.0,0.0,0.0,0.023962962962962964,0.0023943479271413366,0.004152472640398293,1.782208998998006,3.0883015873015878,3.0880872815456164,2.89844511692794,2.7103469520649006,0.0,0.01126984126984127,0.0066296296296296285,0.0575830698619673,0.04572932658322706,0.0,0.0,0.01948148148148148,0.014209384926785973,0.008691001510136163
audio_322.wav,4.0,4.242217446999327,3.7810079365079368,3.737399868649869,3.6767215394683403,3.9459428752046217,3.3704905913245238,3.2984841269841247,3.15144849286516,3.2851015849778435,3.225020639041477,3.9174862702687583,3.720650793650794,3.6471857663940987,3.8923947401514862,3.786199931859297,4.057799389497199,3.7201825396825385,3.636270280645281,3.72754192809087,3.7818743178107375,3.780780329169056,3.483706349206349,3.35719885361552,3.5246574931153263,3.453961162287706,3.1353650093078613,3.413063492063493,3.3501103896103896,3.5083013025246914,3.3167870118540024,3.5857682456905438,3.167507936507937,3.077252044252045,3.160842847293686,3.2781334178053716,4.147350600425272,3.4359603174603173,3.2594090785757452,3.319986158691238,3.5323356024356465
audio_5039.wav,0.0,0.46073756689295225,0.2850714285714286,0.3519074074074074,0.8984448719820713,0.2746334022274819,0.1761654189436809,0.31124603174603177,0.4047898182064849,0.9017118457021883,0.33760505279931485,0.4134005705515544,0.07392063492063493,0.28750198412698413,0.026479864793813934,0.07965902076036037,0.44088001161844187,0.08998412698412699,0.3189596560846561,0.03970144933994438,0.05142964963061753,0.33414522214650805,0.054253968253968256,0.28067261904761903,0.05940085171607079,0.07294191989763647,2.356684446334839,2.994547619047618,3.037309919927567,2.73841574248544,2.920474004872672,0.716500788269058,0.3937063492063493,0.3437416225749559,1.0514921739877614,0.3792774384650774,1.0742609283934923,0.05046031746031746,0.28092522446689117,0.09772018037593189,0.09246593083788747
audio_707.wav,3.0,4.546117952679863,3.9760079365079375,3.8931476378559715,3.8888969390353822,3.7811687479663534,4.158505514647939,3.371690476190475,3.2260851833351842,3.2576545847908562,3.2676004768998013,2.9193665186564126,3.474674603174602,3.502763054846388,3.307238292733309,3.2097348860406707,3.6808286653686935,3.5315079365079356,3.5259250440917107,3.321798453694992,3.2817837243750536,3.802647954972155,3.3441666666666663,3.292979497354498,3.1411842613177896,3.0908992620422784,4.023120403289795,3.3592301587301594,3.421836540003207,3.750964707850794,3.9086259550158466,3.592993035934613,3.2290634920634917,3.045037584329251,3.1294572078745158,3.1390777201812505,3.6108735090545925,3.3153015873015867,3.2071606742023397,3.081982476209719,3.076374900823255
audio_148.wav,3.5,4.377484186909029,3.910777777777779,3.979538572538571,4.114936317344399,4.109497599827141,4.000718636826942,3.789301587301587,3.850905341572009,4.008009396360552,3.9472713078805235,3.4916634559631348,3.8086904761904745,3.9047483797067124,3.7491753475326473,3.8544554190759333,3.512114828244289,3.893079365079366,3.915936000727667,3.8684286277632953,3.908968606947415,3.418703617805034,3.8575317460317464,3.9663738776655433,3.8410243180446972,3.7241114495173626,4.264606316884358,3.6824365079365067,3.6670778357445033,3.8823624039165114,3.7611386483905704,4.283737398555037,3.995904761904763,3.907791366041367,4.16044820211326,4.062754670450846,3.7802430405377585,3.8130952380952383,3.961389029180696,3.9471226603498244,3.949481998873933
audio_316.wav,2.0,3.304367865013175,3.259936507936508,3.451037266745601,3.062862756422195,2.990179990620223,2.5445418268907796,2.9033174603174596,2.7366121841121838,2.6221117774946827,2.451327042885392,2.2995188236236572,2.6633253968253965,2.7702980198813534,2.5310158775244376,2.5191846735131045,2.216918539492371,2.721142857142858,2.8016926453176456,2.5786054606333053,2.542087822112464,1.95855906194185,2.5908015873015873,2.60231277056277,2.3428293209579523,2.3196222260517323,3.0191358725229898,2.919071428571429,2.8585436708353367,2.782677501283903,2.68760344050275,3.3533020060194616,2.9989682539682527,2.874141028724362,2.729829650566954,2.7141735848632007,2.5138963695186245,2.706785714285715,2.6972895884979216,2.4746045903289495,2.452353459680571
audio_647.wav,4.5,4.364477400064904,4.105904761904761,3.985062389770724,4.2749528242835035,4.195866645497959,4.796389638680162,4.373269841269841,4.3165072165488825,4.600753317756695,4.613834791317511,4.586942990620931,3.914134920634922,3.767156497823164,3.829828257773208,3.8999055055910197,4.904611589079452,4.048087301587302,3.86791422158089,3.994898160537069,3.994624491843604,4.861322786699708,4.204317460317461,4.11160692239859,4.1923106164364805,4.341129910178791,3.808676799138387,3.630698412698413,3.52810163755997,4.027781510001467,3.955315834339284,4.119785088917552,4.354539682539682,4.385050966009299,4.7480006554373855,4.722902513228126,4.7545106461705045,4.193499999999999,4.148514951098284,4.268628928378338,4.19930868323609
audio_286.wav,5.0,3.7585181779491097,3.758166666666666,3.7519663700497023,4.001204291751114,3.941779418950052,4.074714422693069,4.242222222222222,4.343655743947411,4.430833649787669,4.479499580330189,4.660746097564697,3.9360238095238103,3.727310866602533,3.9668197408934422,3.9650474513760616,4.719647516834423,4.0294126984127,3.77613115279782,3.903668162939507,4.093159505841765,4.688441009717255,4.252769841269841,4.204094570552904,4.537820496724414,4.452703361504682,4.368874549865723,2.9014682539682535,2.9901563451980127,2.8147251377523563,2.959242385526436,4.566844394266583,4.041261904761904,4.12626341559675,4.297047981160506,4.080413766688184,4.515734303632222,4.14777777777778,4.126699414782748,4.485482771750896,4.365622403418894
audio_92.wav,4.0,4.525368169557698,4.356182539682539,4.217389553347886,4.078298539931514,4.2339038461957825,3.691637397159466,3.205277777777779,3.216768900852234,3.1775249422866216,3.40633654283379,2.887928565343221,3.3354126984126977,3.3385419996669996,3.1900377139324783,3.299601613687884,3.318756568908327,3.4617460317460327,3.487904313279314,3.5607855219349926,3.531358008522771,2.9976158669975312,3.2001587301587313,3.108380465213798,3.114885647713803,3.0334092191729685,2.529003063837687,3.1376984126984144,3.1786102832352845,3.0874417855242196,3.059904977083973,3.7077310983021263,3.2326190476190475,3.146569752778086,3.2142315434696154,3.1730119951224975,3.259643729573184,3.196603174603174,3.1540112233445563,3.1173091027678588,3.070298294384648
audio_462.wav,3.5,3.021217940527233,2.999738095238095,2.883657453657454,2.882838071646644,2.9099985407793114,3.414508620967981,3.3144206349206358,3.1807212648462646,3.251879274163102,3.2487904913031618,4.223127206166585,3.5522936507936507,3.6891189273689267,4.012018916491242,4.076782641588062,4.225108463845455,3.525531746031747,3.668287317620651,3.963124399804398,3.8672387403173616,4.172622830198256,3.486849206349206,3.4293186427769755,3.588483640387713,3.5529605126454658,3.4081498781840005,3.260547619047621,3.2465036876703546,2.978411606741983,3.121423172008496,3.1100340024074513,3.262865079365078,3.028729938271605,3.1825735285963366,3.1145144539786824,3.88897958688588,3.457087301587302,3.432053514386848,3.5877214993699695,3.569305657929199
audio_376.wav,5.0,4.441306777613662,4.10836507936508,4.066550485008817,4.3131893324071955,4.404967890110327,4.912877806964256,4.435761904761905,4.523129497046163,4.983412363402119,4.9216617462300025,4.97989018758138,4.56636507936508,4.527393526226859,4.5926461835248835,4.520721765879805,5.0,4.509277777777778,4.6265750160333505,4.608086856215455,4.634385958116565,5.0,4.5909682539682555,4.692709916626583,4.843549371640307,4.745810823702992,3.9148048559824624,3.7595793650793645,3.663161676286677,3.946764256077166,3.9043088687692795,4.9330447161188005,4.437650793650794,4.590108097149764,4.690658103354742,4.771675437232916,4.871775995458909,4.577420634920635,4.694037277537277,4.7100017952428,4.725833736722847
audio_76.wav,4.0,4.116078881564444,3.2789920634920637,3.36950548063048,3.3216920968161863,3.011751182123661,3.6791506024798912,3.4941269841269835,3.5702744030660702,3.72451004001052,3.4915909115981463,3.629361152648926,4.0769682539682535,4.144478835978835,4.260193564283459,4.079277571916369,3.169308538956306,3.609492063492064,3.820285160826828,3.606096929507261,3.5177872954339335,3.280725143516729,3.608904761904762,3.7604779680196354,3.6146481338210457,3.5763548521227553,3.011275291442871,3.233261904761905,3.318281853948521,3.318981424792303,3.0139223728473277,3.285927460201938,3.4990793650793655,3.617286656244989,3.6497771637707435,3.3551400291985605,3.403604282866858,3.644412698412698,3.7958800443383773,3.6788103782123507,3.711035793891876
audio_105.wav,2.0,2.2218849673661256,2.7807698412698407,2.770911984620317,2.3463801950016916,2.3751744185960155,1.6920317846982247,2.53468253968254,2.4519656685906686,2.224262427868188,2.0915243016748764,1.2331644296646118,2.835325396825397,2.736987305903973,2.4534323254502826,2.4440997279144234,1.1781299020876388,2.7504365079365076,2.6749615261281927,2.320554961440058,2.3302049092444057,1.360485553532536,2.6114682539682543,2.5581947049863722,2.146203877071312,2.2025736510672775,1.2197813193003337,2.68861111111111,2.7438071928071923,2.7696767361030603,2.5034704300066504,1.7176040067974252,2.5836904761904758,2.519352224935559,2.1928614840773166,2.1817659777764042,0.9254461299102087,2.6530238095238103,2.5842280281446954,2.2565575833476097,2.1631331026189877
audio_355.wav,3.0,2.5596559996677835,2.967634920634921,3.086835730627398,2.6346140833021354,2.787356273469367,2.5311383288294578,2.7446825396825396,2.9733739377906048,2.5095658990587335,2.534636924627831,2.1718249320983887,2.807936507936508,2.8148812129228795,2.8347288159495974,2.821633160172991,2.421949299663087,2.815468253968254,2.8784414181497517,2.860564893865311,2.7810273485957864,2.4971608379751857,2.7376190476190483,2.792903499278499,2.6730957872105154,2.6576866977573252,2.1332680384318032,3.3853730158730158,3.3826105376105384,3.092552932505304,3.1554747893641575,1.9140684788163522,3.0583730158730162,3.1520589626422955,2.6264480701718558,2.7246879946547438,1.9305986094068848,2.8442698412698406,2.8564347581430916,2.6924062946499467,2.628360583424402
audio_663.wav,3.0,3.3322393685233767,3.693380952380952,3.633789241622575,3.5639131885611657,3.5833126311480483,2.9755941753676587,3.3031507936507936,3.2251276855860183,3.3461811254550415,3.3364315563936415,2.494683821996053,3.305269841269842,3.342978074394741,3.073324217537819,3.0611611294760657,2.1809878682284904,3.494674603174603,3.4735085485502153,3.072492823881744,3.2561551135001365,2.317681719847074,3.3790158730158724,3.304776895943562,3.223426435635551,3.183418648524471,3.4233526388804116,3.239428571428572,3.279287337662337,3.2639531362018417,3.42212861185118,2.68731312688,3.2701984126984134,3.188179373096039,3.27380558112888,3.241412484157436,2.9662265013686753,3.444968253968254,3.3577811046977715,3.2030802742762723,3.2563856762890286
audio_767.wav,4.5,3.5180313976517894,3.759920634920635,3.834492217658884,3.6294181297382604,3.6994926843999174,3.2133647110534445,3.5341507936507948,3.5318737049987043,3.532564061527838,3.440527567900435,3.741861581802368,3.759325396825396,3.712060902060902,3.786029524507686,3.703592400845242,3.440612981991998,3.774809523809523,3.722612293570627,3.7037414917193874,3.678997313656686,3.2991609310107877,3.606642857142859,3.524916847041846,3.529448578193742,3.5164545676488514,2.6631978352864585,3.282984126984127,3.3010524891774886,3.4647062376837976,3.2674659313145855,2.9968349396231226,3.6440317460317466,3.6019601972101962,3.615252883404724,3.5308044924860265,3.720563473652095,3.6886428571428573,3.484505691839025,3.5882529119355624,3.5772110266736914
audio_655.wav,5.0,4.0716948777881585,4.121190476190475,4.0231163774497105,3.9063602878211916,4.09787348105996,4.40152640489111,4.296015873015873,4.32036409732243,4.463396344205328,4.3538607449426765,4.462080637613933,4.516428571428571,4.486225589225589,4.6658664691103136,4.593114615607397,4.756876736577905,4.617611111111111,4.5103613716530395,4.613854418777,4.567705013250901,4.669847409612519,4.580055555555554,4.448569581652915,4.7581881793485605,4.682234608280483,3.7393197218577066,3.6788333333333347,3.6113553190636534,3.866182660572852,3.7431970160924437,4.135832658156109,4.138547619047621,4.184234708193041,4.492026535215027,4.349531628622618,4.619019274622748,4.531349206349205,4.470214305755974,4.755688195167439,4.713002302665617
audio_372.wav,5.0,4.102331516373423,4.282365079365079,4.387310445727113,4.44157540030709,4.520126767450637,4.423533071445763,4.702928571428571,4.776237498612499,4.8078411068758955,4.918705653646026,4.890652020772298,4.618095238095237,4.613725706392373,4.860488209957254,4.782850123783526,4.896863421919941,4.729785714285714,4.699246853455186,4.970004074317818,4.932152223832084,4.885384226896391,4.767936507936509,4.755519961519961,4.941571175243278,4.902114327191015,4.855297883351644,3.9321825396825396,4.034868847202182,4.361088170008279,4.42914006548716,4.760197570715754,4.659285714285713,4.766612153278818,4.930621753027068,4.9749427799271215,4.903375643205006,4.774928571428571,4.778837522045856,4.9846917405909625,4.987635165277175
audio_667.wav,5.0,4.807690849905254,4.597849206349205,4.374854958313292,4.411151754056296,4.569748356420646,5.0,4.76547619047619,4.625440756774089,4.604167161347335,4.679130097764858,4.853862921396892,4.717523809523809,4.77335922719256,4.99830161211112,4.997349948451533,4.973317163372951,4.79526984126984,4.80105485409652,4.991899098674036,5.0,4.991646782085293,4.858150793650791,4.85613029100529,4.968080712182851,5.0,4.553259531656901,3.1869285714285716,3.2077968127551464,3.5108867395264998,3.487273128334332,5.0,4.604888888888887,4.508827405619072,4.4883427573742,4.510775087645576,5.0,4.835111111111111,4.829248737373736,4.965519765360772,4.993957646049716
audio_517.wav,2.5,2.5477466327223817,2.6708253968253968,2.6869363876863868,2.755397682493276,2.7645239317815524,2.9734966855591636,2.6639285714285705,2.6495739599906263,2.7652337381574625,2.779898348061234,2.7260704835255942,2.667714285714285,2.6721890933140924,2.7029113420325235,2.52448691967567,2.9179870841153175,2.621428571428572,2.680630190796858,2.7028485967426743,2.502480765259478,3.0583367993702475,2.5916190476190466,2.5851759721759717,2.5789592955520124,2.5690774418808116,3.365405559539795,3.117698412698413,3.1331244079994076,2.8381010609160833,2.9272212775256903,2.422166008174552,2.797857142857143,2.765013981388982,2.644729009888137,2.6869758047400594,2.6049549619642,2.6747619047619033,2.662213844797179,2.6577550231694502,2.5452902590412205
audio_765.wav,5.0,4.256279117858691,4.367626984126984,4.27961981074481,4.353457198987137,4.462671005763423,4.357967869644811,4.567555555555555,4.64144757094757,4.483829063950586,4.566599807162556,4.880919456481934,4.40131746031746,4.2792287342287345,4.447097047833327,4.4530856407202855,4.788400841612664,4.4533650793650805,4.317708596958595,4.433876463818399,4.357546338630269,4.808569451454748,4.585531746031747,4.487111071027738,4.477966771760591,4.556821100344507,4.653671582539876,3.638777777777776,3.581524631232965,3.845358534639246,3.821915572492862,4.657412449242711,4.405023809523809,4.448494708994709,4.410256182677351,4.426855161905818,4.855271247037115,4.478166666666666,4.4355241502324825,4.4215778337938465,4.505901848374598
audio_38.wav,4.0,3.0101640382378663,3.4188015873015885,3.373135814802481,3.500902769526761,3.3472804545136197,3.099664823106542,3.1125396825396834,3.1650331150331152,3.2579488593803916,3.2303562198724207,4.130451043446858,3.7603492063492063,3.794116954033621,3.905498818538352,3.742484838325284,4.105033736968217,3.625658730158731,3.69887536075036,3.6721993901973335,3.6718689902620483,4.016108511652248,3.4885555555555556,3.6385746444913116,3.546496313281018,3.486765751298339,4.465819517771403,3.7610476190476194,3.7840127141377145,3.966925160410449,3.882801788797945,3.578847726360768,3.2722539682539686,3.394848023889691,3.6513675619093693,3.4496550088744242,4.072808233332086,3.6137936507936512,3.654350194558527,3.607032506356996,3.600438273194809
audio_371.wav,5.0,4.6597395071254875,4.435531746031746,4.495140154598489,4.74088421097174,4.780286653769719,4.946792280566135,4.804507936507936,4.833197490780823,4.895589986648197,4.991643516348673,4.887251218159993,4.4881111111111105,4.518684724226392,4.767300363341877,4.63526883200215,4.958282085441168,4.563055555555556,4.525897727272728,4.797097890923916,4.689081195028799,4.965810135739112,4.729357142857143,4.704042267917267,4.847777382929656,4.895374555302806,4.581061999003093,3.7919126984126983,3.8609102409935754,4.345621923083201,4.320783496391686,4.9627722198908435,4.7005317460317455,4.783785934744269,4.893617180970021,4.950044865328629,4.926247554344737,4.734015873015872,4.69956779485946,4.85157709568676,4.893915253487699
audio_507.wav,3.0,3.9377980516849114,3.5532380952380964,3.5916681281681266,3.582857151027428,3.5126578138827074,3.5698349657279045,3.116198412698413,3.343557920474588,3.161662897612173,3.2165313633531465,3.0461679299672446,3.042777777777778,3.018875861792528,2.8881313266322532,2.924505897267499,3.2453661664197244,3.1719920634920644,3.0756863876863876,3.0846509458325198,3.096863790681782,3.1579474691442617,3.015952380952381,2.990536394161395,2.986969672581394,2.9593201746723032,2.0305837392807007,3.0476746031746025,3.0690156001405993,2.9900891708887234,2.9429105014996053,2.881036591860425,3.0815079365079363,3.3408541566458236,3.1626577767497124,3.1794247109021856,2.822823758056989,2.9999523809523816,2.9932049339549347,2.8997983454242964,2.9467467909777256
audio_5056.wav,0.0,0.513300457296982,0.04433333333333333,0.046374338624338624,0.027211933528991133,0.014917768051094264,0.0,0.032388888888888884,0.08130892255892255,0.005715307285274529,0.012326977947257671,0.5488720734914144,0.01011904761904762,0.07987632275132274,0.005170988392684678,0.014047408213375618,0.7128740008211419,0.004603174603174604,0.10122001763668431,1.7238921726973595e-05,0.0006453019683379627,0.4734315607855077,0.008968253968253967,0.08415410052910054,0.0,0.0,1.5403810739517212,3.092587301587301,3.1477723680640346,3.25042673048503,3.165004438051437,0.07099265055748605,0.029587301587301582,0.06770723104056436,0.07336756588843646,0.07838424672057379,0.6868303980967441,0.01607936507936508,0.07580820105820105,0.006284552939071692,0.03455510341440826
audio_282.wav,5.0,3.823341987683177,3.798079365079364,3.720949254449255,3.834556570062189,3.8989625877507756,4.1342346317392815,4.028619047619046,3.858219454927788,4.03291918894156,4.052702647013126,4.015441974004109,3.442896825396826,3.562363269446602,3.772631892062853,3.6379684973516393,4.248949044189126,3.481325396825395,3.4382554914221575,3.6467638114988823,3.5615299145714694,4.2041895531833005,3.6167857142857147,3.525537531912532,3.629747505130613,3.694077693327337,4.898407936096191,3.5573968253968267,3.5062345879429215,4.012426268192567,3.831414752480294,3.794728487243536,3.936539682539683,3.7369279501362835,3.877448387141442,3.916847840283879,4.16994652172508,3.57565873015873,3.5203158030241357,3.523892234209774,3.5452024564226967
audio_459.wav,3.0,3.3119581205667554,3.387523809523811,3.3098967352092354,3.4074930586120264,3.228291386576879,3.680186276098798,3.7156031746031744,3.755778867737201,3.720226314278809,3.8217027022904233,3.648193120956421,3.3011031746031736,3.1819855299021964,3.1965179189213178,3.2149239664671936,3.4057063888050814,3.255142857142857,3.1926480479397146,3.1213062983416235,3.035536246453758,3.472076788671052,3.438992063492064,3.361934109100775,3.4197173418627766,3.3329853164874614,1.8093796968460083,2.7971825396825394,2.7734966129549457,2.5555744094885613,2.4163488942820393,2.7968704522766497,3.4620238095238096,3.4122144522144513,3.257524394641958,3.284942880337507,2.859661323862079,3.364230158730159,3.2724888768638767,3.1927245350519513,3.0984826157462315
audio_303.wav,5.0,4.332908976453751,4.364920634920634,4.283771470813136,4.462525067961426,4.580038121898617,4.398333164898453,4.28252380952381,4.205851084101084,4.77018372753953,4.820825892597324,5.0,4.5085873015873,4.499617504409172,4.829586245774275,4.87666138089665,5.0,4.570373015873016,4.4974226344643,4.802374580956156,4.895352842909468,5.0,4.511936507936509,4.347073993907327,4.630280157637568,4.757611753645888,4.10503093401591,3.5679047619047624,3.476709481876148,3.7050975035727958,3.8169792027517566,4.345406546882874,4.1266349206349195,3.9911453723745383,4.480916009847245,4.576976608727049,4.808997063414934,4.425587301587302,4.257776875901875,4.544576353743425,4.684283165482204
audio_297.wav,4.5,4.406862664377674,4.113992063492064,3.993457651915986,4.151103922328919,4.212438342909857,4.409142881589754,4.076793650793653,4.026970440053773,4.106413855087656,4.256040121670181,4.890110492706299,4.4994444444444435,4.561510381593714,4.603982668750025,4.677730013630478,5.0,4.3603412698412685,4.377528699695367,4.482942195641097,4.491801896549181,5.0,4.372015873015873,4.324360796610796,4.598859924577728,4.607325979533081,4.420403957366943,3.81511111111111,3.7741888296888297,4.013397509888427,3.9205557064356675,4.783523167754774,4.037801587301587,3.9672224318890983,4.312587948755912,4.278053261145559,4.805988146191395,4.339642857142858,4.292094797178131,4.515490303575505,4.606043284869917
audio_432.wav,3.5,3.6770141379137518,3.6234047619047605,3.641833119041452,3.707065766335751,3.6978480384818524,2.9114237993950027,3.292103174603175,3.331891895141896,3.3187663699062306,3.2190550622109995,2.8278971513112388,3.149166666666666,3.1401572409072407,3.1360745335974496,3.1583622543861587,2.827274367122333,3.2290238095238095,3.2618772045855366,3.1664515333137433,3.2083787209018015,2.7639230493539775,3.15663492063492,3.1386603535353537,3.2222104964482026,3.146813960930718,1.5122567017873128,2.698190476190476,2.663221428263095,2.434941471794725,2.3794836041609155,2.663396992402508,3.172222222222224,3.105927099135433,2.9587930507241165,2.991661811473065,3.333636838931414,3.1104365079365075,3.0638579445246106,3.181687218810634,3.132944611648517
audio_454.wav,3.5,3.559312581071795,3.0135793650793645,3.055102031048109,2.8914330470706866,2.9112018301853397,3.4081342619856225,2.960928571428571,2.905498429040096,2.8223928479018396,2.7752576520906973,2.7553650538126626,3.0897777777777775,3.0730124520541184,2.947244625609109,3.0102027395279785,3.275638433853068,3.111452380952379,3.0910679012345685,3.0255094230678097,3.002800332881051,3.092346179391948,3.0318968253968266,2.9834733645983644,2.8943053135506305,2.8444421634672583,2.854463259379069,2.927246031746032,2.9399540094981274,2.505682120960652,2.5988738754368463,3.244608783919791,2.8633174603174596,2.8923533750200416,2.8104533301254144,2.639680297909317,2.948253867159058,2.9968888888888885,2.958076418951419,2.8074059882762086,2.780836720958545
audio_482.wav,2.0,3.1759603483989474,2.84781746031746,2.8983084631417966,2.6162193185759643,2.6836870676993265,2.888845555090471,2.9451666666666667,3.027146831563499,2.73349872993869,2.703487089753492,2.7481990655263266,3.0788968253968245,3.355089426006092,3.101093408432542,3.0474289983074443,2.741627304280243,3.1413015873015886,3.296130748880749,2.7584604064588363,2.853145472929498,2.7493243063070594,3.0474285714285707,3.194886183261183,2.9565687680756625,2.89764686864859,3.9599510033925376,3.558849206349205,3.5228495516828837,3.6303337065513417,3.7272188878835766,3.5833470675326304,3.1659206349206337,3.2081710557960545,2.949981484804589,3.10783284894532,2.881570999423024,3.162142857142856,3.3126409130992465,3.1216893950513946,3.0770257424839897
audio_484.wav,2.0,2.2407124154406075,2.6096507936507938,2.6043611835695173,2.4779677439658623,2.4751415183805263,2.4990615464086114,2.985865079365079,2.8669557248307256,2.7178669865740592,2.728143157293007,2.395136594772339,2.870428571428571,2.9146487447737446,2.4624538576652664,2.49824301652357,2.0797030638380307,2.850444444444444,2.861605436230436,2.410985230454353,2.3455450604506423,2.2624005816869484,3.0021190476190482,2.8742024811608147,2.488199119769637,2.457953588486987,3.7287794748942056,3.3526111111111114,3.4010606296390615,3.4755577758326432,3.4231603383581373,2.600448147005496,3.142976190476189,3.069767416225749,2.9120184189663885,2.89179142664781,2.681551375894569,3.1100317460317455,3.003536882870216,2.6238656073237396,2.5804736013731664
audio_757.wav,4.0,4.294803590761306,4.116428571428571,4.197742251575586,4.093535713795853,4.12511157643567,3.9590296795347193,3.7743888888888883,3.831469396344396,3.9147480178611365,3.8150580069032025,4.048382679621379,3.8920079365079374,4.090485690235689,3.9747134404604587,3.9063257992358373,4.0094673452902505,3.9865317460317455,4.1771530676114,3.92635046934121,3.912529666788936,3.9205426882055363,3.6972063492063474,3.815406086197753,3.752059384508597,3.7342008635622186,4.194655815760295,3.3476190476190477,3.397139029180695,3.4372562452819913,3.6360759722389258,4.318490483461375,3.6786587301587304,3.7306814358481013,4.036791922255027,3.7130649534487286,4.08839468282154,3.779269841269841,3.8016202177452176,3.7540602894731627,3.78774989135791
audio_773.wav,3.0,2.7405783801901378,3.0172142857142865,3.0428434543851215,3.154931546063024,3.133945847476696,2.838055575450376,2.9745555555555554,2.872352847769514,2.770205303263285,2.8212517767316663,3.320562998453776,3.270007936507938,3.219942782526115,3.4094238531057512,3.391692261174861,2.898197895952539,3.236317460317459,3.2506351981351984,3.514750289396672,3.389636028023213,2.701800988627488,3.2354603174603174,3.163456008497674,3.371045664782201,3.360450000239075,3.5667407512664795,3.4461507936507925,3.4448867105117102,3.2528935225372853,3.3918944157557047,3.1366481505361326,3.045896825396825,2.952014650472984,2.9382744170794113,2.9186159265661455,2.8808425138988714,3.1772222222222215,3.2088523929773927,3.415063761781525,3.2663558617426833
audio_668.wav,5.0,4.285846187016832,4.192063492063492,4.149263668430334,4.102771771528334,4.150228511144741,4.465530223833958,4.417507936507937,4.488820526695525,4.340189492046735,4.459494079316194,5.0,4.527071428571428,4.346916366041366,4.655662775661214,4.604950385023837,5.0,4.6681904761904764,4.457951318742985,4.617820497002926,4.591630578761271,5.0,4.693142857142859,4.605216262132927,4.809973588297486,4.817422594916233,3.613332827885946,3.5395714285714295,3.399483482566815,3.143933654151539,3.1449018845574446,4.765562315698136,4.508531746031745,4.517526629234962,4.615054336770893,4.623844680810435,5.0,4.659769841269839,4.593035157743491,4.8750523657125635,4.819001348696493
audio_240.wav,5.0,3.3438011857885876,3.0412539682539688,3.0412434232434236,2.9520541774411755,2.929310217539592,3.846452090523797,3.533246031746033,3.7138761624178294,3.6732064462122396,3.581732298204889,4.626997947692871,3.8185000000000002,3.669915453373786,3.9037669567285698,4.023567308465155,4.574130640114795,3.6531904761904763,3.6158423320506636,3.766715034336183,3.902887836738158,4.664966859359272,3.9797539682539678,3.939848645181979,4.14092034304896,4.175483729045933,4.624659538269043,3.0432857142857155,2.927506755590089,3.028392750142551,2.9643033021558254,5.0,3.6094761904761916,3.7956230559563893,3.803421190653914,3.781808873142991,5.0,3.8966587301587308,3.948260560427228,4.142981917475637,4.133569958948605
audio_163.wav,2.0,3.299840028138522,2.9490714285714277,3.0258688425771756,2.851062516944656,2.750620919550107,2.146303205883927,2.704388888888889,2.744221701138368,2.5096494179729443,2.4504221676276163,2.4942537943522134,2.766833333333333,2.7907234093067426,2.4304383555951055,2.416380546615635,2.630159505286879,2.766246031746032,2.815872534872535,2.531634863233465,2.411295911636488,2.279419073485586,2.636246031746033,2.679702300785633,2.327784517399951,2.3727467401830538,3.6786322593688965,2.7671666666666668,2.823726225163725,2.7523912461979196,2.8834753749884876,2.7281279594295165,2.6164603174603176,2.6577251082251085,2.397103367089078,2.4019911216588614,2.7124133645550295,2.654984126984127,2.642144721019721,2.374832702102839,2.387898325417655
audio_659.wav,5.0,3.8987340318465193,4.028412698412698,3.8057108493358496,3.9615038538839507,3.9105453226498246,3.846640873397726,4.308682539682541,4.413411260036262,4.327169025670022,4.404872029579793,4.8813850084940595,4.244079365079366,4.150591662966663,4.2217781009574,4.287696612439601,5.0,4.312984126984127,4.2353467905551225,4.39465874224553,4.434735641203613,5.0,4.400873015873016,4.3864596560846545,4.60800604329092,4.636040036803059,4.205079237620036,3.509849206349205,3.5605038742122077,3.65776425960634,3.890370454531535,4.497344597923591,4.219690476190476,4.411330868205869,4.35448042018658,4.4734027943264225,5.0,4.384817460317461,4.385240786990788,4.679124328786178,4.6514661298640485
audio_532.wav,3.5,3.2245479620787982,3.3895476190476206,3.3882818755318755,3.2542512166971314,3.2112992716084303,3.6856112915225983,3.5231666666666666,3.692983851025519,3.385831347073372,3.5786045940105793,2.540003856023153,3.062785714285713,3.1240168057251396,2.937706196251204,2.9729293375723604,2.557705595443964,3.1508968253968255,3.1243258038258035,3.083239018603989,3.1383384130443326,2.7354194638767666,3.178603174603175,3.2041932219015554,3.1206421724546836,3.1467439655893448,3.718085527420044,2.978420634920635,2.964843434343434,2.704737677678764,2.678506744205304,3.7144436016325844,3.4800000000000004,3.6576513347763346,3.3679794056831587,3.482788406884555,2.5755051837735587,3.1396746031746035,3.1725265629432293,3.084961033672202,3.1090613445679263
audio_464.wav,2.0,3.334901433664523,2.995761904761905,2.8998675367842037,3.065965003750302,3.1290211236287546,2.6738919930014604,2.670198412698413,2.5748467612634283,2.5576706564563616,2.496749916114964,2.147331794102987,2.7173492063492053,2.724269821228155,2.842523340693281,2.798356309823611,2.440677913543134,2.664611111111111,2.7711962281545617,2.8006618992478898,2.7705622039841065,2.4378921970683973,2.6003174603174597,2.706938152896486,2.5947689617716083,2.6292993708351253,3.747500419616699,3.4025714285714286,3.393832505457505,3.608173204434005,3.620414082062385,2.908261970945729,2.923007936507936,2.868800369383703,2.886675993261465,2.7870189941908556,2.592458436159414,2.7235714285714283,2.8470214322714327,2.890598293913786,2.8434102150478076
audio_5.wav,2.5,3.526211511031113,3.144246031746032,3.139668788002121,3.170172264063679,3.1121913619666173,3.0776237212901676,3.1038730158730163,3.0005724167807504,3.045043351289253,2.960732135946308,3.7487595876057944,3.5650793650793644,3.568588053921387,3.7055617123800944,3.6457098001736266,3.5723624098836186,3.3096904761904757,3.421314628272962,3.4556436724551585,3.3993104659964772,3.454900602455883,3.3651666666666658,3.3289250656750657,3.139842061133528,3.328294056002514,2.9385436375935874,3.2138174603174607,3.1530635783969116,3.0318477762555656,3.2250138482565673,3.1630114798886204,3.133396825396824,2.9887647144522145,2.8791175670122655,2.8886042895290545,3.869921539223967,3.3804285714285705,3.293238756613757,3.1978257245792676,3.397451813290644
audio_231.wav,3.5,3.167415384251926,3.3603571428571417,3.3644385583552254,3.15765017831624,3.234010747040829,3.0626874099891928,3.2913095238095234,3.285319991736658,3.2905543554553627,3.246322224752722,3.6069701512654624,3.398738095238095,3.4318233047816378,3.455863855808546,3.408113931374149,3.8091857289929423,3.3814285714285717,3.398042073667073,3.4610734943438977,3.5448689993570155,3.6523354831821933,3.38313492063492,3.3488485989319323,3.4269204049448003,3.4923350462278147,3.7799103260040283,3.640841269841269,3.6838409846326527,3.624432321139771,3.8619364092421424,3.078266512596185,3.2907301587301596,3.288383308049976,3.276422663315177,3.401684700705527,3.2841929898269093,3.3899841269841278,3.3215052786719457,3.4593268732025337,3.502645612520483
audio_384.wav,5.0,4.905407019355322,4.44847619047619,4.381030277728807,4.605968879352422,4.813011112377345,5.0,4.663563492063492,4.7113666950333615,4.8550640119203505,4.960234640682089,4.965173085530599,4.3248492063492066,4.367905289155289,4.692873071218137,4.737174783303847,4.862963286000569,4.494373015873015,4.394078922620589,4.824824409441498,4.8314417726983905,4.837064080081019,4.62486507936508,4.597354377104376,4.914779994983676,4.907357541814247,4.3503938515981035,3.7242777777777776,3.798916726791728,4.232648878440043,4.157681599314292,5.0,4.669253968253965,4.725524029982362,4.960499098132002,4.982902647105804,4.9688442572918055,4.5676428571428564,4.608141737891739,4.963210095016859,4.985787547528494
audio_54.wav,4.0,2.7227996663465786,2.945,2.8477166043832702,3.0102583050554146,2.92019340450136,2.714490338469915,2.924349206349207,2.9830228228561566,2.8362333906385664,2.8664442159692918,3.372997283935547,3.5543253968253983,3.424224365141031,3.428842039651828,3.485670560679335,3.865088757539109,3.3831190476190485,3.3809592876259535,3.3274357882007006,3.335899025492269,3.6248666739358186,3.2513253968253975,3.215089481506148,3.227263848089683,3.2429095648016997,1.8650455474853516,3.28081746031746,3.2792866192449535,3.3366977414171184,3.5594325514878853,2.527150302009832,2.9029285714285713,2.951736050986051,2.852932673361499,2.9110455456993094,3.1398503895490335,3.1972698412698413,3.182716837175171,3.0647274526261405,3.1359508438606905
audio_656.wav,5.0,4.11144494405086,4.093087301587302,4.055250286750286,3.932847393362468,3.9756921228914197,3.9997690147867737,3.752476190476191,3.7715175395592055,3.988621469628562,3.917959761948824,4.3027340571085615,4.233246031746032,4.10577996232163,4.27152148264131,4.273212893252622,4.402520583662013,4.327412698412698,4.158363816738817,4.366607350099362,4.251191584906207,4.353559552883616,3.9770793650793643,3.748567560525894,4.089498244086729,4.013214154767602,4.320542097091675,3.6125000000000003,3.572867456617457,3.809848996353191,3.8957291702451897,5.0,3.660079365079365,3.7628715929132603,4.075799748570888,4.02292446952264,4.736891527041842,3.9914285714285724,3.7540906285072957,4.149901216900093,4.04186557002482
audio_444.wav,3.0,3.951131534681157,3.027317460317461,3.097535139243473,3.3420544887397536,3.263020032798456,3.4343909596024385,2.940738095238096,2.980285247160248,3.0229910570129412,2.9811632773713552,3.3616109689076743,2.963047619047618,2.924130471380471,2.829632243581493,2.859446782201729,3.873683383865432,2.9156269841269835,2.917775386650387,2.9924522148610477,2.950218938431838,3.599861370883642,2.8558333333333317,2.8625068480901814,2.852163432286081,2.8229204213129013,3.317155043284098,3.2407222222222223,3.248539694873028,3.140689157571846,3.1587904461421594,3.104604832479034,2.875563492063492,2.9004120570787233,2.786916766977749,2.7901247323410217,3.1332366925178086,2.8040396825396834,2.8397614037197374,2.7594930291197755,2.7753928404709165
audio_5062.wav,0.0,0.07967574129008659,0.004603174603174603,0.0041005291005291,0.03744198537557141,0.009987158461447427,0.612621741056779,0.015555555555555559,0.012584656084656082,0.0040017054629395915,0.024811011641244617,0.10206945737202962,0.007777777777777778,0.05477777777777778,0.0071826298253014455,0.005577709899020647,0.1914879531903746,0.006666666666666667,0.06731878306878307,0.006542823056249013,0.0003538606251374782,0.3407300472874361,0.0,0.06642592592592593,0.010525051354910777,0.0046018016845869305,1.4761361678441365,2.7018888888888895,2.8126616762866767,2.506593130060265,2.4631474723073112,0.4929279804740531,0.007936507936507938,0.007037037037037037,0.016014282059210055,0.005277246298426616,0.5944822430614002,0.0044444444444444444,0.06960956790123456,0.004450906937074289,0.004609410962339821
audio_312.wav,4.5,3.2721328609981364,3.6819444444444436,3.6522843314093314,3.7937697223876916,3.6766673149078746,3.7517952569325863,3.9343492063492054,3.9891765456765462,4.188494056699703,4.270655394564059,3.867920239766439,3.803777777777777,3.726688213021547,4.071687856405509,3.9689019603055278,3.5423381763414272,3.8834920634920636,3.750151233026234,4.056907270628015,4.036685563166428,3.505741810251743,4.007436507936508,3.891707471540806,4.3756039611471085,4.36060782502896,3.3922371864318848,3.426095238095239,3.453427601719269,3.5761759107447504,3.4841940249937076,3.229868218662091,3.7708888888888894,3.8764242624659304,4.41176437913041,4.339679033991623,3.10528332409662,3.943555555555554,3.891501242584576,4.249050287467269,4.293434426433024
audio_120.wav,2.5,2.3969233609498115,2.7589126984126975,2.8036568385318392,2.7770170947796813,2.8189095220813702,2.598971083447119,2.5966984126984123,2.5341411243077907,2.5146491811877847,2.4821076911704885,3.070249557495117,3.1965555555555554,3.2359818191068186,3.106167314818625,3.0539456084211607,2.928347302994304,3.1329841269841268,3.1761269671686336,3.0974153312482806,3.0488209264484607,2.994946393056465,2.9392539682539685,2.9810387276122565,2.7806717262611733,2.851381039234002,1.0963105360666912,2.5676587301587293,2.583443086234753,2.210254095953687,2.2074179037017174,2.6859440609962366,2.5567063492063493,2.511520502645503,2.3684328327016324,2.3643205490770107,2.7321617238543268,2.9205714285714284,3.017901875901876,2.6989389648280233,2.703328863292238
audio_446.wav,3.0,2.5619384113986543,2.881674603174604,2.964668334751668,2.552395651165047,2.668914423466829,2.588802864246534,3.076174603174604,3.1506294184210866,2.962853545925182,2.7966865604197912,3.326984405517578,3.1678095238095234,3.156550424883759,3.180015274951321,3.1539496951633317,3.059900481635996,3.03892857142857,3.118364479656146,3.0182100190542527,3.0307285863307656,3.045653630832422,3.132468253968255,3.1717051544134875,2.9514525634183664,2.9252025191046678,3.8806379636128745,3.6913571428571426,3.7066066433566447,4.072041405067304,4.213721411660937,3.3126152588772872,3.229126984126985,3.1497734688151353,3.0903589455993727,3.141660437139706,3.8175716389603913,3.1187698412698412,3.1606053190636523,2.9855746731453525,3.0396864828942065
audio_546.wav,2.5,3.1928593368320164,3.140777777777778,3.220542308000642,3.0796640129612705,3.140512749819861,3.3366701118563484,3.234246031746032,3.1815815897065893,3.10042823007163,3.1527048366418975,2.9730447133382163,2.928825396825396,2.935570280028614,2.9281364785263917,2.8398609332472566,3.0054641059172487,2.9767698412698422,2.9864971139971144,2.984607364069394,2.9972968002652425,3.1322935529376963,2.972261904761904,3.006375573500574,2.8939345303629835,2.984840722290725,3.0300281842549643,3.182460317460317,3.2173783515866865,3.1521758284447476,3.2730166040725717,2.886731495816844,3.335912698412697,3.168783674658675,3.1229937143682576,3.1495352194599593,2.9613902103308347,3.0351507936507933,3.0368237133237135,2.88805529770342,2.946025145178608
audio_430.wav,4.0,2.9213226727301786,2.5683492063492057,2.577350098204265,2.3981188082540856,2.446887528649226,3.295453470174628,2.8766190476190467,3.149121973705307,3.249599642577062,3.208853431605341,2.654550631841024,2.6796269841269846,2.6177209364709366,2.554437075382562,2.523660963210917,2.809384975480518,2.6568174603174595,2.567011826136826,2.5048745364314695,2.523828297375124,3.0802568794841227,2.819317460317459,2.830329745871413,3.0127443564842498,2.892212158681879,2.845825513203939,3.2249523809523803,3.2341513162763165,3.0188761792933376,3.0902609842161635,3.6609641206666326,3.09738888888889,3.3481542007375347,3.3474255153331285,3.1944071817278856,2.816053547432425,2.8942539682539685,2.8867907385824054,3.0162322745318573,3.0855454580381316
audio_179.wav,2.0,2.877442941278557,3.064015873015873,3.0656005368088697,2.879932491653337,2.941354553647699,2.358712437192935,2.704706349206349,2.6611599187849184,2.537964179489378,2.592959908617551,1.82770041624705,2.6207857142857147,2.615230161813496,2.4739880263320804,2.606905233560335,2.213963926799527,2.713373015873015,2.6910725370308697,2.722063008617765,2.7320402027026662,2.2765983540924126,2.6076904761904767,2.5719479717813054,2.581470378577424,2.5932310224983013,2.6763827800750732,2.9535238095238086,2.908085257335257,2.827175163236084,2.735426253813655,2.7030758905254633,2.7266904761904747,2.730354853479854,2.6458119974570438,2.5960856508520274,2.4840459527916705,2.6088095238095232,2.571430100763433,2.5064297866146354,2.4720970472693273
audio_674.wav,4.0,4.293566512047393,4.20042857142857,4.252891434183101,4.223855245441392,4.3305707818881745,3.9212121878759554,4.276873015873016,4.387547037838705,4.247933509591422,4.320070101085174,3.8990514278411865,4.2750634920634925,4.230058561808561,4.087852013666918,4.268968673160999,3.8462265918969565,4.349984126984126,4.343998762040428,4.221174121151436,4.338148138157851,3.7182712642626843,4.39036507936508,4.379211026627694,4.1912568886576365,4.350861384673554,4.1951057116190595,3.337642857142857,3.3175982844316176,3.412485940427656,3.415644203184371,4.61050490088118,4.249484126984129,4.303315870857538,4.259664147418994,4.236376456234144,4.525697874993205,4.349333333333333,4.40168086234753,4.240121908369452,4.258582022133043
audio_737.wav,3.5,3.14078308188943,3.7066666666666683,3.765010349218683,3.4628603154910675,3.378747536797731,3.2659291252044027,3.2645317460317465,3.1188862649695985,3.0893679410854507,3.0900102679234567,3.6153714656829834,3.414071428571429,3.345857310898977,3.3290799802558144,3.2328985884012185,3.48604362953307,3.463126984126985,3.3720262021928686,3.344360912249216,3.2482194294719906,3.312693024150365,3.230063492063492,3.2419195958362628,3.1866963044067695,3.014840241085947,3.2396154403686523,3.2890873015873012,3.287954229412563,3.1340746779443553,3.1458148381552036,2.9958413996753355,3.432706349206349,3.406937813729481,3.360533415793771,3.296494404444862,3.4544424948700887,3.292238095238094,3.3162578702162047,3.1904524072656755,3.100131375681032
audio_669.wav,3.0,3.0656950380916865,3.232246031746031,3.196544870253204,3.3645487038342328,3.301470311899644,3.3910892118316966,3.1717380952380947,3.216347812681145,3.268292319244131,3.307583089994131,3.1196847756703696,3.605857142857143,3.606991526991528,3.645316768012373,3.6461604607079976,3.459685728233877,3.6013174603174605,3.645867003367003,3.5990160752276488,3.6589389099639313,3.5878471969567074,3.471587301587301,3.537898111148112,3.4333078923769462,3.5380625461586406,2.6890498797098794,3.3908333333333336,3.3339110688694014,3.4224386928476207,3.3884878618958645,2.925685341504032,3.238809523809523,3.239208353375021,3.1108420030824804,3.1089988396110635,3.2689558177872073,3.4891428571428578,3.500909360701028,3.51782303259837,3.5395765861159063
audio_540.wav,4.0,4.115392848861078,3.096595238095238,3.1248328322911654,3.2895539649103847,3.392602971959233,4.296664121204747,3.651563492063492,3.704934682601348,3.705593163131173,3.627868476886421,3.286146561304728,3.0096507936507932,3.080893410601744,2.834169232531535,2.8199188601843677,3.3542247289818925,3.0664523809523807,3.039998216289883,2.887025005339527,2.981992274009055,3.4803501682726607,3.305325396825396,3.4033187244853913,2.980342614300364,3.147092859592442,3.738608439763387,3.603222222222222,3.6303319504569505,3.369078372220629,3.5069286797279626,4.561994191981058,3.6730476190476207,3.7383848142598133,3.669000890157123,3.602974670176611,3.5888904245386466,3.2907380952380954,3.3438632771549437,3.112677692234939,3.144226644150459
audio_692.wav,4.0,3.1185063197550247,3.2294603174603176,3.0002194009694008,3.177297712813248,3.024506169209481,3.0222091870117187,2.9851666666666663,2.95468642776976,3.0610476115713294,2.880284623713903,2.787602265675863,3.4076269841269835,3.296809446726113,3.4015821827007695,3.4870409071815716,2.810458404665928,3.2768253968253966,3.2470867481284142,3.3322071384413476,3.255862975161616,2.8127036641309124,3.3571825396825408,3.383479577521245,3.5285923742111893,3.296624970648993,3.6407699584960938,3.5631111111111102,3.570824454866121,3.664786842461041,3.7019905131552586,3.2584027567367713,3.147142857142857,3.057458011124677,3.1980432073396563,3.1691537141949033,2.804055219298718,3.300015873015873,3.398626803751805,3.572162235658585,3.4762445391482526
audio_572.wav,2.0,4.284926917646829,3.83854761904762,3.908618403201736,3.804995265765568,3.7516133293643237,3.1454720305269617,3.1823412698412703,3.14556034397701,3.007693178185758,3.0361341410762557,2.1599527994791665,2.9066666666666663,2.9642218784302123,2.5868728781534416,2.7626822159125193,2.3842152584163583,3.0434206349206345,3.0348569763569757,2.801510919924006,2.801269902156115,1.9914830847369582,3.0056190476190476,2.9728736371653035,2.7170656530243273,2.594621598974999,2.765441576639811,3.0268809523809526,3.1124298386798377,3.1313562274036983,2.932622517514359,2.7018637950614646,3.1568968253968244,3.0806444342694346,2.8168709491851516,2.861911001428497,1.69363883036728,3.040531746031746,2.973960898669232,2.678037252650107,2.726636237623726
audio_479.wav,2.0,3.7642303125951884,3.3082301587301592,3.388292227833894,3.1072515139638206,2.929947114604719,3.2755584299239007,3.3164761904761915,3.404869291202625,2.8840183308370477,2.9523259969563402,3.2642011642456055,3.0286825396825403,3.0851341575091573,3.0111109673762564,3.0076153141946285,3.266948233340146,3.036277777777778,3.054646663521663,2.979085096275604,3.068960187905086,3.0862696392760327,3.1507301587301577,3.120720278178613,2.8325983988289103,2.8573842262086395,2.903552532196045,2.811515873015873,2.8287464911631575,2.545269828697457,2.5473386735633867,3.6865833540691515,3.260182539682539,3.206192952109619,2.858239487950988,2.8907233327113206,3.3627460302561167,3.0935238095238105,3.0772355900272568,2.8610079003228392,2.7946949277541826
audio_419.wav,3.0,3.0572779046719294,3.1939761904761905,3.3836865079365075,3.274090929845468,3.17423426638677,2.7709524670574215,2.8084047619047623,2.9990679675263014,2.715260652492539,2.8096550647086853,2.680352210998535,2.970119047619048,2.9524142616642606,2.74740300275565,2.907977493135764,2.7295024123419664,3.0453571428571427,3.0313989580919394,2.9804865722529708,2.8871609970322845,2.6555763604995968,2.8557380952380953,2.914383297258297,2.780530766590585,2.8113369936476698,2.7563675244649253,2.9854841269841272,2.862125314500313,2.778251908044527,2.774572849325541,2.471628392773007,2.828761904761905,2.925978227019892,2.5688843487899433,2.693666897213125,2.8263132658620216,2.8397936507936503,2.911449875741542,2.6731159682557313,2.704313377936476
audio_5037.wav,0.0,0.0038957060220115025,0.02303174603174603,0.013415343915343915,0.07234986997214629,0.15053685502366976,0.0,0.010000000000000002,0.01939153439153439,0.0014045827905907109,0.015448327438005722,0.1427318255106608,0.3353253968253968,0.42300861792528455,0.11051851907247823,0.15927110233238903,0.25724824260077445,0.2004285714285714,0.4080947971781305,0.04655748286338667,0.17050271573821685,0.060913839607615795,0.3243253968253968,0.4306231962481961,0.04320313790166075,0.10693415845482418,1.9002819061279297,2.959388888888889,2.9908645336145336,2.5356179254578675,2.293104622321806,0.0,0.009682539682539683,0.009171957671957671,0.003949569185079548,0.030913455285470525,0.4901085272104722,0.24300000000000002,0.4290248316498316,0.03526292476117413,0.09094825028314268
audio_433.wav,3.0,2.915252366145348,3.321325396825396,3.3751224531641206,3.1540059760912627,3.0796976216335055,3.024989697462651,3.333492063492063,3.2713347994597988,3.345708598966379,3.2908683577813798,2.766643842061361,3.1144603174603183,3.1377712041045367,3.184997066546043,3.186414510542319,2.7094175844236936,3.183896825396824,3.1765795454545454,3.120459637246354,3.138256283722131,2.852749135820296,3.1292777777777765,3.102038299663299,3.2771576013434127,3.129812801089353,2.4721200466156006,2.8799603174603186,2.76723371998372,2.4028166230831176,2.672419028464098,2.90600235207375,3.203698412698413,3.1289806898348567,3.055057557614576,3.096208419991774,2.903226792067185,3.065619047619047,3.0415318261984923,3.2542557515168764,3.1407118565527234
audio_405.wav,5.0,3.555871143952811,4.037706349206349,3.961621904330237,4.099932695798832,4.193925016030543,3.7324603717132896,4.067269841269842,4.087231856106857,4.136150368480499,4.018579966219872,4.920808633168538,4.743785714285714,4.736741252574585,4.858517193982672,4.900473855735444,4.798477056203901,4.720666666666666,4.679941317941316,4.798715178811079,4.866080786161947,4.583509426423693,4.704261904761904,4.653638452596787,4.822871436893736,4.8272902118722,4.30750052134196,3.601738095238094,3.7217339897756574,3.828348562482407,3.9014785215095533,4.11616031816943,4.13936507936508,4.059047978256312,4.154179652359997,4.095217394512056,4.563753203909626,4.7062380952380956,4.660210097001762,4.802695270319785,4.843749477142917
audio_267.wav,4.0,3.7791003155788876,3.7173809523809527,3.721430019055019,3.833299505277592,3.9131479821951003,4.081239427366859,3.8596746031746036,3.9013001843835178,4.3632521798860076,4.265986883627383,3.8324785232543945,3.45734126984127,3.4313349166265836,3.613466802798257,3.628561771120617,4.282002922251958,3.54126984126984,3.425410245618579,3.7629575956490897,3.6996287811222337,4.3494171873531675,3.5532857142857144,3.528414736498071,3.9443160418924514,3.9250972089056035,2.67189892133077,3.488698412698413,3.410511436094769,3.306177066411781,3.3689227420974652,3.670650246310226,3.735746031746031,3.807455169830169,4.164460320829842,4.102346632130928,3.7471837274625095,3.5466587301587302,3.5091849076849075,3.83874377352551,3.882426607395315
audio_358.wav,5.0,4.528673474629719,4.01047619047619,4.025170274170274,4.22853656100373,3.9165537151944885,4.424117180983688,4.506063492063492,4.597203643578644,4.386743612880032,4.409661372581478,4.980825742085774,4.561126984126983,4.6331304112554115,4.788509679130154,4.809830834047982,4.997538651983676,4.708968253968254,4.636950476992143,4.812082679023351,4.76458062888246,4.947919040311068,4.750857142857143,4.746937674979343,4.868624911645319,4.8528427653976145,3.2254185676574707,3.006309523809524,3.019460818502484,2.9094639106974154,3.0809511329547266,4.037954423598606,4.581182539682538,4.61393436347603,4.53280885024202,4.534694130746963,4.770737544256975,4.7668333333333335,4.739041813125147,4.918196578316551,4.864896303544682
audio_331.wav,5.0,4.42198534710754,4.299531746031746,4.267303952220619,4.401575922391987,4.501937255883586,5.0,4.707222222222221,4.813277557319225,4.905544859929698,4.975394013326612,5.0,4.523285714285714,4.52056967261134,4.872853787059445,4.720268384136818,5.0,4.660992063492064,4.59514277697611,4.842335770861793,4.926027668589402,5.0,4.785650793650792,4.7544613997114,4.948429838467203,4.97126349043084,4.474013010660808,3.284055555555556,3.268827977577978,3.7514568993251434,3.8560080102791914,4.823386581623701,4.651634920634919,4.685737373737374,4.787178413641627,4.7796233599592375,5.0,4.709261904761903,4.694989117364117,4.837274652561895,4.862766224189382
audio_487.wav,2.5,2.785988644006831,3.09854761904762,3.233620561537228,2.667954023538234,2.6587306634050143,2.103306434167401,2.9026031746031755,2.876608666025333,2.4894586268408645,2.4617289229872097,2.6261863708496094,3.010642857142855,3.010180769847437,2.861164578928786,2.7180661417436838,2.376158769990038,3.055071428571429,3.020093147593148,2.6988318452470708,2.660125962601577,2.1627725965442393,2.906555555555555,2.8802467332050656,2.5338329207383548,2.56491270073663,3.6265451908111572,3.817230158730158,3.8461564438647766,4.143565917932418,4.023505541649499,2.554176429229005,3.1006825396825395,3.06328088655172,2.9094694379033395,2.948001982956344,2.1876846911636956,3.0064444444444427,2.9727945326278653,2.8249009027476646,2.738060927905624
audio_494.wav,3.0,2.81736247117805,3.6554047619047623,3.604384308592642,3.55332464899972,3.541458286043897,2.8782096313787604,3.1783492063492047,3.0030953783870458,2.928225645841996,2.982966913634104,2.735949436823527,2.974809523809524,2.9301702140452144,2.7139304024445234,2.748521653432187,2.6932453856979026,3.0412777777777777,2.985438231521565,2.714990240790808,2.744294887077088,2.8970211440898517,3.008222222222223,2.8393387445887446,2.6958311156650745,2.638707811090061,2.9105997880299888,2.943142857142856,2.9264852092352087,2.800511288131913,2.717846108634219,3.3415375875211644,3.068468253968254,2.899705538288871,2.656870921626398,2.729680877234722,2.9918352212721104,2.9283253968253966,2.8000925717800715,2.6660661064543665,2.6644179904127188
audio_536.wav,2.5,3.113853755073158,3.04536507936508,3.0796904438154424,2.869084094491852,3.1285140633425677,3.920656150572183,3.775873015873016,3.876102934102935,3.7670574387197675,3.884950457530054,2.9877145290374756,3.0160634920634912,3.1282142055475393,3.099231077817341,3.284988835299947,2.5687807501985063,2.9762222222222228,3.1186039531456196,3.02314987882225,3.2280162803687147,2.9686670927707675,3.3458174603174595,3.597133958633959,3.8790339805086114,3.8308827767079845,3.6036086877187095,3.3935,3.3586332232582223,3.5837647339968393,3.438411311557003,3.5764814446682878,3.658222222222222,3.7355141694725025,3.6770231585937228,3.7214000757228103,3.078210938822759,3.3946666666666654,3.574265951640951,3.7638421288672483,3.73974939269547
audio_634.wav,4.0,4.7794505395297096,4.3182857142857145,4.203565840024173,4.068038185087826,4.089632800619074,4.2483594954424,3.7872936507936514,3.487737732946066,3.7232466182222974,3.736453978571396,3.524468501408895,3.6092698412698407,3.3943664021164026,3.3097126202633826,3.266931990302554,3.7896440068820225,3.732404761904762,3.546422398589065,3.288513511615697,3.3456786579156716,3.802773749179828,3.5376904761904764,3.271995390412057,3.2311181760185685,3.338037533947189,3.5490843454996743,3.1647777777777772,3.1754823432740102,3.366547260882704,3.306961288687597,4.039977893432587,3.580595238095238,3.248510651385652,3.5390348296662615,3.5035164512567665,3.6893011840702514,3.428960317460317,3.1037465173715177,3.2168010598968118,3.198993236950621
audio_317.wav,3.5,5.0,4.335103174603174,4.407407487574154,4.356947407117391,4.560339299339294,5.0,4.754388888888887,4.7913732363315695,4.976229221005775,4.953342451035987,3.669651826222738,4.260738095238096,4.274436087061086,4.385396755784491,4.190754597666282,4.172955980925387,4.366523809523809,4.373165945165945,4.343916689700383,4.442448280032997,4.183964070223909,4.5467142857142875,4.549111652236651,4.539217869791504,4.581241229436109,2.611097494761149,3.5819285714285733,3.53405028459195,3.2744187863965464,3.4845969534244268,4.560369598749741,4.752769841269839,4.811761203302871,4.918901586316181,4.962358286387717,4.264200372666838,4.558063492063492,4.558268705060372,4.565646494598412,4.634355275371956
audio_5054.wav,0.0,0.0,0.010476190476190477,0.005537037037037037,0.053633292776946125,0.03061837194758195,0.15656337299429168,0.002857142857142857,0.005518518518518519,0.027751934907194572,0.008279466174131554,0.0,0.0,0.025499999999999995,0.018664282458981288,0.012908304731155359,0.0,0.0,0.025277777777777777,0.012429892125779383,0.004661816889675011,0.0,0.0,0.02625925925925926,0.004195081718499002,0.0,0.27135006586710614,2.4174126984126976,2.4877365689865694,2.096633759910207,2.0459179307890767,0.029547593782231374,0.0019047619047619048,0.00811111111111111,0.06779046736322783,0.06672970932188473,0.0,0.0,0.029763227513227516,0.0038402363567938587,0.0030117466479257456
audio_723.wav,5.0,4.190768000040216,4.546174603174603,4.446763842638842,4.616903174924555,4.8046717157477845,4.667897237776105,4.797277777777777,4.823171109754445,4.931315317544345,5.0,4.957184314727783,4.582468253968254,4.502652837902837,4.65418478375831,4.740048422595086,4.958370671594754,4.623333333333334,4.57866348003848,4.79603037508355,4.904966783053525,4.934028273081138,4.6924126984126975,4.717034171075838,4.914897562652615,4.940477652028262,3.7850166956583657,2.9951349206349214,3.0586656044572718,3.09943097696634,2.9266360873941974,4.712530558576186,4.568499999999999,4.574840989257656,4.715442022326809,4.766831075613659,4.878533797903507,4.663309523809524,4.6957329368162695,4.853967960802784,4.858331998119476
audio_155.wav,3.5,4.441927846211608,3.9471666666666696,3.9427119315869312,4.345954479318453,4.35364981427907,4.900633607809654,4.393349206349206,4.222297518839185,4.2451190162518655,4.324686823924266,4.2479017575581866,3.861285714285715,3.9536439578939593,3.9932188140055214,4.08318912216981,4.451635230332645,3.9241746031746025,3.9514070065736724,4.1774380134000735,4.091899170008426,4.435578529045768,3.984484126984127,4.071256576756578,4.276049775738966,4.138264580009204,3.456687609354655,3.0571428571428556,3.037412838704505,2.900375495530623,2.7951211716414934,3.9424956930061676,4.188865079365079,3.930164941539942,3.871173229573842,3.8525169250474485,4.122228352055767,4.012984126984126,4.02715176181843,4.2384573907629,4.143999910170796
audio_410.wav,2.0,2.845872637949572,2.98484126984127,3.0479132934966273,2.9827791758836533,2.9554463210609208,2.6361786606945614,2.8465873015873018,2.8681183662016996,2.758619251109753,2.8557113007265698,2.347754716873169,2.983984126984127,3.0909453347578357,3.106020647216448,3.010198333660844,2.6074619998623807,3.0605317460317445,3.0668075113883937,3.277030971711907,3.2066337278219357,2.4427178836764845,2.9385873015873005,2.8319907808241127,2.9434575434758368,2.822980607862066,1.988107442855835,3.1735952380952384,3.3296423638090293,3.0249915746829643,3.0891710468999736,2.8780448028790286,2.9555317460317467,2.918890299515299,2.85897820851099,2.8776330586917673,3.1952101903087335,2.9545238095238098,2.8536521102354437,2.959171822807292,2.896460766284644
audio_251.wav,2.0,3.331407605984513,3.0749126984126973,3.1281528348195007,3.143990701653669,3.14748787182952,3.3078656496559895,2.9593571428571424,3.001064087147421,3.142061559412996,3.208960602782968,2.7401601473490396,3.178150793650794,3.2126793253043253,3.336793955633967,3.1230133353717364,2.904193400521498,3.147412698412698,3.16651819785153,3.1842835951870048,3.1198371669738534,2.7875290461785895,3.08875396825397,3.0837008577841907,3.1746330006060455,3.1400922862661136,2.6521241664886475,2.784674603174603,2.7462949134199133,1.9635347609609448,2.16800391322347,3.5138268567703945,3.044396825396825,3.0053946269779614,3.1314944859311447,3.181929368957586,3.1565323231767,3.13984126984127,3.025998436748438,3.049918267474279,3.161825576439044
audio_779.wav,5.0,3.578160357353063,3.8025952380952384,3.8731851975185307,3.827467583655288,3.8418213893416766,3.642940573128943,4.303730158730159,4.370353775853776,4.139177843030624,4.204854978423902,5.0,4.301444444444443,4.0692714446047775,4.450689096173911,4.486743280792413,4.987718024042674,4.310325396825397,4.0576216268299605,4.453812831070819,4.376982272416914,4.939484820634131,4.43665873015873,4.466337401795735,4.7255252147243985,4.611107343684865,4.30017336209615,3.743063492063493,3.674732964566298,3.8774948428526987,3.966409890768189,4.4210185975265155,4.360785714285715,4.372412681454349,4.203728266539436,4.3201531078692605,5.0,4.389246031746031,4.4508272684106025,4.677191813305491,4.610277599053826
audio_382.wav,4.0,4.443835471076948,4.252507936507937,4.2275306838223505,4.29837071319066,4.43392492903698,4.806945451257576,4.591563492063492,4.664405804072471,4.776239899209047,4.834090874523156,4.416938304901123,4.115507936507936,4.177430575597242,4.257744832702138,4.331088653723859,4.506300960216418,4.161571428571425,4.18456375260542,4.208648102921281,4.346665837442089,4.562951776177543,4.402968253968254,4.472611385528052,4.474689891126916,4.534038390081128,4.019718170166016,3.2173095238095244,3.2103787817121154,3.2451855689727442,3.100294579898995,5.0,4.490285714285714,4.5672606421356425,4.744404001872927,4.7565829463552936,5.0,4.401253968253969,4.457307559724227,4.471543590268703,4.5496345089268075
audio_559.wav,3.0,3.3541236754481623,3.0203650793650794,3.021904669404669,3.3699508148504425,3.2088765624817923,3.3411813998342783,2.6426111111111115,2.5020310245310236,2.7275195087025907,2.8484914576928797,3.6740047931671143,3.332809523809523,3.3013060766394093,3.40845326180879,3.492782735754002,3.5383799603201087,3.257738095238095,3.269595444678778,3.4132375865734854,3.3634778671271586,3.453462806124488,3.079476190476191,3.098342572550905,2.9698873741761367,3.1074769625122154,3.919942855834961,3.6555000000000013,3.591074915824917,3.4643772946120577,3.4710794674572383,3.905843118878438,2.9571746031746025,2.868073236948238,3.2125460432230746,3.2497753648874403,3.733810324172559,3.153174603174603,3.196642195767195,3.293278893106253,3.36392491061145
audio_161.wav,3.0,3.390108945952542,3.0719206349206356,3.120917087542089,2.7269682440397127,2.7993955222864972,3.62094327164623,3.2086031746031742,3.0453753160419836,3.0028164534498973,2.9912637307638614,3.180540084838867,2.9783174603174607,3.116325657367323,2.9371593737016615,3.003372972675857,3.067876251620515,2.9231746031746044,3.0249499697833033,2.9348223878328565,2.896334224216787,3.1502032334750627,3.030015873015873,3.0730772005772002,3.0843076447805813,2.993332126413287,3.378612756729126,3.1095634920634914,3.0035143783685445,2.990429251015037,2.851964628445497,3.342073704132069,3.155253968253968,3.018126924001924,2.8648708010652837,2.7798782410036975,2.8427190263851188,3.0249761904761905,3.1483432647599314,3.0000268866525643,2.999202569616237
audio_535.wav,2.5,3.214375753860452,2.9222460317460324,2.9816082651915985,3.3854733787496856,3.097273899585351,3.629602363337925,3.5073492063492058,3.5231831162664498,3.306660777680825,3.2707717756171917,3.961156447728475,3.1917380952380956,3.1558704335787673,3.468364990044167,3.390053019181353,3.74859354056326,3.0988333333333338,3.1405576599326603,3.357398590155205,3.317463085834437,3.9830209940011607,3.3173174603174616,3.250663382913384,3.6043930056277724,3.465032722750354,3.854658842086792,3.2801428571428577,3.3378184022767345,3.505419991683505,3.427107802891353,3.627209354368985,3.4165952380952382,3.2893665223665223,2.9909915612087823,3.117934571580461,3.589215486315032,3.3096190476190466,3.2126085457752116,3.3194525248254707,3.3418887754815247
audio_363.wav,5.0,3.785416014205921,3.774880952380954,3.801520562770564,4.003847903635605,4.037721731475143,4.4415822866780434,3.948841269841271,3.8923198653198656,3.994664024242507,4.031243966761987,4.894834200541179,4.413428571428572,4.404352392977395,4.588371245048307,4.69016113055278,4.705508048900496,4.214246031746032,4.212086700336701,4.298407824245936,4.413266693004409,4.7408668003042145,4.260246031746031,4.181178810387145,4.436981245687975,4.478327930595232,4.717632293701172,3.9962619047619055,3.8747143627976954,4.417734432044061,4.31444336863176,4.8738498371775885,3.972714285714286,3.9725008217091555,4.186929598352737,4.182557241024107,4.9406257658170665,4.2339126984126985,4.184990720699055,4.430235145126618,4.563514882050021
audio_5057.wav,0.0,0.03558541430036607,0.0038095238095238095,0.005314814814814815,0.06939340355219535,0.04907414481891181,0.0,0.004761904761904762,0.0028703703703703703,0.052921291699438634,0.06552505962901592,0.7602686087290446,0.005642857142857143,0.05783333333333333,0.00059329857158491,0.014475793150804802,0.7226799142924779,0.0044444444444444444,0.0691898148148148,0.06296696183640561,0.06762487244250807,0.42438673439757935,0.006888888888888889,0.06346560846560849,0.09448984450899771,0.058057567723767,2.359492858250936,3.321055555555555,3.2182573753407087,3.1614291289611884,3.1240838582431376,0.0,0.005555555555555557,0.004722222222222222,0.1573106360612501,0.06535086560373883,0.0906434994787458,0.0,0.05999603174603174,0.10071669844424445,0.07270532074030957
audio_660.wav,4.5,4.184227256624071,4.211984126984127,3.9383737974987962,3.9985592580890477,3.8421288298178395,4.5477802761087105,4.419126984126986,4.331785453743787,4.271354799801932,4.246920813024481,4.511665026346843,4.439833333333332,4.421923921757254,4.554958516196044,4.508812408822563,4.716955706601592,4.468452380952382,4.47867955347122,4.631232234794976,4.537823202220081,4.81946633134673,4.536206349206348,4.476749000999001,4.533584035077191,4.436358691881696,4.697732289632161,3.541119047619047,3.565207325082324,3.8491726105874506,3.907496947406962,5.0,4.384936507936506,4.264370711079042,4.289194708700713,4.226653471514003,5.0,4.531412698412698,4.430224947891614,4.461248849530022,4.434241943922047
audio_293.wav,5.0,3.1832165106372963,3.838436507936507,3.769078383036717,3.8467925291935443,3.7891009855197324,3.8424734883533413,4.5050793650793635,4.59690917724251,4.588260095131269,4.546990147098064,5.0,4.625095238095239,4.625957231040564,4.818024640682906,4.925385378946523,5.0,4.484579365079365,4.504422057880389,4.711963201910339,4.654135833578759,5.0,4.686333333333333,4.717749494332829,4.761763453105686,4.86720072229674,2.817112843195597,3.0800317460317466,3.1542812835312835,3.2994732463923526,3.1613176879247313,3.6184445601039417,4.4203730158730155,4.481141794933461,4.682417001586979,4.652732245190949,5.0,4.6623174603174595,4.7084218173801515,4.794346626084715,4.867734592567172
audio_74.wav,4.0,3.1590896462012927,3.7414285714285707,3.82179629321296,3.3356088118619205,3.3386051054268324,3.110113967225176,3.4252063492063485,3.5235767149517145,3.679860958250836,3.583865662042985,2.8435850143432617,3.3774841269841285,3.235535515410515,3.159768503071907,3.257027200127736,3.032253565863531,3.345952380952381,3.2879294332211,3.320265086258926,3.4438925763639836,3.183830895742762,3.327666666666667,3.359890359640359,3.5441923188353193,3.5094330170044437,4.43488883972168,3.7329047619047633,3.689470117845119,3.9877156680718655,3.7935859482656427,3.7788981220588265,3.5533730158730155,3.7441557639890966,4.1374595206585925,4.033818922487222,3.8617586526508756,3.4046269841269834,3.437936996645329,3.688017005888146,3.657751316343187
audio_215.wav,4.0,3.8039872884574506,3.8807936507936485,3.908214991798325,3.957358232477903,3.9046976320178834,4.4230037925066314,4.473468253968254,4.461236980611982,4.438573271757002,4.477118119286913,4.116096178690593,3.971555555555556,3.8928400842984168,3.871318901576272,3.9520389169240526,4.055000202263731,4.0233968253968255,3.9190271333604656,3.8732281994144664,3.93485258906365,4.274531205142495,4.169674603174603,4.218233786275454,4.499539274220787,4.4325863288076475,4.523980617523193,3.258047619047621,3.3902769267769273,3.457176498786924,3.5999409134627083,4.301719740012163,4.430547619047619,4.372390635598969,4.314317627693868,4.432328866412221,4.358969582824276,4.214063492063494,4.215846921596921,4.457835648965496,4.4270450738052745
audio_228.wav,3.0,3.2344560023226427,3.1681507936507938,3.2557244576411244,3.2895786895731796,3.279747927986209,2.810458493754776,2.819777777777778,2.858781132447799,2.7822102811512823,2.647402286671944,3.2859195868174234,3.251317460317459,3.425163527830195,3.3553094234791723,3.3602689797964853,3.229072855366143,3.2809206349206352,3.395942125775459,3.3279859627918147,3.3521801935495454,3.1767188104931363,3.1372380952380943,3.157462000962001,3.063318828381266,3.109967591516534,3.3499231338500977,3.691928571428573,3.5950661175244503,3.700355534648548,3.6186305671603454,2.9059532885524884,3.199547619047619,3.1664147642480973,3.337243762784475,3.2223379591228745,3.007147432666715,3.241825396825398,3.241687303437303,3.3438123698320936,3.359933874489455
audio_602.wav,2.0,2.5521707426465334,2.4978968253968254,2.5734724904724904,2.5462049732023697,2.514056405717588,2.9936628475506937,2.7128492063492065,2.6219872766122765,2.725320594689409,2.678057715414013,2.9719009399414062,2.5785396825396827,2.6021353415103414,2.501916115670886,2.610464501733919,3.0970366074556437,2.4949841269841264,2.576138407888408,2.494453037571495,2.603807685419358,3.036460915934826,2.531293650793651,2.53463492063492,2.506043838293969,2.642130602191689,2.221322456995646,2.8586428571428577,2.8431389890973233,2.488637159178188,2.5168667496570247,2.4735742343098788,2.732722222222222,2.593471380471381,2.6307824514257243,2.6656935010135885,2.6657944975603933,2.615619047619047,2.5858799903799903,2.594211689674099,2.5847922388626308
audio_396.wav,2.0,4.269183422051444,3.6229523809523823,3.7992734086900737,3.7511533048708827,3.834747598793139,3.582243025984571,3.1801349206349214,3.094512136012136,2.9236059456525307,3.1384704341702303,3.110707918802897,3.7858095238095237,3.982641233766234,3.8964870490636883,3.8049587283272053,3.411990109753947,3.9134523809523816,4.066292121458787,4.175893356401828,4.023745392390469,3.376058368613266,3.569428571428571,3.410876843835178,3.2857638770340922,3.346318841965577,3.210026502609253,3.334912698412698,3.233064537314538,3.4139621514041045,3.249113578734376,3.4723633394930857,3.163873015873014,2.9846496065662733,3.14997491767544,3.0511649166858494,3.1908640696534967,3.402468253968253,3.3832913259579924,3.307776319631131,3.178397616560399
audio_576.wav,2.0,2.9078818793699113,2.701880952380952,2.8178370795870795,2.7604159296656214,2.7923767123303165,2.888992684938193,2.6526666666666663,2.61178695687029,2.518158766354268,2.6052785031998815,3.0226966540018716,2.7954206349206356,2.8674201045867704,2.841933152543252,2.871012843094464,2.9043982505508628,2.6924285714285716,2.8031280062530057,2.8017130833407875,2.7851753416120277,2.983571257175696,2.6724365079365078,2.6394882355299027,2.591426384615136,2.5923478210312445,3.2141777674357095,3.631865079365079,3.595473328233133,3.6904961243471175,3.742304791856584,3.368496071473609,3.032261904761904,3.0315125738459074,3.25681508690846,3.2069985640642145,3.129376711291633,2.7926746031746035,2.852487373737374,3.0333326863928836,2.9509781335261205
audio_5040.wav,0.0,0.5329665542765408,0.08055555555555555,0.1346843434343434,0.019466897978469164,0.0258017134560877,1.6812430491156674,0.09609523809523808,0.13659171075837742,0.410089570045679,0.42850758036488545,0.0,0.008452380952380953,0.03594907407407407,0.0009874203224832655,0.0,0.0,0.006936507936507938,0.062236772486772486,0.0036387604595419024,0.0006975798632253184,0.26021541158309053,0.016809523809523812,0.06221296296296296,0.17062325007460125,0.11289620930833699,3.0259745915730796,3.781277777777779,3.7753386906303574,3.849679797706274,3.6800644436540573,0.6349865884312501,0.09194444444444445,0.161489417989418,0.3655186991520405,0.3725305505942849,0.14081229020681038,0.04146031746031746,0.0494074074074074,0.15298920018253415,0.07414738155485785
audio_198.wav,4.0,3.7635980842469388,3.5610555555555545,3.5506427908511244,3.5218772681567736,3.536799462438706,3.287555680078532,3.1256587301587295,2.998318129401462,2.9419621013916166,3.034110561530143,3.8485728104909263,3.825531746031745,3.7275779267029265,3.7199265849422223,3.7515114235710385,3.880227762851451,3.7495476190476182,3.7272409812409815,3.6388127194726465,3.721456058940994,3.6442796070995533,3.3467301587301583,3.2533678852012176,3.0856341854828364,3.1652104129605045,4.009047349294026,3.297555555555555,3.3366785853035847,3.2923861214500394,3.323809850685491,3.1678920338302183,2.8669365079365075,2.737179353054353,2.8059161588453327,2.6883430158421007,3.541499641376237,3.2676111111111124,3.1302967788384457,3.0558989902608222,3.093408798819221
audio_600.wav,2.0,2.730544854921795,2.483849206349206,2.5914507776174442,2.7566463340187846,2.643512223399104,2.734770027533735,2.5787142857142853,2.5346023606023613,2.579914437141239,2.6395938918288095,2.7844216028849282,2.4461984126984126,2.549105684439018,2.5512231673675063,2.6285153421534937,2.9702882684584107,2.4613571428571426,2.560727133977134,2.7081119114730385,2.704945102712616,2.769269999082232,2.4501507936507934,2.451724587141254,2.4184545571028955,2.470863930643922,2.8917203744252524,2.9621587301587304,3.0429952763286092,2.927494205216442,3.0796833446245113,2.7127180522199947,2.777738095238094,2.721365876407544,2.5667221897844343,2.6335557958939844,2.5682862068732355,2.5534444444444446,2.5780491822991816,2.5360181360510863,2.618181139487326
audio_710.wav,4.0,3.3614056423017966,3.554,3.4715601651434977,3.4197986140069325,3.43377719849314,3.9094618404378494,3.4149365079365084,3.375529293237627,3.5783146868739504,3.5633706697413294,3.8615508874257407,3.7419603174603178,3.712044384627717,3.623808194038331,3.626380499197726,3.85516418326025,3.722404761904761,3.6940342389092393,3.6847456177191074,3.6316512826464282,3.8971291229063283,3.672634920634921,3.6240407987074654,3.7575905777699057,3.7879338815567265,3.699942191441854,3.7296428571428577,3.660360585402253,3.7387662003166806,3.7564396676404486,4.185095299709594,3.6227063492063487,3.5658687346604006,3.714343901109034,3.8377575355393674,4.205710671434581,3.732055555555555,3.7602099937099935,4.018004020128695,3.898035598108486
audio_246.wav,3.0,4.135357465294168,3.943460317460316,3.935356967106967,3.775127685603577,3.8135161459859304,3.9437176003594736,3.240261904761905,3.1318334859584858,2.979573378170459,3.0752516356890633,3.75256617863973,4.117515873015875,3.9697955347122016,3.9867367199531425,3.883544491642541,3.7315170514411657,4.089380952380952,3.964175244508579,3.9025784093831626,3.859556356028431,3.7852202443603,3.6475317460317456,3.537717231842232,3.333574917138696,3.351657428080344,3.154819885889689,3.5251428571428574,3.5696639109347448,3.3908253434994697,3.6108718854497943,4.163289767043287,3.265746031746031,3.1523479591396253,3.216994293987991,3.3319505140841055,4.069260748853108,3.6341111111111117,3.4372449248282586,3.426060431178266,3.4511652746935595
audio_490.wav,2.5,3.2866260354255417,2.8591269841269837,2.907214586339585,2.6189690779011556,2.580003082002093,3.0135561403604636,2.9882619047619046,3.059593008843009,3.044342132448406,3.033940008298485,2.3159469763437905,2.681031746031746,2.7267739528989527,2.37408833697126,2.405820491403737,2.366891347835408,2.797198412698412,2.770192252192252,2.4697361959514788,2.477136596231064,2.4312207042167953,2.7548095238095236,2.7784597763347763,2.701949428339938,2.578501267229885,3.9919844468434653,3.318801587301588,3.2633688996188988,3.346436858804001,3.398986474688941,3.5732519027689786,3.0566666666666653,3.0781616963283622,2.9249968456089,2.9793535707341348,2.9375164334340185,2.822269841269842,2.861056519098186,2.711504779988681,2.658658406033942
audio_657.wav,5.0,4.471908398038274,4.468595238095237,4.401335298960298,4.786186952911502,4.682119391087538,4.837725465249626,4.409380952380953,4.233887145262145,4.5603208432488325,4.542842776160967,4.536536852518718,4.534484126984126,4.601205467372133,4.743703523864741,4.708172498570035,4.926517559905872,4.6815873015873,4.664029737238071,4.835720550191506,4.80024451807169,4.952283292524538,4.533182539682539,4.308770963604297,4.649621614862162,4.616292104461299,4.648465474446614,3.588595238095238,3.5868918658501987,3.955978671077028,3.989732910939478,4.977777435278572,4.207880952380953,4.092856313439646,4.578087790972189,4.4739276685433,4.942865007227928,4.468500000000001,4.261718734968735,4.641120732686704,4.5794015485252295
audio_688.wav,5.0,3.5401964427877197,3.5320396825396827,3.449130699547366,3.3365425432040348,3.3132488832583866,3.93753213081458,3.2274047619047628,3.3823738776655445,3.238571626254299,3.25184172552443,4.138998190561931,3.6973412698412695,3.8169831449414793,4.015470763794943,4.0383756353324864,3.9461395616615036,3.71202380952381,3.8227352092352085,3.7473487503385416,3.866392493689627,4.002033879927656,3.5659682539682542,3.733455519788855,3.5795226523802306,3.679131813683125,3.589893341064453,3.9902142857142864,3.907949579741247,3.8976475511108273,3.954319266751908,4.195385210458951,3.677460317460318,3.8258312443729108,3.5905994086486004,3.8232759757164794,4.1225213890062,3.669753968253969,3.829225851309186,3.65331417156615,3.7598216524840624
audio_698.wav,5.0,3.8430840797710757,3.9309126984126976,3.9005434981684997,4.122116086547826,4.145085198051799,4.0619160718154275,3.664007936507937,3.682328520245187,3.9824992000596033,4.075252001388388,5.0,4.682230158730158,4.654438646230312,4.872733576168872,4.860984161157128,4.93144885376558,4.686468253968251,4.6668367003367,4.724991971720756,4.82693711332693,4.941503104619319,4.400341269841271,4.176945366362033,4.502390663902587,4.544255488206766,3.892139196395874,3.839857142857143,3.8298820007153336,3.998970905427843,3.8286397031718926,4.196819983480746,3.8051587301587317,3.8262823071989733,4.091566331054093,4.0331097057088305,5.0,4.363920634920635,4.206945719404054,4.481732239661758,4.5883450180738246
audio_499.wav,2.5,3.2787304973014813,3.3825555555555553,3.350680876222544,3.1704393030017974,3.19697156757079,2.422122628254255,2.9888809523809523,2.985986311527977,2.912925377046651,2.9898605954872814,2.0051414171854653,2.98215873015873,3.001400792109125,2.6767984494060024,2.697926954090006,2.1177250053401524,3.0613174603174595,3.1067883998717343,2.778603448424749,2.837419065123356,2.0375497411784864,2.9587142857142865,2.9769672518839183,2.7783098741301764,2.6841010871654016,1.9627753893534343,3.037269841269843,3.0917270738520735,2.7566509894319613,2.7898577442953365,1.7411599975172625,2.953404761904761,2.962912317620651,2.7105678591353715,2.6156561738740662,1.8505791095975204,2.9335873015873015,3.016373902332236,2.842099218642874,2.6718507654087245
audio_463.wav,4.0,3.414136281359528,2.944333333333334,2.8381359628026295,2.9732425428476024,2.9472496652317353,3.828773820371644,3.4878492063492055,3.3677487913321245,3.3791145572631858,3.377581268004512,3.734932820002238,2.718793650793651,2.7571834415584413,2.845571644441852,2.740957263187551,3.4413838349166226,2.673984126984127,2.6857005170755173,2.765425746003544,2.6639916466726974,3.497166137192149,3.0325873015873017,3.1225275634858973,3.036244197879451,2.9925341603372395,4.903897762298584,3.6024444444444446,3.681237358320692,3.886254948382634,3.9530829705174253,4.636157675454581,3.4407857142857146,3.4369241021324357,3.7891641853371802,3.752432975102144,4.41526465780609,3.099785714285714,3.2322267978934653,3.1254944755127703,3.071301181106593
audio_604.wav,4.5,3.5915671791241017,3.609690476190476,3.5986099486932814,3.341633434564939,3.4497077529810842,3.790062174029764,3.8301825396825397,3.9954690016773355,3.692984185121849,3.8793941347703336,4.357428868611653,3.7691031746031745,3.7064499859708193,3.866032192626776,3.892102974287683,4.565403193895941,3.875468253968254,3.7203086049752714,3.8653945061466826,3.884465421024417,4.623596499073595,3.9071269841269847,3.9385595839345853,4.221814917024358,4.233267879267792,4.947000821431478,3.6397539682539684,3.7411827431827427,3.8999646777290287,3.81653840225867,4.264942262633109,3.897349206349206,4.006010942760941,3.9454445772171383,4.044224532660562,4.460124383274559,3.9400158730158723,3.8824269781144785,4.154658238530929,4.044596373199465
audio_97.wav,4.0,3.335946017740074,3.6076746031746034,3.835401396443063,3.82165846972928,3.8323341365669354,3.2723873953775353,3.8143888888888884,3.897521298146298,3.9767162194618795,3.7775265320439835,3.830390373865763,4.166103174603175,4.400308197974865,4.350148201813749,4.26054342920508,3.3253189406878465,3.8070476190476192,4.088499455791123,3.934816085880477,3.9401003311018066,3.316696338956632,3.888611111111111,4.035645787854122,4.060382408658498,4.082124757985257,2.9737863540649414,2.9342777777777793,3.0509582932499595,2.3343277495021293,2.5616862898556363,3.3958479560186596,3.803658730158731,3.89821195008695,4.101634080069888,4.004768353376899,3.1775899414973114,3.837269841269842,4.068345618887285,4.069570415232789,4.057450620252157
audio_234.wav,3.0,3.018098255280107,3.2507857142857137,3.186628627545294,2.91736411778176,3.098411186963212,3.512851296468902,3.3472301587301594,3.3657072048322036,3.1459798214457013,3.1854243338213593,3.7651267051696777,3.3729365079365077,3.38838474025974,3.379954685727833,3.4870816976959063,3.3227283027806607,3.323357142857143,3.2652129429212757,3.3946328269843846,3.47004226950398,3.4639177525876366,3.3638333333333335,3.3235199106449103,3.363706523233992,3.334585209698544,4.222133954366048,3.805277777777777,3.8143392695267693,4.021744559340036,4.05085016181608,3.769444322814325,3.623103174603175,3.5571607543690873,3.469351903135774,3.5361342535635476,3.921080259939988,3.405611111111112,3.439618446368447,3.370731401105892,3.5222329649692194
audio_782.wav,5.0,4.194255061466014,4.164650793650794,4.069498524623526,4.173194910003189,4.097120515798775,4.096023212389933,4.3861269841269825,4.409131373256375,4.518199838665095,4.551383293546958,4.990486780802409,4.5195,4.598396165562833,4.725721673095105,4.73341584630726,5.0,4.497992063492062,4.580484681984682,4.692883505244295,4.681595220769288,4.9977066609523595,4.582785714285714,4.684814814814815,4.857623148642156,4.845726093808184,3.6335692405700684,3.602396825396825,3.4944268046768054,3.430096921539951,3.4646360989737084,3.5096614323789583,4.39115873015873,4.4433836379669716,4.466879328980466,4.33645025661773,4.594112288258839,4.566253968253967,4.596137325637327,4.820747416238965,4.771225159571426
audio_758.wav,4.0,3.872496708081528,3.734547619047621,3.851264248097582,3.9142910630665164,3.815091851230807,3.971917378036705,3.5249682539682534,3.2714043086543083,3.228638015234145,3.450088643068119,3.4315861066182456,3.946452380952381,4.021925159716826,4.138059620786136,4.0310457535414885,3.5970784043916524,3.9272539682539667,4.056419639002972,3.8544570596379657,3.844551771208996,3.7905468817258776,3.570857142857142,3.5830831329164656,3.4274970356965806,3.5036557220679607,3.5367050965627036,3.8619206349206348,3.7562149470899464,3.4672286358369395,3.478717254408407,4.4851075080293965,3.8355873015873008,3.5867984006734,3.6915774796234317,3.815328667011378,4.169944572057317,3.680261904761904,3.6490194327277656,3.6911760399290614,3.5934674691145445
audio_727.wav,4.5,4.177887526869395,3.9092460317460316,3.866966656799992,3.908002099706796,3.9066295228976102,4.225955749735313,4.105095238095239,4.163971540804874,4.132955861525399,4.2188315279022675,3.9912284215291343,3.9487142857142836,3.94196121162788,3.9985993330048935,4.000765358058482,4.062388541521941,4.139539682539683,4.065314995189994,4.090109794536905,4.233937714372835,3.9705105631062323,4.148444444444444,4.113388868847202,4.174159126620272,4.06668646610673,3.796904722849528,3.5077301587301597,3.450002825877826,3.6281194376570305,3.679588936932264,4.513104366588944,4.088801587301588,4.133073125948126,4.217213398083065,4.330911265652621,4.2745187613849005,4.1920238095238105,4.130171616963284,4.153376222957983,4.230441374660733
audio_643.wav,4.0,2.5609934002638943,2.8143095238095235,2.9241762959262965,2.8130953431296324,2.9624027304208607,2.970653770590689,2.9578253968253967,2.918824434280317,3.088229351840951,3.1245961097294326,3.1615191300710044,2.762523809523809,2.8355424421257758,2.6004755472883505,2.5445619402606585,2.9990189866022576,2.783690476190474,2.8578171997755333,2.6284613643148713,2.655051443669482,3.2275409681702776,2.892206349206349,2.886683424600091,2.6905897757285344,2.7689233005435168,2.7761499087015786,3.3536825396825396,3.3525628291461635,3.2517556974245423,3.101046872558353,3.194345818032414,3.2018412698412706,3.14193875061032,3.271917078763984,3.4022135251582015,3.6600431690830617,2.9664523809523806,2.9323687670354346,2.8813934522769125,2.9245707527927927
audio_261.wav,3.0,3.7712228934563203,3.7320952380952384,3.670029052737387,3.7318587265262866,3.6276398135243384,3.5621193236222553,3.7428015873015874,3.492933981142315,3.395655602255801,3.442435597966778,2.676499843597412,3.586809523809524,3.549772067438733,3.4571676402845584,3.413469498263487,2.7616067400144115,3.6030873015873013,3.527548581048581,3.46841874570729,3.444189769195868,2.799202205178016,3.6964920634920637,3.6448142798559466,3.5247489670896557,3.580431477565348,3.654668649037679,3.8544047619047617,3.8292116802950136,3.806671527188642,3.9086239702900483,3.41788578302693,3.7888809523809517,3.533205034163368,3.516020499119987,3.5762242746585122,2.7826599331165407,3.6821507936507936,3.634558040724708,3.6361074288543507,3.554069377753244
audio_205.wav,4.0,3.7412454112242517,4.100841269841268,4.1088986353153025,4.11558934385017,4.050164452328015,3.601408320247773,3.673714285714285,3.6973284801618127,3.608970053155982,3.6706750201028533,3.0088969071706138,3.898595238095238,3.910130651755651,4.014800637147817,4.049532791013914,2.882079593865271,3.9525317460317457,3.901080112017612,3.967061620022346,3.896598440155372,2.940331421800129,3.79036507936508,3.7320374841208177,3.8779308388934246,3.7906772137471845,3.1761766274770102,3.852484126984128,3.737398701607036,3.9099750956139494,3.91030536394373,3.1295494732488414,3.5643015873015873,3.5916391309307962,3.5866968658101155,3.622265794345804,2.9120858146904567,3.6806428571428564,3.6963303471220144,3.790565354969409,3.7862933252195083
audio_128.wav,2.0,2.6818110245125966,2.9154206349206344,2.9194433930267265,2.9633309707908526,2.9824113430747468,3.4616887277562065,3.5909444444444443,3.6302517420850755,3.533892750327647,3.6225168406194013,3.7786507606506348,3.5306746031746035,3.5742965568382226,3.670919019290159,3.812150670860367,3.4939916985393715,3.3305873015873027,3.419787297578965,3.3965228482632086,3.482232531679127,3.6122823862505307,3.644190476190476,3.70774452861953,3.7811700857673975,3.793211078868781,3.1300116380055747,3.2336904761904752,3.2089909180325837,3.096951270134103,3.1717848892114264,3.8540202960577274,3.5748650793650802,3.596227152477152,3.6163400153180105,3.621868641638254,3.336291886331068,3.608333333333333,3.7566097482764143,3.827458053335112,3.718577272806853
audio_650.wav,5.0,3.879204969781192,3.880261904761905,3.7165967073050403,4.0661642089803935,4.019852967563618,4.140724546596491,3.9432936507936502,4.209381974506974,4.366554336100843,4.181392999323429,4.50162140528361,4.309134920634919,4.363339526214525,4.4481604157554,4.423750671831235,4.797516452300319,4.414388888888889,4.405356467606468,4.5702053620261225,4.63328367973041,4.960485339251884,4.449484126984127,4.489310926727593,4.74508042343886,4.643560143671199,4.696752866109212,3.8155634920634913,3.76538157367324,4.371436822969341,4.396396584545325,4.429062968158626,3.8449841269841265,4.202453944203945,4.33850276716161,4.328712105273719,4.955347439890368,4.463365079365079,4.533728142228142,4.687462965188768,4.749879412239338
audio_35.wav,2.0,4.448374613362655,3.9943968253968247,3.88760700873201,4.086192071479661,4.074601398546167,3.3886007535865494,3.2686587301587298,3.0243418973002303,3.0083661243208213,3.134780749049641,3.5286397139231362,3.329817460317461,3.3621255010421662,3.3313588854029805,3.3605135797099757,3.4080410479688514,3.352119047619047,3.454925144300143,3.297429901270428,3.515766580040625,3.289909471771272,3.073023809523809,3.0137403399070064,2.916415334072621,2.974722623797659,3.4605220953623452,2.8890396825396825,3.0796613032029696,2.776288207800635,2.8378881091315797,3.7654106769887306,3.0495873015873016,2.8902478539978547,2.955540808121013,2.8315354331101514,3.1905902166817466,3.061936507936508,2.9568977272727266,2.9326807098354757,2.857637853920265
audio_141.wav,3.0,3.602794658943909,3.345206349206349,3.4184467554050904,3.4269794496764643,3.3259031536875554,3.858108180806205,3.51211111111111,3.3115878288378298,3.335891192599109,3.4563430148339545,3.500995477040609,3.206333333333332,3.363989468864468,3.4983676872969127,3.458106993639978,3.5455980873448696,3.201857142857141,3.3178988403571736,3.5996561978325086,3.2878730476574827,3.3875384999059865,3.469698412698413,3.554967793009459,3.9482732900434137,3.747536752815375,2.6673494974772134,3.34034126984127,3.339483669108668,3.477050529081716,3.317641559878784,3.971338754214159,3.566246031746033,3.364160153118487,3.6001105094871177,3.5243344817784688,3.851457275873598,3.4708571428571435,3.597971013554347,3.8723978950325457,3.8409115576191653
audio_260.wav,3.5,3.584226684715444,3.5115079365079374,3.4314156645823313,3.496642408614638,3.311623533270545,3.61028660951245,3.500087301587302,3.1762101370851377,3.173681579923541,3.2225367064301267,4.024557272593181,3.3948253968253965,3.409601811768477,3.351206566664629,3.4528046227345164,4.029178349663241,3.392349206349207,3.3977343274009937,3.392621282743152,3.2826623737396354,3.8484366574461037,3.361992063492064,3.2710620691037353,3.3081537566772945,3.3148493738292952,3.7153542041778564,3.4323730158730164,3.4778958988542334,3.6408732730234363,3.6244958015410838,3.986522826309225,3.4508412698412703,3.105942660734328,3.36366409934798,3.314800308141604,3.664678974225224,3.389761904761905,3.1833849268015935,3.269363118270084,3.249272166188165
audio_722.wav,5.0,4.297101087175714,4.45979365079365,4.3927960557960555,4.734113592193252,4.73944307354438,4.6580070330077765,4.772103174603173,4.840458183791518,4.967322795906131,4.968499903818989,4.9502919514973955,4.726412698412697,4.672713220421554,4.772140245295834,4.649238572422257,4.932064882588193,4.751380952380953,4.733386019844353,4.832640297362086,4.764700531930965,4.9256187847682655,4.837698412698412,4.783449975949977,4.819296774089643,4.793569427357331,2.934186061223348,3.632730158730157,3.5477785193201847,3.5739544800873175,3.647613009904408,3.5232259225983484,4.705119047619047,4.722749118165785,4.870315095551784,4.886848082617203,4.230569101092286,4.807158730158729,4.737216911175245,4.803057927995012,4.807366257277766
audio_5047.wav,0.0,0.049528818575228804,0.004444444444444445,0.0021296296296296298,0.02865835756781071,0.008706364816399042,0.0,0.001746031746031746,0.0,0.018321278157013714,0.0005082044882991913,0.4794325828552246,0.01154761904761905,0.10296127946127946,0.002579023538965898,0.008129692931949954,0.3277398502098839,0.015253968253968256,0.08794660894660894,0.006532192292447954,0.0006575475664770456,0.24345232094247113,0.01376984126984127,0.06600925925925927,0.0,0.0,1.8719396988550823,2.7739920634920634,2.9987745572328905,2.4507383333019503,2.351411679359801,0.38817345520061614,0.004285714285714286,0.0030555555555555557,0.052155526542986275,0.03629356826639483,0.32027967629440823,0.023833333333333335,0.0695324074074074,0.0,0.0027398830627264827
audio_324.wav,5.0,3.7643490215627877,4.087992063492063,3.9763083213083217,3.820954819036649,3.902521696507959,4.440068406497728,4.513619047619048,4.521226693060027,4.73481137002885,4.656751356756222,4.691511631011963,4.777626984126985,4.756590768799101,4.8405879942877785,4.940434119646078,4.792603666678412,4.804626984126985,4.734718995510662,4.856705780221003,4.90153908599589,4.790169428141086,4.833952380952382,4.755917668751002,4.902666760697097,4.974532757329296,4.402559280395508,3.6800634920634927,3.6202362128612133,3.4394032219680852,3.746849856958453,4.216316588559369,4.39313492063492,4.461717552509219,4.695866488004321,4.690652386680747,4.6379656528204105,4.788595238095238,4.708063344063345,4.909448908564702,4.960539819238165
audio_279.wav,5.0,4.537509209528415,4.394841269841271,4.365313331729998,4.8061735568441035,4.798653374735536,4.9839877715599235,4.69638888888889,4.6814869929453256,4.884873267632641,4.8200880625408,4.888970057169597,4.363,4.472479818021484,4.591794067267098,4.560219315132385,4.809320432799988,4.560888888888889,4.518120951579285,4.649626826086285,4.6811693719898,4.897450774073043,4.597841269841269,4.641997704456038,4.7358843262764045,4.827569707904357,4.006836414337158,3.499103174603174,3.5359659969659987,3.7428206801048725,3.5840670537072015,5.0,4.65797619047619,4.6538111672278335,4.748632360552438,4.735543019758239,4.8569074795024045,4.5884285714285715,4.62071797338464,4.628395969728127,4.716838384874447
audio_450.wav,3.0,3.082057638341546,3.0449603174603173,3.0486484233359215,3.102234226396156,3.1324046986710594,2.9977536899738784,2.787428571428572,2.94335934744268,2.8946072531866816,2.7309279468744205,3.0089476903279624,3.1648253968253957,3.094619628827962,3.0855728856564806,3.198543636016819,3.2157638358581586,3.2216031746031746,3.1138144417311096,3.3068098782202404,3.3669680073158985,3.01866273838491,2.9087539682539685,2.8603698030364697,2.844068042953238,2.7124609350126945,3.046950022379557,2.876896825396825,2.9111881048327124,2.7563128903855447,2.786774317922568,2.3632556188837666,2.7950079365079366,2.98859613997114,2.7924088633995936,2.743098422409826,2.761538901635023,2.922928571428571,2.840508272591606,2.837843743717059,2.7678622470849166
audio_32.wav,2.5,3.398580552312471,2.9341190476190477,3.009466115674448,3.0088022146046747,3.1019516802043103,3.9367699421650677,3.6013968253968254,3.9113351170434503,3.7581877555471075,3.811316010209905,2.937814791997274,3.2246111111111113,3.332836008127675,3.1325018413242685,3.2420617457915752,2.9651332062718083,3.2009365079365075,3.301765714224048,3.131366201127056,3.210768760549339,2.9942632784209224,3.543023809523811,3.753558820240837,3.6510977497253028,3.650261709800732,3.0614192485809326,3.1563888888888876,3.1831636681220012,2.883656132315101,3.0504413283214618,3.027401998906214,3.6957301587301585,4.048921364129697,3.7172803901546367,3.6944222576944754,2.669899433905677,3.5670317460317467,3.8422572257988925,3.577915538887213,3.6242970212327283
audio_254.wav,3.5,3.6031346598090117,3.2714603174603183,3.1805478441311776,3.370377385669729,3.462762247941692,3.3979926521445414,3.225888888888889,3.2525292809042803,3.4944789074563523,3.432906390057079,3.419691880544027,3.3850476190476186,3.47878086419753,3.4540597609697357,3.508876594660047,3.2756746572764697,3.373349206349206,3.4931585867835877,3.3832611106081933,3.4835564416574676,2.990687469081484,3.394039682539683,3.4155466030882695,3.599849156560898,3.49987180479869,2.2966626485188804,2.962373015873016,2.811942965984633,2.554696805221831,2.5062085185276,2.5386826404010256,3.0948571428571436,3.0328626944043613,3.0575701056236717,3.0548629015637,2.6833953576089176,3.2895952380952376,3.363900335775336,3.3536297294591644,3.42415620691562
audio_544.wav,2.0,2.5690223866113446,2.909007936507937,2.952695779529114,2.778902553051527,2.820239004348005,1.8710962199763195,2.6502222222222223,2.637972623055956,2.276302068777099,2.2459082340097862,2.6111287275950112,3.1077063492063495,3.276619921744921,3.419354924785022,3.3173741510241914,2.509191658583606,3.1211984126984125,3.2838894700978045,3.165624502409182,3.0929287569108017,2.2801158447584124,2.8825873015873014,2.9718639832389826,2.7847432930723155,2.8009606084461307,2.6999219258626304,2.8570952380952375,3.0133306415806422,2.543748869160609,2.433002009624419,2.746674903626309,2.8071587301587297,2.7519856100689437,2.317128604750181,2.3091337158125618,2.7735890029532926,2.8972777777777776,3.079572951739618,2.7527041982417138,2.812625330974072
audio_176.wav,4.5,3.8491490708903293,3.7272222222222218,3.8284232788816106,3.582555154973671,3.665521175421926,4.400394804564538,4.301230158730159,4.272945947570947,3.9565655413234855,4.1098864900520695,4.514791329701741,3.5431190476190473,3.549962333962334,3.871648436844827,3.837019906493967,4.706988591297795,3.5873571428571425,3.551920414462082,3.7410002962115576,3.843654621518878,4.598435305301028,4.022714285714286,4.196490167240169,4.241150089921276,4.227834806288096,3.527552684148153,3.09574603174603,3.128932593640927,3.3171867565807003,3.3081598037537634,3.9914649538400497,4.2646428571428565,4.291543968377301,3.9987821849539955,3.966113291075611,4.686180582045311,4.0258650793650785,4.181506166672833,4.215121745911284,4.134989487304515
audio_301.wav,4.5,3.0453273753739674,3.6641111111111115,3.6750843354176688,3.817767298354307,3.7993309473534347,3.3872897983323322,3.6881666666666653,3.548347342472343,3.7177701131209298,3.834951836607298,3.9000012079874673,3.6849841269841264,3.550831925790259,3.8112839609760987,3.725298114826016,3.50399563972109,3.6908253968253972,3.573994021410689,3.7673899262166874,3.8259008540051043,3.6080710984302464,3.6519206349206357,3.5459712000962003,3.6912685473642006,3.771834583260301,4.4552351633707685,3.796317460317462,3.7320970218053557,3.8078414509321328,3.773625861344454,3.607633731818041,3.5750396825396824,3.371805455347122,3.65966082190026,3.7010507133771307,3.7241005348198413,3.581000000000001,3.496215378757045,3.745333828276656,3.6614168770071465
audio_213.wav,5.0,4.603503714715341,4.454142857142858,4.272879498587833,4.536470921035392,4.410356455938978,4.802863899677429,4.354031746031745,4.196015071348404,4.492091438855021,4.584896636444687,4.981177647908528,4.177095238095238,4.05223968315635,4.200977941693388,4.348737935384012,5.0,4.190952380952381,4.110853519936853,4.233454244438407,4.378271948044612,5.0,4.2776507936507935,4.203188091229757,4.427589305257826,4.442010747274524,4.120728969573975,3.4025873015873014,3.3728507295173955,3.5234718796061983,3.483946962178815,4.515606332122085,4.085595238095237,3.940482039565372,4.026347904846932,4.156268151314548,5.0,4.159936507936508,4.0612394149060815,4.302670645870383,4.324912715161488
audio_295.wav,5.0,4.4584210135662525,4.120412698412697,4.0339091710758375,4.125080755906527,4.269400190498695,5.0,4.72097619047619,4.795673400673399,4.910055083208182,4.934176105860558,4.708797454833984,4.321079365079365,4.369234708193041,4.520291681961162,4.6225403001238625,4.672747612254359,4.387992063492064,4.401089543172876,4.551980967488893,4.593665656242536,4.7471025362168655,4.654373015873017,4.677728876062209,4.851921401741014,4.883699015664881,4.745626608530681,3.7984047619047607,3.7145949636782976,3.88708233498947,3.950539477018101,4.2132341622181135,4.688071428571429,4.689449945116612,4.694658425026081,4.770198097744618,4.1156398637697,4.624579365079366,4.653023374773375,4.728391691911734,4.797532796045686
audio_40.wav,3.0,3.273036521318995,3.115944444444444,3.0346435462685464,2.830880816824004,2.81593409780672,3.7609729933478366,3.3756904761904765,3.398347135888803,3.3790090781559647,3.502712891416649,3.605838139851888,4.130428571428571,4.142801209139444,4.267064389054929,4.2903718485669105,3.83240239906711,3.7529365079365076,3.9033191900691904,4.032451344151344,3.999199070178291,3.8640018159742477,3.702714285714285,3.737833714125381,3.556646104487309,3.7735015391901316,3.267413377761841,3.07323015873016,2.9872883335800005,2.9720008178823654,3.1357437789081364,3.2668455452453364,3.2710238095238093,3.279240760782427,3.3419406180658187,3.3127549593694603,3.530721683607558,3.660119047619046,3.6816474667308,3.6131314227617253,3.6479280420725657
audio_496.wav,2.5,2.314452718084262,2.622142857142857,2.6631274851691518,2.5983383510531968,2.7191120989919066,1.5211441262045697,2.3518888888888885,2.3704007134840466,2.1273685287124757,2.087114269126802,2.462874174118042,2.3919603174603172,2.457460477793811,2.405573947996596,2.472900164608694,2.108759661301257,2.3511111111111114,2.4675438912938907,2.5011729313297106,2.443235963390546,1.8906861561825508,2.3241507936507944,2.3268462802629464,2.181722113530862,2.2085058701164244,2.9910546938578286,3.030285714285714,3.027335704419038,2.9339571133674767,2.9164735715177734,1.8646489182529082,2.5205555555555557,2.4682322430655756,2.222090631691861,2.282996011593406,2.468856935651566,2.36584126984127,2.3295228714187046,2.222692463016826,2.295559325826355
audio_45.wav,2.5,2.9340373893824423,3.233198412698412,3.47252709636043,3.0318132818498156,3.1017811321026705,2.765842279247773,3.061285714285715,3.1193722681639358,2.925764708591672,3.0075151603584835,2.5519357522328696,3.383825396825396,3.3338185441102097,3.4056837499567103,3.221691962401145,2.089136255638689,3.328833333333332,3.34088936988937,3.3392476622760427,3.1328722071073094,1.7951303189494128,3.18231746031746,3.14156715969216,2.8896731657621326,2.8901476608158827,3.827437480290731,2.9580476190476195,3.039482967649633,3.346893925527405,3.101266211121221,3.3196180959919475,3.1243412698412705,3.1046680495430494,3.07334466144419,3.1219341049951033,2.049657306891068,3.1755873015873015,3.0962552709636046,3.0213373809382134,2.897848035839626
audio_146.wav,3.0,4.607312009310878,4.142253968253969,4.131926086259419,4.116084555444127,4.250287406989905,4.338359548394302,4.285420634920634,4.131792471417472,4.521499922129494,4.4684344844904915,3.5954981644948325,3.6990555555555553,3.6613506956006954,3.817381673139955,3.66932189906065,3.528802403447759,3.7040000000000006,3.6964059505309503,3.776055663141838,3.6687998639928447,3.5434465696673727,3.877674603174604,3.87268430335097,4.07705479457774,3.883010367914469,3.776329755783081,3.8244761904761915,3.742757475549141,3.835453455546229,3.9157971162975667,4.540809063433039,4.184095238095238,3.9825389610389608,4.38409228862944,4.330264461123723,3.9838145173405373,3.866444444444444,3.8725319865319867,4.019568837926329,3.952640565206677
audio_415.wav,2.5,3.5408359307828494,3.224,3.2611564515731177,3.3271522413241037,3.474783834370589,3.5841401643444484,3.402674603174603,3.5119294239710914,3.487911030339594,3.680392739691719,2.6788817246754966,3.093492063492063,3.207719877344878,2.951399624104784,2.9616551036969816,2.902373910946107,3.165547619047619,3.212457207915541,3.075059020329023,3.0736455677031387,2.877756681498378,3.223976190476191,3.3133492587659252,3.031218525528292,3.1165033612546194,3.373517115910848,3.0748333333333338,3.0375749898249906,2.968270577928718,2.866481502230332,3.9361423755669613,3.4175238095238103,3.5558093434343427,3.5508233896651777,3.4928304394113927,3.106844742024092,3.2191031746031746,3.347420562462228,3.131935950324138,3.1662219286057525
audio_595.wav,3.0,2.693379882178842,2.7109920634920637,2.6659666367583035,2.8884874923136272,2.7974206554957255,3.6505438472907064,3.2910317460317446,3.4759898696982034,3.6229021828303805,3.548100667290059,3.58091934521993,2.83920634920635,2.9827427911594584,3.167955481118117,3.24198145971661,3.4221227161344974,2.8664682539682538,2.9296621172037836,3.214431067008043,3.1577181319382497,3.636055102921089,3.195515873015872,3.2911117863617867,3.3814344230751776,3.50292958431834,3.520453770955404,3.3026428571428568,3.3477446319112985,3.552919753656875,3.6919795528891477,2.87636437813009,3.2980396825396827,3.543019680936348,3.5889291836237844,3.4923989159634403,3.4867077650269582,3.1668253968253968,3.2916025733525722,3.4047589929656312,3.490328550500736
audio_783.wav,4.0,4.235445169840461,3.9566984126984117,3.896905726989061,3.9948935497668145,4.098830325931406,4.333098816787186,4.109269841269842,3.75812997342164,3.8963641324476144,3.8595185202347984,3.729761838912964,3.8613968253968256,3.8683538560205224,3.7001473865626964,3.8517629725983498,3.331977387725049,3.902833333333334,3.8713463681380347,3.756384136352884,3.850178937139965,3.524176134427254,3.962166666666666,3.9306427245593905,4.049812702406395,3.919140634617286,2.7663541634877524,2.99918253968254,2.9662024441607766,2.532403664488817,2.316165347057405,3.5153724811037406,4.022880952380953,3.709655784030783,3.6152331597408884,3.6455986226135284,3.1177326236318517,3.904309523809525,3.779748177748177,3.7721962310047155,3.8607060152153196
audio_673.wav,5.0,2.838716743783799,3.2137619047619044,3.1429660894660896,3.28061045836936,3.216836432042301,4.194709665681956,3.9870634920634918,4.022895891145892,4.255655133885105,4.216363926641071,5.0,3.570539682539683,3.3753534628951294,3.8120797351704536,3.694982294953616,5.0,3.5690396825396817,3.4160196840196844,3.6273520547357783,3.6135212534920758,5.0,3.7688095238095243,3.825570409528743,4.013884762403059,4.119854637257083,5.0,3.5924285714285706,3.496785746660747,3.9363174546507422,3.7888046381199323,4.001557606891093,3.9444603174603152,4.081668997668996,4.119928524195795,4.244137368726294,5.0,3.7757619047619038,3.7901854657687992,3.996196137937934,4.013179188913885
audio_48.wav,2.5,3.111750459749903,3.4587380952380955,3.477126319804015,3.1677707711856833,3.2707481346392533,3.1524405414870067,3.436007936507936,3.6526061808561807,3.2621610429907797,3.323634912879315,2.4701197942097983,3.168452380952381,3.157037157287158,2.766005266345978,2.7689239574287825,2.761579909828351,3.1911825396825395,3.1685186588103265,2.887542705351017,2.8153002404654823,2.918253175111682,3.1437698412698416,3.264337654629321,2.850761857655486,2.9350295633531,1.763463020324707,2.978531746031747,3.072639363722697,3.528986625106081,3.3770864385256423,1.6646601014801776,3.2875079365079363,3.505827963702964,3.007028917482826,3.206022266242296,1.8528753587490174,3.2212222222222215,3.266953416953417,2.920787283259339,2.936184499325702
audio_777.wav,4.5,3.2795473106946154,3.3242857142857143,3.1117100106683444,3.2155950203010764,3.114880678467749,4.380983189481385,3.581428571428573,3.6876653839987177,3.956438498793116,3.950512134283992,4.763206322987874,4.504388888888888,4.4927903839987176,4.847048734187188,4.822126286524193,4.596947640975491,4.449507936507936,4.4575699655282985,4.8245065302253565,4.826739618455892,4.84978627318539,4.277865079365077,4.264924001924002,4.515850026325972,4.5598396676394835,3.7963785330454507,3.1379047619047635,3.376385669885671,3.1666033613371094,3.09001625536153,4.4992611531505915,3.554396825396827,3.5999323469740134,3.7748759868832606,3.7636440471656627,4.466990544663038,4.150436507936507,4.1908597467347475,4.3763976129499405,4.444323572282879
audio_330.wav,3.0,3.001877376726739,3.279857142857144,3.3277137245470563,3.109333028000981,2.9141458303823478,3.123056906285161,2.985420634920636,3.0113623166956494,2.839891837339542,2.8543996911011966,3.0322250525156655,2.992111111111111,2.9862812974062973,3.0551922025500793,2.9385867926297577,3.047950189386075,2.9909999999999997,3.0007791837791835,3.0061606354039303,2.8798326222227946,3.22227661691903,2.967738095238094,2.9084032025073703,3.019845372497402,2.9100221263501376,4.009936491648356,3.403436507936508,3.4227240922657582,3.317553505346232,3.489279898785791,3.286987029129381,3.0165476190476195,2.975103868353869,2.8980598364967047,2.9174483999095493,3.352326139863043,2.942246031746032,2.922853038936372,2.8579936544723172,2.897648297231589
audio_200.wav,3.0,3.5017916710753725,3.5234841269841266,3.52496893692727,3.3908994571012094,3.3261100026035515,3.6551119559283856,3.47429365079365,3.3271404120570787,3.361605853377048,3.3875440668043946,3.325716733932495,3.6816269841269844,3.580408707033706,3.568404859232094,3.636040024365984,3.1570388553270696,3.6186269841269847,3.5364203342953338,3.5584523268882307,3.5368944654955943,3.282172656634133,3.5223492063492063,3.437328002244669,3.6211242668611145,3.5434302476916506,2.9470509688059487,3.650563492063492,3.477347239180574,3.2472814322248724,3.2542379973743576,3.2839999778158404,3.701833333333335,3.5998416382999707,3.652699018197898,3.623483215179638,3.1800163116440814,3.586476190476191,3.4406614789531456,3.7595509732951906,3.6699006509159666
audio_259.wav,4.0,3.1579681646431528,3.229301587301587,3.145557920474586,2.765455299664888,2.8159184620457753,3.0282699509959703,3.2326269841269846,3.2922409311367637,3.0844280310246934,3.046737500835397,2.8869415918986,3.12281746031746,3.0313144170644164,2.97376434734439,3.1775452395373383,2.9516813020641557,3.0518650793650797,3.0524869621119617,2.8512566536547514,3.0296045247574526,2.9455151909759025,3.1404682539682542,3.1265183612683614,3.0684770293861123,3.1522155852999636,4.778919696807861,3.6169920634920634,3.626892937309604,3.884299840602504,4.1151762673698755,4.705493282779446,3.314642857142857,3.4594687156978825,3.4498501370404107,3.5447047202386233,3.754809344717265,3.1008333333333336,3.209349627224627,3.1391300518884298,3.212009444962997
audio_721.wav,3.0,3.2838551593140735,3.2902142857142844,3.351760501843834,3.348485235630797,3.387949427318898,3.832296721309587,3.486396825396825,3.329789634747968,3.2689523220455783,3.383438874655017,4.012909730275472,4.01376984126984,4.00445969616803,4.149120734517113,4.091065544650417,3.7497719384520676,3.978515873015874,4.018798334381668,4.254620127718146,4.218037414353486,3.9356652656520708,3.919706349206349,3.9221864077280735,3.9767917780069104,3.9758808992374104,3.2847464879353843,3.5507063492063486,3.6082229560562893,4.064204696593887,3.982261765987127,4.199310773662289,3.453944444444444,3.343600495183829,3.427820781311261,3.5420943508537976,4.0451678866027505,3.9056587301587307,3.913316424316424,3.993271267760894,4.072605980548798
audio_223.wav,5.0,4.4936721364161345,4.298904761904762,4.297490725324059,4.628812614159753,4.6336279589220934,4.32640009519521,4.121801587301587,3.9321118827160504,4.228850768346676,4.131045715945849,5.0,4.680309523809524,4.65949564478731,4.8134487313806025,4.899263206618809,5.0,4.721888888888889,4.66498793644627,4.868372809963026,4.8229721748592,4.994110481683854,4.677134920634921,4.482447109988778,4.724653007079246,4.727809233522643,3.518410841623942,2.996396825396824,3.164460268126934,2.9451122990957983,3.2765573841716127,4.458359111355023,3.997253968253968,3.804650143066809,4.070354496960699,4.016002559759804,4.9702363390574265,4.608539682539682,4.3961575877825885,4.614921539029148,4.708650213447006
audio_175.wav,4.0,3.6105701504355245,3.8276111111111106,3.855285009743344,3.799081540764513,3.8319983780890152,4.376305139224049,4.471880952380952,4.500080414955414,4.361637247252777,4.368044179694496,4.364093780517578,3.8580396825396837,3.860280523488857,4.169873584634291,4.1833400885234235,4.461019779278525,3.9386507936507944,3.8278678651595315,3.985628211021878,3.9782980865304283,4.549634966779894,4.149031746031746,4.195294386169386,4.229967762108147,4.2035318924546345,3.372615019480387,3.4902222222222226,3.6407050665383984,3.758962924417821,3.6374197421905072,4.01699148580026,4.489873015873014,4.537427743552743,4.4786841504547565,4.378908374838852,4.420414462876598,4.188333333333336,4.229813069646403,4.1933859010361365,4.211589666897656
audio_400.wav,4.0,2.999885536134796,3.48654761904762,3.5362387365720713,3.249802486443136,3.3270547292824837,2.582125825365058,3.1047380952380954,2.986547319963988,2.89661213796059,2.791330312963611,3.584608316421509,3.5982222222222213,3.5481714566297886,3.9063336698808886,3.8164521812903582,3.821565043822476,3.539690476190476,3.5650526926776926,3.7066298929586186,3.747283793554525,3.663514621769222,3.2099523809523807,3.1837134455051124,3.3983217831154104,3.498079711673372,3.2674877643585205,3.2578968253968257,3.23675598013098,3.251252404273974,3.215252830840786,3.2620066000874597,3.141198412698414,3.0017760603593935,2.7947013783436936,2.8189392648899934,3.7334642322730236,3.2396904761904755,3.261902697611031,3.3897784249452356,3.3437457696629447
audio_506.wav,2.0,2.46436348832595,2.842063492063492,2.8977830764914105,2.811895514486956,2.798057290523736,2.4839767663109806,2.9677619047619053,3.0523457915541243,3.0778440088897145,3.033853131906445,2.961341381072998,2.72547619047619,2.731553445011778,2.6934052960591273,2.672778808116005,2.6896961015219722,2.7181507936507927,2.704507441632441,2.604079635548319,2.6819735941391953,2.67660622821414,2.776555555555555,3.053016113516114,2.771297137391912,2.8032114785774382,2.221039295196533,3.0294047619047615,2.985438490521823,3.15059675811313,3.083913702510833,2.3176389622473317,3.0245873015873013,3.110575675867341,2.856136850379326,3.007051269436131,2.708872329150582,2.769428571428571,2.967446448613115,2.85732076510114,2.7679298429375527
audio_153.wav,3.0,2.8194653903796136,3.0243492063492075,3.018289534539535,3.211328252512343,3.2488883867147322,3.306549129705228,3.352587301587302,3.492832778332778,3.5042901834974707,3.564103723929891,3.621769428253174,2.8588174603174608,2.8310191521441515,2.930404655869035,3.0359486123060364,3.709347730524023,2.897388888888889,2.9020509459676123,2.9398546461371287,3.0919342225130144,3.5360872803347916,3.0370476190476183,3.0915281369864704,3.110837970969946,3.169650923653613,4.014015595118205,3.543650793650795,3.4827801026134364,3.8564137627707624,3.7865168710271297,3.0774436983805415,3.378492063492065,3.4854592953342958,3.5889801950475224,3.531585185496619,2.87037277290183,3.057412698412699,3.108626322751323,3.066758916347796,3.1278004462056153
audio_5050.wav,0.0,0.0,0.01126984126984127,0.022772486772486767,0.05349538745678737,0.019331719844644324,0.0,0.010476190476190477,0.01746296296296296,0.0,0.0,0.0,0.0004761904761904762,0.02232010582010582,0.0013722681632895853,0.0,0.023670246155274317,0.0011111111111111111,0.03353306878306879,0.0052111339200672435,0.004249046622582866,0.18787471349167792,0.0015873015873015875,0.037564814814814815,0.0007856301356812969,0.0,1.9351449410120647,2.557873015873016,2.55876157330324,2.1941432383185493,2.2775563576676667,0.0,0.011269841269841272,0.022365079365079362,0.02420654746878814,0.0,0.0,0.001746031746031746,0.0488068783068783,0.0009646944273308712,0.0
audio_281.wav,4.5,4.258007861186887,3.9045952380952382,3.9818868338451665,4.142964054147736,4.254325097340385,4.594946354741894,3.924142857142858,3.8804150818317478,4.123643150295147,4.227369265133689,5.0,4.266420634920634,4.265909854034852,4.65509925087363,4.7375545601566555,4.955405025322432,4.323920634920637,4.334299302549302,4.452591535367605,4.610483890732707,4.769796924186079,4.14536507936508,4.015314642147977,4.348900554763603,4.242873871666874,3.8376317024230957,3.8610158730158726,3.7864423200256536,4.055695709954999,4.149136718922871,4.256304567933891,4.0265634920634925,3.9256148527398516,4.190149780800045,4.134490758758533,4.304848861635378,4.185460317460319,4.0452928090428095,4.284489057513849,4.273388055532708
audio_543.wav,3.0,3.0483398920777187,2.9232460317460323,2.9177951539201534,2.9415533364770625,2.888853468492439,3.241579160035458,3.4456190476190494,3.5522363947780615,3.4763379816194635,3.4429745153032183,3.1644794940948486,3.187666666666667,3.180417748917749,3.140805868037816,3.122200077091813,3.2663712599912444,3.082325396825397,3.11556957702791,3.072719785309808,3.115381811936833,3.0690244381908656,3.3675396825396824,3.458696713780047,3.419859241978257,3.410591364879757,2.514075597127279,3.2224920634920626,3.2884863886113895,3.4735349195212635,3.350143825790525,2.6679701532647733,3.406357142857143,3.4908952575202576,3.4008138711016094,3.401189659668932,2.9543443653849555,3.3847222222222215,3.4320726511143183,3.44738761151203,3.398299019909223
audio_445.wav,3.0,3.6149503209973233,3.340976190476191,3.4122882379965715,3.5693880973210343,3.68610543428708,3.4261873078165173,2.977880952380952,2.998792348084015,3.1202718300794405,3.0839965543125225,3.2206247647603354,2.999857142857143,2.974493787077121,3.111172295328585,2.996363697084119,3.2280119754491223,3.0479841269841272,3.0384625420875424,2.972716254961627,3.02560872127119,3.3192197024402326,2.9272063492063496,2.9138094837261512,2.9361516094995537,2.9848163988438015,1.8561242818832397,3.0493333333333332,3.0049517719934395,2.570709225591604,2.529298403230164,2.548199997299105,2.9975952380952386,2.8558433942600607,2.644196540708959,2.7173481210158568,3.0282952126908427,2.8998571428571425,2.8908533673117005,2.993097552271129,2.777142384530847
audio_124.wav,2.0,2.5579687649769074,2.767404761904762,2.755431451264785,2.745252369261202,2.7773211501392208,2.97131485187167,3.0551349206349205,3.1561652437069103,3.1116095009361735,3.08976941151164,2.281820217768351,2.9495952380952377,2.946367303992304,2.9789809478360048,2.718241513929551,1.9751526890383901,2.8145714285714276,2.834355463980464,2.8456254167857202,2.7098519490817226,1.9948073559039952,2.913928571428572,2.966144380311048,2.7872945274659435,2.8128131899681104,2.2029807567596436,2.750650793650794,2.775007919549586,2.1955866707315175,2.443626895116156,1.9686547158442014,3.05681746031746,3.1996918089626423,3.1873486360628274,3.097177798706701,1.3534912375507346,2.9254603174603173,2.9232127825877825,2.7288158296250784,2.8293523105855822
audio_249.wav,2.0,2.871580643279414,2.939658730158731,2.9558042559292566,2.9082416173043106,2.9073561259845726,2.3086985729231437,2.7337380952380954,2.668185385602051,2.576092172952403,2.5426104393011446,3.0604520638783774,3.1874523809523816,3.0820713715297043,2.9756888909865147,3.085727267464407,2.731872661312474,3.0599206349206356,3.013772975481308,3.019515604011229,3.0341817615891498,2.563142765837473,2.9991984126984126,2.8644893378226706,2.7376124825595567,2.8322897244015834,1.0128824313481648,2.6610317460317465,2.714458757292091,2.6127385372296605,2.401735839347083,2.0318839417988688,2.9530238095238093,2.964131666173332,2.9813297378586316,3.017874890938602,2.9106297834528974,3.0817777777777775,2.933672438672439,2.8802178940993612,2.981294692265686
audio_420.wav,2.0,2.980041654092298,3.0540158730158726,3.0769695628445626,2.926980916626477,2.8046600748368693,3.4818868782707018,3.5330952380952376,3.610088209629877,3.427764863356314,3.3517227463460704,2.749983867009481,2.6295952380952383,2.7139651397984736,2.681724308021089,2.6505245062912572,2.8924601863577997,2.6863095238095234,2.7640875020041693,2.7316478090247016,2.7334844545073484,2.922894886591297,2.969682539682541,3.1133089811423145,3.165803476391274,3.2184287129672597,4.181186278661092,3.770976190476192,3.844244189361836,4.277445492403028,3.995579407008471,3.7094665601305987,3.596976190476191,3.694048487006821,3.639315018442877,3.6398942806499477,3.1018857342584454,3.0600714285714283,3.193661556036556,3.1971654516780865,3.186531975771304
audio_203.wav,5.0,3.2726435179280746,3.8455,3.8910162260578933,3.8398054951032115,3.8383047324393957,3.897537071824329,4.147960317460316,4.038342622655122,4.400406921894459,4.217522599755383,4.876990954081218,3.8110238095238103,3.756861684611684,3.9847702245503194,3.993380094261584,4.658030412936635,3.819722222222222,3.725157273282274,4.014570644121101,4.056553756143253,4.449685855404885,4.127587301587301,4.052724587141255,4.277357234743126,4.320897453853225,4.367269833882649,3.6407777777777777,3.635295981795982,4.090576511483101,4.072537323317639,4.02851717280856,4.156523809523809,4.013152282902284,4.225611170896773,4.211053245803715,4.3572375873107445,4.068492063492063,4.0646971562388226,4.330169663310903,4.3317792276597205
audio_278.wav,5.0,2.4065876976259264,3.363452380952381,3.370263948243115,3.457743432950309,3.3992747425331493,3.2410388040804534,3.411134920634922,3.442132705257705,3.858519467011393,3.7608117547302897,3.5574212869008384,4.08343650793651,4.174552469135803,4.341076999907715,4.219066343778711,3.658362655846373,3.883150793650793,3.9496065215648546,4.02009190630807,3.996228620641371,3.9560917048430198,3.8181825396825393,3.864365881032548,4.055578016595617,3.9745109774856133,3.4321019649505615,3.5958888888888896,3.6385590258506935,3.9144388015278087,3.963958827559479,3.655775730198808,3.55681746031746,3.54851395672229,3.7860535081638935,3.809409686779874,4.270294210832061,3.8575555555555554,3.8615878689212035,4.094454323940815,4.139470568736795
audio_516.wav,2.5,3.6457836524262106,3.881119047619048,3.8749867848201167,3.9637697502122955,3.9134888383023685,2.698074132765006,2.947563492063491,2.9062698507012232,2.7749180327568266,2.7745731891912193,2.492013931274414,2.9190634920634912,2.9954427192270336,2.721769570484316,2.7242203995196426,2.1711125319041784,3.013412698412699,3.0748440201773537,2.8699738423254124,2.8814967846753348,2.1301152188314534,2.859904761904763,2.81398184377351,2.5840365129988014,2.5923560460494355,1.7694127957026164,2.5106507936507936,2.60854830663164,2.2103067654961452,2.2201023026376903,2.2031976140320584,2.7193174603174604,2.670337460379127,2.580537546553265,2.579195830660128,1.832133570233874,2.752706349206349,2.685366229449563,2.4405411419439047,2.443694628240664
audio_326.wav,4.0,3.2620714299506015,3.5685317460317463,3.565536930661931,3.446537064874309,3.544716075503237,3.620602698818162,3.5637777777777777,3.747107258482258,3.745306444309424,3.684472374322077,3.1384940147399902,3.5826349206349213,3.5868602693602702,3.532372933787362,3.539927412437993,3.3484192136223547,3.61165873015873,3.6567235711819053,3.807696925410998,3.6761847274913806,3.6160374691860935,3.5176111111111115,3.5687814361564367,3.519498112624826,3.581508298863653,3.371746857961019,3.515071428571428,3.50397027817861,3.6992018787436134,3.827358184028926,3.9601042881359194,3.6541428571428565,3.814934528434531,3.674563561278782,3.834649921488325,4.121619885535222,3.52052380952381,3.580319865319865,3.57935417664541,3.612939169195817
audio_603.wav,4.5,3.4187050024828616,3.786341269841271,3.832340628507295,4.179187329911076,4.053195283979361,4.073168944372206,4.227801587301587,4.273643398268399,4.345103929247062,4.469083790434269,4.019406636555989,3.7896111111111104,3.616744103119103,4.062902069358789,4.105160609658335,4.386997781631728,3.934460317460317,3.7553268459935136,4.321249002886334,4.356805904091374,4.413861912358851,4.147087301587302,4.246749318582651,4.681962812967314,4.567836255775065,4.1068055629730225,3.518261904761905,3.469576499118166,3.648332344988558,3.715075751284651,3.6838366736049637,4.196190476190474,4.281719794094793,4.3376745347645205,4.439012169147937,4.621051987209694,4.152579365079366,4.183810704727373,4.707598044964514,4.510747505830513
audio_199.wav,4.0,3.4705972130072644,3.4478968253968247,3.5166287570454244,3.382205748422347,3.4544854924076414,3.502850396305142,3.6334444444444443,3.756204519246186,3.6833651500273095,3.692519409518987,3.86702036857605,3.687992063492063,3.535037610537612,3.625133102453498,3.6203207095445933,3.6600404515910356,3.650619047619046,3.5332339065255733,3.538826894391748,3.5929416687330633,3.6692347282132105,3.6324523809523797,3.5586741992575335,3.7774132388625965,3.7308228427572225,3.6985654830932617,3.6104761904761915,3.5944855684439023,3.6650122526192654,3.6499026397295147,3.621512968618198,3.568214285714286,3.7762898027898033,3.8695697402900664,3.8036108971551172,3.950607067920624,3.6244682539682542,3.479334375501042,3.7199707646223135,3.7474718553090383
audio_406.wav,2.5,2.850923225666701,3.29979365079365,3.270045924754258,3.4244532434858344,3.3201066028847577,3.467593089236608,3.302206349206349,3.450580576830577,3.550942217135015,3.4593288605786445,3.290231545766195,3.434206349206349,3.389926232717899,3.6224019836756374,3.5321562064952343,2.9991743304599154,3.385992063492063,3.3929392536475866,3.6400018228838342,3.517689091754765,3.031211649401385,3.4269603174603183,3.4922459901209915,3.5643740003305244,3.7388455594610916,2.495941638946533,3.4195396825396815,3.248059778184778,3.496747994756113,3.573060913530109,3.1918008867090397,3.4506666666666654,3.546763136554804,3.637155415149387,3.663174445587534,3.3186171931427086,3.382857142857143,3.5013885682219015,3.562288518472368,3.5808029638571046
audio_538.wav,4.0,3.476930335659052,3.020047619047619,2.948117322492323,2.9482080134147246,2.8445463781189027,3.8191567786387366,3.608365079365079,3.5898486605986606,3.42905220421656,3.458176950552522,2.6521562735239663,3.1486825396825395,3.132287604370937,3.079894020520598,3.1410619854673985,2.7757282000656787,3.1726666666666663,3.098681397306397,3.097739826155309,3.1875052011481277,2.6608809378276006,3.3809365079365077,3.513441948483614,3.4463079120483875,3.3701913383296986,3.197843631108602,3.440865079365079,3.502695548278881,3.744544858609116,3.626971832803464,3.006006489943698,3.6432460317460325,3.756523474981808,3.8153276271504653,3.659469004958787,2.534907677026957,3.4073333333333333,3.4602955747955746,3.53272143537702,3.471018562190895
audio_631.wav,5.0,3.425006685653772,3.6363412698412696,3.5679368717702054,3.52617375829127,3.73730195440956,4.230793143391952,4.2284444444444444,4.307588889505557,4.165687074168718,4.181661163318474,4.476292610168457,4.1017380952380975,4.108642087079587,4.504140826495004,4.413279363674982,4.12355956696956,3.975460317460318,4.04198722111222,4.308551000881067,4.187531045126391,4.277867553867285,4.207865079365079,4.150553765678766,4.216517918114327,4.201796688913457,4.530841827392578,3.538412698412698,3.5404891158224494,4.0748583451901,3.9351714036993193,4.077591145045659,4.287341269841268,4.408024652816319,4.312502602468971,4.250279009427566,4.304645225854655,4.158730158730158,4.114769546811213,4.248643260718576,4.25337070198618
audio_5061.wav,0.0,0.2432410557068246,0.04797619047619048,0.005582010582010581,0.03214058911155313,0.02690114765547137,0.0,0.04223809523809524,0.006481481481481483,0.0,0.010580129823089472,0.0,0.0,0.028604497354497358,0.0,0.0,0.0,0.009206349206349206,0.026407407407407407,0.0,0.0,0.0,0.008507936507936508,0.03711111111111111,0.0,0.0,1.7086849212646484,2.9665317460317464,3.0538708898218707,3.006281013577329,2.594801379304194,0.014104870020067365,0.03358730158730159,0.014929012345679012,0.10148852982542288,0.08474856388841889,0.0,0.0,0.030055555555555554,0.018971028551392332,0.006203123497690866
audio_196.wav,4.0,2.8937107511458873,3.4819047619047616,3.4271717572550906,2.949215201372643,3.048234991550336,3.181018363625564,3.5049047619047626,3.55565998661832,3.231531551976751,3.362076931389583,4.3602830568949384,4.155436507936508,4.13441933991934,4.423741510136751,4.339470706313997,4.009483635275703,4.035452380952381,3.9497169821826694,3.9409592425129225,3.8500389040011282,3.969230214287366,3.926396825396825,3.885955294070491,3.7571786911784173,3.842222651491541,2.2094579537709556,3.3652063492063484,3.2847277768527774,3.2790237083418217,3.255991247590451,2.778060441695587,3.375888888888889,3.6160251322751313,3.044203567825884,3.1862375583056877,3.3924241975291505,3.880944444444444,3.8347036682453344,3.715865854985248,3.755483124436017
audio_756.wav,4.0,3.988172251098908,4.190738095238095,4.209521079229414,4.3481325528375585,4.314743084687291,3.684272600188658,4.265452380952381,3.9322810545935543,4.091742028984231,4.090794320177557,3.3889670372009277,3.8197222222222216,3.850922888839556,3.803924547012065,3.824185485752027,3.3983131654352614,3.995087301587301,3.903783676200342,3.8277315637621983,3.8951219996381883,3.45187926318291,4.0037777777777785,3.8539765789765803,3.8732226728030006,3.8863917853945984,2.6394426027933755,3.530182539682539,3.4787714245630923,3.409235669555406,3.5054418395928244,2.980084441621223,4.132214285714286,3.7794958798917127,3.9509692455618777,3.8131620179674557,3.034761242728768,4.048944444444444,3.8541439995189983,3.8119540142977244,3.817037516433928
audio_649.wav,5.0,4.144975212639112,4.086436507936508,3.8901006354756356,4.122245213179469,4.188217215998705,4.627965058869015,4.329444444444444,4.288863015071349,4.609544466037048,4.610488252756322,4.800710995992024,4.512150793650792,4.489273308481642,4.758297491960978,4.80092792548141,4.941836859340538,4.519730158730159,4.496373857623858,4.728237493632691,4.714885878561084,4.961835589527072,4.708666666666667,4.6961318881735545,4.888578614132653,4.883999588619967,4.960635503133138,3.5089365079365087,3.582945736362403,3.9748587493545524,4.187912933103702,5.0,4.1946031746031744,4.232925936717604,4.519052716231784,4.520528168402055,4.917294394930527,4.690325396825396,4.665299009632343,4.864564265671482,4.908905384667318
audio_27.wav,2.0,3.017788667296539,3.3710714285714283,3.5315451092117756,3.0199211516853377,3.086677345358256,2.675268123775668,2.941047619047619,3.0347644523686195,2.698015659884947,2.7339110229744357,3.139130115509033,3.3368571428571427,3.232603455186789,3.2363172719076707,3.284909199888746,2.9697203490157222,3.337674603174604,3.2317830687830678,3.109078845185691,3.1717926403285426,2.7179666941619236,3.083182539682538,3.1525694906944906,2.9033763623308757,3.0136729897707433,3.1727802753448486,3.2085714285714295,3.2501223344556682,3.213784660936064,3.4112655336272497,2.724984222592571,3.0063571428571425,3.0340547338464,2.8856394499111055,2.9263199066798387,2.755364200987806,3.11570634920635,3.082698404990071,2.9712427733081266,3.0282866197894998
audio_681.wav,5.0,3.2257497869583496,3.2530317460317484,3.0439305015971683,3.217165205091099,3.400571325657227,3.427345536578953,3.2081031746031754,3.1516650170816836,3.606336114312096,3.4966420640155165,4.188569227854411,3.923079365079365,3.9304809341892692,3.9695906861654766,4.085287387341155,4.253166698208392,3.8757380952380953,3.841943141734809,4.060794022049864,4.031757115282995,4.202869341756656,3.9478492063492063,3.8260239297739305,4.349066182883274,4.134384679844325,3.159416755040487,3.639968253968256,3.5834344976011643,3.7751210105920783,3.61908247445675,4.171153602289235,3.243007936507938,3.234630574672241,3.422133067570547,3.2674223763248995,4.615324325104379,3.8750476190476193,3.7924120863704203,4.348983440296266,4.0745904879399895
audio_556.wav,2.5,3.748799828817733,3.638333333333333,3.5797097871264545,3.648419536515831,3.6410813824465684,3.634796830005756,3.656825396825397,3.8327702205202208,3.8805662731532213,3.9432905506257137,2.955816109975179,2.8874999999999997,2.9591344195927527,2.8157462370256225,2.6818803116065273,3.042932094022602,2.9488095238095227,2.8738767554159708,2.824541585772016,2.8509796031278465,2.9878655262522567,3.1145396825396823,3.134068001443001,3.101577940291977,3.121525108018585,1.3062358299891155,2.76131746031746,2.7740099638016305,2.648648012326126,2.825756612774138,1.4130479996244638,3.383150793650794,3.6243399455482788,3.5809500211706777,3.528157689156805,1.5688554394141807,3.0478809523809516,3.0849267275933943,2.945197469860176,3.0544274368409545
audio_185.wav,3.0,2.6833530376028,3.0435793650793657,3.037011864678531,3.114596712799482,3.1298112399810756,2.560687767514907,2.924126984126984,2.96014057393224,3.115259775492868,3.12077585517523,3.1634673277537027,3.219468253968254,3.376864598364598,3.393843092116016,3.278921424852616,3.2526410528405747,3.2555793650793663,3.4296841938925273,3.4531389420071625,3.4540781274399497,3.128723431651584,3.1868809523809514,3.2863181278597953,3.1090737669402224,3.0554790435093264,4.589046319325765,3.4322619047619063,3.4159711322627984,3.352918365603007,3.460014298427399,3.3908139211247827,2.93281746031746,2.923489878948212,2.811420575743474,2.8710568943058488,3.66652464260952,3.220531746031746,3.3130868205868205,3.168082019653468,3.126646395262629
audio_369.wav,5.0,4.269894246562991,4.00829365079365,4.0056168969918975,4.129087813377751,4.174149659961778,4.512190911585968,4.413944444444444,4.531633770550436,4.521488181299103,4.686742677935579,4.4721910158793134,4.638055555555556,4.524842813051146,4.6634194446406685,4.6383423309257905,4.662327437093896,4.6939761904761905,4.575808621933622,4.754071609924417,4.665149043644556,4.4829432328924055,4.679904761904761,4.616690716690717,4.888359367240805,4.830696043978976,5.0,3.9447380952380957,3.918903252611587,4.126753756033915,4.174904973257665,5.0,4.438436507936507,4.529637276303943,4.770791152620759,4.756031513376866,4.9211491899442805,4.689492063492064,4.640003451795118,4.803872043425314,4.856290146866125
audio_241.wav,4.0,3.0832875343058093,3.8892222222222226,3.7238834437167765,3.970812706273872,3.7910174207116722,3.619916990048004,4.450849206349205,4.4573814148814135,4.527099338825406,4.416181663419305,4.813236236572266,3.9544285714285707,3.9006848290598293,3.9727414814900563,4.067895064271677,4.618925805143575,4.110841269841271,3.922833720292053,4.089409883712093,4.162821982656872,4.593394613221159,4.278420634920633,4.192111431778098,4.378646837600074,4.3449239539611675,4.827108542124431,3.9038730158730153,3.9424206950456955,3.998104342075827,4.09728402337997,3.989084733151105,4.428253968253968,4.440646137812802,4.613319585771632,4.5486992744384604,4.371230288196121,4.246515873015872,4.222410934744269,4.45361454536411,4.35048712552235
audio_98.wav,2.5,3.39617156859125,3.2225793650793655,3.237751529334863,3.204515219242341,3.112332976677351,3.150906390594896,3.0131587301587306,3.126745763495764,3.041929057234418,2.874909583694452,1.8428883949915569,3.2173015873015878,3.1814870376537048,2.8380832877169406,2.6990641033081686,1.8131317059514964,3.1480714285714293,3.08671961680295,2.6364563307003017,2.690258050088597,2.0588149388579615,2.997285714285715,2.9907443127859796,2.6652330555244697,2.8091663917779357,1.3269143501917522,2.6512142857142855,2.598906263489597,2.2958806394941713,2.194087108600017,2.9838540035805146,2.894150793650793,3.179768478435145,2.762647381796375,2.7952293156845758,2.0611210640768722,2.964047619047619,2.9969945363278696,2.658271460496657,2.6766358082667554
audio_389.wav,5.0,5.0,4.392603174603174,4.399005932339265,4.8012401235876645,4.717260911194869,4.955804410313394,4.5479761904761915,4.566420875420874,4.9365706115222805,4.929267398277575,4.4259664217631025,4.4763809523809535,4.546559684143017,4.564304253853877,4.585553053638309,4.707109726014588,4.5271428571428585,4.5345246913580235,4.618681962609266,4.653388674411057,4.767165827396622,4.589468253968253,4.609335257335257,4.705894048619662,4.75750007461456,4.620269616444905,3.814150793650793,3.672052549302551,3.8174683723115215,3.7431058515273166,4.898734143299838,4.5391031746031745,4.521544813211481,4.862821117477593,4.809747839597073,4.587224253345943,4.585206349206349,4.55071572871573,4.692360306267552,4.676114785190297
audio_357.wav,5.0,3.3077025820800507,3.382595238095238,3.2376575862409194,3.555394175376582,3.564085521068263,3.4038841827532362,2.7962857142857143,2.707540188206855,2.749375459794956,2.964246155085517,3.494636058807373,3.4,3.272742384159051,3.4155278517828815,3.4679136824651313,3.677855668289471,3.3521587301587297,3.2409236457986452,3.5341681763093558,3.4730133897366415,3.741520185829655,3.2568730158730155,3.0630458291708287,3.1214242950688624,3.258288653603165,3.9669254620869956,2.847507936507936,3.0472177714261046,2.8747019329697228,3.0345213774807167,4.118659171789527,3.018849206349207,2.958507065465398,2.8633744731566626,2.932765385568075,3.623019224907123,3.247404761904761,3.0238494668911335,3.147981869221837,3.2594167287622366
audio_112.wav,3.0,2.5288367583046263,2.9862301587301587,2.942916757625092,2.742005028207913,2.71895427683833,2.2117195106162844,2.7712698412698415,2.6936028015194675,2.471174035481026,2.428241079819593,2.9834230740865073,3.3679841269841275,3.3281254100837434,3.294513581390479,3.315770960901702,2.5173629523751586,3.135563492063492,3.2281197490780826,3.0885112582098286,3.0522856825977143,2.2838525945315653,2.975293650793651,2.909142997434664,2.723519438338958,2.7604491562481024,3.7343531449635825,3.524349206349207,3.6501190075356735,3.902066439980971,3.788451558260627,3.2456744391573817,3.0785873015873015,3.0249997394580723,3.31214681722883,3.152870712621519,2.9524360714664097,3.120523809523809,3.052897546897546,3.000754505405514,2.9971766558557547
audio_675.wav,4.0,3.8806578629698962,4.154587301587302,4.068384294717627,3.947678462334785,3.8656756877363088,4.158516404816761,4.329698412698413,4.354218915343915,4.172418925585632,4.190534507589592,4.110949198404948,4.294317460317461,4.3798372013788684,4.3421133954977265,4.458842775170816,4.16802972165188,4.39418253968254,4.369313425771758,4.420147661660839,4.482801693359116,4.172005039971324,4.490166666666667,4.466119271160939,4.462460198747337,4.4975913743763245,3.592334508895874,3.495523809523808,3.383543430335097,3.343277936196064,3.406717460700264,4.062336720148303,4.191309523809525,4.230674362674362,4.232730054459551,4.235433717400279,3.923420125080069,4.4359761904761905,4.437966289882957,4.445735984600375,4.458700214129092
audio_113.wav,4.0,3.9031630995610533,3.2020476190476184,3.293122342164009,3.055171719477706,3.1270288271306743,4.046012256273657,3.2264444444444442,3.394101150392817,3.1555619327977227,3.326398591184915,3.7293460369110107,4.203722222222222,4.116639850889851,4.065550615535472,3.992622931501016,3.8572043236326015,3.7422301587301594,3.7985611841861835,3.62191548172906,3.6917675140119393,4.006299363758949,3.609190476190476,3.7838478334936663,3.5776833775801813,3.611116327299785,3.2360138098398843,3.569103174603173,3.407484291942625,3.9457431713716082,3.845186073758956,3.307533437675966,3.3558888888888894,3.577184585476252,3.447924661120035,3.491178322545283,3.2331427572306937,3.7296825396825404,3.8353839987173313,3.682401709312284,3.792856606010986
audio_483.wav,2.0,2.185565752950223,2.757293650793652,2.812672784006118,2.904229236738752,2.727667819385698,2.1645948218321456,2.86084126984127,3.1081854657687984,2.928072638722341,2.92927084937738,2.5391788482666016,3.0303095238095223,3.180883866133865,2.7611229870556726,2.7252990748981722,2.3232592055476204,2.991698412698413,3.163421657046657,2.6793116459480633,2.7431598187411446,2.190341390327437,3.142952380952382,3.251292548500882,3.0453201220617925,2.9811035471948024,2.779869715372721,3.147420634920634,3.1667049698667333,2.767078323408087,2.9213352064605655,1.9079756418550493,3.10673015873016,3.3346698733365407,3.2293166155856774,3.1780650500533767,1.8500118695803878,3.226515873015874,3.3323132114798777,3.242654852473585,3.1599469886701086
audio_474.wav,2.0,2.395301570727479,2.5012539682539683,2.5757995307161967,2.4211381538132657,2.5373105226557824,2.0847111207501237,2.856833333333334,2.7239813350230015,2.521239146275397,2.6030168051093536,2.449414332707723,2.530698412698413,2.577327220618887,2.603262114142796,2.597628336937816,2.3862847634857065,2.4815634920634912,2.5070600479767147,2.5895835192211547,2.480527662891676,2.4372833576893833,2.619674603174602,2.686222396430729,2.836279211289329,2.7980779542019376,1.5974138577779133,3.2731031746031736,3.228900726588227,3.2688214282765107,3.1763999866536,1.0427684524107228,2.934396825396826,2.8590507270507275,2.421117137612118,2.4859180070826805,1.4716722187625544,2.7376666666666662,2.7376257292090624,2.7436441914472347,2.775310893198762
audio_725.wav,4.5,3.991893857944255,3.5091666666666668,3.571383961717297,3.7358816604605187,3.5693682249390997,3.919514194739044,3.7292777777777797,3.787166287416287,3.963817219521807,3.8689168401489247,3.7354041735331216,3.438150793650795,3.4520418393335066,3.36862653691349,3.3280125224391823,4.34970246762144,3.59774603174603,3.5083211834461836,3.5217935877633217,3.448463605469156,4.301314556098521,3.6307857142857145,3.537865400032066,3.557923796222608,3.56408826472117,4.1704756418863935,3.4354126984126996,3.3766793885127213,3.801642135715699,3.7908043602145085,4.201054468166267,3.7230238095238093,3.6714077172827175,3.8493454305968373,3.8641837761628115,3.8435271609751958,3.5271428571428576,3.5346856261022928,3.7157216793698002,3.5889881663274577
audio_774.wav,3.0,2.7732573616003173,3.1084126984126974,3.069883237133237,2.920066194005249,2.904826026124539,3.2646945741123905,3.16513492063492,3.0222494064577403,3.046876217728622,2.9772315484504683,3.995790640513102,3.5324444444444443,3.576287117203783,3.644776953921616,3.703603959857487,3.733886905275804,3.5765238095238097,3.549007535674202,3.6270438602456347,3.643092705004357,3.5236998990210426,3.5071507936507946,3.4573649390732726,3.38771184558167,3.4491291664244517,2.715195576349894,3.0752619047619043,3.0643432046348713,3.1248737233622705,3.002031929073121,3.228663115821588,3.110277777777778,2.9635120450537116,3.0677308822668112,3.1329946209434656,3.989048656992772,3.4688730158730157,3.4427545325045323,3.5000900597090143,3.6067337459342386
audio_588.wav,2.5,3.6313080353601817,3.1316746031746034,3.077260592802259,3.380205220287923,3.4120949143217025,3.494529660063732,3.0011428571428573,3.1414235332568676,3.207023339631363,3.175796277254408,2.92045005162557,2.7792222222222223,2.7979028178611514,2.6103852702263164,2.664915439548964,3.277170843928372,2.7661984126984116,2.796295593295594,2.7676047577944196,2.7035507661834597,3.137572222486208,2.7202539682539677,2.829180157805158,2.669403818451635,2.755456292266041,3.245001792907715,3.12929365079365,3.0381340449673786,3.0361141052980365,3.0800710631396258,3.212270224423545,2.888904761904763,3.1087241107657775,3.0873967935644036,3.0784807249142623,2.778477658768713,2.7058015873015875,2.7990543330126667,2.646080192449396,2.7265553336789785
audio_395.wav,3.0,3.8609360137748063,3.9321984126984133,3.9138965170631845,4.08970246696994,4.0772719753467,3.621812941357343,3.4320634920634903,3.4524218559218567,3.421200915592268,3.4542927050054075,4.009287754694621,3.830936507936508,3.8555453728370384,4.14375002816563,4.013280623465051,3.953187387084924,3.925111111111112,3.9743676354509687,4.137063338736303,4.158656127143488,3.870221489822566,3.766222222222222,3.691060906685907,3.5651904208747722,3.649531111399373,3.6068121592203775,3.15034126984127,3.1659019976936644,3.4848850710367625,3.324329779465811,3.396882396660184,3.3886587301587308,3.402303001011335,3.3882028673192615,3.3881591130424433,3.8425489070591445,3.661047619047618,3.665784550144844,3.493485707196894,3.613475964254659
audio_210.wav,5.0,3.857885030595121,4.401809523809522,4.178468459010125,3.9472818571682513,4.125756689700253,4.336958626485491,4.624619047619048,4.567945397195398,4.477794725876848,4.4819652641534065,5.0,4.563071428571429,4.5547701819785145,4.67398930485577,4.724045249839252,5.0,4.673500000000001,4.585337021003688,4.6358490760528035,4.792489905963897,5.0,4.72636507936508,4.665826058201058,4.796818104536071,4.800261909274768,4.9862972895304365,3.974309523809525,3.9924983041649704,4.3594573412200015,4.395199619398593,4.967618053572788,4.611365079365079,4.593433321308322,4.511378264496181,4.515607409725327,5.0,4.7043888888888885,4.680507836299504,4.760224635743209,4.764843903612441
audio_309.wav,3.0,3.2220302509428826,3.686849206349206,3.679090273923608,3.3664647108215866,3.3657288226277546,2.815413350924145,2.9692539682539683,2.9350284083200755,2.6478775643004404,2.6927192645855027,3.075452963511149,2.8940317460317453,2.8686886801470144,2.7297394760892963,2.628335530110402,3.048044301448583,2.8884285714285713,2.861425805675806,2.6954261647829383,2.688032149393551,2.893404835369317,2.8006428571428565,2.7936199494949494,2.4504958115364395,2.4675326881521626,2.7372111479441323,3.414531746031747,3.4123776516693183,3.4577107771167674,3.305869954128396,2.7264973678036672,3.184246031746032,3.0875382194965515,2.97366224182084,2.853610654835697,2.8638615924342505,2.8945952380952384,2.860246693121693,2.615835948751807,2.6095578185122417
audio_457.wav,3.0,3.796705879603041,3.0429682539682545,3.1764616386699718,3.4318140397344137,3.392920766782192,3.8149781100203675,3.0997777777777777,3.3068096326331626,3.2672575957518983,3.3139712278063507,2.656074126561483,2.9499761904761908,2.8839961920795254,2.8388500910665813,2.8015210806979414,2.8535491493795004,3.00736507936508,2.8809948893698896,2.947654271275853,2.906546312503958,2.941323911558031,2.9797777777777767,2.8927149625066293,3.048273384111708,2.9339485664396463,2.4381586710611978,3.15357142857143,3.174209309209308,3.061408340014145,2.9766217200413116,3.143198976779845,3.0240396825396822,3.1978712583712583,3.2175021029679467,3.159762286975173,2.5726807064237196,2.958714285714285,2.89926098901099,2.9257172141087078,2.9437701399550775
audio_492.wav,2.5,3.4216255730546155,3.0814761904761903,3.1564498225539896,3.0893206875490518,2.9760404103705205,2.801467797902763,2.8682777777777773,2.8302433060766403,2.6319852580163388,2.574171445875289,2.5328756968180337,2.9075317460317454,2.9873274811608153,2.879960812169449,2.9854722777142393,2.743024341843187,2.961650793650793,3.032436854811855,2.8982685066265095,2.939956230011551,2.6290819083118144,2.858595238095237,2.8253064373897705,2.80371788602479,2.7395591057457036,3.047565460205078,3.2571825396825402,3.2028777179610515,3.123632711061962,3.3258945692127164,3.272171899538914,2.9985634920634916,2.9015157065157062,2.8904401091746355,2.8936754791460153,2.5765923018856576,2.868730158730159,2.866272627064293,2.8414827158585236,2.884516742534881
audio_738.wav,5.0,3.307115482691929,3.2031428571428573,3.197675651508984,3.1589834573288607,3.2439415576265667,3.226129141462016,3.1519999999999997,3.2099888444888456,3.1864632136498012,3.2268311065585036,3.6428428490956626,3.396341269841269,3.396336620169953,3.293753684827292,3.446539239742279,3.803289247538307,3.485920634920635,3.4192962978379646,3.655000824196567,3.6934474210303363,3.862157873217626,3.4965158730158747,3.5900582365165703,3.716870506063529,3.7743011686418453,4.022022008895874,3.502388888888888,3.5018108419358414,3.65846481122232,3.639442550491321,3.8037618849478605,3.1242301587301586,3.314392376142376,3.0956550606142605,3.1202374168082287,3.376800519815687,3.468087301587302,3.5787544292127627,3.726195299903356,3.638404099090689
audio_305.wav,5.0,4.77024740664677,4.248079365079364,4.20362936292103,4.637577181447494,4.705452414078754,5.0,4.585317460317461,4.59420324274491,4.922827332168202,4.917159896827897,5.0,4.585452380952382,4.555154561487893,4.609841103925489,4.686908278814609,5.0,4.63826984126984,4.591141594516594,4.818702793167193,4.880973607418272,5.0,4.7143492063492065,4.678764951098285,4.885762912949516,4.885486228124332,3.971761147181193,3.944436507936508,3.8927551060051058,4.27553990873065,4.225299613606162,5.0,4.378920634920635,4.416935547477215,4.7439869679323765,4.863254353397215,4.984154019240188,4.683039682539682,4.652353154561488,4.894006160520519,4.851989933588745
audio_123.wav,3.5,2.087052247875825,2.6103095238095233,2.6473192239858903,2.6987354108357073,2.5490223131892376,3.1218335975010594,3.3559444444444435,3.247156730615064,3.24386168465039,3.2351290311652847,3.8679489294687905,3.392333333333333,3.2086431577681576,3.380731750818446,3.2201196670340497,3.290615230287122,3.1132063492063478,3.04986116198616,2.992126394154686,2.931849852668386,3.314224086587324,3.3701746031746023,3.2537344661511334,3.16931698992541,2.91393408772015,3.1303924719492593,2.955944444444445,3.0062218722635397,3.3130928294809827,3.228009218389549,2.994985156360847,3.480214285714285,3.277063162146495,3.4012866624322946,3.2539450427277816,3.106382898687,3.370452380952381,3.235784291325959,3.0055969658403363,2.8078532821557793
audio_5053.wav,0.0,0.7274164961875846,0.005238095238095239,0.009740740740740743,0.0018091778865616905,0.0,0.3630270148528682,0.007777777777777778,0.014074074074074077,0.0,0.0,0.04813392957051595,0.005,0.053048280423280414,0.007506469413877462,0.00238730772896704,0.30918026819479677,0.030539682539682537,0.06137698412698412,0.024220027406935588,0.015305769502073784,0.33417117190201395,0.0022222222222222222,0.05308333333333334,0.005510830573320895,0.0024079152176716212,2.058582862218221,2.9868492063492056,2.893946786238453,2.2983118654947137,2.3896354937987225,0.3006262013409553,0.006507936507936508,0.011645502645502646,0.011887285886323956,0.012491122233873575,0.4542715213547221,0.010634920634920636,0.05587698412698413,0.020055278964919758,0.015257623395819772
audio_89.wav,2.5,2.6138212184195733,2.730920634920635,2.7281131553631544,2.7372309893509406,2.7223140169391176,2.5079056247167104,2.769484126984127,2.955733572890436,3.0331818608501897,2.8930222838468773,2.6597371896107993,2.9450793650793656,2.8532395197395197,2.777460781853769,2.8460473474559813,2.1127169565712247,2.7892698412698405,2.713883664175331,2.4971460106539216,2.542902600356104,2.0909048281183544,2.71615873015873,2.788080994622661,2.432948346740853,2.4661868202419535,3.204556703567505,3.3147619047619052,3.400497574955908,3.3637086419897737,3.4929590213313735,3.050137032991644,3.038531746031746,3.1977443282026616,3.2189367920347878,3.2303296634162137,2.4621521122214673,2.8635634920634914,2.8959715408048736,2.655155442516017,2.687806369330206
audio_747.wav,3.0,3.299096909560038,3.6208650793650787,3.678111396319729,3.6183502854312266,3.8178990096003993,2.7305594289973087,2.986103174603175,2.971185316226983,3.056778268004925,3.068164452451722,2.7428272565205893,2.9065238095238093,2.915700726742393,3.0123191508383815,2.902936763240264,2.80478152113227,2.897246031746032,2.927321514904848,2.9983473720167884,2.9265364856550398,2.849544221558224,2.9059444444444438,2.802792582417583,2.912310991106617,2.8053622913633554,2.529879172643026,3.410507936507937,3.306839185505853,3.088721772202065,3.109092746745185,2.7742768985727966,3.1941349206349194,3.1071216607466607,3.2538097221338824,3.1595718075698422,3.165619235130311,2.9407539682539685,2.865499239957574,2.84095430979472,2.9357526097765967
audio_115.wav,2.0,2.519523645392972,2.7023174603174596,2.768728354978355,2.332980161442777,2.338474337449941,1.619408709673153,2.568388888888888,2.551543730960397,1.9655133035415109,2.1169358019498894,2.67922306060791,2.650007936507936,2.7342515031265027,2.7121372555289835,2.575891781276639,2.373848173895715,2.543753968253968,2.686471497638164,2.56263436735181,2.4881228390246357,1.9064330663578268,2.509388888888889,2.5172590788840794,2.2443498658699075,2.237063247140234,2.259088476498922,2.9156190476190473,3.0053450746784094,2.9482017068550754,2.6461380446167277,1.623558873664259,2.7508650793650795,2.653036603828271,2.168565140306077,2.1535057388169245,2.3027813888242292,2.517039682539682,2.514846099887767,2.177395345669597,2.312487448076603
audio_235.wav,3.0,3.170196376953483,3.2471984126984133,3.23231838223505,3.242625756402889,3.0026147979757263,2.6795804925370565,2.8649285714285724,2.6955254329004323,2.544351891937234,2.4846567020227837,3.4776767094930015,3.1813888888888884,3.1954739257655933,3.2289482774887994,3.299774411378553,3.1251317514142016,3.1743095238095234,3.151377010335344,3.2686072993982225,3.377617413943158,3.0192505270968653,2.9854444444444455,2.9337291134791137,2.8339179974085336,2.8427146316922696,2.8643301328023276,3.3113333333333324,3.1723235730319055,3.482804094308399,3.3225697575203257,2.300159421400192,2.884119047619047,2.7282375140291815,2.4671362058523187,2.4967028011483747,2.8841151160891023,2.8997619047619048,2.8450427859177854,2.851026274797142,2.86130690453335
audio_414.wav,3.5,3.1369534890278845,3.7326428571428565,3.66781604969105,3.943580704489957,3.6387833629494164,2.991781469632999,3.2714126984126963,2.973763204932323,2.898415374243413,3.153547278522199,2.1347972551981607,2.750880952380952,2.7817557920474587,2.725312311767008,2.7390436377624834,2.0782551328901593,2.8315634920634927,2.835553852012185,2.699676609599738,2.7949000982360768,2.148609804305485,2.8381190476190477,2.75918302068302,2.9215436380314315,2.779735824404989,1.9548522631327312,2.71268253968254,2.823367200700534,2.3570930334023994,2.381753770273977,3.894183102371039,3.1948571428571433,3.0372929894179896,3.090928607684661,3.1045900596191305,2.3944564007621794,2.85654761904762,2.84316067420234,2.834071159906498,2.807714086247394
audio_56.wav,2.0,3.036522552402887,2.8371269841269844,2.9510837272295607,3.1595906691990003,3.172805526098782,2.677513676051037,2.7386746031746028,2.8352648431815104,2.794477219080419,2.8377918043481394,3.0032872358957925,3.212428571428571,3.219979945979946,2.8886361856134664,2.8616919251576367,3.0801331008286916,3.101928571428571,3.0905639761473087,3.0158114211031903,2.908183436346366,3.003489831312836,2.875174603174603,2.942159735326402,2.8985300332209967,2.780496332560686,3.3053995768229165,3.1408888888888895,3.24264977306644,3.0520573412495398,3.060229119240328,2.8317329146471013,2.8590476190476184,2.933553617678619,2.894367909432235,2.8280724459086404,3.1160481586861857,2.9297698412698403,2.9799047449464116,2.8321579777777437,2.7987701170000676
audio_43.wav,3.5,2.362797210229673,3.181111111111111,2.9007187149270472,3.2108798842942643,3.2333442143583007,2.970898290280326,3.1449444444444445,2.8964365248948574,3.242542088206505,3.0238342864991057,3.9833837350209556,3.421111111111111,3.4636748297998285,3.408206861577396,3.316000457906995,3.946147830454422,3.29129365079365,3.305708408875075,3.150360504803231,3.2275620545175117,3.9711664198616496,3.486460317460317,3.5507833647833658,3.4910615078691496,3.4997836403968243,4.314978917439778,3.671246031746033,3.736263995263995,3.667963092507034,3.7485139152261557,2.797226429724437,3.262269841269841,3.0078489026405695,3.3775983913385432,3.0504112838576503,3.9934116300792106,3.5026904761904754,3.586919733044733,3.5923937388093763,3.574177675011049
audio_394.wav,5.0,4.4551138119428915,4.355476190476192,4.256723825557159,4.716912151978915,4.618391420206723,4.884302793021999,4.716603174603173,4.780648969857302,4.940994876646783,4.91430904837111,5.0,4.65342857142857,4.492473137973136,4.961237035574757,4.978574999997559,5.0,4.659285714285712,4.5712115800865805,4.971035101233785,4.980639133213379,5.0,4.7988888888888885,4.696444183902518,4.9216720208623235,5.0,5.0,4.025722222222222,3.950632876382875,4.287126831633924,4.258598248561655,4.734280183817195,4.573825396825397,4.672125312958646,4.714174700024233,4.726941921250668,5.0,4.7288492063492065,4.669636804553471,4.894885226181393,4.991681464502418
audio_423.wav,3.0,2.9166399880784346,3.105928571428571,3.1551978515311845,2.885394677682483,2.892097650732888,3.3275456179020835,3.380174603174602,3.730877976961311,3.710817211341793,3.6941580775255463,2.889976183573405,3.050111111111111,3.0366061253561245,3.014363637227397,3.1059620367960252,2.6946253956879516,3.0692222222222214,3.058129274501823,2.9104601533517473,3.0645301531976803,1.9036915965890702,3.2712222222222214,3.588871212121211,3.489150874421162,3.3761212084614898,3.5002736250559487,3.13268253968254,3.0116734546317883,3.343214081649347,3.179292964642953,3.5217898728968584,3.454722222222223,3.7655954847621516,3.695169936192974,3.424719543256941,2.204973065077533,3.2610158730158747,3.562312109187109,3.4142066762112826,3.3473219933463656
audio_579.wav,4.0,3.9368738303511837,3.4320952380952376,3.4617409611992938,3.758961482743803,3.6026516406637596,4.003052229791705,3.6785873015873016,3.6668676894093557,3.6817935614960944,3.6704075938177745,4.275155226389567,3.5292460317460304,3.5743272668689343,3.6401517840586526,3.5904896482537834,4.306427315491373,3.598119047619047,3.5650484022150692,3.7009490128327864,3.7835616255337374,4.188490847208032,3.8857063492063486,3.8613549382716066,3.8138232401015006,3.8181533950528923,2.8147828578948975,3.3972142857142864,3.34576004088504,3.1624063474661828,3.005853369222061,3.6956356719629198,3.670039682539682,3.590900052108385,3.4852859499516864,3.489093316372679,3.7077330716340886,3.8674682539682537,3.806154801988137,3.617425627014683,3.6950537110037804
audio_172.wav,3.0,3.7807270184945225,3.5986111111111114,3.406741822991824,3.318871686387597,3.495207009403917,3.438803204768984,3.2454365079365073,2.9469520402437066,2.8826217357846353,2.8229753384155694,2.977446953455607,2.8414603174603177,2.8624979557479553,2.8492614044332245,2.852032497016463,2.6814200900662626,2.8474920634920635,2.8870323873657218,2.829046778995442,2.8857238080039473,2.9208176652855435,2.823626984126985,2.8278282427449093,2.59824340552985,2.6805652035412506,2.6901907920837402,2.8934206349206346,2.944469316177649,2.7879396000476517,2.5870061705905765,2.645363149815433,3.1577380952380967,2.8887046657046653,2.9292850540958244,2.7532276000254003,2.845610516577477,2.89515873015873,2.812789622414622,2.6788873258202357,2.6542381602557596
audio_144.wav,5.0,3.912960262291371,3.4515396825396825,3.363419691419691,3.4143845552334113,3.5054815302745603,4.237016474499428,3.9594047619047608,3.8355275449858777,3.7114672477322994,3.796248197091421,4.280625343322754,3.27446031746032,3.264866983325317,3.228897505238132,3.431219154634782,4.127670937042314,3.2706587301587304,3.2212914061247395,3.23021868903144,3.3764319048713887,4.0497282202374025,3.4724841269841265,3.4727565135481804,3.4296307319429893,3.4229150193579834,3.445976972579956,3.3323015873015875,3.2736133758217094,3.7430281964257475,3.5853582371796997,4.690595420326429,3.7632936507936514,3.632409682909682,3.5587828717652896,3.652152377992266,4.030655651595105,3.352515873015873,3.4288844797178135,3.3142240485148737,3.3258409969050313
audio_151.wav,2.5,2.501715940628813,2.987769841269841,3.192492564534231,2.9416218053257004,2.9968684498455183,2.2882321454270893,2.6492777777777783,2.7420884485884485,2.4270206011068765,2.4586124001827616,2.1056849161783853,3.0080000000000005,3.100334736251403,3.0311557247431424,3.008325905487584,2.0543115312934233,2.969301587301587,3.0726725342558683,3.057906613107385,3.0137725407996108,2.048583996979404,2.791357142857143,2.916881132756133,2.9685222532041906,2.7926631544001808,1.2153000831604004,2.672952380952381,2.65534114959115,2.1760751089684938,2.1415039620296104,1.3366350783108238,2.8140793650793654,2.8368392656725994,2.416354433179541,2.4200970121207694,1.409367597387557,2.866444444444445,2.9371741622574965,2.9216156976987513,2.8315476165489195
audio_65.wav,1.5,2.8614254860294452,3.1268095238095235,3.0076982924482922,2.9447307624993333,2.918566097018845,2.4471092995864825,2.6898174603174603,2.587804132595799,2.4382377346798654,2.6094425484764767,2.48748246828715,3.0904206349206356,3.0574215892132557,2.6697828558116097,2.730914004716,2.417146420858391,2.974261904761905,3.0214792013542007,2.931758722243235,2.7769683098835,2.3389281467407774,2.812873015873015,2.704812730479398,2.3965730753349557,2.503380630967174,2.4751744270324707,2.8305476190476195,2.9131619244952573,2.8042790831218505,2.716295066346588,1.9317801749442856,2.7237539682539675,2.592247391497392,2.561173796121016,2.5094350082963763,1.9922284170499156,2.812761904761905,2.6680486704653377,2.5483398465734823,2.4851736443854353
audio_481.wav,2.0,3.2254721089218976,3.3664285714285733,3.42512333037333,3.2641937937172423,3.1333776781345093,3.5798581279728476,3.5959761904761898,3.715162812496145,3.4375147272880677,3.541460785420261,3.14581028620402,2.9384523809523806,2.9665085901752573,2.8095551683622837,2.7703709674383004,2.9810701487871483,2.9080873015873023,2.9383217029883704,2.713367259619907,2.74288396648933,3.2536833051053393,3.3828253968253965,3.5649452969869615,3.449638671849909,3.287987486683953,3.8457149664560952,3.6829841269841257,3.6992650975567645,3.7689021558662765,3.969885240583453,3.857554593886755,3.6692539682539667,3.7979366682700024,3.682346291680162,3.7411970531008447,3.2239501185106128,3.4226904761904766,3.644906832365166,3.4715626244249065,3.385236819683423
audio_262.wav,4.0,3.895453405508386,3.5367539682539673,3.625335995794329,3.780468530029354,3.8393144850912955,3.79368184163215,3.8345238095238083,3.913992421159088,3.939400546095546,3.915934636738799,3.45902951558431,3.534436507936507,3.4854712740962746,3.4928887811411404,3.5053648460215334,3.430772317926424,3.5799841269841277,3.520365290573624,3.478616443150303,3.4770294917582683,3.4210358580845424,3.5983492063492064,3.5421698779615447,3.4716671749512646,3.597734041470877,4.2261935869852705,3.4566349206349205,3.3907043249959927,3.507260377419255,3.5456632281004388,4.070258433839687,3.923420634920635,3.9580504665088,4.052266690196704,4.148128533127385,3.7705732428198027,3.6215079365079372,3.5813684864518205,3.3347565919784246,3.5932979114944565
audio_229.wav,4.5,3.874270150932299,4.062785714285714,4.103178050344717,4.253513309689679,4.165752159937759,4.75963381791869,4.317944444444443,4.420423234173234,4.8431590089281364,4.786061181733868,3.9647831122080484,4.026317460317461,4.146591974383641,4.467057967412637,4.357405784918016,3.8958423404445033,3.9506031746031773,4.122149951899952,4.435513492584344,4.39841377234243,4.046146735946359,4.1445952380952376,4.251554579679578,4.418330776694037,4.468608931201906,3.6769423484802246,3.694769841269842,3.72071151996152,3.9815375810868012,4.11324871587879,4.441905449376336,4.213698412698412,4.387664542247875,4.641615185903086,4.550527226900119,3.983030816583654,4.146309523809524,4.269943263526597,4.405359382097465,4.511779329615769
audio_22.wav,4.0,3.1200297774283676,3.2555317460317466,3.360313157521491,3.3171212874993543,3.373046777734008,3.125637842096781,3.3629682539682535,3.3987016270766275,3.3150848010429548,3.4918822938488954,3.9544804890950522,3.7167936507936523,3.809903539361873,3.717827937811936,3.693617032451163,3.6834104643823267,3.523777777777777,3.6244297904346925,3.549187512223275,3.5286308602696916,3.5213338965127012,3.488690476190478,3.6150503246753245,3.4241413113961765,3.480145888281227,3.8583348592122397,3.3466031746031746,3.352487965737966,3.4564747492523034,3.473440145079177,3.2102326521942897,3.361722222222221,3.350383597883598,3.303672829411324,3.413203869512699,3.6369324272945796,3.463277777777778,3.5379847359430694,3.3095141666277095,3.483054206407191
audio_434.wav,3.5,2.9438505527451437,3.386912698412699,3.4441429373096035,3.414489598687823,3.256602273609438,2.5685276124062,3.2733095238095236,3.163642460934128,3.1479581053492183,3.1729416618917465,3.4019309679667153,3.3313333333333355,3.3494932829516166,3.4186708013360296,3.3733896913897925,3.316374544443223,3.398920634920635,3.3469745547662217,3.4573506384696384,3.4152980084490125,3.3130073584312707,3.239119047619047,3.21073082010582,3.1283852118645066,3.1541534195593015,2.3571690718332925,2.947285714285714,3.055299963924964,2.855183696232995,2.7582161966242658,2.107718829791587,3.135555555555555,3.061246392496393,2.9256859534829665,2.952731905660489,2.6696851080900452,3.2280714285714285,3.123726965935299,3.000889554698679,2.9580125862667823
audio_488.wav,3.0,3.6360472856046044,3.178865079365078,3.252829913913247,2.9454419825211757,3.0587008454781803,2.9067468186483967,3.0804761904761904,2.9834907993241324,2.8597454954212806,2.9087669485377976,3.4348436991373696,3.1147222222222233,3.0694916934916936,3.096531690838754,3.110174106472286,3.769400019167058,3.0747460317460313,3.0847804273613106,3.0544799138133527,3.0744157243401182,3.6763654083811748,3.0444126984126982,2.928864632281299,3.0239947044644233,3.0143094387523157,2.7353997230529785,2.90515873015873,2.9010720699054033,2.668500689353666,2.674336252452845,2.8638476213753083,2.987849206349207,2.933937878479545,2.7101478719091325,2.7498350494337074,3.2469696791441565,3.023785714285715,2.9074903599486936,2.912559200844729,2.989723351022682
audio_439.wav,3.0,3.781053910172043,3.720007936507938,3.7237422068672075,3.795196269825798,3.6545216693999136,3.72096816349724,3.5199523809523807,3.6479913567732196,3.624547405878445,3.713755439169736,3.348810911178589,3.0227460317460313,3.0309171337921335,3.216332971883618,3.1377603547025625,3.3458322468490356,3.14436507936508,3.109582090748757,3.146811953144313,3.142669694388765,3.251334723460763,3.1666111111111106,3.2529511383678043,3.2998291151288424,3.3210092167119725,2.5854150454203286,2.945880952380952,2.9067156084656087,2.88219880183556,2.753441883673377,2.8088090899364957,3.4489047619047617,3.570160072951739,3.1886931535447354,3.106569787424071,3.0255547911377305,3.060357142857144,3.165349887766554,3.1394032771990994,3.138991519641145
audio_160.wav,2.0,4.065833429553957,3.7024126984126973,3.7672635882635874,4.010989079765565,3.918424331562278,3.291773621799599,3.0863809523809524,2.931726202809536,2.865306501819204,2.8975181167948993,2.159010887145996,3.2480158730158735,3.2034893578643575,2.8109865089119204,2.892319642256391,2.0173008720347263,3.261571428571429,3.250254349046015,2.908938583373278,2.88736508902628,2.1352768842254295,3.02,2.924840201465202,2.6351925005663643,2.6568701473035627,2.650348663330078,2.966309523809524,3.006258133841468,2.797734241393209,2.713349428783585,3.430516138799998,2.992000000000001,2.8443707696624365,2.9344700307634177,2.7821708512393974,2.883244735481341,2.9697142857142853,2.8877376142376145,2.6306475991073253,2.5775393634647332
audio_594.wav,3.0,3.0460929076665937,2.8501984126984112,2.863069063652398,2.668292151690871,2.7041623468291096,3.304117549991164,3.184492063492064,3.219487592654259,3.094142260746487,3.115457296125135,3.7559497356414795,2.9637380952380945,3.0117679974346636,3.123719524414563,3.093761184451622,3.661171748442877,2.987515873015873,2.9639702427202423,3.145821525924273,3.078361443380907,3.674555360009706,3.103007936507936,3.2980605582688916,3.1427211442651637,3.2846263635534942,5.0,3.8233968253968267,3.863119428411096,3.9595340983551925,4.077824660962559,4.956618005077794,3.3537936507936514,3.492916938000271,3.546434169380058,3.593569849228697,4.473827905773869,3.136341269841271,3.37867151675485,3.396716256790981,3.383368085621831
audio_651.wav,5.0,4.056965954858917,4.071190476190477,3.878522506814173,4.107934668538317,4.0334653830977105,4.573974903495124,4.27907142857143,4.483337195212196,4.555758866641148,4.595373693724656,4.43660831451416,4.570198412698411,4.504656246531248,4.587891895219382,4.555810174689241,4.372622860827348,4.550404761904762,4.479091790925124,4.487097570519617,4.550315310162206,4.451691795989127,4.701071428571429,4.6756324632157975,4.750169977926178,4.901623438648396,4.027207771937053,3.436555555555555,3.302522566939233,3.8159344695425563,3.7796301180847856,4.2721394884441946,4.12118253968254,4.354289095164094,4.442785592427645,4.5027499422267105,4.211554357626748,4.666738095238094,4.677748422873424,4.793751087342617,4.782161933280688
audio_569.wav,3.0,2.604154202961795,2.805325396825397,2.8477091396258074,2.68777526461923,2.7706740890866555,2.704834879196946,2.7804761904761914,3.0044623416706755,2.854648305696651,2.7213163254407866,2.344763914744059,2.775325396825396,2.6740664181497515,2.4730529859488795,2.485149164490195,2.5220588428046025,2.788587301587302,2.706338924963925,2.580757980279348,2.5793191450878497,2.417846919597135,2.779579365079364,2.8263998077539743,2.6163024595778963,2.6367153412931437,2.3403016726175943,3.017944444444445,2.9716369587202927,3.2331871272836725,3.0723004342787963,2.639136484218515,2.8523809523809525,3.1522393116143115,2.954180674648482,2.8807005694380354,2.6419176767722807,2.7522777777777776,2.894968232384899,2.666142245409311,2.697956230397878
audio_440.wav,2.0,2.969325770263703,2.6330158730158737,2.6989028394445054,2.7700502789249852,2.8154865303685703,2.093449197575714,2.4598888888888886,2.530470833179166,2.3178580338812425,2.3180666110627897,2.018673618634542,2.4241190476190475,2.5203342352092353,2.2941412816052815,2.228986072661354,2.006189260713324,2.426023809523809,2.4808471821388487,2.3506675517535514,2.311249115813197,1.809329457296287,2.4294841269841267,2.463961660253327,2.37065582083625,2.2527736147714585,2.620264689127604,3.242650793650794,3.19034245307162,3.3707114513501018,3.233217892996763,2.126770406586492,2.62065873015873,2.6750143097643098,2.4583554072812634,2.5395618660676216,1.8676529930408645,2.499865079365079,2.5540852573352577,2.4017648679028976,2.364410757332507
audio_658.wav,5.0,3.555297350384349,4.214476190476192,3.990921678630011,4.047136178983211,3.9443733043865596,3.3335372306034388,4.126460317460317,3.8183931963098634,3.9114141130753626,3.949458526655705,4.889882246653239,4.514015873015872,4.543393498476831,4.589648378623343,4.583146965839766,4.573463097973547,4.557134920634922,4.514478755812089,4.743697457742076,4.6603772207255325,4.375943797985596,4.469404761904761,4.425481080647749,4.297413397386824,4.408059984867438,4.537326335906982,3.8101031746031744,3.8806254039170707,3.875178581314015,3.922056830475738,3.7129527462729484,4.047603174603173,3.8347287958954617,4.030629459436231,4.104478966284138,4.343668685663686,4.529674603174603,4.417917087542088,4.334132610237707,4.454425556176321
audio_274.wav,3.0,2.719688001158838,3.238396825396826,3.2548064497231164,3.027629159703405,2.9024947438001747,3.0267959441769556,3.334547619047619,3.453769085852418,3.3339409282044694,3.3290791092432084,3.177245537439982,3.2088253968253966,3.162106535439868,3.1324718665299724,3.194878854172945,3.1494174370857024,3.24968253968254,3.1446425781009117,3.218560977983739,3.2154154571811673,3.341499075589494,3.1969761904761906,3.1882379287379288,3.192327507470637,3.334375670931825,3.6449158986409507,3.844253968253969,3.7432772721106056,3.6858664361525935,3.5438422248407293,3.323266404207169,3.3343253968253967,3.485863608613609,3.4678059297581014,3.404412867820426,3.646429823822612,3.1971825396825406,3.281760541927209,3.3268708719908138,3.303223661483988
audio_5065.wav,0.0,0.09126295453135362,0.003650793650793651,0.002777777777777778,0.004967836107047826,0.0007245396662558766,0.39411938653480033,0.0,0.013222222222222224,0.009896243495896972,6.065515052780234e-05,0.16882125536600748,0.0044444444444444444,0.36692724867724874,0.021577560428750805,0.042540908830496556,0.1308383312064345,0.013809523809523811,0.2921358024691358,0.051917033103388216,0.03788253790343695,0.1644367583854701,0.007833333333333333,0.30554246833413506,0.04131307272852341,0.05550964548416132,3.306329886118571,3.94011111111111,3.8880000400833725,4.004725642090947,4.022375798083847,0.3522044509765436,0.014920634920634923,0.014407407407407405,0.0373449174588796,0.07648805463476248,0.32912826644752985,0.008095238095238096,0.2916931617764952,0.08075191489693155,0.06169009116520969
audio_158.wav,2.5,4.21851337760772,3.838992063492063,3.788642712226045,3.882075995969037,3.731846186714169,2.899463622325857,2.9633333333333343,2.983232864357864,2.918062775007641,2.952738570433065,3.4151974519093833,3.337420634920635,3.309758272591606,3.2981199426533503,3.3823700546866178,3.425473507145167,3.381468253968254,3.374188532146866,3.352059287689828,3.357328278143225,3.250415317032218,3.155150793650794,3.1268877573044236,3.1414044157887737,3.2414472901587428,2.438559134801229,3.311031746031746,3.2458419265919267,3.2420449127239963,3.33054068342771,2.641989763237785,3.0052857142857157,3.035182627557628,2.982593599515244,3.0752643245053526,2.8767937950218854,3.2166746031746034,3.1439179894179894,3.1453223170055273,3.127580109338782
audio_493.wav,4.0,3.4828002625846284,3.6462380952380955,3.705575882450882,3.8705569867956426,3.824064076279106,4.422833454016004,4.288626984126982,4.1307433214933225,4.603975233611741,4.58133458592954,2.9837028980255127,3.0198015873015875,3.0161629882463212,3.1047890967951157,3.033738391301401,2.9718289668535487,3.08565873015873,3.093044933461601,3.2422420673925054,3.158135383543513,3.420345515859101,3.55452380952381,3.630435686227353,4.029455082135451,3.89937672012942,3.787229379018148,3.473222222222222,3.4760719404052733,3.690979859762145,3.5309072328638025,3.2136742492106,4.121634920634919,4.127177119177119,4.356381463363987,4.369291393429706,2.768720681684494,3.4891984126984137,3.619190918649251,4.026193417517116,3.8936069707542167
audio_646.wav,4.5,4.89799097609663,4.081190476190476,4.015496432579767,4.144191482399601,4.2071067843708105,5.0,4.267261904761905,4.2566702710869375,4.3955932142930765,4.499177730919743,4.531650384267171,4.007531746031746,3.9983973803973796,4.105361973055136,4.1770076428779985,4.922901943172714,4.098238095238094,4.074495638620639,4.260512896421804,4.391002102031309,4.933010813674016,4.270365079365078,4.263157046657048,4.404548008801829,4.37611405333277,4.882585207621257,3.291349206349208,3.2746143378226713,3.280689026881701,3.309437968763657,5.0,4.372023809523809,4.326221280262946,4.337146581013054,4.479962271385332,5.0,4.223420634920636,4.291086708045042,4.320104422520365,4.360265804636436
audio_64.wav,2.5,3.06541213234968,2.8193015873015868,2.84364059243226,2.888937444242121,2.8161890521534843,3.1880655708287704,2.9761031746031743,2.809648370148371,2.7729935181025454,2.91667326531633,1.6030563513437908,2.700476190476191,2.668892909559577,2.4799716118230344,2.322666385428851,1.8252995165746817,2.7323968253968256,2.6551683902517236,2.5038009324406336,2.5425961647027755,1.9018114405406232,2.6938095238095237,2.656115358407025,2.4583179156956287,2.5500038093260984,3.4620296160380044,3.234365079365079,3.221252753963537,3.2606920284942635,3.152301514675672,2.900767709196174,2.876690476190477,2.667537592037592,2.5948374308963404,2.668901455432285,2.1253400779370684,2.6785317460317457,2.638229939813273,2.4671337609293573,2.505672531506621
audio_451.wav,2.5,3.575727755422385,3.022579365079366,2.99029604645536,3.191137546805351,2.9693223601170318,2.918152371357305,2.6131428571428565,2.5448400349650355,2.4587217855450323,2.4427458402289877,2.6572766304016113,2.640746031746031,2.6804294995128326,2.6869140802904568,2.612937298335787,2.808402807318668,2.7260238095238094,2.7004988175404847,2.7341687803716552,2.751615886562258,2.8883274715920844,2.5239365079365075,2.478735930735931,2.414096255594162,2.3995408471677666,2.8828631242116294,2.9080555555555563,2.83762555037555,2.894003230543646,2.843340678367142,2.4523423016117207,2.5902857142857143,2.491948432740099,2.276005597201237,2.466926806058136,2.534149385626154,2.502698412698412,2.524242865159532,2.4001217480487242,2.4599950978644323
audio_277.wav,3.5,3.945641042096524,3.9559444444444463,4.0059196729196715,4.083312464795749,4.060160199014007,4.334422020702386,4.260920634920635,4.270705200663534,4.424409078478454,4.402175155441769,3.4998793601989746,3.6702380952380964,3.832061564978232,3.7248417985409135,3.8114900221442816,3.8855853300772014,3.804468253968253,3.9416360368027026,3.8369726019275787,3.881278772453813,3.961406242204156,3.8786666666666654,3.9380904835904844,3.9581284189942862,3.947809860416679,3.1563539505004883,2.956420634920635,3.014618458701792,3.0180528282130528,3.0750567981701784,3.4881936797917175,4.089253968253967,4.009410125368459,4.145116285248242,4.127555610172025,3.41156235105588,3.879690476190476,3.9220703262786603,4.05986045486362,3.992192533686738
audio_491.wav,2.5,3.5509549804695797,3.007658730158731,3.106268278018278,2.9458984921325766,3.069425198369975,2.693026478553639,2.7469047619047617,2.6961429527262855,2.382126678727845,2.4634740417300187,2.6150062878926597,2.7302539682539675,2.7340748603248604,2.610999113292391,2.654007445327899,2.4837130990598553,2.699198412698412,2.7310132336799007,2.6038565833438345,2.7322988161018302,2.4370114894068027,2.627896825396825,2.6526355696772375,2.621572847656577,2.5340512662329924,2.061437805493673,2.792063492063493,2.7912534225034222,2.511402640809765,2.413365372374162,2.0289792288601785,2.6394365079365083,2.609041113207781,2.427984711384316,2.384341646736324,2.3764727994790524,2.6175158730158734,2.619103381186715,2.5939162730237797,2.576669144983463
audio_52.wav,2.0,2.8249162978338767,2.9777857142857145,2.988167776667776,2.910198265811395,2.793547764396214,2.9350579920924074,3.1775634920634914,3.310390532307199,3.1123826580228324,3.160644035115572,3.5147082805633545,3.3856507936507927,3.4953883015133016,3.2891784577655794,3.2029455030287988,3.2012497062532614,3.319309523809524,3.4307437408270745,3.247600613974365,3.2317427919160777,3.1067445398284748,3.3424920634920645,3.4411197706614374,3.327064980367412,3.2663108676265504,2.548799673716227,3.275119047619048,3.26928052965553,3.069112738844863,3.1508249766642877,2.2508844945762756,3.216055555555556,3.26791594979095,2.9870586177267904,2.9800352422175345,2.90662302736877,3.4000317460317464,3.4202980923397583,3.399465362690665,3.258982837800154
audio_743.wav,4.0,3.294402973319896,3.427420634920635,3.6496325757575754,3.635479160206552,3.6978169044258844,3.6425524359481916,3.6370158730158746,3.7027465852049186,3.625391650662454,3.7480250824151278,4.055883169174194,3.8179047619047624,3.8113619528619522,3.6769420570674227,3.759966069454125,4.036557574944113,3.6010555555555563,3.7484516794933467,3.7831298210742204,3.6979878342097527,4.26635254902876,3.6886428571428573,3.686841289882956,3.6553539220628264,3.6634229386199135,2.2051103909810386,1.9008174603174595,2.4777334717751374,1.6949386333399783,1.6113070526019937,3.1991473386497744,3.6624126984126986,3.7919630631713974,3.89132817065868,3.7964131801275447,4.025468205395289,3.6153253968253964,3.672303597636932,3.8390016636124282,3.7708976421981895
audio_243.wav,3.0,2.8958823275026373,3.0742301587301593,3.138303162886496,2.731739752310979,2.6630490623589336,2.9177609158686053,2.819603174603174,2.7883918828085505,2.6845191969165825,2.630085331894852,1.677134116490682,3.003730158730159,3.0544179678346346,2.966711755676726,2.981243253429867,2.3242562604954338,2.9535079365079375,3.0220865770032432,2.997094355035866,2.992287010309011,2.234379861894355,2.9547142857142856,2.885666085457751,3.049033001337546,2.9730538347793565,3.3012758096059165,2.7723730158730153,2.746964486131152,2.331366259893379,2.302795358636794,2.9131230228301472,2.7599999999999985,2.760340247715247,2.5609635381838487,2.4809374023308717,2.2554605654691904,2.962412698412699,2.9682124480457825,2.9072741074339064,2.8284988938366724
audio_661.wav,5.0,4.235234174323591,4.116984126984128,4.031203110161443,4.16678841980607,4.202910260878139,4.666687909450435,3.9785555555555567,3.856228535353535,4.290043163662799,4.237565113307688,4.570761998494466,4.098833333333334,4.026259359467694,4.0787106079190565,4.2480343429438285,4.953242057050571,4.2355793650793645,4.111776085026086,4.448603121433118,4.426413582848045,4.968807119896681,4.251436507936507,4.025496640070169,4.5024843403247035,4.428952491512525,4.579103787740071,3.856000000000001,3.726639209555876,3.4036756321582424,3.714654432809502,5.0,3.804142857142858,3.7112614638447963,4.216912007606162,4.272356978555224,4.983783804490372,4.138761904761906,3.928140311848645,4.4090477378251975,4.334735577642458
audio_456.wav,3.0,3.230600325728846,3.0411666666666677,3.048298500881834,3.1290619069999077,3.190605713783,2.942170518114473,2.9201746031746016,2.8532927936261263,2.685244231300698,2.800820058751459,2.786891539891561,2.978507936507935,2.940257401549069,2.8618271524175825,2.874494865920402,3.0569786414787927,2.9756666666666653,2.979778070150619,2.857557722712525,2.927555796955604,3.0873096138320455,2.8889682539682533,2.8986392897226225,2.8459660139895715,2.7453289961211937,3.0034873485565186,2.8094920634920633,2.835305142388476,2.6037620151455,2.4584404821993338,2.6515881905618257,2.8778809523809534,2.810440624190624,2.9310737371904096,2.868606951247937,3.1587106551096618,2.9139603174603166,2.895623893082226,2.816449097579841,2.775609965483391
audio_90.wav,4.0,2.429806458674919,2.6421349206349203,2.5672134038800705,2.762374671013251,2.5312503877515757,3.605825936882152,3.34034126984127,3.5571622328288997,3.4422913470933505,3.3601551851994067,3.6744144757588706,3.4903968253968265,3.5590938752605425,3.5214112547385867,3.4715665988588458,3.154481777002326,3.227841269841269,3.3759491326574653,3.295803126944119,3.166908299859255,3.4684891107310754,3.566150793650795,3.725069905403238,3.699557448154746,3.663842972168562,4.25760555267334,3.5740000000000003,3.627559657934658,3.5490243616112185,3.6243493448892123,3.8399086097818174,3.3333809523809523,3.611204605579605,3.2378029688558905,3.2617876858555666,3.576808809429872,3.647777777777779,3.7781832812249476,3.7373490611755007,3.609904057127236
audio_735.wav,4.0,4.33197753926919,3.593222222222222,3.558671179129513,3.8391960618874936,3.7570502366765375,3.794546186102568,3.4638650793650805,3.4327924590841263,3.601401800320309,3.636690037983558,3.651867628097534,2.8751825396825397,2.93718941398108,3.0260157369511003,2.7950346353364792,3.9339289251871947,2.9983015873015884,2.979424095965763,2.9708260521643535,2.8548877966300945,3.791918734132493,2.9871587301587303,3.0410118080902393,3.1544298574849794,3.1005179938875127,3.9938700199127197,3.370968253968256,3.2195903093819758,3.1193646082529463,3.14399366281485,4.151547013711263,3.562333333333333,3.6444399057732384,3.7014710685486545,3.6887408419908585,3.5808259282975903,3.063047619047618,3.1711543286959945,3.235808169178401,3.147593588639431
audio_775.wav,4.5,4.105202107107373,3.981000000000001,3.7901029741863077,4.142976392524014,4.222400089391871,3.8243686122793696,3.446015873015874,3.472301201884534,3.520652586201807,3.5959842773716915,4.730745951334636,4.455674603174603,4.37712860442027,4.4138480721394115,4.411921023943935,4.7711920662029845,4.46526984126984,4.325444862236529,4.564832060316985,4.559651099005094,4.731522033637426,4.044000000000001,3.9392318021484694,4.009888626816254,4.188322290000578,3.048820734024048,3.224277777777779,3.1676665464165463,2.8574564734589423,2.876324323363631,3.842007820427518,3.449436507936506,3.5485988856822197,3.651181020282871,3.6418522096165193,4.829555724470471,4.066126984126984,3.9529095811595814,4.170848109132791,4.15995596391689
audio_587.wav,2.5,3.726036834427838,3.534944444444444,3.3717492599992602,3.438766927986413,3.3936860197332703,3.6936708853625007,3.0905396825396836,3.0425465167548507,3.079654377252288,3.1219200774212132,2.668363094329834,2.708730158730159,2.6991628787878787,2.7538458066300016,2.6764464031786517,2.7127860028347377,2.7280634920634923,2.7866640612473943,2.6320791576292866,2.6856934576773814,2.6510287181035728,2.7766031746031743,2.7818965047298376,2.5879572958025214,2.538610263340176,3.2897280851999917,2.918198412698413,3.0270393114510763,3.0480323967596665,3.102473832890818,3.4805844040636127,3.0133015873015876,3.001325316658649,2.984637582666975,2.846550594388957,2.7469558015820845,2.765904761904761,2.784682559724226,2.622229581943952,2.668389139151779
audio_103.wav,2.5,2.656603877064225,3.259571428571429,3.37590497002997,3.316461202166534,3.4134227329701017,2.033846180566384,2.712793650793651,2.714749325293442,2.604203579326381,2.558807281023062,2.5998071829477944,3.0126190476190473,2.9744492143658814,2.6968812727645513,2.7266065213046136,2.1767038470229436,2.9691349206349194,2.9770670795254133,2.7324162473481692,2.73760391927469,1.9322523829593934,2.7170634920634913,2.725998504581837,2.5682174392341603,2.45318165525805,1.7104292313257854,2.8826428571428564,2.8429341738508405,2.4079585866009263,2.3772336876290683,1.5887247399010815,2.7281111111111116,2.6846620771204104,2.411322810181348,2.4890405021750506,1.579914484140066,2.7397063492063487,2.751874579124579,2.4290540294005782,2.4150232130452345
audio_111.wav,3.5,4.001586319491332,3.6358174603174604,3.6591809425142756,3.3635003441477345,3.4172483998496967,3.5980310950507697,3.76215873015873,3.9303283491200154,3.9345899514478186,3.9731368983993995,4.281603495279948,4.152761904761906,4.196191237774571,4.059704025590225,4.005502095928461,4.299355078461903,3.885992063492063,4.056427288760623,3.8832258477883212,3.9311747519273736,4.134425119546244,3.904087301587302,3.872127384960718,3.938043117537925,3.914915828726795,4.3513132731119795,3.18984126984127,3.2192399760733093,3.4173880376718415,3.2705784361164945,3.9980314544818008,3.6642857142857146,3.700207724374391,3.770129981770852,3.8283315616926443,3.5158675750335444,3.857063492063492,3.787554132595799,3.9203639772137286,3.8651887030610492
audio_421.wav,2.0,3.019528717675549,2.989150793650795,2.9013674643257983,2.771032755965725,2.7116165131863976,3.0749603909227488,2.866031746031746,2.819818462401796,2.645418874414735,2.5736324884923403,2.2520941893259683,2.652420634920635,2.705923761423762,2.8903324093432308,2.749727714236169,2.42133859906044,2.6904761904761902,2.69493582651916,2.703748438026215,2.703743326386793,2.626727851073625,2.701253968253969,2.7012758861508863,2.6716259709261116,2.6485332467849942,1.4010613361994426,2.6986984126984126,2.739458217708217,2.247603962071219,2.2154385331635287,2.913034714417797,2.8386190476190474,2.8703913139329806,2.484386641635773,2.4139476638430537,2.212946889899061,2.6992460317460307,2.7853042204708878,2.5918433717298517,2.5139255299733922
audio_683.wav,4.0,3.5889148622373725,3.8252539682539677,3.7790070346320346,3.650095104778891,3.6946661971767587,4.078265396507725,4.21379365079365,4.215033629950297,4.201966744872289,4.231242473379244,4.412762800852458,3.755738095238095,3.7104550881217544,3.909068001103204,3.868262483413916,4.5136785844965726,3.7055714285714294,3.732435932894267,3.85859830478786,3.8740937708859717,4.500216546308565,3.801992063492063,3.9045561167227834,3.9237676333569866,3.925732168885027,4.885793368021647,4.215896825396825,4.138646447688113,4.77538552869022,4.7455556929352225,4.4851976447519,4.229547619047618,4.331988736572071,4.3107014193775335,4.345024605478964,4.763340901253392,3.7551111111111113,3.911469075677409,3.920343158282455,3.956595645739471
audio_152.wav,3.0,3.1800430331357266,3.0329126984126993,3.0015585679752355,2.9893315725642355,3.0678201926639925,3.356351704607958,3.2864285714285706,3.264594777136443,3.2724857134501364,3.294103819661183,2.6065367062886557,2.756309523809525,2.828500681417348,2.6489230741667815,2.6592829064031775,2.1740961414745326,2.8496190476190484,2.847573953823954,2.683000508115416,2.763505152089192,2.344618184999201,2.982031746031747,2.9775407031240366,3.059703339780235,3.0157778748075295,3.112635930379232,3.4390079365079345,3.477540596748931,3.65705224993934,3.6134491035143186,3.4940837354284486,3.2717380952380952,3.292459956709956,3.303940812627484,3.3284056953079997,2.5668349036480804,2.963658730158732,2.9840277978194645,2.9869942786415336,2.9501341666813894
audio_134.wav,3.0,3.0560907146063254,2.618960317460317,2.5697909852493193,1.7909441037684453,2.091511034731264,2.554783087992351,2.455960317460318,2.389002462044129,1.7303385375121476,2.015516437090515,2.2474783261617026,2.809507936507938,2.5918159571909567,2.466664683814026,2.5662494221005416,2.4267445767961693,2.706682539682538,2.5264850689434017,2.456906206848303,2.452447029610337,2.415362520891171,2.5504920634920634,2.287454671871338,2.1591598428397547,2.1966671919686855,2.5109244187672934,2.7442063492063498,2.8086559042809056,2.658550616051043,2.7233385834652246,1.637600838918314,2.4178492063492065,2.2888102052268717,1.5821092158982977,1.894466681442048,1.7097270859910587,2.5268888888888883,2.2477982603815936,2.148456703346397,2.095898500539931
audio_12.wav,4.5,3.0041571542904477,3.1348730158730156,3.212616658601308,3.4926870412425237,3.550503394075511,3.1122040537764453,3.2236666666666665,2.923301431593099,3.1469515462213304,3.2354810741928546,3.006408214569092,3.593865079365079,3.800369261910927,3.535658908002743,3.439531304181035,3.3547413429694246,3.3148253968253947,3.6481246253746242,3.302323430090864,3.4037946022236163,3.2738975729815962,3.500642857142857,3.420358064774731,3.427394232212293,3.3726287637228887,4.073677698771159,3.398944444444446,3.3247944231694224,3.4030958219096283,3.365509361369875,3.6324470318930238,3.22134126984127,3.0229878732378723,2.9916833285959705,3.230747010898527,3.2624475178896994,3.4981587301587305,3.522809856809856,3.430914258670828,3.47506952925453
audio_232.wav,3.0,3.097072344764887,3.388873015873017,3.441904501362835,3.2987424875764617,3.328490127924073,3.0221892912906063,3.2695634920634924,3.1872000468667125,3.066988902808189,3.0907411208623734,3.3996873696645102,3.312388888888888,3.242905944364278,3.2408023854520516,3.1928049305415196,3.090209759881388,3.2343333333333333,3.2630315456148793,3.1619325258977664,3.180688667399837,3.2780230610952805,3.1683253968253964,3.1721503388586725,2.980128604355682,3.0230481025701934,3.2234245936075845,3.2107619047619043,3.1888107848941183,3.0498833832530874,2.9706166322104237,2.3782638246283088,3.0184603174603173,2.899646444604778,2.7687264167923904,2.6928007075024243,2.237648540814842,3.132793650793651,3.073232056523722,2.8600754159284083,2.8793333603430415
audio_36.wav,3.0,3.280023484134949,3.290198412698413,3.331366177032843,3.201432235769752,3.2916616425059977,3.3644104787160227,3.3458888888888887,3.2541197752864424,3.48741498859178,3.4887784109524094,2.824714263280233,3.069539682539682,3.096954553162886,2.985348318957332,3.005868563376886,2.9217816005501747,3.0985793650793645,3.1278676570343245,2.966473682360584,2.9886816564045415,2.8837842557376288,3.1717698412698407,3.0878014470097797,3.0950883306234744,3.0829071048990113,2.6112507979075112,3.0293968253968266,3.143959888876555,3.2048675593746965,3.2884449982569226,3.729002413770463,3.3481746031746034,3.185777575819243,3.344845519533266,3.303757775846359,3.0449794577032443,3.0669523809523813,3.097468542260208,3.011973221161105,2.975383078757275
audio_268.wav,5.0,3.677640123315939,3.5747301587301585,3.5814536636203305,3.70091799258956,3.8219410055509297,4.273402323038277,3.6798571428571414,3.778793029501364,4.12743568189559,4.24632412470288,4.120288848876953,3.2337777777777768,3.1294971741221738,3.12058624942293,3.2579434182502056,4.060729005343444,3.3057777777777777,3.1482755130671802,3.3290527645626167,3.2242105943623574,4.30572946524634,3.323920634920635,3.253485687152354,3.6816377373257008,3.470146032378113,4.23214864730835,3.613222222222221,3.5122359291942638,3.665808875061009,3.8500379263876234,4.108547072736851,3.5531666666666664,3.6992555315055315,4.295197390326255,4.166299006337792,4.234298696633284,3.2854285714285716,3.158926106301106,3.5264941342819482,3.4467158393962976
audio_68.wav,2.0,2.84528075470771,2.7665079365079364,2.6221595148678483,2.7516552749358603,2.8255202425477086,1.8402126517409723,2.4394285714285715,2.3761482360232358,2.400254401324173,2.315732168730935,1.2550323406855266,2.856436507936507,2.8253285649535655,2.529121202130872,2.502249678806267,1.443576232871503,2.774825396825397,2.828688632355299,2.4599832865060787,2.5056101346112323,1.330665767314225,2.580595238095238,2.576575897867565,2.3335416908125914,2.261900353788336,1.4665390253067017,2.6748015873015887,2.64908072945573,2.734549174174031,2.6098772099927494,1.5386504179759637,2.4263095238095236,2.401372397664064,2.229159083225655,2.170142638032226,1.1457824248218162,2.5529206349206355,2.5709533028699694,2.219821200680029,2.2742845896029906
audio_729.wav,3.0,2.668512224386452,3.4970476190476187,3.4034444629444622,3.390130989815981,3.4420100950690027,2.519427981935444,3.3186984126984136,3.409960567210567,3.282641884910349,3.2883128739012357,2.7693421840667725,3.2023650793650784,3.1895216588966586,3.0656719104265107,3.0396746101075007,2.6902466704451786,3.20193650793651,3.212145407062074,3.1516526554008792,3.1148453914143914,2.5049550418699726,3.1783492063492047,3.1993067549734207,3.265395294314866,3.0994959546847003,4.92473824818929,3.5873095238095236,3.5358540132706806,3.801967807502637,3.991330558735551,4.013542782463431,3.3841587301587297,3.3570232313982302,3.5937043126373855,3.46279278886267,3.321504278424443,3.201753968253968,3.2050293317793312,3.1753047353333756,3.217740167452528
audio_247.wav,4.5,2.7623812560727914,3.1160238095238095,3.008176280509613,3.184875141473985,3.1431634116287,3.2251940552244514,3.5661507936507935,3.6719885161135157,3.7893635366947063,3.838954972634374,3.77408496538798,3.294111111111111,3.1870667912334576,3.3793454514318237,3.3905255386235376,3.521399495231208,3.25,3.1346785914702586,3.2574894201081492,3.1904442421729513,3.561130167243766,3.4665476190476188,3.4101836728086727,3.6971650217483454,3.6947717371990376,4.111174424489339,3.7070476190476183,3.716019560686228,3.9609146670518243,3.816945712361384,3.3724093942855107,3.6442063492063483,3.7520168350168355,4.134324679495737,3.9949080155587198,3.5910510084425424,3.464198412698414,3.512305194805195,3.8022873406140487,3.7814428452580393
audio_224.wav,5.0,3.8777310218233,3.6944047619047633,3.612220213428548,3.948191483758008,3.8334770851663045,3.6496394468814017,2.977746031746032,2.8134967285800623,2.956852234517312,2.878496756323806,4.394966761271159,4.250023809523811,4.244459796376464,4.449128942948409,4.368453796751955,4.329699916822517,4.199626984126984,4.218769761103095,4.276797014594652,4.2468327809972815,4.129337429845517,3.802515873015874,3.653123760498761,3.5731294514951784,3.6876548179334434,4.20873228708903,3.952269841269841,3.87780291005291,4.088624127768797,3.928266938894153,4.066579902176541,3.537587301587301,3.407643997977331,3.6252794314407866,3.633761525727156,4.219007641557791,3.8943253968253977,3.7006977991144665,3.825836106683337,3.8993960900605846
audio_425.wav,3.0,2.5415795173755726,2.9666269841269846,2.952525158846237,2.6015639976544334,2.721491381997003,1.7001462599377692,2.8518809523809536,2.8036573472823476,2.5936723755149984,2.45664202902236,2.707082827885946,2.8390555555555568,2.8555697995722498,2.7751875263834633,2.781312198891254,2.3012876997729106,2.8547301587301583,2.9009569381236044,2.7375187805079872,2.7166297414259044,2.417459684766633,2.816222222222223,2.796753120336453,2.6104176178077108,2.5881504118237975,2.1076911290486655,3.1306825396825406,3.1621071012321007,3.019065478617263,2.850850101736814,1.923133717636353,2.992119047619047,3.035258237133238,3.0299196605716947,2.838633713165734,2.424967079515113,2.83586507936508,2.8415919211960876,2.682655609335736,2.7378579412103936
audio_392.wav,5.0,4.347819839271739,4.489563492063492,4.307695526695527,4.415266753486293,4.407595905577449,4.761305541919985,4.434087301587302,4.468540383998718,4.6994128648922535,4.7275848048072335,4.802963733673096,4.029896825396825,3.9385377384960716,4.202345262454354,4.0371585811981205,4.986165826791356,4.1966031746031724,4.013763267596602,4.397478951317324,4.310221692011943,4.981825960366609,4.275555555555555,4.32817967372134,4.527995720552614,4.510075875268714,4.385281244913737,3.5182619047619053,3.5667964766714775,4.040317707496674,3.9217653963943895,4.543120337999395,4.355269841269842,4.399105840147506,4.4189480178950165,4.629037597530636,4.912979124461457,4.278896825396825,4.292821877196877,4.507601909558397,4.425213700004765
audio_615.wav,4.0,3.1694886236297055,3.3875634920634923,3.323324726199726,3.362265557661905,3.3181866039303376,3.3988621443044287,3.1880317460317458,2.999889516347849,3.2350259266528205,3.2776813665099063,3.7732163270314536,3.3182301587301577,3.340994458473624,3.3859303719023255,3.365925384266807,3.670197242287475,3.2752222222222236,3.321413262663263,3.352798028873993,3.44772330581719,3.672783419571489,3.2451269841269847,3.208363492988493,3.402979905026209,3.3756024472240767,3.1419259707132974,3.493611111111111,3.3548833990084,3.3571331084198857,3.114679344733158,3.4447379281362096,3.074007936507936,2.9065145934312597,2.9269083453627256,2.959814454989884,3.945257900470846,3.1854603174603184,3.1092873176206517,3.2310032696077884,3.252052792403072
audio_245.wav,3.5,4.174318520839968,3.8283174603174612,4.0418537881871215,4.046984099876937,3.8885196512343505,3.9368309649894093,3.8024841269841274,3.6020244308160962,3.9852924242724383,4.046299640755267,3.9818619092305503,3.699904761904761,3.6435328144078145,3.782018191799543,3.671166527876762,3.676601065568743,3.7972301587301587,3.6895176366843034,3.640591784950383,3.7547958828100696,3.5955532691776813,3.7151825396825395,3.5525852172518833,3.6575510317906503,3.7897651729072446,3.4101293087005615,3.504833333333334,3.3848352372935704,3.665489709987547,3.7799753684299815,3.037563394069783,3.7892936507936508,3.603246612954947,3.9256371820119207,3.9408039722288,2.918252944051494,3.7222142857142857,3.5898316297899626,3.6836511699498153,3.744125210809345
audio_271.wav,3.5,3.8523144218641625,3.4368888888888875,3.408521006771007,3.485027060127661,3.541124108499504,3.873462036612366,3.245865079365078,3.110594891219892,3.23816518257188,3.2975002782297853,3.1358835697174072,3.3165634920634925,3.330828222703223,3.2590269545054618,3.092286414291692,3.9498254818291016,3.3382857142857136,3.2206048781465455,3.247189589067832,3.1640327785584113,3.949742878344272,3.2767698412698394,3.291482383357384,3.3194999636179667,3.2879109108656888,3.6511693000793457,3.2471507936507944,3.2629051026134355,3.3833357012987157,3.209709825979683,4.002330174381759,2.9722857142857144,2.882907748116081,2.89809930676113,2.9064507638409247,3.435526730573662,3.1708174603174597,3.1609436104019437,3.1572310953533513,3.1303361495276447
audio_321.wav,2.0,4.125249444023827,3.6123333333333334,3.6952468118301454,3.6303045856921656,3.622156784964654,4.1853936083342695,4.05668253968254,4.105288940997274,4.27379979110248,4.259439448991262,3.730026642481486,3.643158730158731,3.576683774558774,3.565402413102848,3.635887574223867,3.5264671111322343,3.681587301587301,3.642986303819636,3.8157283807834275,3.8857280974545922,3.6396874287717282,4.015126984126986,4.0541433443100106,4.218249324625098,4.126802605983142,3.536486784617106,3.418698412698413,3.4007817891984558,3.274966425249423,3.133827776113666,3.7594979640114947,3.923960317460317,3.9442082439165786,4.248053559785361,4.079068674502124,3.0146211417853004,3.972761904761905,4.074843540718541,4.311648792707019,4.184641923510116
audio_5043.wav,0.0,0.16335866204014562,0.0,0.0015873015873015875,0.0,0.0,0.0,0.0009523809523809524,0.0044444444444444444,0.0008533688191555408,0.0,0.46055420239766437,0.012388888888888889,0.054821428571428577,0.007161318988340413,0.0,0.27607644999503017,0.01142063492063492,0.047469576719576724,0.006961461038110162,0.0,0.0,0.01792063492063492,0.04134391534391534,0.0,0.0,0.06632828712463379,2.2730317460317457,2.2744047788631123,1.532571648014784,1.4198547499865966,0.0,0.0026984126984126986,0.026166666666666658,0.0,0.0,0.0,0.007301587301587302,0.047662698412698414,0.002123578084315397,0.0
audio_187.wav,5.0,3.83128527398409,4.15865873015873,4.096129005254004,4.286328282438214,4.175151242805599,4.389976652148269,4.558912698412698,4.5869270482603826,4.714864250689826,4.7954601268788055,4.950521469116211,4.713507936507935,4.680618494160162,4.908399888459506,4.797449729368993,4.790845235426585,4.72368253968254,4.710358312983313,4.864352418386942,4.831805339012613,4.909172089823515,4.731825396825396,4.7378361992945335,4.867983452192145,4.845595578510271,4.855703671773274,3.366920634920634,3.308932639890974,3.7913684232803218,3.4902149650854306,4.944599366187332,4.441515873015873,4.532247033830367,4.63340913632454,4.671127150749249,4.9683589356135025,4.742468253968254,4.728976097976098,4.879909495239351,4.817687817314599
audio_221.wav,4.0,3.6876286318427263,3.817142857142858,3.7906680372097035,3.4354450733263064,3.5277683700658087,4.225218280738369,4.463325396825396,4.5206564700731375,3.984919558822293,4.2213481366137815,4.235529740651448,4.249261904761904,4.237421822005156,4.42534267411301,4.440056831320989,4.103741264818819,4.221222222222222,4.235301408468074,4.255795236685702,4.294933854478571,4.119941489932965,4.334714285714285,4.466957271123938,4.434322050756289,4.355956546802338,5.0,3.6220238095238098,3.5949978663311994,3.8556585291880054,3.8395751033969265,4.98041269063986,4.483015873015872,4.5384818422318425,4.296605666490924,4.454048052419512,4.321942214425483,4.351642857142855,4.4803109668109675,4.44221015681211,4.4448469472470205
audio_219.wav,5.0,4.744049542744065,4.3592063492063495,4.36582653920154,4.736484646018726,4.741490872156271,4.954509601306875,4.49034126984127,4.5011607004107,4.75521396451983,4.727037356613429,5.0,4.21565873015873,4.037258069091401,4.233458154743921,4.356272162549413,5.0,4.217238095238095,4.092256923631923,4.353322769569125,4.420547610726561,5.0,4.3591904761904745,4.3138521941021954,4.604929974618183,4.5735904366179385,5.0,3.59970634920635,3.5282123231706564,4.001792728173851,3.898368304171212,5.0,4.435730158730158,4.415972502805836,4.672565942099476,4.59861327156147,5.0,4.332984126984127,4.197541927208593,4.628850516573599,4.497360639785151
audio_601.wav,2.0,2.953568299912829,2.6035,2.622812449895784,2.6749132222979415,2.6339865799152204,3.072825487103105,2.631063492063491,2.779862963425464,2.736703164169285,2.7431399868170163,2.7609732151031494,2.7452777777777775,2.8208879854713196,2.745571986345863,2.884003374596405,2.654597451120668,2.660079365079364,2.7722544893378225,2.7470672764269675,2.8122601396984837,2.5904001159671703,2.669865079365079,2.7718149828566503,2.6752870034732883,2.7891078920832086,2.3628197511037192,2.941007936507937,2.9229226915060242,2.915228103648635,2.7532404995582986,3.1637967571881185,2.7868174603174602,2.859387600054267,2.7996026451494487,2.7249056641495533,2.501310748196461,2.6665793650793645,2.763136212552879,2.7151239100896896,2.765140514602957
audio_100.wav,2.5,3.881689772246199,3.3258650793650797,3.4373397790481115,3.3126634661775305,3.274764723921821,2.8110301985333273,2.8446587301587307,2.9195262885262885,2.762217031304303,2.633942023722181,2.096118768056234,3.081460317460318,3.111158730158729,2.7893266767925318,2.788348325895629,2.5319330315653845,3.1280158730158747,3.189644520602855,3.063190600564424,2.969709798712806,2.286416516818457,3.01884126984127,3.078537958954625,2.796018893389149,2.8112889847651434,3.2081398963928223,2.846015873015873,2.8670047514214185,3.0962941458754205,2.9286614866033838,2.947719406175418,2.860698412698412,2.8557600008016664,2.7427977750528854,2.7143470950284647,2.7429511663240684,2.9244841269841264,3.0279434007350674,2.854112347065872,2.820786717040148
audio_227.wav,4.5,4.586402482627612,4.278047619047618,4.216259239217571,4.467528509879026,4.356399012819125,4.920720524416111,4.345944444444445,4.0026911483578145,3.9337853588226017,4.00895448187334,3.978313366572062,3.955095238095238,4.0916470258136926,4.2153650544339,4.131414406848115,4.111649172738166,4.078031746031745,4.123312950937951,4.13775697772029,4.0512848386577245,4.177020506447783,4.066444444444445,4.027023388648389,3.996665462847984,4.05659454869398,4.880223274230957,3.9708015873015854,3.9822225629308967,4.36055180141818,4.402746032408371,4.9433955114380375,4.312515873015873,3.9752875874125873,4.093080968003897,4.154546510974678,4.742684239816697,4.111880952380953,4.075971701138369,4.194417040964855,4.12605174553664
audio_411.wav,2.0,3.060742873536547,2.6851031746031744,2.7229418698585364,2.8318689627863294,2.798846552892875,2.860185234481582,2.612285714285715,2.5439964526214527,2.6148725585680825,2.632006272891063,2.374109665552775,2.900992063492064,2.893109249546749,2.779711213600437,2.7738393073421963,2.526445609781937,2.8758174603174607,2.8598599687349684,2.9314617359304798,2.936211316206917,2.4501801054641703,2.7920079365079373,2.730862674362674,2.6988493877622783,2.6766669880803082,3.3471827507019043,3.0992857142857155,3.10290658723992,3.0297410853084252,3.2473890333947057,2.22182091973533,2.7270396825396817,2.703974005932339,2.664210133395357,2.67561043057997,2.4733195531387384,2.7760158730158735,2.745472362514029,2.7137428379062123,2.777651201927885
audio_28.wav,3.0,3.8839071624948045,3.625579365079364,3.6291366303449633,3.533178589704377,3.6092753562151656,3.1966967598774203,3.242015873015873,3.449615901074234,3.1693153637820664,3.161081948063137,3.2141501903533936,3.220007936507937,3.2034760578927237,2.9609507233690526,3.06315772422442,3.7057798024782636,3.345031746031746,3.3754471701138375,3.400733303600339,3.331574982432962,3.6393981822103654,3.23665873015873,3.310938953022287,3.3309635816288137,3.2425606024142137,2.00480063756307,2.844666666666667,2.9160645604395596,2.557445369958321,2.5862304039341337,3.4107772202212985,3.2185158730158734,3.4108860969277637,3.181188323608982,3.1686164158259498,2.9847187828637005,3.2239126984126987,3.326811279769613,3.283381362956234,3.1639058701008356
audio_653.wav,2.5,2.719748127136274,2.8352222222222223,2.832443430026764,2.8810290432347685,2.7493805931506308,2.67271376629016,2.7433412698412702,2.7677210181793526,2.7175161940549697,2.6371097135546635,3.0918449560801187,3.235055555555555,3.260431297097964,3.3726102948590895,3.3742950174402355,3.1299085187273668,3.1798015873015864,3.2292334255250927,3.370727016006841,3.339571348950298,2.9360020602213637,3.1198730158730155,3.111565807649141,3.2172606023281336,3.148592704191993,2.569471836090088,3.029674603174603,2.9095920684254017,2.806538688708971,2.9674173381895823,2.9593105189090885,2.864833333333332,2.9339835241918575,2.9370722574756116,2.7589436168366306,3.3492534178027817,3.067880952380952,3.085419987419987,3.1948364116930263,3.0546321601492763
audio_29.wav,3.0,3.0885409965700545,3.073587301587302,3.1035701829035163,2.9638694697802825,2.907426397370616,3.3787107636719735,3.433174603174604,3.5210553736387076,3.302964779589285,3.2575981108908802,3.7996747493743896,3.464174603174605,3.6313106060606066,3.4083678787903775,3.392241483648043,3.602829495671479,3.3683174603174617,3.5432909251242592,3.432030935480826,3.2366436926082476,3.4072607995942827,3.7305952380952383,4.056178002553001,3.6451120342569574,3.6560306917119902,4.125026702880859,3.735119047619046,3.682225135975136,3.94753178865721,3.9649039102246313,3.214039402526852,3.5434761904761913,3.7146952029452027,3.480216889861841,3.392223281757717,2.782727834527807,3.7196190476190467,4.060168738668738,3.69148956008425,3.6612718951157497
audio_470.wav,2.5,3.7384210178474704,3.4138174603174605,3.527627707169375,3.420238489323737,3.483046101749379,2.674444748347169,2.86802380952381,2.8640945150528485,2.914365473201917,2.783228423006013,2.7573915322621665,2.865595238095238,2.834775141525141,2.6468003479398683,2.793917384947416,2.9486151639491176,2.9480317460317473,2.8897043234543234,2.7397697937269143,2.819656865759159,2.9331019264575455,2.732650793650793,2.7456443402276727,2.6818227140746305,2.639608182698146,3.1120002269744873,3.3480000000000003,3.393368045534712,3.3103890431626852,3.455133762216752,3.240037233390742,2.922507936507936,3.0098322510822513,2.878513132843093,2.929774577039428,3.272812323977012,2.8022936507936507,2.819007696007697,2.6782407079541954,2.7442519760777593
audio_356.wav,3.5,2.9730187644424912,3.2121904761904765,3.176673244964912,3.0625954642685045,3.141300662774483,3.4450362904647087,3.302238095238095,3.2563447663447658,3.186691356376184,3.206248196630471,3.6849618752797446,3.6631507936507934,3.5383349382099385,3.7790565461162458,3.700804604897178,3.594943427780373,3.612492063492064,3.5500758978675653,3.5543774033794535,3.6387176714509075,3.631040815157879,3.6722301587301587,3.69579680967181,3.74883201108444,3.769887241146026,1.9719332456588745,3.1934682539682537,3.243737834696168,3.1498413472932634,3.2237128229734906,2.851726216420074,3.3055158730158727,3.2188745791245794,3.2636265019159847,3.273344553549892,3.3494115917811667,3.68931746031746,3.665229838063171,3.782831517249399,3.6889298977115565
audio_365.wav,2.0,3.431171954133101,3.206396825396824,3.184581477164811,3.4308687127309168,3.3022140581732877,2.081700384876472,2.6355158730158728,2.6402700031450035,2.5079874491792764,2.417534443740067,2.061532219250997,3.030992063492063,2.6332666145582806,2.5502806311004935,2.510847154457244,1.9250335817975213,3.048666666666666,2.653099183224182,2.5349190404739086,2.510164292448202,1.7181269093471994,2.8990476190476184,2.5653060966810957,2.4813660544157323,2.449546573912318,2.1355085372924805,3.0974444444444447,2.9409760763927424,2.765132268922466,2.7448875182399792,1.5987712798130207,2.8510793650793644,2.8361206509539847,2.8177567590100843,2.7693284772223734,1.3504273846619128,2.9351984126984134,2.5984239903614896,2.45102118055831,2.495850021361719
audio_58.wav,2.5,3.751080785946367,3.158587301587303,3.1100141910558574,3.0802042662365117,3.0736160876381677,3.996584532920405,3.4587460317460326,3.3798481641814972,3.5112522259083376,3.4439711582776624,2.786712408065796,3.307214285714286,3.2922700982750004,3.0684527322800785,2.9455111420126365,3.159342182796855,3.1328095238095237,3.176687069103736,2.9608333805039027,2.962948357291164,3.18893363000929,3.2090158730158733,3.192422799422799,3.0375572300593787,2.998649288957768,3.4964272181193032,3.317182539682538,3.44659261263428,3.3682873527916137,3.4700357195844496,3.624906732288523,3.419857142857142,3.387638942847276,3.5418252853699883,3.5046704804464324,3.3532894554702573,3.2376349206349198,3.2105757668257673,3.0609733012839766,3.1291012131482
audio_708.wav,3.0,4.184162730548292,3.823761904761904,3.80535361706195,3.7011588560239495,3.724756612306784,4.0239526925335705,3.524039682539682,3.405693409985076,3.464696552169014,3.4315903397850835,3.8902382055918374,3.696253968253968,3.6606127745711086,3.5422306835545316,3.527064325281972,4.008501548785443,3.7230079365079383,3.707211540003206,3.5134266467531248,3.562131784375529,4.07774087799263,3.630150793650792,3.5861074835658173,3.791166757187933,3.674232700021225,3.4117443561553955,3.27279365079365,3.288336328794662,3.1421391994924197,3.1519585280129134,3.6208222074882586,3.402412698412698,3.1939912417829084,3.440287933080285,3.3584786061660132,3.775393023113647,3.5961031746031735,3.54753033848867,3.6704172685316956,3.658870749774286
audio_319.wav,4.5,4.972869495496246,4.646079365079365,4.629699743158075,4.959703135609052,4.9937601566018,5.0,4.822365079365079,4.902640873015873,5.0,5.0,4.852555910746257,4.544650793650793,4.332045394420395,4.676194615183536,4.75641820476253,4.955512730825149,4.614746031746031,4.450827140452141,4.838834683987159,4.923271222406091,4.964217829656643,4.748746031746031,4.765837522045854,4.98196161330409,4.9918013041838085,4.207568724950154,3.626698412698414,3.548955212996878,3.8559394739782547,3.6670950227169214,4.954459101767548,4.646642857142857,4.561976491101491,4.768184344816782,4.7885896642037045,4.642692947976802,4.710730158730159,4.733795977170978,4.934309143703474,4.945251904594156
audio_5067.wav,0.0,0.15120725212415578,0.053158730158730155,0.023194444444444445,0.016639057956494653,0.02372924324964758,0.5112731419357733,0.0365,0.01905026455026455,0.019207449114492743,0.023097852787582283,0.0,0.024634920634920635,0.09284964726631391,0.007983873564583672,0.0019054071488092577,0.0,0.003492063492063492,0.09789440035273368,0.00028091726331760936,0.009847209726275273,0.0,0.0034920634920634925,0.08241865079365078,0.005069062487641401,0.0,2.730171283086141,2.9635317460317467,2.8445709367792698,2.599229359599802,2.8001307676762868,0.6402113515999761,0.032420634920634926,0.016425925925925927,0.07418342485798901,0.0617331171053808,0.0,0.011047619047619047,0.09215079365079365,0.022294897128163044,0.006203101746681174
audio_135.wav,4.0,3.2999523533132873,3.0261507936507948,3.0682698412698417,3.2115771963199298,3.222350794067301,3.9331465725716463,3.6209841269841285,3.677095137886805,3.8652073197252768,3.79547280321597,3.2353274822235107,3.405658730158729,3.3712398095731433,3.1917337411432136,3.2190895356976448,3.4430789246591473,3.290777777777779,3.2754981160814496,3.2647947131331847,3.3224805544075724,3.5377190957936446,3.460285714285714,3.3252903439153436,3.4774785902596896,3.505163686428998,4.937252680460612,2.7900238095238095,2.6846532788199453,2.258774162895445,2.3868667674328,4.8187274321558915,3.4750238095238095,3.534372508664175,3.5873973646546666,3.554936207590911,4.068941062286118,3.528976190476191,3.2971694524611195,3.5332403144162097,3.5758224764828506
audio_612.wav,4.0,3.556934764084359,3.7858650793650797,3.7459371122704455,3.7290126648736073,3.9023458158934314,4.355926973000204,3.96602380952381,3.925526470443137,4.171770701573656,4.325154817601896,4.01830252011617,3.8699126984126977,3.7578855218855227,4.028924873961861,3.9835477091578517,4.043579336800096,3.889873015873017,3.768321221987888,4.182998017293612,4.130405097944511,4.268067591536148,3.802746031746031,3.6596955667789,4.185600104854454,4.139708732148638,4.640506744384766,3.575539682539682,3.569659676743011,3.9621069078466618,3.8256701090728957,3.845633686801733,3.676095238095238,3.5889937608687603,3.7946059440097675,3.805820150516954,4.066896277392552,3.716833333333333,3.560781485489818,4.004290894380404,3.9708035777611137
audio_373.wav,5.0,5.0,4.531658730158729,4.524713390005055,4.698107834167987,4.826072674268853,5.0,4.585214285714284,4.427562730479398,4.8265548350538054,4.763092556991107,5.0,4.5239047619047605,4.499161540619873,4.864610400128584,4.846995777234031,5.0,4.600976190476191,4.550021071521072,4.9773806378038445,4.9165866385212516,5.0,4.65102380952381,4.54108589866923,4.8142410211951585,4.85185761332157,3.189180612564087,3.388349206349206,3.385182524265859,2.9660375505819285,3.1703402579678173,4.74712074710391,4.405261904761905,4.287690750607418,4.45211560510625,4.337070417381855,4.919671127795829,4.61434126984127,4.554764533306199,4.728239428598832,4.685245507846198
audio_680.wav,5.0,3.573409259391956,3.63870634920635,3.4714921729505073,3.901021979734287,3.996109547080182,4.245249683321191,3.8979523809523826,3.910511604136604,4.24617243368943,4.316291321059206,4.732163270314534,4.296944444444445,4.327840548340548,4.500977623686407,4.55473742220061,4.820624121584395,4.29854761904762,4.296256183631182,4.419725114874605,4.554262846958334,4.988530764494878,4.334214285714286,4.347326759660092,4.811074876498551,4.668681173518601,4.141069253285726,3.568198412698413,3.529810697019029,3.707705761464503,3.66205548301282,4.572912908379303,3.7832698412698407,3.928756027922694,3.9993389436550513,4.178955615786101,4.916020157440706,4.248833333333333,4.273704170829171,4.706109541388067,4.627207367451819
audio_63.wav,4.0,3.265302500065507,3.5700634920634933,3.453378557399391,3.436034889150415,3.4249143766353107,3.3806165234295964,3.751063492063492,3.857707927874595,3.5674085788812824,3.672367240203544,4.219770749409993,4.0566111111111125,4.115967840801173,4.320751289887303,4.194947679532,3.7006624602383185,3.802587301587303,3.9448511704345037,3.931463568096039,3.968775341815958,3.9444821543547337,3.879214285714287,4.02787427849928,4.060378560370665,4.196720011529938,3.3963034947713218,2.6747857142857137,2.808078569578569,2.615836765842801,2.627951397352796,3.2051867655091275,3.5996666666666672,3.696345939554274,3.4852546027461706,3.6088505487449054,3.7322233937952585,3.8372301587301583,3.991070298528632,3.9723206826806945,4.0695092101462045
audio_700.wav,2.5,2.750322599063898,3.113007936507937,3.1660170338920355,2.8765605656214768,2.9625266125352874,2.581707360828523,2.994666666666666,2.9535661206077877,2.8087817390515624,2.7620180125691185,2.670214573542277,3.0076904761904757,3.0111177449094124,3.0203477241276695,3.102133195187888,2.5759264901883197,2.918301587301587,2.9751998634081964,3.015991072051245,2.9120937901590236,2.494972612120464,2.9459761904761907,2.925073651656985,2.965409289495664,2.8937720764115156,2.439348061879476,3.3761746031746043,3.3755161828911837,3.3458500314543804,3.3322720323742385,2.617526704337106,3.087555555555555,3.100347542889209,3.0049064423944487,3.038001293122693,2.818554072155633,3.0240317460317456,3.058486952861953,3.1392574148839762,3.0430143539913743
audio_429.wav,4.0,4.298516573235552,3.5208333333333326,3.632752946127946,3.8917526303841523,3.847843135624757,3.991159489881683,3.252833333333333,3.2518726952060284,3.266537725719337,3.4216005666421765,3.9137794176737466,3.390738095238095,3.4099371292287963,3.416124250384945,3.465931416288021,4.082755089901929,3.37254761904762,3.439696368446368,3.4097825655104366,3.5463696415135737,4.032630429347424,3.3992142857142853,3.603825416867082,3.3083155879261086,3.3406650469518007,3.709826389948527,3.2582777777777765,3.3330109951776614,3.4057961469930818,3.505560137350295,4.188959180574226,3.287436507936507,3.3001578082411416,3.463881285709219,3.3888463713240995,4.183184590474867,3.3246587301587294,3.5572269721019723,3.2578360580170624,3.4161936808863587
audio_745.wav,5.0,4.360380145657376,4.455063492063492,4.314205857414191,4.39666718274423,4.481840197386856,4.201956050324514,4.241007936507937,4.047024524857858,4.22477657182425,4.302329425917833,5.0,4.567896825396825,4.43497003767837,4.747412016454862,4.792148988137299,5.0,4.593412698412698,4.450374313957648,4.729275109471728,4.800014771243106,5.0,4.440968253968253,4.327707144707145,4.588627279717743,4.648099035388282,4.99046007792155,3.737023809523809,3.6281799465966125,3.7057872442648585,3.8097117027003393,4.310623956226382,4.2350079365079365,4.02694320802654,4.139129910746184,4.350942709126102,4.879611786598756,4.432214285714287,4.30679328079328,4.614069320338795,4.6306060108217695
audio_731.wav,2.0,3.059792440951634,3.1369285714285726,3.1760316257816257,2.7679805595142746,2.8245213952702852,3.298176898981458,3.169246031746033,3.1928648589065247,3.035411060913136,3.0325720575414543,2.8019442558288574,3.106563492063492,3.229245626287293,3.0332566615414973,3.0631706871881725,2.8136445722299857,3.119166666666667,3.161218351093351,3.145564498019759,3.153207464376511,3.0172256583898758,3.1908968253968255,3.223918630751965,3.0759955556619274,3.16245416637387,4.248538414637248,3.014650793650794,3.085833376500043,2.756365894167439,2.8258552031356117,3.149503162753082,3.207690476190477,3.1084197962531306,2.971122179835561,2.9984205847376266,2.456017809324162,3.1377936507936517,3.18988752587282,3.0855611838354235,3.0866857327283816
audio_461.wav,5.0,3.727311265569842,3.4248492063492075,3.501406784573451,3.594932723651619,3.3356730346601218,4.090562955417821,4.085952380952381,4.204310118893452,4.08539252915648,4.09647278511456,3.4778963724772134,3.1493650793650794,3.1823642499475837,2.9120695006332653,2.993162922384658,3.808105564271558,3.216992063492064,3.195422011630346,3.1183010413491083,3.04374595376,3.637020585417602,3.3887142857142862,3.4276832010582017,3.3701423240292363,3.464429575758881,4.798524220784505,3.946492063492063,3.9163050699300697,4.277985644630511,4.3060562281429435,4.552416661642641,4.118119047619049,4.277676436218102,4.259270112896293,4.268145441568225,3.773108453608772,3.5000238095238103,3.4835061497144832,3.3479690890969214,3.3988697954942864
audio_79.wav,2.0,2.7254427331091424,3.125857142857143,3.150337266128932,2.439864198719402,2.8454454309972905,2.311831947090161,2.528865079365079,2.439782247073914,1.865129649325101,2.0986830223997726,2.512939691543579,2.8778888888888896,2.8620484006734004,2.7063464133384723,2.7117083830760937,2.3685323467007158,2.809880952380951,2.729434741184741,2.507037670289369,2.544589129778253,2.139943903423516,2.6181428571428573,2.6049277332144976,2.4552132577933246,2.398304096609083,0.2888658841451009,2.8032936507936506,2.732476850310183,2.4611154304583764,2.465069753202538,1.0271820906719078,2.6070952380952384,2.508165905082571,1.8503564399571717,2.1466027429141334,1.1855001021890286,2.679968253968253,2.6623626142376144,2.433548502101441,2.400111005370089
audio_5038.wav,0.0,0.0,0.018015873015873016,0.09799669312169312,0.017215252586896875,0.05411396458016093,0.0,0.01904761904761905,0.08150705467372134,0.058882257350161095,0.06740933709415257,0.29320796330769855,0.007301587301587302,0.09493121693121694,0.0165528066710725,0.010368116630607466,0.180441058223242,0.013333333333333336,0.14391666666666664,0.007373394912403984,0.010441266172583017,0.14299552973640184,0.008888888888888889,0.09644973544973545,0.005290603372625844,0.005343959017363754,3.5688817501068115,2.6852936507936502,2.8137583974667315,2.5248341531866085,2.5221059042498997,0.5605564491021156,0.013174603174603174,0.06487037037037037,0.07033637269565597,0.026773147647314064,0.4787819683107822,0.016190476190476193,0.09423148148148147,0.018250477268001684,0.011064300682644765
audio_760.wav,4.0,4.185499885961732,4.106896825396827,4.047650491483825,4.2183312834276725,4.16659194877752,4.4168287023158355,4.3210476190476195,4.423668791085457,4.572423708178111,4.581130494175787,4.114658673604329,3.924825396825397,3.935911375661376,3.995649390320017,4.102114071406722,3.963999496801696,4.167373015873017,4.0742562545479215,4.1214429651223226,4.178870093396128,3.9668113079431735,4.17690476190476,4.236752204585539,4.318105353491428,4.2367565062765555,4.222812334696452,3.7763095238095232,3.8353727244977254,4.106955134623429,4.2437333850054015,4.85617285431591,4.383253968253968,4.440119622661289,4.593253984551911,4.699234622589544,4.027880639479458,4.168912698412697,4.216503727753728,4.371467694042643,4.261684848160974
audio_72.wav,2.0,3.1391333652224787,2.8226428571428563,2.839906118572785,2.7246243926085287,2.681208883626127,3.0466653972062474,2.6409126984126985,2.6932504332087674,2.5197049452011755,2.3436239877802776,2.675069014231364,3.262777777777778,3.3735022153772163,3.1114743209935676,3.0887474534073447,2.232134043886679,3.078063492063492,3.1843470865554195,3.041928575640496,2.8500717164926592,2.3349714439083518,2.827166666666667,2.8473541103957767,2.583018401089317,2.528633261723837,1.3065884908040364,2.5934206349206357,2.7656300767134105,2.373105971750439,2.1664496238069186,2.4399050094131893,2.6243015873015874,2.6216206309122976,2.4857353358012175,2.3916736083379018,1.8853705202004416,2.7985317460317454,2.8349924057424065,2.4411970286927933,2.4912327641852388
audio_696.wav,5.0,3.944767774510447,4.09075396825397,4.000308181016515,4.079295842361933,4.237922223638926,4.354122974332925,4.67563492063492,4.755118267534935,4.799306054977676,4.77032555398474,4.822317441304524,4.885476190476191,4.85654365079365,4.945793615869603,4.999584548298841,4.814644661226067,4.859047619047618,4.86094702982203,4.94986037720885,5.0,4.875138171124912,4.92497619047619,4.929508411341745,4.995756683311736,4.980801107654597,3.645244916280111,3.936182539682538,3.894088464005131,3.863643117635796,3.9549931831070517,4.1305793325924975,4.632388888888889,4.72928952220619,4.763688767060298,4.780128725214871,4.563414471712,4.904571428571427,4.917106922398589,4.977363767975703,4.974568104659482
audio_744.wav,4.0,3.772507410929079,3.834571428571428,3.865134339426008,4.018633270653385,4.134389113888042,3.662230461289859,3.54515873015873,3.3552398111148105,3.9464832311116607,3.9398549142272756,4.485293865203857,4.027174603174603,3.9574453262786604,4.102357558576945,4.230736478793997,4.25622869211785,3.9241190476190475,3.874628647586981,3.8442188078261665,4.015393671925206,4.086527429854594,3.8382380952380957,3.7930802669552683,4.081624520346465,3.9969242672095895,3.3986682891845703,3.4308333333333336,3.3563741582491584,3.059637940109036,3.1542818080401105,3.6119972770441535,3.324095238095238,3.182437042895375,3.457798910555423,3.4925663050904348,3.9302216273800057,3.7646746031746026,3.6381506364006366,3.853202695128306,3.7329095221792303
audio_662.wav,5.0,4.422609439136369,4.07784126984127,4.102540925124258,4.295521318309311,4.406457956941741,4.824969263424113,4.1369523809523825,4.171576919993586,4.450380759678383,4.482761335006521,4.763721148173015,4.37418253968254,4.344896876271878,4.329866642194587,4.283889100794489,5.0,4.465873015873015,4.409786596119929,4.54132512903309,4.5352623390871045,5.0,4.456190476190477,4.444847582972582,4.567363701886385,4.575032615480268,3.9503210385640464,3.9723968253968245,4.096228697228697,3.9757225951076207,4.0346517954347965,4.7445407852974615,4.1959206349206335,4.224033115033115,4.597031653779241,4.672314460235263,4.976042775487463,4.457706349206349,4.4461682700016025,4.614219945386197,4.635675026737625
audio_570.wav,3.0,2.8786540842526462,2.9281190476190475,2.921845622741456,2.9245756888057266,2.886306659153917,3.523234461861156,2.865182539682539,2.67669474044474,2.7829388080514392,2.731413310598711,2.2480105559031167,2.4772301587301584,2.481806988536155,2.3547116238853754,2.421431426616336,2.650235373735101,2.564619047619047,2.5677939452522787,2.4963080632755488,2.469983587223124,2.8111331331804146,2.5699682539682542,2.5347967217967216,2.5040045901209385,2.5548251102019006,3.3846918741861978,3.2080396825396833,3.281136645761645,3.1732533230249538,3.3540883593098543,3.2370572367906187,2.874341269841271,2.7682161896745234,2.7293637239208195,2.766427846911689,2.4181291597657295,2.5530793650793644,2.542961012752679,2.4771140620505907,2.551926687269473
audio_10.wav,3.0,2.7666896166974912,3.0739761904761895,3.036590647007314,2.992553330302218,2.7814875103748324,2.9946360196238913,2.9732063492063503,3.1597706336873004,2.949229994712105,2.986074669486088,2.6231374740600586,2.973301587301588,2.928625921917588,2.760464631532552,2.7072260802323473,2.8274762996039216,3.0488650793650796,2.938135446343779,2.8488265103301766,2.8691377007725785,2.840999897470505,2.8919206349206346,2.93852587381754,2.7712575388237632,2.7344900047369993,3.8515928586324057,2.9803888888888888,3.016330188874307,2.819661723251835,2.854984620121632,2.5704362279005273,2.962103174603174,3.0978529418112757,2.6551931386112613,2.806748125809994,2.917830804523277,2.901055555555556,2.9331202963702965,2.6655187934932005,2.74153977055535
audio_628.wav,2.5,4.263585944453115,3.859603174603174,3.8164533175158177,3.794818867344891,3.9230066976152957,3.5919132327460876,3.2004603174603172,3.1959004313587656,3.0878576049404125,3.1735831485981074,3.1342283884684243,3.9052142857142864,3.989860349527017,3.8538318230166744,3.9115331896070695,3.3472003539835433,3.9953492063492058,4.0960715653264685,3.835279888491,3.899350058899697,3.1893474382311644,3.6941984126984124,3.698376142376144,3.5155501861030287,3.5473093326144336,2.4249213536580405,3.004349206349206,2.8586511574844913,2.8075329733176653,2.6241563793319163,3.6764300353032255,3.1969047619047615,3.067744238785906,2.985568899211589,2.9027656555022685,3.128833108122062,3.67177777777778,3.6199918430335103,3.400399004874058,3.500008418051167
audio_606.wav,3.5,2.5990102286965393,2.9131984126984123,2.7605695045695042,2.9557822307164283,2.9977416856933083,1.6430748643773037,2.7342063492063495,2.475193261984929,2.2022975777681104,2.202671127323018,3.318429629007975,2.687801587301586,2.7518520969770965,2.806787249960902,2.7438345204329573,2.7918044945202993,2.652611111111111,2.6323649329065986,2.785489115709598,2.7235491101937375,2.596352259198389,2.6874126984126985,2.654357683982683,2.719996338016798,2.64075126415831,3.1520934104919434,3.236666666666667,3.0570863596280264,3.0010348050086173,3.0025839075250644,1.513576038627385,2.9159999999999986,2.7211447487697487,2.349446266755077,2.4670725459720084,2.699370360150937,2.794134920634921,2.735857434232434,2.872411379171112,2.8034718383832087
audio_73.wav,4.0,3.8925903213496347,3.832269841269843,3.9307284120200805,3.640500496046055,3.667673489470117,4.08277504142122,3.59,3.4910662177328855,3.170537163951385,3.1579747287364737,3.2970269521077475,3.7405317460317473,3.7452721506888174,3.7421285438269085,3.7113044553560575,3.529811008266267,3.6371746031746035,3.722213627421961,3.6661755860153526,3.662100037832109,3.2849962104324266,3.56946031746032,3.4837384698634697,3.3907667474399807,3.3874013814898944,3.5875638326009116,3.1881269841269844,3.1310771404521405,3.0989785280977658,3.0299609678957524,3.8531367773509007,3.5793095238095227,3.4823615921115922,3.262183860407887,3.197591693419477,3.3514175668458726,3.5539365079365086,3.472406332864667,3.411568982300929,3.2749059895154247
audio_605.wav,4.0,2.5553928265742902,3.337095238095238,3.0881218164551485,2.972716018620559,2.9005929572294256,2.4868662745477454,2.9225317460317473,2.585737275070608,2.578505309421263,2.5482763116156835,3.6020610332489014,3.58652380952381,3.56285750669084,3.6895728354954294,3.600139813504367,3.362656476404645,3.603309523809523,3.489812437562438,3.655466050364961,3.6798337221337305,3.2908600711653566,3.317706349206348,3.06252515077515,3.1243815943336144,3.136963416274065,3.823582092920939,3.6580079365079374,3.6626977513227508,3.980875911934317,3.9801872906941878,2.6445065494555533,3.0420634920634915,2.819930796055796,2.7183837419120676,2.7927426779007223,2.9761366692953977,3.3241428571428577,3.0542160832994156,3.0770929647215692,3.1111833921824608
audio_106.wav,3.5,2.6568167854828633,2.961190476190477,2.8163355903355893,2.9069548032134502,2.8133685706321763,3.348549574636707,3.3740079365079367,3.4717999007165674,3.3145654640446254,3.2545924470930756,2.9488590558369956,2.8072142857142857,2.813315155523489,2.5281944062085757,2.6921562697628034,2.8115786058067784,2.7377936507936513,2.692241348158015,2.4719714596849602,2.544108293371771,2.871860653899743,2.9368015873015874,2.9643573401906735,2.8802173558006547,2.965839812612988,3.1945422490437827,3.007753968253969,2.973911391078057,3.0784619420579786,3.026960932012114,2.7961975365448652,3.244261904761905,3.426421604629939,3.301607421753839,3.293574374757424,2.718399893885867,2.903214285714285,2.9902656047656055,2.815547977631933,2.8939975363272263
audio_306.wav,5.0,3.6761601718588364,3.820436507936508,3.8574875279041927,4.304022445246563,4.181410713996329,3.748446132308993,3.670801587301589,3.5459861589028256,3.798111344969467,3.8645945283184093,5.0,4.444444444444444,4.411916245791246,4.490550270186207,4.567250802536889,5.0,4.5091269841269845,4.4430133215549885,4.641829271156536,4.647203063248031,5.0,4.243166666666668,4.053375713792381,4.334846335238169,4.345531708450195,3.293166160583496,3.3115238095238095,3.441691231607898,3.518649184085849,3.448342950687586,3.9789278177095375,3.6205634920634915,3.6769380449797118,3.8195841517474016,3.861123453569006,5.0,4.209325396825395,4.059348449390115,4.345763487385944,4.288844197537198
audio_75.wav,2.0,2.6935334545619205,2.730111111111112,2.774635842552508,2.4185191487604443,2.427906192688027,2.860681768563199,2.9837222222222217,2.8699564894981555,2.70608057947453,2.720910222228561,2.6896068255106607,3.0325634920634923,3.030849007474007,2.8871805954212753,2.796254445592444,2.7256519422986973,2.9223333333333343,2.958658370950038,2.8155756510717893,2.8370104468613824,2.876684331015492,3.054214285714284,2.988068516360182,2.936420002266304,2.910495329952751,3.471496264139811,3.20313492063492,3.1794609148567488,3.0416886754727854,3.1758749377415327,3.251057542453759,3.140047619047619,3.1196625982042647,3.1578086146675446,3.1695213005663554,3.0522071788672194,3.1437142857142852,3.0509757696007687,2.9697906676335606,2.998991023751317
audio_550.wav,3.5,2.802691364311343,2.9795158730158726,3.0701735910694246,3.393605922496087,3.124553454296017,4.0589335770941775,3.9359444444444436,4.117307912766246,4.144448951350285,4.2040390132517915,2.8766520023345947,3.139682539682538,3.025319684944685,3.163811952675715,3.118829612119935,3.0001848065131305,3.1031825396825394,3.0335412858746182,3.098616726551804,3.111740762245622,3.3908315650014007,3.4014761904761897,3.5624581159581155,3.716518728456601,3.76794340567799,3.3676981925964355,3.6662619047619045,3.661662504162504,3.7631259723672046,3.650201810958663,3.694542976941898,3.983365079365079,4.0961219582886255,4.170351316151812,4.120589523961388,3.2409420642198925,3.363944444444444,3.56972087326254,3.7015876109382764,3.6389600356944953
audio_340.wav,5.0,4.0498748321682605,3.9994682539682533,3.9179448529865204,4.012953380151181,3.91213922572088,4.076906796409594,3.9673968253968237,3.8746103402770076,4.094667501827321,4.12110552920892,4.665319601694743,4.39226984126984,4.43560139705973,4.5492359405021645,4.459316473546198,4.249836069785422,4.349650793650792,4.360456629789964,4.374976490603732,4.4773141853870015,4.324590421895597,4.2978412698412685,4.124014991181658,4.315824091807268,4.402123972768028,3.301607370376587,3.63384126984127,3.6148378350045025,3.8267262020861197,3.852941442236658,3.8387773559075264,3.9311746031746027,3.8563564814814817,4.100908684601753,4.128783912382165,4.38564123826247,4.309746031746031,4.070739417989418,4.379240583081312,4.375372581754871
audio_272.wav,3.0,3.5165261364449685,3.477103174603174,3.3867688145188146,3.5769260075039107,3.450014361255336,3.339120088839469,3.5034682539682542,3.6923086234752898,3.6018802681884523,3.5190116576651143,3.353944778442383,3.3040952380952393,3.2251203803912127,3.1458197474467826,3.1010860512178087,3.245216261304073,3.264992063492064,3.27287942304609,3.218964097745522,3.171310987086739,3.2969007304886246,3.2279523809523814,3.234668270001603,3.1538065422048533,3.170688518222891,3.234644810358683,2.915809523809523,3.0643074780158117,2.659660041627505,2.573243314308213,3.5266979268033496,3.6341349206349207,3.7617059190809194,3.768052614274316,3.7739636467574518,3.2811217400464874,3.3184761904761904,3.282481423668924,3.3012636462213707,3.287054438957328
audio_518.wav,3.5,4.035962273059832,3.8061904761904763,3.7767053579136913,3.713523219165763,3.7007753381216157,3.24051012872119,3.208825396825396,3.040035652618986,3.0209104679415666,3.0267005249019863,2.3850550651550293,2.8973730158730153,2.943055535513869,2.7855586644053827,2.7378496073805594,2.1662660513183942,2.9057857142857144,3.0036415390165394,2.720543042586169,2.7722019253561236,2.1391808862374346,2.8557380952380953,2.8266443340610006,2.649377766377967,2.554861388128844,3.3018749554951987,3.4349603174603174,3.593727813852814,3.469210030717518,3.697911344616069,3.2163071201035573,3.371920634920634,3.2711391864308528,3.3232053938704103,3.4491262370475835,2.6685528929314146,2.954476190476191,2.880117385700719,2.8605022105089355,2.7135218424129097
audio_34.wav,2.0,3.2694596617994627,2.967849206349204,3.0431974907808246,2.9391459035785332,2.9954724937755324,3.1229649534094457,2.8729285714285724,2.9914578924162263,3.019240885249993,3.0076940412309656,2.491328318913778,3.0237698412698424,2.9259070389487056,2.6174640000692855,2.62039706334405,2.876111518609436,3.0071904761904755,2.97469647019647,2.8773716519044314,2.7983096688490026,2.898763449156137,2.954674603174603,2.8362091149591144,2.728886488631439,2.736924776899622,3.472459157307943,3.4872301587301577,3.4305621616038287,3.682323238179368,3.7604933230157798,3.3215178962928054,2.9715079365079364,3.1331738200071535,3.265597798817451,3.103590176942264,2.814547319281002,2.9479603174603177,2.837331429373096,2.787730857835664,2.7214947323384764
audio_87.wav,2.0,3.8742661808646104,3.1731428571428566,3.283296485921485,3.0534876209098605,3.1978994219331387,2.998964514822248,2.768626984126984,2.9501614327030996,2.7407069877428385,2.7693734916127077,2.1953179041544595,2.94565873015873,2.985701448243116,2.7730805856368073,2.73084017937877,2.186120464196994,2.954277777777778,2.9380012487512492,2.675547417999093,2.7330900347526126,2.2055842371413887,2.8174523809523806,2.9005294998211664,2.693352038174845,2.6196880500414648,1.7855103413263957,2.959111111111111,2.964931235431236,2.728251919951372,2.7244836895705578,2.3814418836486135,2.7965714285714296,3.0557257094757087,2.7606245023306535,2.6946237504586654,2.428133210844941,2.802420634920635,2.958724847683182,2.6612268165496427,2.567398992897196
audio_211.wav,5.0,3.750597050930045,4.428373015873015,4.266450210283542,3.985513284306846,4.147911533286796,4.272973784982217,4.352873015873015,4.360647085938751,4.2829658617414825,4.289646857176021,5.0,4.62584126984127,4.6106900676484,4.894705599934794,4.9789679904837625,5.0,4.699642857142858,4.643910914702581,4.896767194467425,4.932217796261397,5.0,4.619119047619047,4.54037175633009,4.688150153315647,4.734636860234202,4.069721380869548,3.5845396825396816,3.640617114367114,3.637411332788887,3.829341749369936,4.327753843473004,4.310817460317462,4.336120251661918,4.519516525485208,4.446127488492967,5.0,4.544373015873016,4.5178520121853465,4.676111769132532,4.695187652378021
audio_431.wav,3.0,3.7021525712290946,3.6013412698412695,3.6495982165982173,3.665270632450145,3.582299624261852,3.5335292131945146,3.1759999999999997,3.028179676804676,2.9888114809096273,3.00168675340003,2.8441294034322104,3.2949365079365087,3.531891586808254,3.381615028521825,3.420659288257161,2.9652857824112018,3.4616111111111123,3.6180412658329324,3.436142876735381,3.307351500458816,3.070587417880754,3.1985555555555556,3.286113275613276,3.0970110277856695,3.1503106706883273,3.3931591510772705,3.538722222222224,3.57379374637708,3.601299359411126,3.675967453436934,3.9931351276952527,3.172214285714285,3.0500458152958143,2.8864276367725954,3.0157256236743013,2.937131326135487,3.199444444444445,3.287624418791085,3.0134216417077746,3.1277013468900456
audio_555.wav,5.0,4.359855356967288,3.912380952380951,3.8800901613818284,4.161223739530041,4.088049019076324,3.965370246501358,3.681603174603173,3.5384847683181015,3.6362876650734317,3.6048420258053753,3.3959995905558267,3.452246031746032,3.432286093536094,3.5189523677787626,3.563828873901149,3.644688151407459,3.394912698412698,3.4724397146063812,3.518764267321309,3.6374579305325376,3.5470018106018446,3.4402222222222214,3.3961579886163222,3.326919937058768,3.5525204799908177,3.933145523071289,3.7376507936507934,3.803686548019881,3.8260522457930697,4.172928693182218,4.109996019525416,3.750142857142858,3.5027300585217254,3.6744581769018168,3.617659951905074,3.8910481998893687,3.3701746031746027,3.3425143159309836,3.347042285478805,3.467967647883306
audio_648.wav,5.0,4.404407056002477,4.134992063492063,4.128670107670108,4.330031588896262,4.350363915299571,4.55967971986237,4.2346746031746045,4.198260736177403,4.328806423071179,4.3310222668235125,4.620776017506917,3.9078888888888894,3.820109708193041,4.119119993627381,4.126774619064623,4.421560515629277,4.044619047619048,3.901669598919599,4.119747771848517,4.14170972123065,4.273303346749072,4.005730158730159,3.7822653180153183,4.00126052472934,3.9798170589204758,2.770052989323934,3.0311111111111106,3.100968596218595,2.6107253102192733,2.7044017779762792,4.101077296903168,4.151063492063492,4.050070091945092,4.34741200577358,4.180886919688736,4.062841837727908,3.971674603174602,3.7355832593332594,3.917449794013601,3.940101243983593
audio_5051.wav,0.0,0.40300266191334205,0.0006349206349206349,0.020342592592592593,0.009564260612451235,0.009309703326607917,0.21605448270348018,0.009523809523809525,0.008240740740740741,0.005107314352330016,0.0,0.1623690128326416,0.059880952380952375,0.19285286935286935,0.05267707938843092,0.04115038367787922,0.28688295446449974,0.021873015873015874,0.1972888007054674,0.014239189208780943,0.04618993005585856,0.23485550884842477,0.022896825396825398,0.16912995029661695,0.031071549779406377,0.0,1.012182315190633,2.6150000000000007,2.67141624270791,2.3669072076023387,2.3578823455017903,0.1124123626128326,0.010634920634920636,0.025870370370370373,0.03876377007848337,0.0283416878621127,0.0,0.028095238095238093,0.137820987654321,0.017165623903640428,0.031327615172643285
audio_422.wav,2.0,2.971894897925328,3.0547460317460318,3.0660976693060022,2.980803663768554,2.9609776127024143,3.023530044062287,3.2728412698412703,3.552464853048187,3.1848247778538936,3.1827036523377306,2.3205503622690835,2.8940317460317453,2.8629685628460138,2.730033388852369,2.7888378797684754,2.35646139979286,2.917738095238095,2.8354682354682352,2.6144554560690136,2.578992722173238,2.3845977811332584,2.9267936507936505,3.0175947170113844,2.7228137299564636,2.8123962088917174,2.3133404652277627,2.8542380952380952,2.8663011633428295,2.67694913852905,2.5976633380205105,2.2205216999021498,3.3224682539682533,3.6086280108780113,3.246626931681053,3.16994289098306,2.3376755677674455,2.9542063492063484,3.039964405964406,2.8386018139446825,2.7709933684688424
audio_627.wav,2.5,4.167823935527077,3.854920634920635,3.9091344797178125,3.8240129612677016,3.83338686025729,4.005559348962023,3.7157698412698412,3.7046088664421988,3.715071267698032,3.6258098678348856,3.577615658442179,3.772523809523809,3.963124278499279,3.7630676720479355,3.6855708246216836,3.5794342321841293,3.9002460317460312,3.964522506814173,3.829726791219096,3.684703711254265,3.678855826020565,3.8012063492063497,3.8726010702260703,3.6544614394503125,3.6119180356892997,3.044752279917399,3.195357142857143,3.1550378186628194,2.8620518059922886,2.9050485124522427,3.977213874620917,3.6922222222222203,3.6448980479397144,3.611376221001858,3.5370565536224867,3.803544418648805,3.817904761904762,3.835919131794132,3.6562810844104896,3.6720506570365514
audio_122.wav,5.0,2.4703485159990977,2.9587857142857144,3.005466820216821,2.8975375020519,2.9271525962349014,3.2623850903037765,3.3404206349206365,3.443942077983744,3.467223009669532,3.413097321428573,3.7679269313812256,3.119674603174602,3.0998155101071774,3.444159221127183,3.3318228733993913,3.7010511619144446,3.042825396825396,3.0457312209395546,3.066757722651689,3.2434665256527455,3.6333519714760527,3.168246031746033,3.3269012946929615,3.30425753542472,3.3595482689453022,3.501601457595825,3.2758333333333347,3.335290652248986,3.2066319631395004,3.372523544786109,3.94893804554749,3.410698412698412,3.4804345623512294,3.396387738356752,3.4107419820784357,3.9052348880589633,3.182555555555556,3.344292861459529,3.3586695778274187,3.272248193918697
audio_88.wav,3.5,3.610870722041868,3.016246031746031,3.1127727534810865,2.930189553043506,2.9479366405584897,3.8177921186547983,3.22718253968254,3.26301117709451,3.2900116490853066,3.2575763857714577,3.6069448788960776,3.355166666666665,3.214841670675005,3.257987734933774,3.2657099871513915,4.10114292489142,3.256007936507936,3.149550369383702,3.2953200075864526,3.30855816465723,4.3325820662034795,3.2121825396825394,3.1210517275933944,3.4025358441310747,3.2946998721430654,3.8152281443277993,3.5901587301587288,3.637870225453559,3.7550508393810804,3.7281398707241884,3.9351463220229568,3.428555555555556,3.4458696288279618,3.3945446757352076,3.506789120392449,4.316309213617257,3.296753968253968,3.240308241141573,3.3672041328329114,3.4298703843703784
audio_165.wav,2.5,3.430319503344883,2.8085238095238103,2.989583674042007,2.8863152927845444,2.8628716612912712,2.9822715491997958,2.7105079365079376,2.62672911656245,2.6250714622470355,2.618099588606148,2.2630537350972495,2.774595238095238,2.8023776578359914,2.4943557321445344,2.438586322391395,2.1702078535884355,2.7303174603174605,2.73988626342793,2.459568297645729,2.442076449018295,2.2634643765786686,2.662666666666668,2.5750793450376785,2.359431774016943,2.3797510048029853,2.6311516761779785,2.530515873015873,2.6309158850408854,2.3557234061688677,2.5658910432771513,3.100300998464695,2.645880952380952,2.5722472188305523,2.643298209992812,2.549677840027394,2.5810633741891937,2.6761349206349205,2.6398228114478113,2.400480558537488,2.4231432249070983
audio_276.wav,3.5,3.844562666836964,3.778968253968253,3.770491161616164,3.928963615361272,3.7445094813857156,4.000089920305772,3.8326746031746026,3.6537142086308756,3.824479566574811,3.718919410434991,3.410132567087809,3.450626984126984,3.398759789593123,3.3150568363822175,3.29215430053238,3.1684128709535386,3.567547619047618,3.491953383036716,3.344412094266158,3.3518451823220317,3.1803591158790394,3.532468253968253,3.56307461982462,3.3029060572736166,3.3733349776320405,4.357138315836589,3.711753968253967,3.6400266076516083,4.124868972909636,4.237874993159333,4.309167385006967,3.8711746031746035,3.560513367805035,3.7998904981711754,3.990230238347854,4.0254988254164905,3.5874444444444435,3.5188320152070154,3.4948647876242425,3.564302305188051
audio_746.wav,5.0,4.6270932436554375,4.181793650793651,4.049205939122604,4.1872170371925295,4.156874688157211,4.713964863666358,4.4238888888888885,4.367099272640939,4.532725178864457,4.48083925121483,5.0,4.41134126984127,4.304444142277476,4.55509757318368,4.615584836236624,5.0,4.414920634920634,4.356154581529581,4.656904695064653,4.627647752322868,5.0,4.485357142857141,4.486317660734328,4.735715187977024,4.794820440358014,4.912729263305664,4.075793650793652,4.003074735449736,4.274380018971794,4.5189757214778075,4.855984802954736,4.392071428571428,4.364567064108729,4.583834166770832,4.675553500575904,5.0,4.472611111111113,4.462460152501819,4.716972933080782,4.722154475043573
audio_252.wav,3.5,2.6945957441899284,3.1510476190476204,3.111464546256213,2.9974330953322927,3.060573157155536,2.6919278525906627,2.8796984126984135,2.7521627384960716,2.7776793533656075,2.807104430811544,3.0662149588267007,2.8214206349206354,2.8719165047915047,2.760350951794369,2.7669199018743122,2.831731796522375,2.8114047619047624,2.8326191478274807,2.781956957635707,2.794411703111076,2.8867396937075767,2.7614047619047617,2.7187725068141737,2.6843744525257005,2.7161177600712563,3.841773430506388,3.643150793650793,3.579003326919994,3.920749436772535,3.8695955804809725,2.9421702198689297,2.9161111111111118,2.804752119793786,2.6977862301841715,2.8196133178508602,3.2592727523897085,2.7881111111111117,2.735567901234568,2.6324403561725673,2.7302706233113585
audio_266.wav,4.0,3.42514444023267,3.0290793650793653,2.9749108407025076,2.784041124746928,2.830441767072656,3.7361486952913836,3.2285158730158727,3.113537888037888,3.123422913909352,3.171544039103724,2.6216746966044107,3.227873015873016,3.2221333573833584,3.077822105042065,3.1339072527401917,2.573210285522737,3.1510476190476187,3.166737796154463,3.1617447114956843,3.1222400108431123,2.8472355281079715,3.171238095238094,3.183204425204425,3.1742569810247514,3.1731183245882773,4.992779890696208,3.3398333333333334,3.3077860981610985,3.5650300872176666,3.421277412845626,5.0,3.2176507936507934,3.2007649048482385,3.41943580908079,3.4730683594641576,3.7256291863831184,3.198007936507936,3.216811782353449,3.15920341170472,3.2273915277719394
audio_611.wav,4.5,3.3443473839222047,3.4459206349206344,3.3313615520282185,3.381328834686973,2.8784592083540237,3.225008537419669,3.203174603174604,3.253343969302302,3.1976428542449997,2.8364715060864896,3.149647076924642,3.360531746031745,3.4172575117783457,3.342216163797135,3.3572637277573656,2.9914587266929344,3.363515873015873,3.3556019643936303,3.228376523731384,3.3183671445734073,3.046370546182646,3.334666666666667,3.303002284752285,3.3355534697044047,3.2507358176774943,2.965061664581299,3.505412698412698,3.4591744459244445,3.5016199997338666,3.4079199033942,2.5323784696325364,3.0960714285714275,3.0715847331680664,3.0839844772100395,2.8974434025616502,2.8265266665178195,3.1951587301587296,3.2291381673881667,3.3207607380331186,3.2260217380076903
audio_5058.wav,0.0,0.6238881877930607,0.0175,0.011435185185185185,0.06359841415966724,0.013821206473780712,0.0,0.01511904761904762,0.013287037037037036,0.07070578190314399,0.041876499390944476,0.0,0.0011111111111111111,0.04321428571428571,0.000927963926461363,0.0007300704919979468,0.0,0.010317460317460317,0.025694444444444447,0.03840972988191352,0.02169683741671619,0.0,0.0,0.027657407407407405,0.09378359102010898,0.05388635584001425,1.6284138758977253,3.1489285714285717,3.175756750965084,3.050509173106544,2.858251856947598,0.0,0.006666666666666667,0.01049074074074074,0.13437395068669206,0.06714825032621931,0.0,0.0030158730158730157,0.02977777777777778,0.09824475145875011,0.05777216746578465
audio_81.wav,3.0,3.675655395337856,3.564198412698412,3.4941778699695356,3.6290778521836633,3.4284586808795297,4.098899456831808,4.045507936507936,3.967444003527337,4.104839686703417,4.134220258379337,3.5729835828145347,3.6921428571428567,3.9732925361675355,3.896388227314089,3.730709797523973,3.45994505893638,3.594769841269841,3.77848583669417,3.605065262619121,3.519923547635712,3.5679613290561973,3.817166666666667,3.88760121668455,3.685186849580397,3.7149814662425578,3.0616963704427085,2.875531746031747,2.7990646128562795,2.651479067063646,2.864652293239789,3.646480921781583,3.8574523809523815,3.7671580903664226,3.8433382263073526,3.7844297868962706,3.1968945878277957,3.7725476190476193,3.8593945452695455,3.662522899289502,3.662311684677181
audio_3.wav,3.0,2.647160810712187,3.1091587301587302,3.0365454946288275,2.9901427518988606,2.899284920518435,2.8195697196046896,3.153515873015872,3.326554240512573,3.4513223184124264,3.2982732343196433,2.5534238815307617,2.9877936507936496,2.901605499438832,2.4948970889034277,2.5839227662701143,2.4052149666088654,2.9632063492063487,2.8580887045053704,2.635862503517196,2.585441330387457,2.505850681039667,3.033476190476191,3.0615192461859126,3.218286984087264,2.9630418729031764,2.556532303492228,3.2565793650793657,3.2752813883647227,3.2990596154584004,3.316965105112653,2.239038197388145,3.175277777777779,3.2393733365400035,3.1784516704094585,3.113963217325098,2.2669664687472033,3.134928571428571,3.0513441342608005,3.015511708348568,2.967046402198245
audio_21.wav,2.0,3.3379692170478426,3.3435952380952383,3.323882432382432,3.001659067150316,2.911807060653352,3.1035626923375297,3.0390317460317466,2.9478193041526377,2.8335571223362552,2.8101989118153496,2.5695720513661704,3.3362142857142865,3.4147727873977884,3.18499159883935,3.08757043659951,2.5984406341787074,3.3070476190476192,3.3999828998162336,3.1652223631661784,3.0297248306183007,2.5401881546393956,3.0423571428571425,3.0662226477226473,2.7362598588327054,2.8024732734774997,2.713801304499308,3.2047539682539683,3.038701351118018,3.1696097942862753,3.121062383529113,4.377050952848414,3.043349206349207,3.009965969215969,2.9575849233607117,3.1123801229647907,2.9328517560930707,3.0559444444444446,3.066259479717813,2.795115982481707,2.811731377417544
audio_190.wav,3.0,3.5692260053511244,3.1984761904761903,3.285505563880563,3.1487021116556195,3.207383013823822,2.9890532728669092,3.2169841269841264,3.227951394284727,3.156876577375847,2.980043911545946,3.399590810139974,3.114833333333333,3.0702983143399805,3.16679878980221,3.195255081738163,3.1497098939726142,3.0608650793650796,3.0814224648807973,3.171472861619025,3.196068960029875,3.0370391916452086,3.167452380952381,3.3236572886989557,3.1529638575123893,3.0811878744451744,2.655999739964803,3.0325396825396815,2.816260603593937,3.1403093747548048,2.7680534344203607,3.02168894774255,3.2428253968253973,3.235853951603952,3.1340635357378535,3.0288420181826474,3.10892050911978,3.16713492063492,3.277533132762299,3.1288493573508624,3.1561854520438697
audio_189.wav,5.0,3.661104838906662,3.576484126984127,3.5314064299897634,3.4142420389711567,3.632343317850154,4.153880221978151,4.156261904761905,4.2158682459515795,4.150513948640839,4.177251029261327,4.36997127532959,3.973507936507936,3.8199878547378545,4.201452983023352,4.145200897402624,4.349904211693043,4.004253968253969,3.901941438191438,4.151433994752183,4.025525801378374,4.539605123580671,4.210309523809524,4.199579056745724,4.220552819039238,4.344099466604049,2.955735524495443,3.2713412698412703,3.3438077169743843,3.535442030269784,3.7119134174313033,3.2734321926954806,4.160515873015874,4.2742994659661315,4.411558805776866,4.32283785250993,4.3706728232112075,4.184563492063493,4.224707275748943,4.248887704260283,4.342411132791042
audio_519.wav,3.0,2.6159934734089125,3.2501746031746017,3.211170214045214,3.300073137881816,3.3276970306835114,2.9341695253290574,3.143857142857143,3.2403257976591315,3.279107798588489,3.2303458805913805,2.9574170112609863,2.9680476190476193,2.966581509539843,2.951910788019769,3.0212015913909234,2.9867931503180962,2.965674603174603,2.996682760141095,3.1162418095837023,3.0312687665577482,2.9272697571170188,2.8775714285714282,2.8806118526535194,2.84958318318947,2.8695872716062722,3.739682674407959,2.9274444444444447,2.8790170940170943,2.693499939649193,2.7955253401738513,2.7283117926310063,2.984150793650794,3.0721920594837258,3.2630415461704327,3.1702988986789244,2.8617385628785272,2.8388412698412697,2.8197913459996795,2.9167279393339967,3.0001095887782694
audio_748.wav,2.5,2.850391120800987,3.386952380952381,3.3424810852727513,3.069611339312825,3.1908867170202897,2.547937193781458,2.8590714285714287,2.71243352018352,2.4869954538896915,2.5488508961644274,2.930931250254313,3.12226984126984,3.0148918951418953,3.00489413743403,2.9127629558729926,2.567099763871835,3.04584126984127,2.966485129068463,2.8331161427105784,2.8431733645302173,2.5463535416433696,2.9845634920634923,2.885188371813372,2.755258161613421,2.8580246504735043,4.308562994003296,3.313238095238096,3.279230386897053,3.2717853906645415,3.38371214094949,3.5862006331593785,3.0100873015873013,2.8018511904761905,2.801958913278394,2.854794067717311,3.207350056420983,2.952722222222222,2.8734748276414943,2.7669516599926216,2.7859379186505926
audio_505.wav,3.0,3.434450882145392,3.3998095238095236,3.3683666025332695,3.4007250705250764,3.5660618371977115,2.264978953074329,2.8366984126984125,2.8114471577804907,2.6325900273267764,2.7330939974275474,2.679227272669474,3.0374126984126986,3.0113574974408306,2.9621607474249942,2.8303798985783057,2.703062156791899,3.0533492063492056,3.0017901774151774,2.98654284978918,2.9119857469659394,2.577953533465253,2.8798730158730153,2.8265670132336798,2.6968695861136993,2.652968845398272,2.4250075817108154,3.0240000000000005,3.0062741949408616,2.6678476356683265,2.6725264052611912,1.8710670003780858,2.900047619047618,2.9355536022619355,2.808173126126358,2.886537395463703,2.7860239375307247,2.9476111111111103,2.901451932326933,2.7771745325335266,2.859378418183706
audio_361.wav,4.0,2.7200260188917262,3.3788650793650787,3.3203471050554385,3.397854101528747,3.3383152594368704,3.3352085313332958,3.3907936507936505,3.356815301981968,3.3390590496265617,3.2733864538220385,2.9113829930623374,3.2089206349206343,3.2978353143769823,3.4044171946449064,3.3851374290804244,3.0064928952352212,3.1663174603174613,3.3454447558614233,3.4846471737284155,3.389973357176308,3.347573210007147,3.168793650793651,3.242703803912137,3.3479685535089607,3.3299249095669006,4.941940466562907,3.3978888888888883,3.428550625300625,3.901551699631545,3.968855907855453,4.712630307051884,3.284912698412698,3.250824736991404,3.3389228248665184,3.2740455412037064,4.536440749972365,3.154269841269841,3.305855339105339,3.368529521702212,3.2804642978108114
audio_5052.wav,0.0,0.12271033316338602,0.020158730158730157,0.00612962962962963,0.25139993255094406,0.1181657516136581,0.0,0.022063492063492063,0.008425925925925927,0.14683550806010218,0.056429216479760826,0.035639683405558266,0.0044444444444444444,0.04479012345679012,0.006921313931324051,0.02364992303343988,0.11925818146369387,0.0033333333333333335,0.05224537037037038,0.03992004876399144,0.028208757064016793,0.0431580696170227,0.0022222222222222222,0.04902777777777778,0.01290298817895733,0.010760167663277457,2.0604496399561563,3.093722222222223,3.017886989553656,2.8773435175503663,3.005216069663295,0.0,0.01523809523809524,0.017675925925925928,0.24413986567920806,0.19650935011938922,0.0,0.009682539682539683,0.05757539682539683,0.04411059116370799,0.013350250094493496
audio_16.wav,4.0,3.205276656441383,3.046261904761904,3.0898664221580887,3.1814985124054367,3.0634079979552262,3.276424461111791,3.486706349206349,3.5219216185049516,3.531145711525619,3.7416565994967157,3.9747583866119385,3.904738095238096,4.057202818786152,4.108733486243786,4.055491500227283,3.5457092058587274,3.5734047619047615,3.786644560686226,3.7649047400511084,3.8096455735000583,3.510882973203943,3.779666666666666,4.060713931130597,4.024302562043148,4.053929166875245,4.587062358856201,3.161714285714286,3.133146645021645,3.0579147112601426,2.9295553607037266,4.45788487960673,3.5022539682539673,3.545967694342695,3.782038250359117,3.8126521308183814,4.279688666035479,3.7613412698412696,4.08226472293139,4.066662052036474,4.070636874494314
audio_327.wav,5.0,3.550153290406616,3.619857142857143,3.5866236942070278,3.662217890274464,3.8554563352675664,4.3043192620616,4.443420634920636,4.48705399384566,4.432173469872745,4.414168109506449,5.0,4.784857142857143,4.787805054513388,5.0,5.0,5.0,4.763992063492062,4.804226557393224,4.991302765110469,5.0,5.0,4.729944444444445,4.783481581689915,4.93457839198167,4.984847425534239,5.0,3.9950396825396832,3.98072907339574,4.286141963383815,4.343976613312443,5.0,4.420587301587302,4.438176408468074,4.703091658439168,4.480837358779927,4.979269312743468,4.735246031746031,4.705293690877024,4.916574493927627,4.8905831372580595
audio_313.wav,3.0,3.1804334946757282,3.782095238095239,3.803840485132152,3.8426765705578387,3.7762426188763807,2.970600028331418,3.253849206349205,3.1806816177649515,3.0369796020216095,3.187640336820246,3.824946085611979,3.5818095238095236,3.596902831736166,3.676844782233791,3.7906634595742745,3.6999896102058334,3.56142857142857,3.5801619167869156,3.7263252131206777,3.7815198194694264,3.8018612045758657,3.414015873015874,3.421938071188071,3.4524161192016813,3.4839194989829223,4.37086288134257,3.8289682539682555,3.859469729344731,3.987967867155421,4.043465572217671,3.6908537580884695,3.51838888888889,3.4840297249047247,3.620912033753934,3.67765916541896,4.266037062963096,3.4087460317460327,3.4360993466410132,3.6085585574956505,3.7077885379394346
audio_589.wav,2.5,3.650949547195323,3.1460476190476183,3.1784313140563136,3.622138496609134,3.4737676618084223,2.9818399165389224,2.7066190476190477,2.7299368149098533,2.800442815489841,2.827823294875462,2.8401808738708496,2.5814047619047624,2.657283756367089,2.6497610516067227,2.565762412711738,2.8829522689677796,2.6665476190476194,2.6722820266153597,2.763285076579468,2.665408976291198,3.148210536245106,2.574968253968253,2.5727084135000813,2.5758543516577164,2.5195831225808916,4.2340114911397295,3.267214285714285,3.2705528730528735,3.5369019062403404,3.2724322724589423,4.050046216539114,2.7430158730158722,2.809974627224627,2.8234435974672185,2.9419647630066343,3.5348959482253868,2.603912698412699,2.617919592752926,2.836029758322366,2.753703392863923
audio_416.wav,3.5,3.2788462707131494,3.8213809523809505,3.9177445193695206,3.8997053059014952,3.9730460744709766,3.1251231002189748,3.5343333333333313,3.306004617296285,3.2983576620906647,3.35137489289793,2.9186762968699136,3.28952380952381,3.330309471392804,3.346679144846311,3.488703281760499,2.9695149839152877,3.3551349206349204,3.404820065736732,3.284792381609553,3.4027809254245107,2.878221971334924,3.1801666666666666,3.04095601312268,2.96834643116661,3.082013947689345,2.2613839705785117,3.0371984126984137,3.0654584643751317,2.9284702715793074,2.8726142135959436,2.511270815890432,3.313142857142857,3.0671018379768387,2.971248113468455,3.063351463636632,2.680848135984719,3.158753968253968,2.9929793755627094,2.9900995014413194,2.9925121250939273
audio_762.wav,5.0,4.325759127846148,4.657484126984127,4.605151997693665,4.889970081175619,4.883029878553551,4.282045484001215,4.680198412698411,4.803433771475437,4.499498253080208,4.683687363490539,5.0,4.345015873015873,4.43217462321629,4.439921597138707,4.582675423877486,5.0,4.503349206349207,4.458696468654803,4.577192415556975,4.540462735901822,5.0,4.579833333333334,4.645151462734796,4.705464837053899,4.668223472570559,3.1323512395222983,3.3221746031746027,3.2730802299552297,3.029197840058298,3.204863578724725,3.609385510905849,4.472301587301588,4.5669069664903,4.416365092215991,4.418790466521858,4.894917048862935,4.539420634920633,4.559331088664422,4.601803948818534,4.6402814432691235
audio_714.wav,3.0,2.4614732821842717,2.874166666666667,2.9359242778826116,2.848910703132137,2.7624344153065103,1.943930138645243,2.6883730158730166,2.7870160271826947,2.413940872258896,2.4599678538714405,2.290593147277832,3.04811111111111,3.1266722582972597,3.073897028700024,3.069134016322798,1.9814339275844464,2.9977222222222224,3.0789589623339615,3.0150059963206908,2.9476369633266732,1.7786023651053984,2.8670476190476184,2.9455789842873172,2.7095701231030027,2.7448553262477287,4.496191501617432,3.513753968253969,3.6230421569171565,3.589336225365894,3.632856428207513,2.416822936262911,2.90652380952381,2.9697271293521292,2.964989865790319,2.9312463798455823,2.147941185176705,2.9804444444444447,3.052187341979009,2.893815584914057,2.9450424135379483
audio_455.wav,3.0,3.211795183742383,2.935174603174603,2.983154620071286,2.7594635713519815,2.9735594193781907,3.1856153253003114,2.987999999999999,2.9541593961593957,2.976037131031004,3.076224358560111,2.7510239283243814,2.9494126984126985,2.879617925284592,2.6897314538713935,2.7097397825472718,3.043179953961157,2.9427460317460317,2.949707651915985,2.8229381338978907,2.8500308843385134,3.017690684160492,2.9424999999999994,2.9399278499278494,2.9205653454198544,2.9802598770224855,3.0450851122538247,3.4337222222222223,3.548147903022903,3.4536542898311304,3.3980441143284277,3.351553479572227,3.030230158730159,2.9572227833894504,2.8444138439745754,2.952049642648362,3.3050572263685702,2.9819603174603166,2.9976838223504885,2.952410655809653,2.9997020343320515
audio_42.wav,3.0,2.3140741507199407,2.938960317460318,2.896882022298689,2.996555780386107,2.96782855131314,2.310776058323427,2.593738095238095,2.4898974312724316,2.6546810359764716,2.5950335960421653,4.004406372706096,3.4930476190476205,3.5729742310158983,3.356610312401266,3.4043595203048027,3.3984242007166166,3.3091190476190473,3.4164950820784163,3.202696999852227,3.2178928088531618,3.3705319641568265,3.084722222222222,3.0496384818884814,2.7515538840353067,2.7737429351359064,4.0699864228566485,3.4351428571428575,3.311123573956907,3.2084821243812285,3.294017579608021,3.1853893607242547,2.9156428571428563,2.941786572541476,2.991943834955432,2.871362498775128,3.3448269149646417,3.088484126984127,3.116460016835017,2.8356097477033,2.8408584577259557
audio_561.wav,4.0,2.8666580940338036,2.7644365079365083,2.859636716678383,2.6076994692216906,2.6554702121501754,3.3225850494876545,3.3927142857142862,3.4749758821425494,3.3364898821184443,3.382785776947523,3.3646621704101562,3.210841269841269,3.0981714766714763,3.216202913262618,3.382771374651782,3.0866838601621165,3.1342619047619045,3.1126678136678136,3.3179248876029717,3.3378005098663106,3.0757586517164657,3.3664047619047626,3.471223114848114,3.5557014245255747,3.5588429215576567,3.150416453679403,3.3373571428571425,3.2645489310072633,3.11780481193046,3.278179762577757,3.1139472348770845,3.436380952380951,3.461231424439758,3.103247751022024,3.278859062453289,3.1465724589791955,3.3605793650793636,3.4782501819168483,3.5077816264289914,3.4486781498993593
audio_226.wav,3.0,3.1458869385583266,3.14763492063492,3.0865321376154697,2.9575425729219624,2.9647832081292105,3.2954356822183626,3.1855396825396842,3.111215788840789,3.0998363536220506,2.9967034521755287,2.347883701324463,3.090896825396825,3.090712247628914,2.937143149076005,2.928188907088767,2.496422575836369,3.0750158730158734,3.094775012025012,2.83313014952234,2.9606640596127907,2.862725172194333,3.0516269841269845,3.1131491702741694,2.9887945535470473,3.014907275880715,4.529547532399495,3.8363650793650805,3.828938371813372,4.298784445685791,4.34974358061159,3.669109088350581,3.331928571428572,3.212629083879083,3.1813206527803786,3.2610521903118332,3.191421914462383,3.153873015873016,3.2173831091747758,3.1117447823448514,3.0274866906586317
audio_110.wav,3.5,3.4305896119716035,3.11423015873016,3.160233888796387,3.4283650912106345,3.2841363231297667,3.3218970312626674,3.1614841269841265,3.0505905298405303,3.268900147042022,3.0447287125184452,4.687046368916829,3.490007936507937,3.4093605545688876,3.6872156109561764,3.7091231469694605,4.067543752799879,3.3981904761904764,3.335951238576238,3.4597024289240568,3.4170497552330947,3.9125234120887833,3.3571031746031745,3.2991661455828134,3.400853759061795,3.4584002937996856,2.7048447926839194,3.110063492063493,3.2049147025813696,3.3026725528641996,3.3463009405533986,3.3959991741421356,3.1688730158730167,3.1087616843033516,3.200481255524696,3.0922493918221297,3.5644053982628088,3.310015873015873,3.226618566618567,3.3656489328237655,3.3540082474824793
audio_739.wav,5.0,4.400516846615961,4.041801587301587,3.9377705350205345,4.036454264264656,4.135934031755927,3.779993774533409,3.278388888888889,3.0250065335898664,3.114681821510319,3.1877539923625116,4.458612124125163,4.0749603174603175,3.9590948865948854,4.112882213425938,4.207410331821442,4.6909658821578235,4.159650793650793,3.939010367718701,4.339405173926861,4.291332006048308,4.533099066531856,3.712999999999999,3.4382193901777227,3.790657883153097,3.747211328668561,4.129276275634766,4.160126984126983,4.0552523849607205,4.3358951919169755,4.4215350252552765,4.357098037720265,3.5753333333333335,3.4281581381581376,3.7308228206534206,3.8008435968815912,4.850312894739029,3.815214285714285,3.525083453583454,3.965125431541688,3.9338824953470457
audio_504.wav,3.5,2.8743185595017136,2.5068253968253966,2.5597317728567734,2.538024124329701,2.5784581955087993,2.7935236624412654,2.668261904761905,2.7460368027034696,2.4388843391293697,2.4934358909474663,2.916966358820597,2.602722222222223,2.591127320210653,2.4982841347337317,2.4088322719766677,2.703426020495843,2.5448650793650796,2.5773106338106335,2.426378695996563,2.4646693152501054,2.814369500121668,2.613809523809524,2.6630996272246272,2.5027288968183847,2.547214817153146,2.3913089434305825,3.132373015873016,3.227428535970203,3.124641789243162,3.036041968767987,2.3180551729147747,2.780507936507936,2.8795656565656564,2.602289327592292,2.775550164091761,2.619544439107179,2.713650793650794,2.7822345679012357,2.6483415835748136,2.5341046568635703
audio_379.wav,4.0,4.044727757314442,4.102642857142857,4.112492670909339,4.00975580613267,4.201775060698476,4.0109535485932435,4.459650793650794,4.596347422639089,4.329146149304946,4.34895806485965,3.8477965195973716,4.0345555555555555,4.139397486772488,4.245791425209922,4.201967569446613,3.7131806561328333,4.151809523809521,4.181238653321986,3.994213871495125,4.035195346794306,3.6366094031994503,4.313190476190474,4.437343021176354,4.143565944862646,4.137682722151757,3.7525626023610434,3.619285714285714,3.617587617629285,3.98123475107626,3.934679117098218,3.760688170896851,4.4576111111111105,4.489044025419024,4.371112910257346,4.383857238191332,3.676169227778269,4.344928571428571,4.420287226662228,4.306706143228296,4.1729849578999145
audio_520.wav,2.5,2.70826551800929,2.5749206349206344,2.6623814133397468,2.800976372876963,2.788971135742576,2.1446684221094423,2.5272063492063497,2.4167430116180117,2.300103649828572,2.230832946483657,1.891990025838216,2.792738095238096,2.822938211479878,2.7850565805260885,2.824552216554299,1.7564948620003975,2.7807936507936497,2.816310934435935,2.772802047209893,2.8534426134659925,1.6475373532848492,2.677444444444444,2.6072310205226876,2.489316626332471,2.511566898028124,2.8120479583740234,3.0787857142857145,3.133280457197124,2.8348764389651397,2.956475600824819,2.532335333661924,2.695746031746032,2.589511291177957,2.519463937913018,2.4822431105588323,2.281875285847199,2.6533571428571423,2.6748265854515854,2.5077807708511592,2.5269988186061636
audio_5068.wav,0.0,0.0,0.0,0.0,0.015507911970479045,0.01873115151131936,0.0,0.004444444444444445,0.0005555555555555556,0.03246557455303196,0.010595910017547285,0.2050629456837972,0.005142857142857143,0.014375661375661375,0.0,0.0,0.015352579128296906,0.005396825396825397,0.019425925925925926,0.004816464427825031,0.0012392071770373021,0.09282890625995277,0.007261904761904761,0.012277777777777776,0.004998357473087201,0.002715572527097046,3.2188024520874023,3.703769841269841,3.7347127810461154,3.951437051013046,3.910652635679096,0.0,0.013015873015873017,0.005333333333333333,0.07038650366028863,0.07479241952960634,0.3439437568402335,0.0,0.02178703703703704,0.013855029521300103,0.00035544752821560196
audio_30.wav,2.0,2.4858240753903984,3.1312063492063493,3.144502591544258,3.0595641947762524,3.0831056968811237,2.3374038573609117,2.954849206349207,2.986447422947423,2.818930327589198,2.9015359983016897,2.4324626127878823,3.0124682539682532,2.932415040206706,2.511389165988683,2.5299235129061284,2.2842947559278026,3.042492063492064,2.988453560328559,2.716443925995046,2.7081755743109217,2.033837195389047,2.839468253968254,2.8131810103476766,2.600519143970073,2.528592092441069,2.043065071105957,3.013444444444445,3.166860972360972,3.0095423308976392,3.160475243240049,1.8000919646368414,2.8020714285714274,2.8044621258371265,2.6347422460570784,2.602163748930975,1.7905445236957054,2.788103174603174,2.770750824792492,2.6036866481247,2.4274953425625876
audio_5041.wav,0.0,0.07439669862416858,0.0025396825396825397,0.0023888888888888887,0.007895414968743382,0.007241025620844582,0.21445206079441373,0.0030158730158730157,0.002685185185185185,0.001835102408182455,0.0016092114488146976,0.0,0.015039682539682539,0.046658730158730156,0.01301123047336792,0.005566002300540883,0.026419616633102844,0.0078095238095238105,0.04716666666666667,0.0013501928811310256,0.0,0.11975172685734152,0.0,0.03920061728395061,0.0,0.0,2.8223071098327637,3.060023809523809,3.038840067340068,3.1280439263419866,3.113584439888596,0.25877616610154003,0.004603174603174603,0.007907407407407408,0.046587048389004126,0.06825564537818452,0.23122506708001156,0.004603174603174603,0.05528258778258779,0.0006770342335117959,0.002666308398579381
audio_485.wav,3.0,2.1466812117351806,2.6174999999999993,2.5457473899557237,2.607359231065027,2.550944676987038,2.449275355080501,2.6537857142857137,2.533323011864679,2.413633988519417,2.38495512691556,2.7402149041493735,3.139587301587302,3.1141754803838135,3.1553193662976433,3.1695504706996354,2.561734302385226,3.037984126984126,2.9842423240339904,2.9245257578840254,2.9403505527442806,2.722294437855528,2.8631904761904754,2.7783151709401714,2.836311037458843,2.7719375203630787,1.8544867833455403,3.0040714285714283,2.9823646384479727,3.0244917627797094,2.9194793668348793,1.9387491711314997,2.830714285714285,2.6984458365708357,2.5455427015813066,2.600370945375611,2.6687558504354616,2.977523809523811,2.820544213502547,2.7968919833149783,2.708483707952311
audio_475.wav,2.0,2.3946498944119776,2.5180793650793643,2.5663037718454382,2.5174568823595878,2.414736758668075,1.6452130820547666,2.3974523809523816,2.386036229202896,2.191160771185389,2.1366158808369926,1.9588720798492432,2.3549841269841263,2.4970350282433613,2.0574513042915936,2.137595797044165,1.9928720906447481,2.330333333333334,2.525792047458714,1.947995908049042,2.1510415496605195,2.1501157100694672,2.3563492063492073,2.4510108826358823,2.035662138216443,2.07270068865534,3.3370625178019204,3.019246031746031,3.0370713607380275,2.629922296707863,2.7224727231777357,2.135301895959294,2.6045634920634924,2.6492400392817053,2.170391698476333,2.1033063077864815,2.9893526542771913,2.551365079365078,2.5620863095238096,2.1602091367331435,2.165586907023536
audio_145.wav,4.0,4.278479460955088,3.7861507936507945,3.6504757842466176,3.959651620397308,3.7407606818452934,4.411647947687201,4.06686507936508,3.9796064552731205,4.117563342539689,4.189158779338059,4.108975410461426,3.538523809523809,3.551176399218065,3.816334480330917,3.974760933088895,4.570324772696132,3.6171904761904763,3.5405786759536753,3.9135170441179152,4.037400052240623,4.757069440273394,3.8669126984126976,3.8589482246148923,4.080591416491182,4.090983999660163,2.9405945936838784,3.340809523809524,3.4376857124357127,3.308062476997177,3.3299582903993694,4.143860567949394,3.7957063492063488,3.757930979514313,3.8589410468547567,3.8441915191128495,4.604806841263824,3.748880952380951,3.824144096644098,3.8658568276599037,3.9867329536613045
audio_308.wav,5.0,4.984006413930298,4.568055555555554,4.477543270001603,4.69146610243158,4.7651791019890455,4.801396536634878,4.135619047619048,3.8461338753838756,4.097800242464277,4.215066863674401,4.843539714813232,4.288634920634923,4.279980154105154,4.2667019159335196,4.355095774854601,4.991218672812524,4.342896825396825,4.350629449254449,4.363774880951393,4.371511709917423,4.969078422339163,4.14397619047619,4.001313257729923,4.113314224495649,4.185398939196436,3.863999048868815,3.772095238095236,3.804658682367016,3.963516497314639,3.9973812248463894,4.900026068881243,4.075166666666665,3.821577300785634,4.288306482448341,4.410897708491977,4.931206038549814,4.224182539682539,4.061960437710438,4.231102552660176,4.317630510573698
audio_184.wav,3.0,2.991944184124586,3.226563492063491,3.2587134455051108,3.015717000806111,3.2094274626173287,3.10006920996482,3.1610793650793645,3.0257045670379,3.0814193548977045,2.989764704747259,2.9423721631368003,3.536698412698413,3.467712862754528,3.4678082022985826,3.3858012594736393,3.111519809035988,3.517198412698411,3.4655532368865707,3.6027283839584157,3.390528706984659,3.0148458730061294,3.445484126984128,3.3543851734685073,3.2976137505807492,3.3608237985264995,3.4387120405832925,3.5252857142857152,3.6270787268287266,3.807127077129227,3.641111979837753,3.31065435167352,3.251126984126983,3.2562250280583616,3.378468387022458,3.3944399014508697,3.204451786611926,3.422801587301587,3.4239847482764154,3.4336584643236896,3.464944460863619
audio_586.wav,2.5,3.4198022254510074,3.156039682539681,3.147606980981981,2.984274583217959,3.0625421427449986,3.4435766108951866,3.0378095238095226,2.9028254816171484,2.963452674600147,2.905606742753615,2.782811085383097,2.844174603174604,2.8455392570392566,2.990416802010165,2.828682531720423,3.014604412553517,2.830134920634921,2.8970555555555557,2.765983104263659,2.7768570781926734,2.979648214709938,2.802857142857143,2.738505872214207,2.6383141444494647,2.59870339511469,2.6685478687286377,3.4156031746031754,3.3418763998347334,3.137215383425978,3.2685720068383546,2.783015200729268,3.033666666666667,2.8786325957992625,2.788117965519198,2.878271250423867,2.585436581026267,2.882404761904762,2.807468935385602,2.705865683677457,2.6279147099770417
audio_398.wav,3.5,3.7132078743428547,3.7808015873015877,3.7944658921325582,3.9046496695733186,3.9329502397065546,4.341438650946707,4.082341269841271,4.074644488998655,4.392869530775073,4.362497326760351,4.574117024739583,4.472722222222221,4.56549719416386,4.577252044595262,4.690127008075336,4.574677281095508,4.49997619047619,4.5396116722783395,4.5331403789527265,4.500915490415003,4.631939848454546,4.359785714285713,4.284014704431371,4.488037124203149,4.474676195952347,4.309981346130371,3.8055952380952376,3.809389971139971,4.174366934557981,4.246422406743363,4.688225113730762,3.9202936507936514,4.068165706978209,4.331928153887286,4.345820635964397,4.6196183208813695,4.296325396825398,4.263850549142216,4.505543899647857,4.554234185540861
audio_726.wav,5.0,4.497223195031892,3.753960317460317,3.7389829815246487,3.755537478589859,3.5932500349138703,4.101436117903585,3.7812301587301604,3.73288171088171,3.960569247295535,3.7782355318074603,3.6501780351003013,3.632412698412699,3.4438593351093343,3.7437203128641805,3.6937849299932175,3.900152505504528,3.722642857142857,3.5533469416386083,3.6773419551515185,3.782482044417564,3.767310039470791,3.8240000000000003,3.5766441906858577,3.9595309578740525,3.820040413754531,2.7708562215169272,3.4895158730158724,3.3425316273232935,3.0576631464200514,3.1518799195254505,4.097552446773633,3.6947142857142867,3.651379048420715,3.7826599024368477,3.7474223972619516,3.714301238732751,3.7969999999999993,3.609088383838383,3.869159926318433,3.8617403053857555
audio_466.wav,3.0,3.5958532442615936,3.181896825396825,3.2542832830749506,3.062761265350094,3.199749949987751,3.879990271706751,3.2719126984126987,3.383323748782081,3.491588379568276,3.4838253206223997,2.941205898920695,2.950238095238095,2.979548206423207,2.8883909350617714,2.8888146788274796,3.1751266428867733,2.993880952380952,3.0476066217732884,3.1117219916861703,3.0916958220626114,3.5426207758058332,3.043722222222222,3.1375436507936514,3.262101933798011,3.3238959336719724,3.6411054134368896,3.5496111111111115,3.5043350461267124,3.4792454642601935,3.598693149731661,3.9057210935046203,3.424642857142857,3.4643683029933023,3.512334764312494,3.662090568700545,3.5993291285612847,3.12397619047619,3.1889564694564694,3.257538316624464,3.2864369036682484
audio_218.wav,5.0,4.582989149072713,4.25179365079365,4.184378928170596,4.423883690682107,4.305775454993998,4.657978249919577,4.490269841269842,4.457289414289414,4.590191307799294,4.462825980462823,5.0,3.86270634920635,3.727798881673882,3.9281408755662177,4.008343675601281,4.9825625833029585,3.8847857142857123,3.719420957129292,3.8889250363364076,3.9279511070346778,5.0,4.219539682539682,4.283766494308162,4.374999481542054,4.412662966872225,4.002461512883504,3.4210079365079373,3.3789210049210046,3.6524987365863297,3.480337387898094,4.790029445832556,4.424833333333333,4.500565035273368,4.468226633892431,4.451929387604901,4.990019120975074,4.12795238095238,4.227389069264068,4.365741144706172,4.298823538821891
audio_644.wav,3.0,3.7917681987826843,3.7375555555555557,3.8596777358444023,3.8994514989243476,3.8320548208790726,3.4326611414572135,3.316222222222223,3.07804769613103,3.3286229869951143,3.2484963431036533,3.778030792872111,3.943333333333333,4.003150553150554,4.07964722182781,4.1806902610393495,3.6256587886457243,4.0041666666666655,4.03524828874829,3.975766513472049,3.8727910194109376,3.5015751752623316,3.742373015873016,3.696879369087702,3.7097529952575656,3.8071085591447686,3.107072353363037,3.5911269841269835,3.609097718639385,3.787133164338279,3.851516946984289,3.4526377470426888,3.343309523809525,3.1440767534934206,3.3252323739731593,3.4004196786485203,3.581825350233499,3.711007936507938,3.6465789442039434,3.7460647856253524,3.75073975522777
audio_351.wav,3.0,3.7940033994321305,3.3000952380952384,3.3253653445320115,3.1389452128256177,3.1305274566296926,3.5254045586233205,3.056539682539683,3.038178440386775,2.86143541437799,2.952128175195135,2.578178326288859,2.8142460317460327,2.8490417869167874,2.901267946161088,2.7794637601829795,2.9520531822100136,2.8850714285714303,2.8658967251883922,2.9703581328509983,2.874162302701818,2.900865046210624,2.8330873015873017,2.8330702661535985,2.804789136075405,2.84672301417713,2.738508145014445,3.265912698412697,3.311689634439636,3.214963972786228,2.971117098090421,3.9377464054976237,3.0387301587301585,3.0685025853775856,2.8346977918890914,2.965329766008543,3.0735787255356626,2.9096904761904763,2.9146055996472655,2.8885879200363953,2.9251249323689943
audio_248.wav,5.0,2.923940400509713,3.2086666666666654,3.1068391916725253,2.862065771721827,2.8955057183109214,3.4730946256384794,3.3465793650793656,3.397882094757095,3.5667643608884703,3.5882427447338743,3.8109699885050454,3.6183968253968257,3.4257791359874687,3.5683817189386815,3.525871258529803,3.8189668331172975,3.3528888888888897,3.2742552509219167,3.4209830594151422,3.397098873413608,3.9797685298037706,3.35047619047619,3.3307626848460177,3.5646684304023393,3.6241158482326643,3.504216194152832,3.320119047619047,3.3200668590668596,3.2670083553023486,3.3393186945257107,3.1638675142247616,3.2336507936507943,3.3364882617382627,3.458269237861893,3.5163966383907503,3.606042365249562,3.2652857142857137,3.2678584656084646,3.5223730435292553,3.471652495145232
audio_83.wav,3.0,3.5525972533602954,3.383079365079366,3.404950590078041,3.542771756829105,3.6045028808338095,3.732763215838291,3.953452380952381,4.029238536155202,4.034197879019593,4.143605486483897,2.980437437693278,3.2419047619047614,3.248120751162416,3.2760856703388725,3.3840519865408076,2.753007507960904,3.189095238095239,3.1663857608440953,3.2245218230755186,3.3357833593181385,2.966299305082755,3.480436507936508,3.541887222345556,3.4679670163866176,3.6123974383362203,2.1261746883392334,2.7940396825396827,2.7356204520787855,2.380844854129671,2.362019882405469,2.8530821150674304,3.80465873015873,3.8954608447108447,3.746417196001462,3.6707813969832217,2.8016532288413463,3.471261904761905,3.4932831088664424,3.381931796799486,3.3923517639951712
audio_71.wav,2.0,2.8607875602759774,2.8318809523809527,3.067718878343877,2.909127172003189,2.934685551745259,3.0332364125618576,3.1762936507936512,3.1842105209605207,2.843295333154049,2.7624769207499766,2.9510865211486816,3.147539682539683,3.109457858499526,3.106476799009757,2.985593278760938,2.671884381534042,3.1040158730158733,2.991929178845846,2.908324452180196,2.8392513673165904,2.6430922114294497,3.2590317460317446,3.4238566556899883,3.180176817973876,3.082092103104262,2.6423643430074057,2.9789920634920626,3.0065392662892667,2.577691151186573,2.6356793792190363,2.4208167111442838,3.1617222222222225,3.137956484873151,2.7784309626265604,2.727808752720278,2.364375970183568,3.1865158730158725,3.3788790885040885,3.0782513941936522,2.9190397320857824
audio_287.wav,5.0,3.279059413199254,3.389690476190476,3.296305925555925,3.506430012743524,3.4541132922010767,4.13834123671293,4.271880952380953,4.258621716246717,4.472211344720477,4.4417285876966055,4.472044308980306,4.109103174603175,4.033732011815345,4.407740687909185,4.545940386146634,4.206916292800485,4.106015873015873,3.964258417508417,4.214767656143316,4.364318529039464,4.411077377924948,4.291198412698411,4.302939754689755,4.6133480871262735,4.564592905395219,4.138620058695476,2.947603174603175,2.9894380788964114,2.526783842115422,2.5527366363638784,3.8712494733445157,4.108952380952381,4.164532367324035,4.311080949351179,4.231111107311769,4.485056195702008,4.259666666666665,4.26161406340573,4.534840428608633,4.438985427592866
audio_367.wav,2.0,3.084176443799114,3.1803333333333352,3.269344555136222,3.3095335151870606,3.2222551501163355,2.9941444260439702,3.1380793650793657,3.213360144485144,3.061592761189561,3.071254190349324,3.0450151761372886,3.006357142857144,2.887889274305941,2.7692349792841746,2.7820973605346837,2.7531656296305083,3.0254444444444455,2.88889417989418,2.9426128894966865,2.879436661576584,2.439279722361876,2.9899841269841274,2.8971531786115112,2.8117204210103472,2.70410694758939,2.3005468448003135,3.2298650793650787,3.107397290980624,2.9315237951957496,3.027672562090937,2.8980430650041646,3.0629047619047616,3.0390072751322754,3.0201369673187997,3.0036955719958676,2.895953938770378,2.927642857142857,2.8301694524611194,2.7725826310016326,2.619563896640681
audio_166.wav,3.0,3.2491159522743978,3.168515873015874,3.130261115427782,2.971331136104545,2.8817140821283265,3.4901502854873705,3.4523492063492065,3.5094454002787328,3.1572144057144533,3.2453537928031184,3.269319772720337,2.9583253968253964,2.924552734302734,2.7673800663361536,2.8094589945441784,3.3155701340016255,3.0108809523809525,2.981617516742517,2.821066184920388,2.8034346732782875,3.355166339166735,3.1988730158730156,3.2369229597562934,3.181268714615302,3.1681197190369192,3.404829978942871,3.1266666666666674,3.0399133859967193,2.9274924105670532,2.9992090685172683,2.665401635339651,3.3862936507936516,3.4025599631849626,3.2551119435341302,3.2775093419817978,2.909113378867982,3.2143015873015877,3.209086157669491,3.0914786105001117,3.038750976566322
audio_94.wav,2.0,3.2235600030195,2.429865079365079,1.8927410968660967,2.167653772344548,2.196780601881496,2.4920820075840333,2.256357142857144,1.7281285196285197,2.0985494535208926,2.0395882665887926,2.8111573855082193,3.3931984126984127,3.35736197290364,3.0941011345972718,3.2237860596587935,2.3648925701030765,3.2165476190476188,3.2013418109668117,3.1100456747571923,3.130587219743852,2.2101894476636423,3.0740238095238106,2.999361992945326,2.931424484013677,2.8468425355783946,2.9776981671651206,3.4044523809523803,3.3702391420308087,3.542660915140532,3.4751094572065035,2.235066218740024,2.1210158730158724,1.6644922793256132,2.0314802674638717,1.9674460258975213,2.3931615212936665,3.0226825396825414,3.0780533509700176,2.7461017890562647,2.7681821128387063
audio_108.wav,1.0,3.0318318615452178,2.6612142857142866,2.6876415143498473,2.7568882925604528,2.705196310422199,3.3532775371162558,3.018039682539682,3.182281029156028,2.971735238447668,2.9609027512748463,2.7904308636983237,3.1925000000000003,3.161862398404065,3.324040960522941,3.2616814267740684,2.8256042123920158,3.047801587301588,3.024323640865307,2.9861884044718336,2.969799747862304,2.7420985982022557,3.0620714285714272,3.20450371696205,3.1605267098009597,3.0721206735473654,2.9642624855041504,3.2921746031746024,3.3201466003132665,3.066274269970902,3.220992943483252,3.3026575958057354,3.135039682539682,3.297722823472824,3.123408885199869,3.007003345433818,3.0479499103814383,3.129515873015874,3.2549857688607684,3.1195711478369645,3.1055441566066855
audio_511.wav,4.0,2.802671009350164,3.037015873015873,3.1455019363352688,3.0767717279185294,3.0157188879658574,3.7979049736708212,3.7902222222222224,3.820280646822312,3.7433082413604097,3.7912362186163744,3.0913151105244956,3.2090873015873016,3.221282311823978,3.299390143136735,3.232636125132062,2.83971025813154,3.1892698412698413,3.221955311663644,3.3261939124968216,3.2165230445455926,3.0627400090781656,3.3756904761904765,3.54505294396961,3.5593186863277197,3.532717442294595,3.672471761703491,3.420785714285714,3.4605678179844843,3.810130783414147,3.7499901338386987,3.6240942282152617,3.7869365079365074,3.843281813865147,3.8176125736633586,3.918873207208811,2.987651901883183,3.4570952380952398,3.5173510617468953,3.5328836823696883,3.5394226344344712
audio_5059.wav,0.0,0.07700706471725693,0.008603174603174604,0.07177006172839506,0.024359778796048948,0.0,0.6934391534032437,0.04274603174603175,0.07292195767195768,0.003424956251676403,0.01692716622216701,0.0,0.028079365079365082,0.04340199615199616,0.0,0.0,0.1699087746893365,0.027198412698412697,0.04502314814814815,0.005522572043416954,0.0035525700651260496,0.3807793091961975,0.012825396825396825,0.05577976190476191,0.0,0.0,2.530794699986776,3.3568968253968254,3.324989043364044,3.3030579892550307,3.21696415503002,0.4222626112602382,0.02784920634920635,0.07105577601410934,0.01741123178285276,0.06953255351699082,0.67343110691517,0.011944444444444445,0.0420978835978836,0.0020942256630082767,0.0
audio_310.wav,5.0,4.5360830247221955,3.7781904761904754,3.70330953614287,3.7861160200972463,3.934185363831361,4.24972841838636,3.704563492063494,3.4786277287527287,3.8625937936344314,3.731336996142946,4.618820508321126,4.261166666666666,4.358416458541459,4.579595042726701,4.546795892444947,4.670685878163915,4.0949206349206335,4.246618145743146,4.241671446584191,4.325236794267723,4.477831505819098,3.965984126984127,3.8624103334936666,4.209114033083252,4.188341656390832,3.8342262903849282,3.3619841269841277,3.3351150778234113,3.263014562837816,3.3727073547945547,4.613197779341531,3.583007936507935,3.3385975629308966,3.566593851662997,3.507073154057,4.508684968489765,4.031746031746031,3.8022669429336085,4.1292745405394715,4.096256726803369
audio_50.wav,3.0,3.4297084933548967,3.162626984126984,3.169993193534861,2.912051238009811,3.087741504029617,3.281425184867006,3.2224841269841265,3.2754205347122016,3.1787373400835377,3.1918859960146686,2.6318633556365967,3.1994206349206347,3.194499700916367,3.0762001027792105,3.04677274335435,2.7571672715268343,3.0853968253968254,3.120543951418951,3.0208904715483675,2.908219059632417,2.8581629464328517,3.121595238095239,3.2174357463524133,3.2784620342381614,3.1371623636068975,3.4920691649119058,3.4039920634920637,3.430353475228474,3.445644954841345,3.1566401488942444,3.3832980890847844,3.252531746031746,3.324857267732268,3.2623903337878204,3.320164973809131,2.935468231909754,3.165063492063491,3.333855920314253,3.3182849290766736,3.219824524366133
audio_6.wav,3.0,3.5737813166996104,3.3290952380952383,3.4252730294396976,3.443866182571242,3.351464757256196,2.906015195606326,3.002047619047619,2.8748939717689717,2.750890469902368,2.739091727015978,2.945258378982544,3.818611111111112,3.8998192841109507,3.837510020614431,3.6066689146865407,2.8330877320308314,3.610666666666665,3.763381072631072,3.7028766566997775,3.4925088219333413,2.607285064866053,3.3366031746031752,3.349907396615729,3.093863876731875,3.037219904181694,3.2139155864715576,3.4126984126984135,3.3540666848583505,3.3735280621963373,3.3828898317356106,2.996541673208719,3.1456507936507934,3.1034700176366847,3.2274803276719735,3.1767799328228974,2.353373555529894,3.36865873015873,3.3253496256829584,3.1794148993575306,3.148178614324513
audio_515.wav,2.5,3.497079397249608,3.740563492063492,3.732474551682886,3.700368078783725,3.610938293925108,2.8191502440568157,3.3076111111111106,3.2933969055635717,3.2174408629855584,3.247303437954912,2.6578620274861655,2.955563492063492,3.061908585241918,2.562093612144158,2.6274558053082777,2.487496020104632,3.0421428571428564,3.1247982105040912,2.714312168764307,2.8578310277847785,2.453904864801689,3.0471111111111107,3.079155864197531,2.8631982665170175,2.8654287820959063,1.8635099331537883,2.778349206349206,2.7724201539201547,2.24930270225486,2.345425742484777,2.569323264790645,3.247444444444444,3.1409116762866756,2.9249824051827953,2.9374162933785026,2.5331920043903597,3.013039682539683,3.1000954863038195,2.816237768222367,2.8619407147624507
audio_742.wav,4.5,4.500235653520267,4.1269841269841265,4.026404501362836,4.283762680338808,4.426323164479297,3.655417122472306,3.5096507936507937,3.345341090236925,3.407330095240802,3.4857690055089328,4.652661641438802,4.09295238095238,4.097109347442681,4.232832573525891,4.182567476086953,4.327698696114184,4.081111111111112,4.115672406297406,4.2718518095931435,4.37814527126985,4.137769796751979,3.890642857142859,3.8209968133718135,3.864594917156675,3.7826259766132715,4.543105920155843,4.05681746031746,3.9859200937950945,4.154236314202772,4.065811243735212,4.424692643787902,3.451928571428571,3.338961358086358,3.4912868100677823,3.4498437352573013,4.683065634732462,3.8433412698412686,3.761621145285362,3.693783822851021,3.804567250714433
audio_545.wav,2.5,3.4707371192484384,3.1263571428571417,3.218628387045053,3.086869586660599,3.0948516706571305,3.1200514271747815,3.141119047619048,3.093541908708575,3.233422398086905,3.1521565843508994,2.658942937850952,2.8677698412698405,2.901184712437163,2.7995299624742107,2.810874724571619,2.9632738051510454,2.9217857142857135,2.8992223625140294,2.851250572451136,2.847666120906315,3.0399179139696337,2.9347142857142856,2.9483438490521823,2.9775017084809057,2.8880233766830803,3.6473958492279053,3.8156428571428584,3.7922413173246494,3.9385579918632057,4.080485863206644,3.435966880309749,3.242388888888889,3.136506666173334,3.0994182576540337,3.2451478785545564,3.383915859126953,2.991015873015874,2.955757435465769,2.976915809951112,2.9549184269993845
audio_489.wav,3.0,3.4753606727461097,3.2089126984126985,3.1856060606060606,3.0372128015928985,3.033367150403086,2.413512269844881,2.874309523809524,2.8526731170064488,2.7243198329716853,2.686959311472396,3.0121492544809976,3.0693174603174604,3.037366235616236,2.871956611364478,2.82587922545815,3.0097528124295665,3.1502698412698407,3.055091851050184,2.9776527103932846,2.9573743361485643,2.7044162805366008,2.91368253968254,2.8921097883597877,2.690637780638143,2.6744865142747436,4.069664557774861,2.9973095238095233,3.023002775773609,3.1980308454005724,3.2329438333254097,2.873391047711175,2.7996825396825398,2.757222812681146,2.4361979275951473,2.6543577839621375,2.9240791385922003,2.854619047619048,2.802119608786276,2.6725363148258325,2.6742607849267857
audio_697.wav,5.0,4.008156672713983,4.245396825396825,4.297273308481643,4.378475637771025,4.42089831358884,4.808629821863647,4.726174603174602,4.801618674535341,4.716167978421601,4.7854344285378305,5.0,4.814801587301587,4.783754188712522,4.990907952351265,4.9966890778930475,5.0,4.82913492063492,4.804822530864197,5.0,5.0,5.0,4.859531746031745,4.918827841911175,5.0,5.0,5.0,3.5816031746031753,3.6170805475388796,3.9637324249494745,3.8462804833375253,5.0,4.600412698412698,4.655466169632836,4.7463774009640245,4.745177586180782,5.0,4.829309523809523,4.8444292328042335,5.0,5.0
audio_225.wav,3.0,3.372971026976161,3.2912063492063504,3.2775357466607473,3.64192081961799,3.569596641536524,2.989865314862751,3.1799206349206357,3.0125538304288306,3.3254896899141286,3.1930637886836024,3.185535430908203,3.5418253968253963,3.3437415007831675,3.605814917269934,3.4551401657053815,3.1536179607222805,3.4532936507936505,3.3823863173863167,3.518362648313476,3.3982462117965473,3.080227330232178,3.3253809523809523,3.1352229437229426,3.184035151981231,3.1878276760679642,3.387477477391561,2.9478095238095237,2.902108101774768,2.6031924301747114,2.517281560630483,3.558239570204447,2.945777777777778,2.793175805675805,2.845966148912946,2.8082041463656036,2.9229484408193245,3.292484126984128,3.061044572711239,3.145220519095401,3.1014328636291424
audio_553.wav,2.0,2.9268935440875343,2.937301587301587,3.012340119756786,2.763792505828587,2.950612114666803,2.8790337084472273,2.979396825396826,2.807718193843193,2.568155682914256,2.748098232251841,2.4107015132904053,2.65513492063492,2.7113642376142377,2.700101213293775,2.6798701274018204,2.3009585626850306,2.625198412698413,2.6815269159852497,2.5719865572662712,2.5312308135194037,2.380771165517162,2.6616746031746032,2.6215979036395702,2.470808522839931,2.463412513348683,2.339724540710449,2.888722222222222,2.9721262795846126,2.8743378664355013,2.849848417184308,2.7742806640637667,3.0280158730158733,2.9435990598907273,2.6955961152340264,2.935790586806052,2.8816094961025627,2.730452380952381,2.6366681697931695,2.5576074668084465,2.5563004706055543
audio_237.wav,3.0,3.2487102649403083,3.437039682539682,3.4406668069584723,3.452176644773099,3.4695353454883224,3.2993094186048544,3.1537539682539677,3.096568564151898,3.118644387722705,2.9791351177188514,3.7320573329925537,3.2196111111111105,3.1482505303338635,2.9564199595282985,2.93148730223902,3.5825925133924312,3.2071111111111112,3.075303634636969,3.003051410496125,3.1399196975491037,3.661417841731467,3.0978492063492062,2.9619732243065577,2.936606369983481,3.03082635335163,3.6677215099334717,3.4985079365079375,3.4581350563017224,3.234815130981087,3.207681174491018,3.8171007826487973,3.3936507936507936,3.38919269310936,3.5792486085877493,3.4556402825238273,3.9580101881782697,3.2177619047619057,3.047754789963123,3.03728666648245,3.1545103584203886
audio_197.wav,4.5,3.677761670439081,2.981182539682541,2.889300734759068,3.0683082741918404,2.97237375955102,4.493386178441713,3.5600793650793654,3.5748662756996104,3.8996348772186384,3.7882553672669794,4.904327233632405,4.089666666666666,4.167425478842147,4.552568566548794,4.557673316578704,4.8853174397737265,4.100507936507937,4.134698352573352,4.552956762740869,4.4966618198782236,4.944119271351309,4.20872222222222,4.26997448693282,4.673657843271475,4.487467534957852,4.74108091990153,3.6042460317460314,3.596493344618345,3.9491107042749456,4.126955701320618,4.734752327130492,3.6173095238095248,3.6720340122840134,3.7126294134316304,3.7915062476492345,4.894913449213477,4.163896825396826,4.227476765518433,4.533853472177648,4.511775343886048
audio_449.wav,4.0,4.081799505341081,3.423873015873015,3.391757876382877,3.6152158205136664,3.6940471444877496,4.007093965738397,3.604880952380952,3.674090002590004,3.784088779540769,3.7379413141426947,3.330177148183187,3.084174603174603,3.00689884189884,3.0525101939046597,2.9225517010346764,3.740773299070584,3.096849206349207,3.0363734567901233,3.0263624812530225,3.0828623177116725,3.663846972910607,3.1728174603174604,3.1833821564238236,3.1845132089426476,3.200751011093724,4.151393493016561,3.6509047619047617,3.727653113861448,3.9454355773635457,3.87128816815185,4.524861295629264,3.689190476190476,3.8303641512808184,4.089130940914961,3.9936807572259325,3.874473960287444,3.1932063492063496,3.272799974716642,3.330869602433991,3.3444716093830706
audio_567.wav,3.0,2.6243731071489687,2.7967619047619046,2.8359968981635646,2.7039408658594755,2.708958064525486,2.52777477701493,2.7304761904761894,2.6936438253104917,2.5258849307072153,2.649867113504817,2.0660245418548584,2.563071428571428,2.638761661178328,2.5487068465580003,2.4736829305374943,1.95871905826632,2.5995634920634925,2.632894921436588,2.5712949812366848,2.455321459197357,2.158297085863276,2.597865079365079,2.538444859153193,2.5473934365134054,2.476749272566661,2.2088116804758706,3.0294999999999987,3.086816498316498,3.031410773564204,3.20609901896286,2.534319934649481,2.7482142857142864,2.7004739643072972,2.697900911237605,2.636453294858447,2.2018643451603737,2.5560952380952386,2.5762241662658325,2.5495756410149784,2.4773281943742265
audio_477.wav,2.0,3.7065574571723716,3.808968253968254,3.906802344260678,3.82820092094955,3.723130018735601,3.563414778374757,3.45115873015873,3.3387061888728553,3.5421304157126925,3.460614685107585,2.6173946857452393,2.755563492063493,2.7686217054550384,2.5196582772455827,2.2698426562535077,2.9004862573046766,2.8303571428571437,2.8323229594479593,2.3520206479548427,2.4781598503178786,3.0114924915202583,2.895912698412698,2.897683729850396,2.5990953539539174,2.5625527572091205,3.017488161722819,3.253722222222222,3.355115359948694,3.3478909278030744,3.251680695089481,2.564527989061465,3.427126984126984,3.296928371011704,3.2756116055540088,3.197313414929694,2.11439402495549,2.9510873015873016,2.9391731601731608,2.7687727807169096,2.5822541815502773
audio_728.wav,3.0,4.03459105484069,3.8082063492063476,3.9880461560044886,4.086975313484068,4.09880196426102,3.7940545119793883,3.6094841269841282,3.726713504088504,3.9408310856329876,3.7838494182258997,3.2851405143737793,4.055309523809523,4.046550807217473,4.101173216674547,4.049695065435914,3.6181103078757464,4.04815873015873,4.029910339660339,3.8714914366359405,4.034060239571822,3.5860871397698406,3.8415238095238102,3.922041037666039,4.025639733713554,3.8593551486557125,3.5858681201934814,3.611579365079365,3.5904988159988154,3.8751423688039623,3.9742039636354654,3.5435537708964717,3.4901349206349193,3.5210591676841667,3.5208839668075114,3.446961854198708,3.745354956850957,3.728499999999999,3.820465603840603,4.007764560445296,3.9350591792897447
audio_377.wav,4.0,3.3408632494103294,3.3250476190476186,3.3280469391719407,3.395930873154731,3.3486937985315177,3.369059931919479,3.420119047619048,3.385760521885521,3.606694429256749,3.583371342753398,3.897996743520101,3.894484126984125,3.845049102132435,3.8303427916071393,3.881798728726943,3.4311081340936114,3.8345873015873004,3.814586721920056,3.789073144607046,3.7831774036613264,3.6590297552304474,3.8423650793650803,3.8008529040404024,4.009110865700315,4.038847153567198,2.9875030517578125,3.50997619047619,3.454735850569184,3.362843604263109,3.230354448440707,3.870252688912147,3.4297539682539697,3.387116459158125,3.642683056195564,3.667932996082083,3.9734027328240487,3.8091507936507933,3.802304767763102,4.150699731690818,3.9926787759463416
audio_633.wav,5.0,3.973409872366178,3.8040238095238084,3.7335404641654644,3.8067348093021462,3.812841463791399,3.756042963520469,3.7983253968253976,3.59049987974988,3.5253704540945106,3.6098199998060885,3.4144583543141684,3.3133650793650773,3.4308392255892244,3.2015237655745885,3.2957042873028386,3.2531046468736307,3.4239920634920638,3.4940420875420872,3.3257978252785563,3.3003270454158877,3.228032598055135,3.5226190476190493,3.3510181577681575,3.5270906210380253,3.4612299964691355,4.535508950551351,3.5825317460317456,3.51380540447207,3.817091317839092,3.7329226363133965,4.419071796088893,3.8294365079365082,3.5512776174442853,3.681818613776836,3.74220783607529,3.591098447140991,3.579222222222222,3.3965812412895744,3.4738940791587787,3.4501837591236395
audio_690.wav,4.0,3.1454325506601264,3.3977222222222228,3.4568616645699977,3.073155983910734,3.071255661895897,3.403739962595853,3.2159682539682533,3.043401971485306,3.043874245344932,3.1469255104670837,3.09555991490682,3.099769841269841,3.0767803878220543,3.216052601977433,3.2328037483697334,3.349478266214438,3.098841269841271,3.1146015743515747,3.302375889460747,3.233839607257922,3.6779554838344986,3.053730158730158,3.007527316818983,3.2376273550115138,3.0762638342388726,3.6299177010854087,3.421714285714287,3.4552655523488855,3.5703414945129555,3.3600191782863607,4.135327670108696,3.185944444444445,3.1057236282236285,3.1464950546880672,3.2188632659098837,4.246814281725615,3.0295079365079354,3.018889200305867,3.032473216110114,3.1277584146193647
audio_525.wav,4.5,4.3988287437069316,3.852563492063492,3.8450755725755728,3.9340288783526645,4.080464283227649,4.844693867267615,4.529952380952381,4.533243165784833,4.720781594518816,4.73255186036824,4.230259259541829,3.3776825396825387,3.3781373318039987,3.523213337953153,3.556771071753921,4.361030081841524,3.475825396825396,3.447838297504965,3.580143370972415,3.6364140336206554,4.441224384248884,3.6729444444444455,3.7701763668430335,3.9906592632418323,3.9954591498403196,4.142838478088379,3.3435634920634913,3.3165082078415407,3.209066093423857,3.1601214583437858,4.8724854655901035,4.419507936507936,4.379513077971411,4.438600519831927,4.474462401914502,4.365006352664679,3.6680634920634922,3.7611179653679656,3.8658741929291836,3.9259293638279806
audio_31.wav,3.0,3.248275554569362,3.1571349206349217,3.18971781921782,3.0802158337211476,3.180624701006727,3.258221791964559,3.5048095238095236,3.6397155082571744,3.78588116438838,3.685527349327977,2.2435218493143716,3.059190476190475,3.0617739004822337,2.88025422835427,2.808151789430666,2.1033925672802436,3.0507142857142857,3.1430416404583075,2.899290766728093,2.7539507458065415,2.1763967446939905,3.1366111111111112,3.1593014670514665,2.9764069775791016,2.9873100175753193,3.932309865951538,3.5113968253968246,3.412895709229043,3.8031331365278507,3.5213440257070636,3.4607034080257133,3.5802063492063496,3.6246202501202496,3.6284422639518623,3.7338151843334964,2.799964174736072,3.213936507936507,3.183758667258667,3.0196971045942007,3.011097073480689
audio_676.wav,4.0,3.6228309416503888,3.8392857142857135,3.891897571564239,3.7063112212854663,3.7321869555434115,3.8738406909026075,4.0001349206349195,3.9825478502978497,4.119495396397125,4.053486325020227,3.755513827006022,3.98965873015873,3.9568076198492856,4.122332110809249,3.9915075552066277,3.61975038175427,4.126047619047619,4.068757215007214,4.157887379957892,4.124558956253818,3.7694813207451277,4.108769841269843,3.951462081128748,4.0877369920922115,4.133345533738626,4.2129364013671875,3.4404841269841278,3.5491480294396958,3.6073209675763818,3.6947125705947648,3.9952746741300715,4.048492063492064,4.0712479357062685,4.345491119239381,4.25674869586572,3.711268499664745,4.116269841269841,3.979179447096115,4.315021498413049,4.23682041985433
audio_263.wav,4.0,3.5501070181290735,3.385047619047619,3.5849850489017143,3.43211444494546,3.3651767164325292,3.828670368741999,3.7275158730158733,3.728194820611488,3.840679736276797,3.8331317292801805,3.2313778400421143,3.44586507936508,3.3309980359147033,3.140541120758472,3.1820033171258255,3.1665722176330697,3.431547619047619,3.3489753888087215,3.2620683677375584,3.258802435943565,3.2833661913493164,3.489253968253968,3.4466774891774885,3.5859766803098267,3.5466497784894266,2.3686749935150146,3.148436507936507,3.16833644287811,3.173737627372889,3.1454006772563026,3.4920177408570363,3.658396825396825,3.5096365440115442,3.635646746796253,3.697834268477248,3.194957198596424,3.4990476190476194,3.377435638435639,3.4370861609960186,3.433264953975632
audio_5070.wav,0.0,0.0,0.10182539682539682,0.1969527817861151,0.04161295998710878,0.038785023609007103,0.0,0.105,0.1809546857463524,0.0,0.0,0.0,0.025396825396825393,0.07570679012345678,0.008100903482836156,0.0015502381498839308,0.0,0.01684920634920635,0.09582671957671958,0.007367273568550832,0.004194674631016109,0.0,0.043865079365079364,0.09437588183421515,0.0030358745070111492,0.015735468526063133,2.5327184200286865,3.0535793650793646,3.0094705680122344,3.1983976873195847,3.260111081860271,0.0,0.09484920634920635,0.17650418871252205,0.04712237982385389,0.07845558378902663,0.0,0.030309523809523804,0.051009259259259254,0.023800879787001333,0.011456989772316522
audio_510.wav,3.0,2.821480052079458,3.1571031746031744,3.205911221494555,3.121260929363352,3.064687423271677,3.644681661639274,3.7011666666666656,4.026430803764137,4.0124680838173346,3.893870972227308,3.0229801336924234,3.2461666666666686,3.307288399871732,3.0716394947100603,3.118339105887852,3.0735336318260287,3.3209999999999993,3.321739475031142,3.129298952793253,3.163986680546713,3.1805938598108487,3.5367619047619048,3.7651098885682224,3.7247577048364717,3.6626303202040726,3.086646477381388,3.0774523809523804,3.101174837508171,3.0712658692485717,3.016694125632591,3.0947344375629267,3.7780396825396827,4.075965650090649,3.9546178986130722,3.9893383957168638,3.131642597611728,3.5505476190476197,3.7612066082066082,3.8052142910788582,3.621313454526819
audio_577.wav,4.0,3.635944202493768,3.011650793650792,2.9838649375316035,3.128217428055404,2.9697247829451197,3.9085783544682045,3.1393650793650796,3.044539594664595,3.134700026176349,3.201835129583829,3.902590274810791,3.7128888888888887,3.629869909411575,3.617446965363276,3.4791777772030312,3.9508799182099117,3.5920158730158733,3.535838596588597,3.5210900731281423,3.4260571757804676,3.9414048077567023,3.5292619047619063,3.387430054513389,3.419066242153099,3.218396898183545,3.799922545750936,3.779198412698412,3.8213472592222595,4.084708323531023,4.152508330805317,4.211582303932892,3.1750714285714285,3.1747604771771436,3.495737038708869,3.5118292160820883,4.252011849375887,3.541928571428571,3.4248647324897337,3.6859754098574977,3.4286234518755543
audio_230.wav,4.5,4.269228132927316,4.178428571428571,4.11421352413019,4.298130434940332,4.254455563422839,4.963997119584464,4.632015873015873,4.639626791418459,4.712184793844789,4.793278310115228,4.9821516672770185,4.105436507936506,4.117526455026456,4.395164373419853,4.360048904483556,4.982371424333427,4.099873015873016,4.077468383468383,4.205804601841096,4.264195037518625,5.0,4.299944444444446,4.304802723511057,4.337815074998166,4.378454601242882,4.366541862487793,3.737111111111112,3.7575865770032437,3.864787247272165,3.8742641409877123,4.8881245579328265,4.500460317460316,4.506554693763027,4.5660887232544995,4.615518929176461,4.985801013719392,4.287206349206348,4.3190135682219015,4.285395337436673,4.387772707293438
audio_314.wav,3.5,3.7588376280921634,3.944952380952381,3.9839292574709257,4.194447677236176,4.1495839683285025,3.0588948803806737,3.291992063492063,3.236301841676841,3.5013380839223025,3.4174254737648995,3.6925700505574546,3.276928571428572,3.1659004930254935,3.6067705337194784,3.3784133924241044,3.8162116632450576,3.2274603174603183,3.236866736658404,3.4498345381408817,3.3973955406368455,3.7394734944683967,3.112571428571428,2.9682957551707556,3.1965143055032965,3.087905664791158,3.2111542224884033,3.4387222222222213,3.2665312095312093,3.573985742854098,3.365945928688729,3.1262125746451903,3.2186190476190473,3.137878254461587,3.439137614649543,3.453385980053108,3.910930885334752,3.067539682539683,2.961326098284431,3.1762819752178384,3.156056799096684
audio_641.wav,4.0,2.2470373355901585,3.13613492063492,3.073166105499439,2.86656688636395,2.985300488803537,2.4642065218467075,2.8970873015873018,2.8957260101010096,2.662141456376684,2.801200561118696,3.233846584955851,3.19486507936508,3.2190108826358816,3.061733003778727,3.1861356648059886,3.2235291906764902,3.07802380952381,3.1004494486994503,2.939373170006757,3.0406891740331736,2.8737629521478243,3.0259999999999994,3.0208503425586755,2.8477370996518516,2.9569656317669115,2.673462231953939,3.5473571428571433,3.574346997138664,3.6094517944035496,3.5696893532425817,2.6493979302243975,3.0248571428571434,2.9386968725718714,2.829844201355773,2.9566452278224262,3.1005311710673396,2.982587301587301,2.9710263209013212,2.8226873801030155,2.980643279696869
audio_689.wav,4.0,4.109658799759235,3.725388888888889,3.799541907166908,3.656621638473727,3.5685197023238238,3.7359615721205937,3.631698412698412,3.677120576953911,3.457206513233904,3.4963959617478744,3.9916138648986816,3.3957063492063497,3.3371356359689694,3.5558848061598254,3.5887484629780673,4.200206698549933,3.3972222222222244,3.3561724186307518,3.3828939691834194,3.549904098977695,4.014294755518828,3.4909285714285723,3.5482431241597916,3.57059116776674,3.5820007303621395,3.8218448956807456,3.6011428571428574,3.6597136335886336,3.45774488577223,3.637976890474468,4.347148780589978,3.584269841269842,3.5768670634920645,3.51681776543591,3.5982165616792714,4.2501043771605,3.434833333333334,3.551475433517101,3.424898494326549,3.5895152773256016
audio_352.wav,4.5,4.296127233283153,4.033968253968255,4.032909667493002,4.053358857098442,4.12500299197273,4.372636742480701,4.091976190476191,3.977554302179302,4.304550951717576,4.359444439081922,4.408320903778076,4.15579365079365,4.317463078588077,4.564989422146252,4.400325539240758,4.250656548508862,4.342103174603177,4.3258924655591295,4.41172631098698,4.514944609851519,4.354996340629378,4.0949285714285715,3.9542671055796057,4.335335889546042,4.212677440781881,3.7978692054748535,3.222111111111111,3.2031381118881117,3.4661367477719414,3.3760751497388033,4.252544207051067,3.8161587301587283,3.7093322310405643,3.9185685356130815,3.911596059343499,4.349505565598252,4.0122380952380965,3.8749917998668004,4.226719877551022,4.100597916822648
audio_193.wav,4.0,2.9592799039297497,3.55570634920635,3.522299965466632,3.463075056263621,3.480281925280646,2.8964331988363496,3.582571428571427,3.635659371492704,3.5850909650861844,3.690711845775928,3.8675730228424072,4.100936507936507,4.10839119368286,4.020410374108326,4.078509679471093,3.316867378381783,3.8585317460317454,3.8251609948693286,3.721091193131891,3.773597419765526,3.365678410372695,3.715103174603174,3.7916749438832773,3.7926280057084125,3.9115832584587467,3.8752421538035073,3.822515873015872,3.74061868378535,3.9229505201097834,3.833647118328138,3.418076777458678,3.5522857142857145,3.649597522847523,3.5930092549825825,3.7159985301862126,3.7161816995595363,3.795722222222222,3.7879043209876535,3.7371614199472822,3.8550233597368972
audio_5049.wav,0.0,0.0,0.0026984126984126986,0.01572751322751323,0.0,0.012551922624893125,0.0,0.0058095238095238096,0.01012037037037037,0.011003647392813466,0.009244784875120171,0.0,0.0,0.03167724867724867,0.067525349680293,0.0329494522691795,0.0,0.0,0.020925925925925928,0.017329477902854083,0.026216802408386326,0.0,0.002142857142857143,0.02735185185185185,0.032363687167917855,0.03849420076687144,0.5586952368418375,2.5984206349206356,2.7302114690864685,1.9909419448542949,2.0173731089907414,0.0,0.005714285714285714,0.012235449735449737,0.0,0.007467045906128465,0.0,0.0,0.023888888888888887,0.03337256203961123,0.034876558542587366
audio_300.wav,5.0,4.071058225167762,4.120007936507935,4.170880016588349,4.212619349733058,4.244043316133049,4.472598686922747,4.46911111111111,4.474572737447738,4.567578065623212,4.6514581366381975,4.818923632303874,4.751865079365079,4.7681836620169955,4.903900931328782,4.877552931349228,4.989882704590835,4.7376507936507934,4.757155423280423,4.9143199318664985,4.9353136723981486,5.0,4.783198412698411,4.749522847522847,4.818904969493572,4.935811515730925,4.7061662673950195,3.7714761904761893,3.781321115612782,3.950108356879099,3.979653512394839,4.897060291343973,4.42813492063492,4.4641056998557,4.554151485121883,4.5303077791592195,5.0,4.721587301587301,4.69958950617284,4.884780538254179,4.932439564324825
audio_581.wav,1.5,2.71347596166337,2.6933015873015873,2.754692207483874,2.714400301579108,2.8139110008340302,1.953359065305883,2.6015714285714293,2.6449180688139022,2.3533409404492818,2.5036822171028175,2.632879892985026,2.7592222222222222,2.5861865680615677,2.4764506916007325,2.366918269105719,2.3777560190313505,2.7385396825396824,2.610937723339038,2.38035843414522,2.4017938580193725,2.1697814617593667,2.685103174603174,2.6177485647068974,2.3539206120157217,2.370448778986492,0.6409939130147299,2.6945158730158734,2.5899681528529563,1.995075938332679,1.9034213084613567,0.32192350146966575,2.75723015873016,2.76516476270643,2.3267573437629387,2.393110416024425,1.5313144352556518,2.8188174603174603,2.6841461023544357,2.394309346625285,2.4185734155224856
audio_164.wav,2.5,3.0965827184845067,2.93115873015873,2.9841721380471378,2.968157105303309,3.048540238257529,1.9974001634879277,2.53915873015873,2.5394498217831547,2.3483465417203453,2.363030555686868,2.2419676780700684,2.578650793650794,2.6220987854737863,2.43370246889519,2.4077829826936674,2.3599014337989805,2.652936507936508,2.696391364808031,2.635413664131202,2.5113606926156478,2.0996466509733933,2.546785714285715,2.6031902526485857,2.5163628518905745,2.3589183935104003,1.5234766006469727,2.6360000000000006,2.4940030216696885,2.1907498493931783,2.2455224429253615,1.2218862821397571,2.5962698412698413,2.6314477914061243,2.502385664934001,2.464126840148614,1.0871627845370357,2.6002460317460323,2.6249134646217978,2.4661485947440998,2.4276012230610973
audio_502.wav,3.0,3.6343178490681964,3.5290158730158727,3.5201208976208975,3.322464476680352,3.2687805811321575,3.438461034582689,3.3366746031746026,3.2404528819945484,3.2404008907937136,3.169213209233343,2.8168007532755532,3.017000000000001,3.0608146945646943,3.087656853468666,3.023896581266495,3.304948657416688,3.089055555555556,3.13472242263909,3.11289840160023,3.066911971052036,3.4463643310513685,3.050904761904763,3.0245818502485164,2.9981431179245566,3.0628971514365393,3.656072457631429,3.1708174603174606,3.0487001208667883,3.296156874541532,3.1156075076473435,3.5914771291165066,3.2327936507936514,3.109576272492939,3.072918518483075,3.0875962270047324,3.5749990013547603,3.02313492063492,3.0072228635561964,2.9390779805957905,3.070656014512013
audio_380.wav,4.0,3.3133641134442033,3.720619047619046,3.723258395925063,3.250610487435786,3.4785472436501252,3.5207735750567295,4.078174603174602,4.247893888518888,4.056563870619525,4.134262221480323,3.515744606653849,3.438087301587302,3.340097122013789,3.2002686688455504,3.2486163188864716,3.3538394975258634,3.4320714285714295,3.4062533284616614,3.3531944467228993,3.298631017148624,3.436811590324613,3.776150793650794,3.879857062690396,3.8652449225621286,3.765066365910283,3.630986531575521,3.3495714285714278,3.3671164344914346,3.474511399846536,3.5656382680176635,3.5033491327361492,4.097738095238095,4.32818594676928,4.254657044622654,4.28426320660268,3.503532989998339,3.752039682539682,3.9001807158890487,3.869646688732924,3.801295891587602
audio_15.wav,2.0,3.965852892412306,3.295103174603175,3.3574664455914465,3.4675038002284615,3.40623429354214,3.324878552626179,3.0471507936507947,3.24480087967588,3.2292875240316223,3.1777120620891233,2.7061681747436523,3.5072222222222234,3.5726091239007913,3.3546633696718757,3.181482090904881,3.1925221802620185,3.295634920634921,3.5553893899310567,3.36202774004454,3.2998125974844545,3.2155813783202167,3.2150079365079356,3.4679506774090108,3.143846015224556,3.145618923950472,1.8574191331863403,2.9779841269841274,3.02912049216216,3.4042627246417574,3.1247854497239707,3.4003373365546636,2.9300158730158734,3.183908984533984,3.1655305610728743,3.1310245479259167,3.0943822376261583,3.166777777777778,3.4150299777383117,3.2001958142095113,3.156052505138522
audio_238.wav,4.0,4.804478139891657,4.212634920634919,4.087598705307039,4.08529447640437,4.218032004720891,3.25535067163614,3.2760238095238097,3.2599319970153307,3.399034289547309,3.368026759654961,2.359814167022705,3.175738095238095,3.1030891099641096,3.048876550480396,2.9390889169908756,2.7127424509495603,3.1657619047619048,3.1813875368458704,3.0443478797711427,3.1388263481945278,2.894749808986439,3.0511190476190477,3.11069576411243,3.0456534153966124,3.020625112828698,3.4136288166046143,3.3018968253968257,3.2923191638608302,3.2103854522008035,2.861003777445314,3.4935480748021956,3.3825396825396834,3.274734506234506,3.3287351097043234,3.3986863176538744,3.0256249288740538,3.104023809523808,3.0721539324872658,3.069505820706162,3.018794051815132
audio_53.wav,3.0,2.567500282748642,2.8016666666666663,2.8219054371554377,2.82763764212244,2.940547393038593,2.516459742171796,2.624619047619047,2.6361149837816504,2.703290061706635,2.760687138618118,3.172947565714518,3.3442857142857156,3.4735635121051787,2.984534940164751,2.952691973055647,2.382890305450767,3.127174603174604,3.331727513227514,3.0227731489500758,2.873424225398008,2.3220657184403724,2.9326190476190472,2.9523231721981724,2.724428040738403,2.6370493088745373,3.6744513511657715,3.1394444444444445,3.188906308197975,3.2811424238787885,3.190285795878389,2.9756478587186233,2.6245873015873014,2.6519678932178934,2.59758308378624,2.756439850268532,2.7855548846410314,2.932833333333333,3.0064955507455515,2.557260066754866,2.5443058312131783
audio_283.wav,4.0,3.118178997305256,3.447857142857144,3.4201044187294194,3.3550064555390313,3.3909608109014466,3.093362819208876,3.277341269841271,3.3623685404102077,3.2979592718904236,3.4073890217918326,3.6500819524129233,4.14936507936508,4.03395231311898,4.369877077423021,4.076446577063486,3.4200490561444226,3.9899126984127005,4.040793670835338,4.182336347919719,4.05462894350017,3.4422634185209895,3.8441031746031746,3.8618356982523654,3.933866694594245,3.814085899076964,4.8640774091084795,3.884150793650793,3.8990248008164676,4.041941518707071,3.9988206260919354,4.82831497678933,3.4117063492063493,3.5165848827098825,3.409530961588977,3.5757506542754913,4.4739267435506775,3.875682539682541,3.8813999919833244,3.9039521543044553,3.8734191771040813
audio_614.wav,4.5,3.815826353336941,3.995015873015871,4.050591630591631,4.237190300843967,4.124632283333266,4.228535525453324,4.311984126984126,4.486997769206102,4.453255059761965,4.415341418486032,3.673202117284139,4.205912698412697,4.275317861151195,4.222080011719598,4.267403886408564,4.1659041123663,4.403809523809524,4.326605319063652,4.380759154300705,4.288515024697532,4.117081557863823,4.471269841269842,4.533638267596602,4.4934788710472064,4.515225500705461,3.4382636547088623,3.297380952380953,3.349958273208274,3.441980101252401,3.4519789903241835,4.480178531159909,4.235801587301588,4.3620222570639235,4.3907520290434,4.2960920765192165,4.1464242499418456,4.44929365079365,4.509131481173148,4.5270232543718665,4.574257738063341
audio_121.wav,2.5,3.9080440937861596,3.3129126984126978,3.223452592160926,3.347563504378663,3.374505010564434,3.773775156224668,3.17384126984127,3.153613878405545,3.232860536074283,3.1568240079046492,3.4451781113942466,3.1192698412698405,3.149094035594036,3.3567289676290417,3.224420994825761,3.661828591802928,3.1497857142857146,3.147663079204746,3.208648665152555,3.175233219217084,3.478753121066576,3.0222777777777785,2.979276976110309,2.8923130328909346,2.9602466367745763,2.0826582113901773,3.422507936507938,3.4587980399230402,3.31341549078693,3.302965196776333,2.779105843659929,3.1096984126984135,3.0376623607873605,3.0663885084359723,3.0266548836371947,2.7348745379875834,3.047119047619048,2.984721941638609,2.8695261912404373,2.966852927127706
audio_216.wav,4.0,3.656579456234011,3.3592142857142853,3.39845245186912,3.467943374491014,3.467232449779425,3.6355868870570838,3.611190476190476,3.64390221661055,3.543796321934018,3.5345603703524895,4.031791528065999,3.8434682539682536,3.74031575677409,3.8227875981584964,3.8514507024498363,3.6768137506030967,3.7792222222222205,3.6696757517174174,3.6893420223564157,3.749947521480601,3.373058342964526,3.7533888888888893,3.7317166567999904,3.6880525889982305,3.776961215249708,3.8949639797210693,3.6460476190476183,3.567107683982684,3.5322699792833863,3.550991485829352,3.644466545139535,3.780087301587302,3.834908068783069,3.9249004212654306,3.745375144353952,3.2551576297046076,3.754476190476191,3.7650321792405124,3.485596336419271,3.7436152133891727
audio_552.wav,2.0,3.3571549139609194,2.946857142857142,3.0631608144941485,2.8093796840222365,2.795777171146359,3.4570668895669194,3.5043888888888897,3.6200387159137164,3.455597515794979,3.392104736515735,3.155103921890259,3.05915873015873,3.0070894660894667,3.0966303556275023,3.16189123844104,3.23397263387737,3.060531746031747,2.9800871412538084,2.9771742566224924,3.0717044579322335,3.161380320927361,3.3715079365079355,3.475572170113836,3.5860095672887873,3.4718712716271587,1.5846819877624512,2.6572698412698417,2.694029704863039,2.620015738822533,2.4554089297754245,1.7737731589070043,3.4464920634920637,3.4673017476350814,3.301271193492203,3.2997734822327676,2.5393051965017546,3.282968253968255,3.511868666827,3.3098641265412065,3.2978408138512028
audio_514.wav,2.5,3.0103922070158284,3.131047619047619,3.177648752482087,2.952503740486438,2.9967680375043204,2.719959416067246,2.88270634920635,2.9605851370851375,2.824442771341435,2.8896631183457764,2.615324099858602,2.6665317460317475,2.7117834819501483,2.5071848762496725,2.517265275593811,2.679707988775368,2.817468253968254,2.7739843592319087,2.75680784303335,2.770318784559656,2.570205383567956,2.7176507936507934,2.7769504107004117,2.7621898363789525,2.8750279132681698,1.7364511489868164,3.439373015873015,3.5387836207002876,3.129705151494092,3.2447343007012353,2.3173134219816682,3.029095238095239,3.0100496432579766,3.099152763459981,2.977268363463329,2.057400200088857,2.7648333333333333,2.7888890291806945,2.7289284004145338,2.8736539360931683
audio_593.wav,5.0,3.940685217209897,3.7596746031746027,3.7124778539361873,3.660556580345755,3.6842171186001007,4.081812555823124,3.967238095238096,3.880454189329189,3.905635359432057,3.938477312987667,4.382111231486003,3.5807301587301588,3.41423648265315,3.836799710942324,3.9001517254747924,4.383889549592559,3.657444444444445,3.478291933375266,3.949724923332069,4.006801911760476,4.5681257470009955,3.799047619047619,3.7708873657206987,4.1179051212906375,4.095877842566129,3.969780445098877,3.538119047619048,3.528470190303523,4.05213112337232,4.013369012937246,3.581279863329769,3.7560000000000002,3.7022401795735127,3.817780364537095,3.8577428698433622,3.868494919650652,3.736690476190475,3.6983643378226705,4.0109757294877655,4.002387107153704
audio_565.wav,3.0,3.0999428660849797,2.822706349206349,2.811952067993735,2.8903747065000545,2.811576039436582,2.3209601977141383,2.5902301587301584,2.5431912439412443,2.3972783785484073,2.485267541245248,2.880023797353109,2.658325396825396,2.687821929613595,2.57048899778602,2.541604018367489,2.831150821534114,2.702587301587302,2.6829721250971255,2.7022911502991924,2.6346184866444897,2.4334320460348637,2.5922539682539685,2.5687769560686236,2.4103015236554923,2.34428797797421,3.1942923863728843,3.3044523809523816,3.316399651274652,3.3211794909114523,3.2388874119587463,2.5176477282708922,2.8536111111111104,2.8982261704345045,2.7221438871500276,2.811258648119311,2.3638930810268053,2.7707777777777785,2.735520983645984,2.7156617619374956,2.6567249595622315
audio_140.wav,3.0,3.799936322541047,3.536365079365078,3.599142642850976,3.3942986222625677,3.517379244569104,3.747474790032335,3.4948333333333337,3.537262405804072,3.575107912442491,3.6091525140249057,3.030475298563639,3.2536587301587296,3.1525299114465777,3.105379925246403,3.197850391481196,3.1126584713414123,3.2408015873015867,3.1477188953022286,2.9985586970220353,3.0565678294427214,3.2710046918059157,3.2191587301587314,3.254431277056277,3.2424396992509994,3.297225722364494,1.8651834726333618,3.232841269841268,3.1387376096126096,2.745929404576008,2.723789595201188,3.1746320731317574,3.493904761904762,3.5082019199935863,3.47298858241842,3.5078594620638595,3.236204808183136,3.222007936507939,3.271044540336207,3.3543397472227325,3.3563386043725743
audio_117.wav,2.5,2.7870018136361083,3.38947619047619,3.4239399350649364,3.287771768521018,3.2683023369696387,2.807836195001483,3.1945952380952387,3.174193625818626,2.9658030107309834,2.8921050730195,2.4734110037485757,3.00518253968254,3.0398335599585597,3.080127225693692,3.024420567648095,2.3665099351389416,3.018531746031746,3.0045310969894317,2.912609204073903,2.927698847934714,2.325304187960771,2.9540952380952383,2.992765291806959,2.924227980492885,2.8985457364750644,3.367227474848429,2.858785714285714,2.9341576802826803,2.917867478824382,2.736567603499219,3.220719197326401,2.964404761904762,2.938522081313749,2.53858566874464,2.656962112648501,2.5189045858201458,2.9529682539682534,2.891109885484885,2.7252027861148758,2.824654374872685
audio_495.wav,4.0,3.4443584711981856,3.537666666666668,3.4352804155720826,3.434581812356079,3.5954069404550215,3.7042895038067924,3.6491746031746026,3.6170876931710265,3.7860070620234265,3.733417795181771,3.338286558787028,2.898880952380953,2.882802489177489,2.9111072288874618,2.917533971352887,3.275468876885306,3.0272698412698404,3.0693289118289115,3.076980025027945,3.1600285848785554,3.238449944633203,3.2331349206349196,3.2962305796055795,3.2723306542447603,3.225680568809269,2.054500857988993,3.1954920634920643,3.1649310658477323,2.9310076728140313,2.9712642241987552,2.7114338958166715,3.5942619047619053,3.5978549058965736,3.834721584174948,3.682144028283013,2.6898532729063103,3.1517619047619037,3.275091522674856,3.3188195785142027,3.172134920488377
audio_652.wav,3.0,3.0612984690666463,2.9850714285714273,3.0707412787829456,3.275204890802286,3.291032293119732,3.3754998654634236,2.964603174603175,2.8743503548920213,3.2231384212859204,3.28105789615319,3.6008707682291665,3.484190476190477,3.5056142900309566,3.416647239202408,3.4955010635002797,3.463298288344063,3.450563492063493,3.3872057078723734,3.3933304190729543,3.514030415839311,3.5438917643842465,3.3175714285714286,3.1819715870549206,3.2619784254376376,3.3040446382779964,2.669835011164347,3.3194523809523795,3.362462942921276,3.1971271534480117,3.1382182730549957,3.5251401095773787,3.008912698412699,2.949964399797732,3.1062196989166857,2.9642334222056923,3.288931065890113,3.3114523809523817,3.200790814894981,3.213526485204961,3.2486688321821817
audio_645.wav,3.0,4.046184108212434,3.7005396825396826,3.822725524475525,3.918395259210406,4.000182565071477,3.6668084216484282,3.421134920634922,3.6853884957634953,3.6611457579976547,3.6266568703874476,3.284604469935099,3.8401111111111113,3.7382086216252888,3.7455745496550694,3.647010147914846,3.244966239607533,3.775230158730158,3.8475472644639317,3.8266769911353955,3.7257147895144107,3.1995296476745243,3.670484126984127,3.694203235036568,3.7676917961747978,3.6811929374305183,2.827425161997477,2.991142857142858,2.9912181445098116,2.6841586157196,2.9528063790094374,3.479662332976464,3.389190476190477,3.6019231015897675,3.5172662764058367,3.5034662947278066,2.891099879050806,3.592222222222222,3.6702566060482744,3.7238188787277373,3.6980442350920835
audio_242.wav,2.0,2.4834188152260253,3.265142857142857,3.2903055339722,2.9853920076092844,2.9831623768291635,2.480052792716756,2.7886031746031748,2.8268398268398265,2.602837050773697,2.646120886275631,2.6429057916005454,3.147603174603175,2.9565643862310527,2.8441239143711097,2.996370558741237,2.8106858890116384,3.1357698412698416,2.932438596896931,3.012347746537222,3.1062984496856862,2.6153915977365334,3.094825396825398,2.9086347402597403,2.923145546130067,2.9917403719325937,2.399069309234619,2.9476746031746033,2.9054893933227266,2.9051928887716727,2.698151435178787,2.0665196297811597,2.659579365079365,2.6173935385602056,2.614744693150216,2.5864542566394686,2.5467775549833687,2.9974285714285727,2.830950598783931,2.8927456586290337,2.922442279776792
audio_4.wav,2.5,2.7137113823871446,3.4154444444444434,3.4925912174245504,2.5249945839566634,2.674425896769409,3.2980069169370396,3.4804206349206352,3.3606900167733493,2.832272988332902,2.9282450644782654,3.412505308787028,3.82013492063492,3.7956431978515313,3.8850592393260848,3.879712457107882,2.980178695418314,3.5387380952380947,3.6648714294964293,3.398647884868801,3.4000140001606396,3.037805862298805,3.4922380952380956,3.524487268903935,3.2585231783024233,3.233943857281394,3.360544999440511,3.0947857142857127,2.894932744724411,3.2395078356649454,3.3306723486163894,3.5104164436278023,3.474055555555555,3.5237097578347583,2.940213406320043,2.9633594892703274,2.8220450602285774,3.5841666666666665,3.565065155523488,3.255989488282362,3.3646866986647836
audio_93.wav,2.0,4.1343988441193735,3.430626984126985,3.579014541014542,3.802893153623438,3.7017673505079594,3.408492224123107,2.846936507936508,3.1155729918229915,2.9714831609490244,3.0791680121617797,3.2590789000193277,3.6355714285714282,3.6308001581751586,3.4700477207201494,3.4773060113317036,2.9591145204475056,3.3886507936507932,3.530726611351611,3.5747633264185885,3.472966335344914,2.933030861858461,3.1569126984126985,3.2990497033830373,3.1615562178530063,3.0866036906121166,3.452056964238485,3.283484126984126,3.249774811608146,2.7692590361651384,2.9172144252819137,3.386759553251878,3.0760079365079367,3.2623134535217866,3.1118257009447032,3.212849215117816,2.8500826486985,3.2335317460317463,3.366874350957685,3.1193508285452434,3.1936141977199024
audio_582.wav,2.0,2.2491094385103882,2.5897222222222234,2.8528050437217125,2.2262760948846467,2.2945403313933115,2.147718818205577,2.6993174603174612,2.6163340748757418,1.7350412539558564,1.9640283881397596,2.586998383204142,2.6951349206349207,2.1461122935706265,2.1727546962260234,2.062881910166242,2.4077400822874147,2.690769841269841,2.195531163281163,2.111209388142717,2.090519001742004,2.362066567388512,2.6660476190476188,2.1021303912137244,1.9590494014549649,1.922111140755275,1.5354708433151245,2.7090238095238104,2.710407808241141,2.4490018338303376,2.437730505857757,2.312202476783446,2.6990000000000003,2.5389736266819596,1.9837744532250856,1.8880489997009071,3.059114466244844,2.6008412698412697,2.0601302910052914,1.99790157788674,1.922432696001131
audio_222.wav,5.0,4.003800204478146,4.373047619047619,4.339800144300144,4.547989727797169,4.498319168887855,4.0604699920931395,4.273230158730159,4.208771942563609,4.6063118845601885,4.609730949973957,5.0,4.670071428571429,4.601361171236171,4.772600745616191,4.876031728808741,5.0,4.68674603174603,4.616410117750805,4.7503301673613665,4.76530444923543,5.0,4.629444444444444,4.496166507240037,4.820318595361663,4.89521035703302,3.6597004731496177,3.4509285714285727,3.4294958236208237,3.222523471242552,3.3741506119194047,4.220915356922979,4.09129365079365,4.166582231040565,4.353935602659827,4.308138526411427,4.662594030134257,4.549793650793651,4.503808581850247,4.720756607599064,4.799686042597035
audio_5042.wav,0.0,0.0,0.003492063492063492,0.0019444444444444446,0.06902839127970863,0.05562531724845318,0.0,0.006230158730158731,0.0026666666666666666,0.1514461376019696,0.13658611784265193,0.3298509915669759,0.12945238095238096,0.15093716931216933,0.02125335162996403,0.05441033007542445,0.25092488632731663,0.08186507936507936,0.14603108465608464,0.13147138168703407,0.09422546274546047,0.0,0.10822222222222222,0.12976851851851853,0.12215357326463398,0.1041487129533708,3.772080659866333,3.4657142857142857,3.525787129537129,3.8055301819377862,3.6710750730857153,0.0,0.010357142857142858,0.0049259259259259265,0.1851064408993898,0.2659067993733993,0.0,0.1093809523809524,0.13743849206349204,0.08936297912152631,0.18203706104217912
audio_253.wav,3.5,3.1730523999994187,3.349587301587301,3.187807379349046,3.2479724177668774,3.2060518214337015,2.971991578222806,3.15795238095238,3.043380830589163,3.0536042396195,3.090444044302533,3.1078059673309326,3.2717698412698417,3.3039207752124415,3.3088637414233424,3.347363769238193,3.2676529377978034,3.29761111111111,3.2709624418791083,3.430578228444439,3.438206748567738,3.1359773875720376,3.2459365079365092,3.202065995732663,3.3644545480645305,3.271951054831866,4.015981912612915,3.323984126984126,3.2867648647648644,3.053554862655634,2.9484437351382913,3.2712928517129805,3.006595238095239,3.0257133483800147,3.0037329242920507,2.8936732755750576,3.3642539132995513,3.1335,3.2008598824015486,3.324729760874137,3.285070814077017
audio_167.wav,3.0,3.4113141097288406,3.1509126984126987,3.149902532652533,3.121136916566216,3.1959529901535064,3.541116271414129,3.7449999999999997,3.8460544933461605,3.6990204967009688,3.7188298365815466,2.5726800759633384,3.0525714285714294,3.000994047619047,3.0121229015082673,2.9655405733067544,2.8723011722200895,3.155468253968254,2.9551776541359875,2.971099294945226,2.949960085417198,2.853007545829598,3.212214285714287,3.169682473390807,2.9472033313267736,3.0330406919503825,3.4800299803415933,3.5141190476190474,3.408075729825731,3.465073334968482,3.6513067861025554,3.4549880359355587,3.7057460317460316,3.783015763557431,3.6064809919908973,3.661250740546059,2.6608488332493643,3.314055555555555,3.197984988776655,3.046990333441163,3.0092980951630697
audio_583.wav,3.0,2.815652650398873,3.203555555555555,3.244667826001159,3.376338153110376,3.1537095099174692,2.195295281853387,2.8684523809523808,2.75120013628347,2.712299753898067,2.746823041533976,3.162141482035319,2.9574523809523807,2.9741513548180216,2.9818375414065508,2.8446375084265547,2.682015464828051,2.9634444444444434,2.939160530827198,2.7534157079581756,2.7924289527637645,2.509814245060199,2.83145238095238,2.7515257134840465,2.5681193178355177,2.606994504474384,2.8847448031107583,3.4382857142857137,3.403651831193498,3.358335413555229,3.261155237661631,2.4292825671301017,3.0911587301587296,2.9978956352289683,2.8892073775833214,2.9124296648994714,2.4078768384349094,2.956746031746031,2.9039591226674553,2.8161999743522372,2.7538206603451605
audio_682.wav,5.0,3.443268454587215,3.711246031746033,3.746930406013739,3.7557517259851267,3.801262977432162,3.959716179240367,3.929460317460318,4.090755270963602,3.966487999639823,4.105149652382979,5.0,4.230912698412698,4.330195611487278,4.610659516539847,4.583741000463726,4.740257023467621,4.354174603174603,4.255510702260701,4.5227581003995185,4.559959066573849,4.708485581598075,4.486388888888889,4.539917001208669,4.895584906690242,4.795782509499356,4.0066878000895185,3.530825396825397,3.474973351494185,3.569408873091176,3.5407839730454196,3.625795104222298,3.8257936507936505,4.034648162023163,4.104948295728133,3.992653521669396,4.1148915036582645,4.389261904761907,4.481311555728222,4.681759002178597,4.635614538030086
audio_5045.wav,0.0,0.14160150495294857,0.006031746031746033,0.026555555555555558,0.0063326077554438425,0.006432292708090583,0.8299621147049638,0.016000000000000004,0.024203703703703703,0.3967560410660833,0.36554067332320384,0.05141178766886393,0.07735714285714287,0.20572927689594359,0.04015426148773025,0.03013076264293497,0.08717617925873726,0.0910873015873016,0.19190586419753095,0.007436260230602558,0.017958392323575278,0.2385836307814797,0.07092063492063493,0.18834443642776977,0.14149704255995474,0.12340435539419148,4.0869864622751875,3.8359365079365078,3.5562940100023432,3.8131080354450937,3.775633749389403,1.2507313211754123,0.009206349206349208,0.03888888888888889,0.47812371417715144,0.4911836396132969,0.4721456953270485,0.0975873015873016,0.18041534391534395,0.1441514860837303,0.14577277787502427
audio_173.wav,3.0,3.4248359120802108,3.2871031746031734,3.3065440392940393,3.1625625055435784,3.2464073492051546,3.1011603545072144,3.1961269841269826,3.126647973939639,2.9234695613853723,3.0102104624739496,2.940309921900431,2.8977777777777782,2.92248579352746,2.8651731892756858,2.9232637233464493,2.877928155119067,2.9039365079365083,2.8985533910533903,2.7755454780404474,2.7606246454968626,2.8187954941368383,2.901452380952381,2.9978014069264067,2.7479054436069634,2.768262047921258,0.9631773630777994,2.7816666666666676,2.8427801118634446,2.5913395210380723,2.5249634662034715,1.9787707419459284,3.080579365079366,3.0207339466089476,2.713433257960379,2.799876768573455,2.233396258007948,2.9072460317460305,2.979081970498638,2.7689239949936844,2.6976280217257536
audio_338.wav,5.0,3.7629780790028575,3.9492936507936514,3.940338289796624,3.9414899553969,4.069067465990227,4.972156158367471,4.58552380952381,4.59824737608071,4.599018838178172,4.660060077080662,5.0,4.641198412698411,4.52380209296876,4.767407489087351,4.711316540428007,5.0,4.690730158730157,4.608890570848904,4.7737128355073315,4.893251819964046,5.0,4.721515873015873,4.663880571588906,4.924768899968279,4.890762732526302,5.0,4.2625873015873,4.173858999025667,4.771001095716391,4.709325579999471,5.0,4.612293650793651,4.615900292608625,4.676103042275732,4.778627235354658,5.0,4.695841269841272,4.64794867324034,4.897789450025875,4.866824807296621
audio_188.wav,5.0,3.771893854347781,4.1227777777777765,3.9424476156559494,3.885315941190873,3.7930446722622655,4.000657601718669,4.3332460317460315,4.524589245630913,4.315479648302463,4.350052564832829,5.0,4.730912698412698,4.7061346778221775,4.920068499381916,4.87939520153117,4.915672579010485,4.756349206349205,4.693098524931858,4.911425417602451,4.906641615258621,4.762819733331333,4.749444444444445,4.7573566017316,4.891351912861075,4.9156273371359305,3.3242387771606445,3.2703492063492057,3.350354464979466,3.502068258210144,3.3500903524164034,3.367047670880142,4.298015873015873,4.3689911215327895,4.370744404279996,4.417052629762587,4.069414866381217,4.712063492063494,4.714015291806959,4.876599088570213,4.876939957830204
audio_59.wav,3.0,3.6672676190822955,3.086960317460317,3.013976108767776,3.154304609699673,3.135327165140079,2.7871069504355632,2.7006984126984133,2.582488375821709,2.5094585129902707,2.4283630909290816,2.6203717390696206,3.207936507936507,3.118436811645145,2.895368436512303,2.73214823495269,2.5812455692520153,3.1366031746031755,3.06720241641075,2.859532344006349,2.800220811697915,2.219901805874355,2.8591269841269846,2.8546031175614512,2.401146956329295,2.397291128647597,4.060004631678264,3.889468253968254,3.846499893624895,4.1624253778891385,4.061332292001433,3.109156262072401,3.0389682539682545,2.9534317488067483,3.0642794922719356,3.103908215916215,2.458823184915927,2.966746031746032,2.8424139487056155,2.517855038893327,2.669747551055348
audio_318.wav,5.0,3.804794102124824,3.840206349206348,3.7727552786719465,4.081311429832589,3.922123417525111,4.273437061010502,4.126047619047619,4.198158842700509,4.542851616706554,4.514352281669627,4.122741063435872,3.6533174603174596,3.624279394987728,4.139081630451812,4.107103841027253,4.688104131222875,3.6671746031746015,3.5771717603384268,4.21215696826786,4.084665226441278,4.689769675712657,3.9011587301587287,3.918699675324676,4.344125721631017,4.449503890483786,3.4958623250325522,3.2767380952380947,3.3045310939060943,3.349044658480501,3.256195636180939,4.740965967868082,4.2059523809523816,4.224869989578324,4.448177736448799,4.311201421907152,4.773633158009002,3.901563492063492,3.876828443161777,4.344998202999158,4.31732293949483
audio_17.wav,2.0,3.4473608246639156,3.044587301587301,3.1963385225885226,2.9734722901815402,2.9940040410953177,2.942121005590978,2.954849206349208,2.8587333253166585,2.799461583398678,2.823725632045726,2.5689695676167807,3.279865079365079,3.2521971084471084,3.012101541090638,3.134827751801044,2.928303663167554,3.381388888888889,3.2542548038381383,3.1732046930105504,3.1994664486143294,2.9523079665755287,3.141087301587302,3.0126520279590454,2.8151540311514984,2.928092755739229,2.771356741587321,3.002912698412698,2.893748245581579,2.877816222295199,2.860212740669341,3.209456398360091,3.0187777777777782,2.894446977405311,2.638229645207188,2.8194054497738095,3.1045325003449507,3.130095238095238,2.974681878306877,2.8434080766058982,2.844663988022924
audio_551.wav,2.0,3.066468366368916,3.012373015873017,3.074297853381187,2.870167378127648,2.8026189202572147,3.15863035673633,3.0921507936507937,3.1463640171556846,2.827490712047554,2.8918928373981623,2.9441586335500083,2.7177619047619053,2.789802493802494,2.781344332269118,2.782447727979297,2.8699935292468197,2.7184047619047624,2.754914902998236,2.8761243697108827,2.7112644596054842,2.801964324183001,2.805849206349206,2.8578785273368603,2.9418245431747465,2.8155133838801696,2.8117968241373696,3.424095238095239,3.4258016674683334,3.252774803845393,3.4185425449689375,2.864031898879485,3.32236507936508,3.3503918427251755,2.9732647797646785,3.0977726751123256,3.2098242490026307,2.9193730158730156,2.9852764349847685,3.027036401763693,3.062383512178531
audio_275.wav,4.0,2.3356784525179815,3.098849206349207,3.0702292414375747,2.9649694772206048,2.8738767522049646,2.4404687608830846,2.97211111111111,2.9433275520775513,2.753581564070929,2.76999171052548,2.7241779963175454,3.3739206349206357,3.281362854737855,3.1040064353722805,3.1971112803398722,2.770018208526159,3.3344920634920645,3.292071989738657,3.11959719879454,3.1806476017706413,2.706711205020395,3.146507936507937,3.0975877425044094,2.8063179897738793,3.04653697970271,2.2862890561421714,3.1031111111111103,3.122444777444778,3.17864436275577,3.129559871856106,2.101885827378856,2.978809523809524,2.961305355138688,2.777220631575228,2.8765446470648226,2.2943696670224747,3.100515873015873,3.1340616281866276,2.8555183283194783,3.060033337116698
audio_368.wav,5.0,3.2994189900744453,4.017722222222221,3.987992831242831,4.266164199508967,4.192707933691055,4.1031702135005,4.674246031746033,4.7233092093092095,4.72776403133819,4.674000173002283,4.757253805796306,4.497388888888887,4.5254779140612476,4.939987636797354,4.880448171801107,4.192898352926985,4.467373015873015,4.464081216622883,4.8273404088789915,4.818474713841964,4.402255313755943,4.58634126984127,4.642868887285554,4.804746900083991,4.817862863845577,4.776230971018474,3.8955238095238074,3.861464786756454,4.346069246348304,4.12374646962007,4.220331187001735,4.6511507936507925,4.702858245149912,4.823381271258593,4.91528712767655,4.355884171824853,4.567253968253968,4.635624559082893,4.8006319060697145,4.87873933758679
audio_730.wav,3.0,3.2082198036277334,3.0723333333333334,3.2016868085618087,2.826853764211991,2.8480433869207693,3.2100734522805703,3.264285714285714,3.235207798374464,3.1752960387062164,3.2395835360609198,3.111819267272949,2.9900952380952384,3.0514697370530697,2.7111881760412384,2.822266992595047,3.128496032556989,2.9759444444444436,3.044503558170225,2.7572027898246816,2.825923880034429,3.283787263785911,2.9782539682539686,3.054457878541211,2.8648716997977246,2.922105283952751,4.025887727737427,3.5732539682539675,3.5912707015207013,4.015578698369905,3.917017204174796,3.3548452030489577,3.291325396825396,3.2059915963665957,3.164472359078521,3.2133266904035853,3.357759172776879,3.1005476190476196,3.1479883573216916,2.969607196900956,3.040189160070888
audio_5060.wav,0.0,0.11136212663353406,0.014285714285714285,0.043000000000000003,0.028454601707673544,0.12208732775649452,0.19879367827173042,0.011428571428571427,0.040462962962962964,0.01754497405799094,0.1611375098441187,0.3857543468475342,0.008571428571428572,0.036787037037037035,0.015878081757969748,0.011419245461921426,0.47146288529747354,0.01253968253968254,0.07186904761904761,0.01756124574219527,0.02268737415043713,0.5268553510975256,0.0020634920634920637,0.06630092592592593,0.009932689643274638,0.004334819225773571,0.5554194450378418,2.685738095238096,2.8303466610549943,2.6360857891071827,2.513411027939489,0.0,0.012936507936507935,0.04770767195767195,0.028827914065191907,0.08713675419869005,0.07285499237715672,0.0,0.0472962962962963,0.01718960400280807,0.002676953709116881
audio_685.wav,3.0,3.6148032261414698,3.569714285714284,3.5618273038689714,3.472567415894033,3.4428404440424583,3.1654504934836187,3.535357142857142,3.5466905224405223,3.0861178921832404,3.268401960232429,2.7506518363952637,3.5817301587301587,3.585933625016958,3.7042401169110133,3.684871575889712,2.8429447172715956,3.5126428571428594,3.5259685407185404,3.5434899755632485,3.5550013695588056,2.6883365563609867,3.4554206349206336,3.4071437636437643,3.287591947853772,3.264370737142123,3.797957499821981,3.4834523809523823,3.421678519011852,3.481119797765663,3.561568844277314,3.911088768508575,3.680341269841271,3.6049168794168795,3.473905383800467,3.4884957306439617,3.1487496534776405,3.500976190476189,3.3572702621452613,3.392491930990739,3.361445212611951
audio_7.wav,3.0,3.2331691623348218,3.6821666666666677,3.6825437571687574,3.453074313853916,3.4730036743824773,2.635423686725638,3.225571428571427,3.395385680677347,3.1004456898600306,3.120407177016572,2.4393247763315835,3.110396825396825,3.133437369729037,2.9028694666295514,3.0258308416601114,2.510326955608822,3.195301587301588,3.145120751162418,3.057088838928389,3.01601461864689,2.4591330614483478,2.9470952380952373,3.0645528098444763,2.9816018273772436,2.8031533629890504,2.982372601826986,3.2428888888888903,3.3408389265055938,2.7337814728181233,2.864055069927156,2.8873136243078257,3.1474682539682544,3.264327171285504,3.232172550361799,3.2110071678930545,2.7566747017780333,2.959507936507935,3.015641568308235,2.9920428571079554,2.8096865670064854
audio_204.wav,5.0,4.036283226833899,4.415714285714286,4.436494648869648,4.892367565021946,4.779423502978394,4.301685452191513,4.786912698412698,4.842137379595713,4.927595999717604,4.963531335438287,4.513010660807292,4.4676269841269844,4.462590367965368,4.657017998576084,4.656306336430016,4.257186028096147,4.460785714285713,4.53925627304794,4.722411124527535,4.77802425862724,4.279575455435976,4.6872380952380945,4.759653860028859,4.8849690529688,4.861128146334344,4.195347785949707,3.8229920634920647,3.831255579297246,4.01497091649624,4.232847914571743,4.412067741238498,4.667587301587301,4.749445526695527,4.777361617166481,4.917058831526028,4.323891138171498,4.648119047619047,4.736991395949729,4.842653435788784,4.822183046500927
audio_5064.wav,0.0,0.16648376015629252,0.0,0.00037037037037037035,0.011513162642959112,0.0,0.4943243226296962,0.002857142857142857,0.001388888888888889,0.005239307921193041,0.012287820637414912,0.0,0.027539682539682545,0.04165079365079366,0.0026942919814850193,0.0,0.0,0.012071428571428571,0.02175925925925926,0.00025294649328374,0.0,0.09793674664229401,0.025634920634920635,0.034301587301587305,0.02523723615134768,0.010346361146266672,3.024180253346761,3.6588809523809522,3.673036761078427,3.8682001103014465,3.8776491009032927,0.2076498390153992,0.00492063492063492,0.01474074074074074,0.08451919805985943,0.09215793430212754,0.0,0.018095238095238095,0.04551322751322751,0.02060397628458913,0.010951675237189517
audio_127.wav,3.5,2.9417657488726507,3.4786587301587293,3.4445526294692956,3.376266283212488,3.3916146442370487,3.7437425719891118,3.558404761904761,3.56314588343755,3.5019856616929013,3.4683764014821343,2.9063527584075928,3.695587301587303,3.7611409840159844,3.808588383614722,3.8689301610743243,2.457823404567356,3.6008333333333327,3.673163250329917,3.68900162650769,3.6006593435500758,2.6012326569926896,3.624142857142857,3.7278844565927893,3.6575676032066866,3.658873684405116,4.077768484751384,3.259714285714285,3.2787144445061123,3.1663026910114573,3.1239215307063994,3.58687856172102,3.574103174603175,3.3867551090884427,3.266200076539801,3.187250909366409,2.7063377136876205,3.558833333333333,3.695165969832637,3.6026790177291823,3.615849620339729
audio_412.wav,2.0,2.8081243845695174,2.6875634920634917,2.632215548340549,2.636402197893446,2.5748137939823175,2.606166878921987,2.594698412698413,2.510282166907167,2.569698884740039,2.4563229632676875,2.5234440167744956,3.156865079365081,3.176999343249342,3.146987486932879,3.11274407544569,2.7350067154435895,3.161619047619048,3.1457828436995108,3.024364476361457,3.0771885449495424,2.849888587156459,2.9500873015873026,2.9005949652199656,2.788548615298392,2.815867820872428,3.396803140640259,2.9269206349206347,2.910726356976357,3.092576734931422,2.6932874668453928,2.561411364566192,2.6732142857142853,2.676998669540336,2.450615189117986,2.5084505094736373,3.2184000994306214,2.8832142857142853,2.890823704073705,2.870832395227579,2.8633635816378464
audio_132.wav,2.0,2.4332764130104256,2.8401349206349202,2.6950242504409174,2.091357644997151,2.2706229459998806,2.06024683656354,2.6286428571428573,2.375801981968648,1.9761093537431218,2.053582531948608,2.9176061948140464,2.731952380952381,2.738328463203464,2.5858297034649813,2.55681031566159,2.8260138590901653,2.702936507936507,2.68485035643369,2.3364478472014896,2.3678280019594293,2.7082096969316534,2.6163809523809523,2.5897779781946437,2.327089735297766,2.397392426136624,2.8200484116872153,3.2745158730158725,3.3077226091809435,2.966505692734333,3.0631335530026575,1.993060759972656,2.781015873015873,2.4439546317879652,1.967702629714169,1.98650112574623,2.376804977369709,2.686785714285714,2.5679019360269364,2.3930133448537316,2.3261717318843207
audio_156.wav,3.5,3.772772333402173,3.7643015873015853,3.7205033993784,3.7175274910262472,3.5830892917525,3.8712621436102133,3.695396825396824,3.797880890714224,3.9758901717715744,3.77162153125475,3.9934309323628745,3.565349206349207,3.5329669512586186,3.687994608441592,3.7323674935312083,3.953929076612719,3.6488571428571426,3.5945829664163007,3.6317702483000076,3.7567711969647584,3.950466282445715,3.6336666666666666,3.5852595198011863,3.7932949133468754,3.6569238024190494,2.7719282309214273,3.240571428571428,3.1849418374835032,3.1244003906198956,3.3151027533543242,2.913927046406967,3.611579365079366,3.658577721661054,3.588950628499095,3.575159502391981,3.7839758855981316,3.594373015873016,3.589334730084731,3.537768261434607,3.56001078054445
audio_426.wav,2.0,2.478353128026613,2.7988492063492068,2.88941866929367,2.67460397942584,2.8068271748172298,1.9568293631829163,2.7406269841269832,2.744166386083053,2.5805834436063537,2.6398031658732344,2.99037496248881,2.72513492063492,2.7409627224627227,2.742399715358418,2.6493289177621935,2.7786830579322697,2.750206349206349,2.7588081208914548,2.6855315919239335,2.59804898683234,2.702475355775169,2.6486190476190483,2.663545675004008,2.6515775516165108,2.5109239028346337,2.302736004193624,2.8625317460317468,2.9930913623413624,2.666492403531876,2.6027013925823916,2.4617663722475536,2.796206349206349,2.8495677008177007,2.6907740877437614,2.619201854688057,2.896132579559025,2.672753968253968,2.684694965528299,2.565400420887363,2.5065547079437462
audio_709.wav,4.0,4.315103557725462,3.929404761904762,4.04132732082732,3.9380673693479804,4.026039769759712,4.544848866354491,4.029126984126985,3.9599702704702704,4.068753736079947,4.037601793517792,3.826547463734945,3.768380952380953,3.6578385179635178,3.636692007390943,3.544892564373317,4.131117880327551,3.802333333333333,3.727323873657206,3.696678329739219,3.7383418875033416,4.07186393428422,3.849880952380951,3.735962327795661,3.734386550074465,3.8257876516866447,3.357930342356364,3.7905238095238087,3.7919154934571604,4.037329863134731,4.119989237424605,3.755674637829268,3.997119047619046,3.881076759660093,4.237704120855985,4.2068630899313755,4.34650860277875,3.9148253968253965,3.7270648811065485,3.8140788040262925,3.9196381314227864
audio_291.wav,5.0,4.578907092288291,4.087936507936507,3.901338931130598,4.260353183152223,4.2645933714216975,4.52615324779813,3.813222222222223,3.641992344075678,4.032491868533659,3.974190972978578,4.194130261739095,4.200277777777778,4.06286233519567,4.404403327019907,4.27306802015391,4.4132086431295585,4.196571428571427,4.103306577681578,4.531545318664908,4.418256604431966,4.380798587917169,4.04495238095238,3.9663181355681356,4.366936141094333,4.319347094702433,3.322174866994222,3.6580396825396826,3.715696949655283,3.741071110846254,3.970085588182586,4.75077128576275,3.6781746031746034,3.6148554624387965,4.005418374452405,4.078423665453283,4.2975415107336135,3.9948809523809516,3.868467484675817,4.297282329190559,4.0303192559866545
audio_523.wav,3.5,2.7347377196361697,3.2488412698412703,3.247781021447688,3.0807250852013244,3.1706836889422654,3.3280183964282486,3.9258571428571423,3.981269987728321,3.8818523513157253,3.968819237946544,2.8561832110087075,2.949968253968254,2.885843594676928,2.7878550080612414,2.7837518597234308,2.780970221460571,2.9694285714285713,2.838758858425525,2.6916396072620024,2.7450316559813124,2.98977373100274,3.210357142857143,3.3766904561487894,3.176765072455327,3.135473945567194,3.024456818898519,3.4207936507936503,3.359141876641876,3.4958149187440135,3.6461843154563094,2.6221234992212343,3.879507936507935,3.94645817299984,3.733733769411821,3.887131802478627,2.6573460093727843,3.2268730158730166,3.360816589274922,3.0588339660173864,3.0472089829202473
audio_632.wav,4.5,3.9495417602171905,3.976150793650794,3.818384362551029,3.824934179385186,3.8328078020039364,3.9747725953252098,4.056063492063493,4.121021005229339,4.219891765413672,4.135430557752451,3.2352994283040366,3.394928571428571,3.1715773655356982,3.2637632536111423,3.0729397206804108,3.406200139592882,3.4845634920634936,3.3112528274194943,3.3741121053819767,3.2607117952295632,3.475490058247427,3.6223492063492064,3.6831613525363527,3.573058313136323,3.6997418603445493,2.698145786921183,3.010555555555554,3.057819715778049,2.7973970523179776,3.033849254004504,3.572275527024639,3.993095238095238,4.136750954292622,4.234926241036141,4.060873296920888,3.2133874839492464,3.5982301587301593,3.5923863297196625,3.564452626793948,3.565186171803008
audio_684.wav,3.0,3.8202909137437655,3.5283253968253967,3.566881541298208,3.904541989825543,3.903048223143784,3.61857421597692,3.5977857142857133,3.76737741733575,3.603517341507862,3.704624214703968,3.0245449542999268,3.4440079365079366,3.440458140624807,3.5111775111955956,3.4959928765731174,3.084015496519634,3.455523809523811,3.418408838075505,3.6109713734045847,3.471064636730994,3.0747551326221294,3.5216587301587317,3.58405599030599,3.691058421713363,3.615277338640624,3.924055496851603,3.6725476190476196,3.5755217467717473,3.8255995459585894,3.7416655365399465,4.336998441750892,3.6635000000000004,3.9100753767837095,3.7928540371027033,3.8202548108279575,3.2806901798151187,3.5888650793650796,3.5741051587301587,3.694554477635327,3.7700900815514977
audio_512.wav,2.5,2.882583702639765,3.2387222222222216,3.2503466995966996,3.2826179724325577,3.192486150468516,2.3634074105821856,2.974499999999999,3.02449482924483,2.8599401495710786,2.8797333066515023,2.761472225189209,2.741801587301587,2.7742810445727115,2.9045339746906174,2.9350411588226506,2.470578600636504,2.776047619047619,2.8386678491261823,2.8158537485343165,2.890597001838772,2.298307260635934,2.7391190476190475,2.80343077601411,2.876045826642848,2.867115358713559,1.5591622988382976,3.4375952380952395,3.4078019095102436,3.2844265088740694,3.4188599486419022,2.1892869332535696,2.9427460317460317,2.994819893069893,2.719806133745108,2.7965969127209607,2.4976109927726933,2.7535793650793643,2.8043115079365073,2.780617316491693,2.7815890249434934
audio_764.wav,5.0,4.35710024111762,4.363468253968254,4.24474829645663,4.245354450018994,4.160358791931669,4.64307740541195,4.380507936507937,4.2142454582454585,4.112954510174592,4.1341381336355525,4.952285448710124,4.035301587301588,4.111486932820267,4.275077628184962,4.193207977466702,4.438677514473266,4.184253968253969,4.092767877184543,4.1890556533181345,4.15567362293024,4.49403370226846,4.264682539682539,4.219184042809041,4.310133763721096,4.215339333745665,3.198448340098063,3.6680873015873012,3.631187900833733,4.002112821497968,3.9244978854184596,4.059828162385281,4.342214285714285,4.168482583774249,4.220795384887745,4.314632093666802,4.381774267495808,4.265738095238095,4.195362995029662,4.195719896376048,4.26970573150943
audio_585.wav,3.0,2.7966103758100345,3.5261587301587283,3.5009499666999666,3.6962463875510667,3.4647954399238294,2.6741573697339844,3.3207619047619055,3.3864435148185152,3.4046497694533984,3.3434019399296546,2.478766441345215,3.0265000000000004,3.05020825008325,3.0183515787883537,2.9072668105893897,2.2648055789537107,3.0931507936507927,3.104722777222777,3.110397996576802,2.908964136287891,2.405492578071563,3.084968253968254,3.096608365400032,2.9872509318158897,2.9841835871496554,1.8373600244522095,2.9272301587301595,3.0204427029034875,3.0233061399583647,2.8382797779986384,2.2734606457528836,3.2547301587301583,3.455270420937088,3.277774730609135,3.2291368710562214,2.024164133676826,3.0672619047619047,3.0804925105758443,2.988087527301682,2.932745198654897
audio_562.wav,2.0,3.7140663718689915,3.9228730158730154,3.857676798510132,3.8213019820840217,3.7823014144560148,3.1943354040589615,3.084626984126984,3.0043939316855983,2.845832001691211,2.95486392917249,2.4924139976501465,3.023214285714286,3.0133603094436427,2.7201361056543765,2.743852374053732,2.4954815785287763,3.120825396825398,2.977854691604692,2.8031700063969507,2.843497867070551,2.1826561143588648,3.012119047619048,2.7980856180856186,2.3533564615202796,2.417142279218384,2.073124965031942,2.6583809523809525,2.61014350926851,2.1210494174852497,2.189603616482911,2.959538336712915,2.97015873015873,2.8770497573414233,2.6592129330462657,2.6658604879289305,1.8956590130045494,2.9704920634920633,2.8191221664138326,2.4310288564587377,2.4938435329073116
audio_465.wav,3.5,3.310382814910183,3.096801587301588,3.162237281237282,2.9988345607711673,3.0106042507297457,3.481996246131755,3.195626984126983,3.2071982400315733,3.2506629841122407,3.2692011562611256,2.5910330613454184,3.042603174603174,3.0429634840468176,3.0332374380542184,3.0432211616565747,2.798566296962374,3.065166666666668,3.1226908631491965,3.052359333390738,3.087579709225185,2.7793812100174478,3.1444761904761904,3.1963975669392326,3.3065117468490732,3.216150180283376,4.051607767740886,3.565682539682541,3.5617089299589306,3.50846271699289,3.721048570891368,3.5475211627676355,3.2625714285714285,3.2057368649868656,3.354955335662227,3.3198198938123427,2.886823582318776,3.202388888888889,3.2283055555555555,3.3976117736469225,3.177811100143676
audio_37.wav,3.0,3.2478974122200484,3.15938888888889,3.1987177328843983,2.980767160714611,3.093015531852405,3.333588182638182,3.3702539682539694,3.3413768438351776,3.3714570090011695,3.2343084705393443,3.0586958726247153,3.622849206349206,3.5332938111271446,3.2937522642185066,3.2453835456645623,3.1131595681930087,3.4230317460317465,3.414232770316104,3.16238703091134,3.105369591186514,3.350518528314297,3.4438412698412697,3.4086522906106236,3.3391583064278088,3.1345841900614304,3.143981615702311,3.4680476190476193,3.458707038332038,3.316052919281115,3.3529095815204997,3.2344453240012787,3.505833333333333,3.567555537055537,3.3371522427674747,3.3437800727568283,3.685237490657581,3.501126984126984,3.4493139129389125,3.4269002057534466,3.276205405641441
audio_47.wav,3.0,4.220253887883387,3.532174603174603,3.6746642616642617,3.7406470314682916,3.8613636178059245,3.9514687662799495,3.74781746031746,3.906462329337329,3.803352646736119,3.8156413585206637,3.8883020877838135,3.3742698412698426,3.486579785954786,3.2229899657357275,3.344612842290323,3.890470415363931,3.3488650793650785,3.450793917502251,3.315020517259851,3.193632237341752,3.878569725144317,3.4912063492063496,3.580108806317139,3.544483623809139,3.3981094552113222,3.322709639867147,3.356468253968254,3.3572526855860176,3.3967073257257385,3.264734441535103,4.3199748718013185,3.7713095238095247,3.9341221340388013,3.9620766166632806,3.865671399042847,4.336735309199543,3.523515873015872,3.609243306076639,3.5186124169832325,3.4650827699659827
audio_233.wav,3.0,3.510489691859922,3.2932777777777775,3.315032288698955,3.209162098767104,3.327592994469409,2.8720035010742806,3.0787936507936524,3.1133143816060485,2.8771707334021968,3.0403931939212625,3.0820974508921304,3.24965873015873,3.2978067703901033,3.2762007932726824,3.2626018892521995,3.1389268944132085,3.265976190476191,3.3278215287798614,3.2038354893867322,3.194595522231816,2.906937435391375,3.1155238095238107,3.177923701298701,3.0134746632708467,3.0271861962013156,2.4888647397359214,3.0698730158730156,3.1664156568739905,3.1089611674532627,3.093544508986741,2.9366295620676284,3.0533650793650793,3.1113402376944044,3.090256475405857,3.0600734638793288,3.199722602731491,3.165150793650793,3.146718955427289,3.1406701059616395,3.0950691473423695
audio_621.wav,5.0,4.154181572309142,4.287000000000002,4.1756731046731055,4.101262312914344,4.223495265489036,4.298730106026338,4.518238095238096,4.660798112381446,4.551735167367428,4.58714762952807,4.348354339599609,3.9689761904761913,3.9804517149517147,3.8961280684788906,3.8342195418830625,4.1934155082669315,4.088809523809524,4.0496414341831,4.1393748635845435,4.130183429705102,4.331292551761443,4.321531746031743,4.3612084612917945,4.181631586708899,4.313000024762821,5.0,3.8479603174603176,3.8009423693590363,4.175461199605249,4.1717245954341164,4.253128091358795,4.609896825396825,4.661066458233123,4.748231678002273,4.783660181963813,3.8484673116647876,4.357603174603175,4.3645111030944355,4.213247772363512,4.214016561395922
audio_590.wav,3.0,3.348179737126776,3.6897063492063484,3.695535792910794,3.6763075208513603,3.645782658647839,2.579519771926782,3.04936507936508,3.0885049179215858,3.027296745129538,2.9551984299757197,2.4344470500946045,2.817246031746031,2.717373257914924,2.2478324465316493,2.313168237442103,2.2544588739119846,2.9211111111111108,2.7051537999038,2.46933430945549,2.469503917610855,1.823581813008655,2.8369682539682537,2.590623817540484,2.4114047392224442,2.34146459043413,1.5103487968444824,2.976436507936507,2.819420732045733,2.265817065787933,2.3269866910981025,1.614138339817843,2.9335317460317465,2.972357491274158,2.7610426651294624,2.8053148777155115,1.1234252079852152,2.8333333333333335,2.5715832130832132,2.234532080320755,2.1023005198091345
audio_349.wav,3.5,3.3416232077790404,3.587896825396825,3.64229911600745,3.8513891376315796,3.8649342273018252,2.9709711589554266,2.9730793650793657,3.000027494110828,2.9095145115637115,2.9533171265139226,3.4043429692586265,2.9175793650793653,2.846960746044079,3.0222563478601554,3.1094716376430367,3.3472104187884946,3.0213968253968253,2.9277963286713287,3.31642612729344,3.2732710344075446,3.1914131949046243,2.8764761904761897,2.8680098851765514,2.9573060667506206,3.0143534891973514,3.5633528232574463,2.626309523809524,2.6456044048544043,2.5143278441816306,2.77931146575745,3.7572352420080644,2.9957222222222217,3.0203666241166243,3.1308532192032725,3.102428251378743,3.720359440308951,2.8535476190476188,2.884342014467015,3.0799506772602485,3.0842473945473006
audio_387.wav,5.0,4.028614132213701,4.425666666666668,4.313871358579691,4.45351741376863,4.629805840914046,4.268797802750085,4.458261904761904,4.492007495590829,4.5832008181269055,4.654736994252364,4.307557741800944,4.1508730158730165,4.219040690790692,4.163273362323633,4.187934880512623,4.266542397813266,4.2111825396825395,4.203227833894501,4.211205759766807,4.205466712454481,4.428113250010183,4.339103174603173,4.476113395863397,4.3266131775608985,4.47558830044538,3.3895501295725503,3.3909285714285726,3.40749851074851,3.4429796042292122,3.526622335625858,3.590618315847783,4.227992063492064,4.260453813932979,4.340976665048957,4.351529029929957,3.7967449703827025,4.298182539682538,4.442772206188874,4.282964196660015,4.3853313463199965
audio_630.wav,3.5,3.5442536344130375,3.750547619047621,3.6938220899470893,3.2755445040703663,3.3685630213610644,3.5074676536631753,3.3296587301587284,3.0764574237490905,2.907252296387172,2.988566208015639,3.1965341567993164,3.7494126984126983,3.6603336000419335,3.8228800677851864,3.605999526781382,3.1939699464607383,3.7319523809523805,3.6079322991823,3.7338273989522137,3.616944567610158,3.3101380118605284,3.572634920634922,3.4061340788840795,3.3323403135799956,3.45198380567836,3.797673463821411,3.9291904761904775,3.918745549203883,4.0732232360396265,4.284769701670611,3.0955518363200163,3.6063412698412702,3.533664073580739,3.624150005218066,3.559699600527228,2.9990265319875657,3.5466428571428565,3.4501264769181437,3.562961170543757,3.436371362632686
audio_5046.wav,0.0,0.0,0.021428571428571425,0.066168430335097,0.041449970148109014,0.0658324279614307,0.3247719929290113,0.022857142857142857,0.06141358024691357,0.07116843433355859,0.05735113347034323,0.10637211799621582,0.045952380952380946,0.12518033509700174,0.028811127935558112,0.029049852595287345,0.036781674663396956,0.03438095238095238,0.13422089947089946,0.01774101827928105,0.020583571051717837,0.3255425579339996,0.05311111111111111,0.11088492063492061,0.0009987059009220816,0.016318679221684364,2.1765918731689453,2.9155,2.9405554260554254,2.3436866995405037,2.3793398221551656,0.17792740391063408,0.020634920634920634,0.05132671957671958,0.047663854783907354,0.09178845876010237,0.028183152856022797,0.02196825396825397,0.1295523088023088,0.024448917734477254,0.015155306346442188
audio_183.wav,3.0,2.3518100468170116,3.02013492063492,3.031034191117525,2.944504494798362,2.9223702540741505,3.1542505888007626,3.206468253968254,3.1803597112763775,3.211815465183722,3.2838022475937145,2.687239726384481,2.9010952380952375,2.919131260623907,2.8189745302436946,2.862056347865279,2.6079401690214725,2.893142857142857,2.9414939073272404,2.8703277598056283,2.8678035773877757,2.824564533282756,3.042198412698413,3.0680338504088507,3.2495201692818028,3.120992143607469,3.5744106769561768,3.2613968253968246,3.1622736877320214,3.1552371053020916,2.9996344439168747,2.528805519849873,3.098960317460317,3.1654173480840146,3.3028954138900524,3.194543027645406,2.413796283031948,3.0309682539682545,3.1310640732724067,3.2275789098039827,3.063764004645225
audio_607.wav,4.0,2.658716747833804,3.5179444444444443,3.364870395037061,3.364454253332824,3.310251128676974,2.098815838509371,3.083142857142857,2.948649845524845,2.3811523293664227,2.4820641360901665,3.7189904054005942,3.6310952380952366,3.634544535711203,3.722233458040556,3.769423031619656,3.257327872436026,3.5629999999999993,3.549167955501288,3.6613183676576697,3.674567637245308,2.8641361019519302,3.4198809523809524,3.3622515632515637,3.3569132161375195,3.3453177895801987,4.411211808522542,3.5705793650793667,3.559008091445591,4.072328664455552,4.136247469859346,3.401669483455579,3.0492698412698416,3.0268030904280905,2.7641967943157097,2.791267150588537,3.692696689305501,3.3951190476190476,3.314095605012272,3.323671304545227,3.383188492084935
audio_133.wav,3.0,1.8335954051237175,3.00179365079365,2.754080978435145,2.0689400884855256,2.115140078327531,2.050475794191224,2.8061031746031744,2.5486574351574354,1.818390069074849,2.0118677945841825,2.672720511754354,2.532468253968253,2.584200136283469,2.310886708724429,2.325018238294571,2.3739804102871864,2.5210634920634925,2.554543089626423,2.2067277305520854,2.2067525641720525,2.2453688495190094,2.564023809523809,2.5397505010421675,2.215074160837999,2.189755615156985,3.103185017903646,3.0747619047619055,2.962833859042192,2.9874810955447786,3.0563548945107386,3.35778966116218,2.759349206349206,2.5405380860969093,1.798629869830572,2.049895330183882,3.208012989138892,2.6206111111111103,2.571801306717973,2.1729602395463674,2.269397667202105
audio_443.wav,3.0,3.804241124601857,3.103555555555557,3.079562764396098,3.15148680274366,3.132147252501946,3.368273894067544,2.875444444444444,2.8368940426857088,2.7481788933600115,2.832356396283424,2.771841605504354,2.91036507936508,2.8762566538399867,2.738633831004286,2.736914107573537,3.1460383731302115,2.938904761904762,2.847789121372454,2.7715862095415242,2.703482939553354,3.12231564288911,2.8382936507936507,2.7696420554753893,2.6831460938694733,2.7003148955133205,2.629421869913737,2.82054761904762,2.811481025147692,2.6244179884764516,2.704116572387331,3.046773420460976,2.7738015873015875,2.709676134051134,2.6726039783808946,2.559876601234,3.536452102410285,2.7669206349206354,2.6782966030882704,2.6305294267413672,2.6550988990429425
audio_55.wav,2.0,3.1790283820267793,3.2475396825396827,3.5121333172999836,3.3893394166108854,3.341267717919381,3.4052840535808806,3.766396825396825,3.7805740540323853,3.73857343438239,3.715622351355629,3.6133522987365723,3.6118809523809525,3.6802593933843935,3.5190312096118888,3.538754966501237,3.6258308206300036,3.492507936507936,3.551183202599868,3.3897009096124795,3.413813129821479,3.5600982168749424,3.562031746031747,3.634504168670835,3.6936263686223705,3.5667249022159417,3.605862538019816,3.3675555555555547,3.3047593887593876,3.2716060548987578,3.2970168817342604,3.3337267405397237,3.7839682539682538,3.7993438151354817,3.884100197444892,3.8634483048071906,3.5292645773185725,3.59586507936508,3.6090126987210334,3.6676907750569865,3.7047545981997643
audio_686.wav,3.0,3.62323196802215,3.3694841269841276,3.404408419512586,3.370866943752509,3.452083456222965,2.931074702412379,2.892190476190476,2.9403776377943043,2.87587848161961,2.915499247992536,3.1906182765960693,3.114698412698411,3.0039232603815944,2.9762007952723124,2.9316646084320745,3.001241550981156,3.162365079365079,3.020615921115921,3.115853998799368,3.0485755830029824,2.85413525751396,2.8804920634920634,2.8220096600929945,2.7131654336918243,2.784904982491687,2.98252002398173,3.2516666666666683,3.1692414930748267,3.179178060247166,3.1226605586054332,2.896828156162865,2.8758650793650795,2.926327293077294,2.781165859945043,2.875505041591158,2.937183669879792,2.901563492063492,2.917641875100209,2.7260907192804122,2.8169360813963973
audio_740.wav,4.0,3.041718775021552,3.471952380952382,3.39816670675004,3.1236092837521414,3.2863903776708288,3.6690160622515697,3.785206349206348,3.8029262003428665,3.7379953354896345,3.7804616308714727,3.985609849294027,3.719119047619047,3.6948280901197563,3.9669276172655348,3.8658460274020108,3.8629331415328565,3.7019920634920642,3.6380814956648293,3.864606132075343,3.808214935022447,3.944984482138444,3.7826904761904765,3.6328423659673654,3.7589537061554377,3.804474383672837,4.1704427401224775,3.8268888888888877,3.7732857728691065,3.7240245171448016,4.00355065118788,4.0525374586541085,3.7639999999999993,3.81694538640372,3.7353897956798154,3.8241111352742454,3.9894324158784316,3.8139999999999996,3.685081216622883,3.8046479587388373,3.7846183191573064
audio_699.wav,2.5,3.2648491059817637,3.190817460317458,3.218180447638781,2.7018466226046574,2.7378174292310953,3.0864033417133765,3.2294206349206345,3.030464022089022,2.7081336262355875,2.815504025908158,2.8581997553507485,2.8360555555555553,2.799790444123777,2.7128976744814577,2.793114003374999,2.763701167214201,2.805317460317459,2.7987329753579764,2.6656247069256955,2.66400003666735,3.109452425095516,2.9172936507936496,2.78790027256694,2.8842387552511943,2.817449950212352,2.4427661895751953,3.608603174603175,3.6599676249676247,3.6825128209793934,3.6804842565641245,2.3298611310343076,3.3877301587301596,3.074730012271679,3.0940205964672605,3.0870070105457312,2.4935587444706138,2.977238095238094,2.8136973566556898,2.7776072971632844,2.8481689158557164
audio_44.wav,4.0,3.5425113710905194,3.2102380952380956,3.1038966450216443,3.1341366621342552,3.0085358765044057,4.123001520941146,3.861158730158731,4.233060501227167,4.16502380048857,4.0633355547973835,3.161811590194702,3.5510714285714298,3.617044221210888,3.379019478658534,3.5772879514600864,3.4015826989574998,3.558761904761905,3.5801683501683494,3.281740011153161,3.647658698409881,3.501125471180122,3.983960317460317,4.24603330928331,3.986908707717319,4.150086460659424,3.206677198410034,3.695936507936508,3.6969512863679532,3.587505655739212,3.721696819772518,3.245823785950242,3.939896825396827,4.223684283309283,4.022262000497938,3.9673515098188807,2.9408429847411575,3.985214285714285,4.201414113664113,4.121276676902467,3.97925850557502
audio_500.wav,3.5,3.331621881681054,3.1135714285714293,3.141386260344594,2.893118181384574,2.8977743279489983,2.6523706429862925,2.764587301587301,2.712141286182952,2.5852721648315113,2.563466178192876,2.6537373860677085,3.091174603174604,3.1018462201378854,2.9702291358319894,3.0094707364206035,2.7105888209234195,3.0589365079365094,3.071120691037358,3.109620008035085,3.0937464898039733,2.519787662917478,2.9234444444444456,2.8689752685586023,2.785053270816402,2.7568897681052817,3.052694400151571,2.6453412698412704,2.747224966391633,2.7266399538306416,2.656098723443418,2.4069266096348727,2.7283730158730157,2.693405423280424,2.323279540454134,2.3543554964657747,2.7098974703639214,2.8482222222222213,2.8583202661535996,2.7060781718412823,2.77649530604373
audio_265.wav,2.5,3.463521504314293,3.5855952380952387,3.398871122704456,3.549916769247659,3.6939126416992085,3.2751055536064655,3.2097301587301583,3.030370596995597,3.279564598803559,3.207107917409599,2.6315144697825112,3.166841269841269,3.1827959756293094,2.8350873168751534,3.024710980166114,2.4114233704639347,3.1229206349206344,3.175947458405792,2.8663963615956853,2.971333818413356,2.38306725521473,3.178960317460317,3.1304512493679173,3.181286255099197,3.131858084574717,3.3527137438456216,3.289325396825396,3.2537151151317816,3.261048188394941,3.3120223871119023,3.2409671496948675,3.1822857142857153,2.9238124560624557,3.0494375903203967,3.060935516602496,2.4833573436709018,3.1611984126984125,3.0630371002454333,3.1929418936853966,3.1056154495459225
audio_125.wav,2.0,2.9961674774183855,2.980047619047619,2.8615547538880866,2.802743399283633,2.9186729130979505,2.418583965538629,2.698198412698412,2.6412841787841788,2.6886121008168398,2.637149801327801,1.5244667530059814,3.058603174603174,3.1137100168350176,2.72382574535826,2.636828118385402,1.1408230070777468,2.9171904761904766,2.9811443402276745,2.528767633179769,2.517259791083937,1.0609250968472947,2.7505317460317458,2.7878553391053393,2.4497741581689234,2.369495350964162,3.1108994483947754,3.310626984126984,3.3954665504248838,3.5807507302315096,3.4288671874165773,2.2989562908997523,2.7401746031746033,2.679938205313205,2.725480189548809,2.7003055459935843,1.498625521688841,2.8300079365079363,2.860763882722217,2.5233187889799944,2.5253282280749225
audio_413.wav,4.0,3.066289225048257,3.8610476190476213,3.8380086379669702,3.9001841958261125,3.8911873248158546,3.5716630732048302,3.9122460317460312,3.802313852813853,3.8191017768294167,3.8966177293512696,3.4391621748606362,3.238015873015872,3.1803616522366522,3.340135207418399,3.226329985118962,3.4432142141136075,3.221380952380954,3.249097738681072,3.321362092765046,3.233797308029448,3.433337670636403,3.2929206349206357,3.254571127946127,3.420285779072978,3.312635734821505,4.290731906890869,3.694150793650794,3.7829301732218403,4.012474047348387,3.9405475867302875,4.2623658440269345,3.8904603174603167,3.8434755506838836,3.9033091455525484,3.8512201841418467,3.8585588588137902,3.301357142857143,3.2583290968290974,3.4173334264108894,3.3848565521062066
audio_256.wav,4.5,3.9746891900505417,3.5335,3.461220017636684,3.285211780512544,3.3661311493498474,3.870633163618995,3.741992063492063,3.527859481567814,3.6172760242717956,3.633916479883038,3.7768848737080893,3.5596190476190466,3.547026960693627,3.6090163316171036,3.768452723685366,3.762794274831425,3.6084444444444443,3.5405099468432817,3.7065569407453967,3.6737167930696817,3.8380820736974286,3.512595238095239,3.3754292728876063,3.5465232688090715,3.6235220230726513,4.381404161453247,3.708873015873016,3.5901361215944543,3.549297511454386,3.664600965854337,4.611526038089729,3.747349206349206,3.468285316535317,3.952806621782669,3.7955895957017987,4.1539993946665605,3.5357936507936514,3.3988159371492705,3.5926270733146506,3.5526127185493466
audio_350.wav,4.5,4.272436535778891,3.9761666666666655,3.9439526430359777,4.157025033326562,4.204959651643559,4.0216568510018975,4.517103174603175,4.753087449587449,4.528156122705522,4.652077127210834,3.532475392023722,3.985642857142858,4.096731621773288,3.7819417737458765,3.812285365280219,3.507942799757556,4.145952380952381,4.181406707490041,3.9161099810480082,3.8951381205576268,3.6516377114001344,4.3231269841269855,4.426598945807279,4.149218038644965,4.12570922469626,2.4936830202738443,3.144896825396826,3.1784982764149423,3.2152464742138256,3.2864243133992814,3.6064197100501203,4.530373015873017,4.662909611992945,4.526289654451101,4.637922601397705,3.0480503129737926,4.374880952380951,4.443639312847646,4.134261650519366,4.219353166315339
audio_364.wav,5.0,3.990435397180129,3.9387936507936487,3.8973356581689913,3.712984066283479,3.8160643075462097,4.793212523803919,4.48623015873016,4.5442700817700805,4.44180272670916,4.607770673159019,4.764267444610596,4.378793650793652,4.427714446047779,4.668600335058751,4.820797176466118,4.558485741177272,4.436198412698414,4.431752946127947,4.598176600952235,4.71121517807073,4.6076362921308975,4.60052380952381,4.578025500733834,4.6989582980443245,4.827258320294043,4.671176274617513,4.034912698412699,3.9728894901394907,4.256775495129229,4.271147916238918,4.886957439620293,4.579428571428572,4.601925705467374,4.52103225717098,4.58741791000596,4.951949510571285,4.541507936507937,4.550033189033189,4.559432762651037,4.8278302645768925
audio_131.wav,2.5,2.25246502963089,2.973111111111112,2.977049856008188,3.0929548858245988,2.972448018063434,1.8682195384698914,2.6315555555555545,2.6655422679172687,2.640666968443766,2.486546550107411,2.1913087368011475,2.7460634920634917,2.843594195927531,2.4062824581349935,2.268278584019356,2.2352159689129607,2.724571428571428,2.780017809351143,2.3844109085722174,2.3133688019918988,2.2042160173186898,2.6781031746031743,2.701982243065577,2.4904359245754955,2.34845943684035,1.7688103914260864,2.5989126984126987,2.5495655221684634,2.296586764967198,2.029660458654034,2.1245887049001997,2.556190476190476,2.606832545540879,2.3795565950722963,2.2894864371034416,2.300519633032795,2.6190634920634914,2.6522547899631235,2.419538559441951,2.2933065766280953
audio_168.wav,3.5,3.5717965033285815,3.311015873015872,3.377055515472182,3.662106993554961,3.4345935299235433,3.8006866596257844,3.3776507936507927,3.2045338704505375,3.109592246035304,3.1454756096499934,2.983686844507853,3.0015079365079362,3.0316052990219657,2.726285198045352,2.805796822748631,3.1357886982033545,3.087047619047618,3.0403584656084663,2.854170894484413,2.8315134098275743,3.0682343714018203,3.2235158730158733,3.1146106563189893,3.0397678763700675,3.1436486762095015,3.157362620035807,3.6028412698412686,3.53540583953084,3.7035228735092303,3.7022282693390713,3.4173156363057147,3.336841269841269,3.248493666827001,3.1217853683661807,3.0317941408214892,3.4265610196587413,3.2346904761904747,3.1628619189452523,3.1371327271453264,3.0841226122410643
audio_557.wav,3.5,3.335223195436576,3.4593730158730147,3.4295099792183135,3.304929243374945,3.4163766982495893,3.6831233699335715,3.5531587301587293,3.483572170113835,3.6090847101747734,3.6077778409140375,3.0250495274861655,3.0783968253968257,2.982332591790925,2.8031700197417204,2.8809134210740486,2.723635323614983,3.1042619047619056,3.024680065305065,2.892917391473528,2.9519900568469306,2.805707667721896,3.2953412698412685,3.1626820787237455,2.956247189549993,3.042196107942081,2.6969474156697593,2.840349206349206,2.924025913900914,2.9399352119523954,2.7535216698271014,3.4104838304367626,3.478928571428572,3.423311305977972,3.463181183055731,3.469123261628566,2.734017130269096,3.3138650793650797,3.210248544665211,2.938875291330575,3.0967933344231895
audio_670.wav,3.0,2.5294389864338087,3.0583412698412693,2.924483991317324,2.56812251606263,2.599310016287407,2.8111294873160495,3.264452380952381,3.1552993827160503,3.103815579702715,3.1557336971521086,3.7359368006388345,3.341531746031747,3.338697802968637,3.338364479757912,3.3438329152136084,3.7717236627610955,3.3309206349206346,3.299181966181967,3.401532556072413,3.3184933603696702,3.7996585277810606,3.4143174603174593,3.543620598537265,3.6204120972999583,3.5401452483210103,2.461261590321859,3.1480714285714284,3.0955965916799255,3.135343676916428,3.049824528124906,3.252139535344732,3.3347539682539673,3.3511047948964623,3.2646380712990157,3.2109924508172316,4.202946258990365,3.435119047619049,3.5415118245951565,3.5753681584019357,3.515750972224145
audio_342.wav,4.5,3.792263187545151,3.678817460317461,3.7871415544332216,3.865561777377757,3.884376040360164,4.454801931644116,4.362761904761904,4.499674543049543,4.57904044565151,4.555620099258269,5.0,4.374904761904763,4.3842809644059635,4.665833616929093,4.53833275926879,5.0,4.377658730158731,4.391421031129364,4.698242363702497,4.659699691537886,5.0,4.526920634920635,4.564294793169792,4.77702628430161,4.758823064757842,4.493284861246745,3.654142857142856,3.68441685320852,3.8305039814933024,3.759607346872041,5.0,4.339460317460316,4.489549823633157,4.737952749514247,4.716513506402619,5.0,4.470801587301587,4.527681597723265,4.828882698348227,4.822214417809325
audio_2.wav,2.5,1.9734371310643837,2.630571428571429,2.688520035520036,1.837633051796381,1.9829127752339797,2.2327795240722046,2.476753968253968,2.5198591871091875,1.960765591542603,1.854894975388758,2.2304981549580893,3.143031746031746,2.9378150352733687,2.8993940119018156,2.87210766103694,2.5491667342008553,3.0281428571428557,2.884159752284752,2.947189836337943,2.9218012148423647,2.624641837315632,2.8606746031746035,2.733528138528138,2.8316729554272566,2.8887469645749064,0.4789605935414632,2.6879047619047625,2.711393257976591,2.2405288524206344,2.380335253391849,0.25524502122289466,2.5572222222222236,2.5481241859991854,1.938505455917161,1.8004092567198555,1.5006480455302456,2.8829682539682544,2.6916344596761275,2.792251682905071,2.676541997154175
audio_5048.wav,0.0,0.07699633534624188,0.008571428571428572,0.029333333333333336,0.004641223202264274,0.0009882983851629806,0.9312472459809368,0.00892857142857143,0.016925925925925924,0.019719193177637703,0.008979836154025813,0.05083473523457845,0.01734920634920635,0.03266666666666667,0.0,0.0036388280892865952,0.030370786588170013,0.012126984126984127,0.04301851851851852,0.006405687510667873,0.007040745641002662,0.36723487656033543,0.0,0.048285714285714286,0.018123506318645538,0.00131372058460318,2.672837257385254,3.0182063492063484,3.0054704678038013,2.7887354903491954,2.852033444936612,0.7772190503112896,0.006507936507936509,0.032013227513227514,0.01260621952917861,0.030487243502027302,0.6544652625661622,0.0004761904761904762,0.04908706108706109,0.018717852392856837,0.004233703104645462
audio_741.wav,4.0,3.0633023143525886,3.2028095238095227,3.1743448573031903,3.006492156155671,3.0084996552691425,2.765905122234327,2.8443095238095233,2.858864993031659,2.6593077616345346,2.7786650144437695,3.1164907614390054,3.024269841269843,3.0017131633798306,2.962637927312979,2.9408207005112206,3.121425479771121,2.9566190476190477,3.0118273439523437,2.9638627672135507,2.9459482422743304,3.1848913491212087,2.9023730158730157,2.8864167406667396,2.9449492988991803,2.953593393318501,3.6216779549916587,3.864373015873013,3.7517975373392054,3.9516855795092223,3.7561262185099977,2.9256838927075517,3.273571428571429,3.22731399310566,3.2506986484870897,3.2237361018705784,2.7526290861676745,2.9967857142857137,3.0316022126022126,3.0664233003690065,3.0815690275919647
audio_294.wav,4.0,3.3970373512297676,3.769087301587303,3.719213904922239,3.816915277197369,3.835025742884677,3.643924501738374,3.645238095238095,3.626556833598501,3.734090866332592,3.5863735477019127,3.637606461842855,4.022976190476192,4.094631573673239,3.9390208110898652,3.8964415651906337,3.410354637022577,4.02818253968254,4.157887159137158,3.901794838390107,3.938413360869325,3.484734355354057,3.9325079365079367,3.9216856415189745,3.9148994071234,3.9512700644282153,1.4517260789871216,3.249801587301587,3.1810882435465775,3.050308102557892,3.089964923715278,2.821312376761309,3.655531746031745,3.613560004810006,3.762973369259351,3.6015305057810774,3.155275192909181,3.938579365079365,3.9239640791307457,3.9385002084512077,3.989315209022166
audio_370.wav,5.0,4.570726331053016,4.367730158730159,4.383287738496073,4.689015858350963,4.656906745172345,4.967661838507277,4.755785714285714,4.746681450357922,5.0,4.937126193741165,4.039142529169719,3.810912698412698,3.8604724514773534,3.8646562037388517,3.87884484718145,4.1211322909289905,4.034619047619048,4.028414634747969,4.138274526679407,4.084012548030857,4.273095687921079,4.370349206349204,4.297270001603336,4.444943109682736,4.3609234535768735,4.660914262135823,3.9442222222222223,3.9404128325378314,4.354650102004511,4.390895661528834,4.587531991353492,4.694626984126985,4.660260154061624,4.873001774918377,4.842459051141675,4.269158241190647,4.2949126984126975,4.332776222234554,4.44955319755799,4.37492023641764
audio_417.wav,3.5,3.1736717377092702,3.500261904761904,3.555162317620652,3.730167473226396,3.7952862857306973,3.3693502256845047,3.691857142857142,3.593815510107177,3.86458230956954,3.7640749840728507,3.0528403917948403,3.21136507936508,3.2545972684722684,3.3385514964142486,3.283947441143129,3.1725607693838715,3.314214285714286,3.3367787197370533,3.333873198755404,3.3104266147323904,3.170758688944774,3.240404761904761,3.1449491141574466,3.3606104365294076,3.4056630346823247,3.3759098052978516,2.768706349206349,2.7465266554433216,2.891727754166197,2.7121749215459467,2.9850593537518875,3.575896825396825,3.5640416065416063,3.589152604242665,3.7009511182737427,3.006788354557765,3.2540396825396827,3.098120243953577,3.319949727344175,3.2851166668329097
audio_753.wav,4.0,3.7377572197887363,3.9912936507936507,3.9096532711116034,3.966441866942189,3.945191536492015,4.093752962446556,4.187444444444445,4.191990245865246,4.436121676331618,4.469926654489424,3.842357317606608,4.182325396825397,4.263641147432813,3.950006182638326,3.942949196154521,3.829319313883449,4.257333333333334,4.289871071829405,4.137303731768274,4.163847347045492,3.905002668145674,4.15268253968254,4.038232075023743,4.160653065458928,4.045012605308744,4.44517167409261,3.1730476190476185,3.1484517874101203,3.1871810915686845,3.187722737916187,3.9504019292900465,3.9912460317460297,3.9433343677927013,4.193360785944347,4.1852542904518275,4.015998817185068,4.0993650793650795,3.9997083132916473,4.203289290908141,4.190142845486226
audio_533.wav,3.0,3.5834784729256577,3.336611111111109,3.3372544677544678,3.2857627250658665,3.1878529219932745,3.898553835188005,3.508539682539682,3.747378649128649,3.5436241144820655,3.591560892848014,3.427269776662191,3.2222063492063504,3.294667241708909,3.3737819826350317,3.3313869388434783,3.7814268279544456,3.244507936507937,3.3118510409343744,3.3537018978275976,3.4308360335470365,3.844100043418281,3.2749206349206346,3.4687345139428474,3.5301367222263695,3.512859100666532,4.231506983439128,3.2868412698412697,3.2394082892416236,3.2867890260832695,3.41059612875155,4.274631445697764,3.5472936507936517,3.8418265253265247,3.6319868111511924,3.72079642409506,4.123941849154309,3.2889444444444447,3.4610434781268125,3.533551154489368,3.4825163754694963
audio_239.wav,4.5,2.919131028307872,3.8110158730158745,3.7976300427967082,4.0405593391217245,3.9495320362126614,3.4441227109799826,4.202452380952381,4.155054444012777,4.108830502775987,4.21181911639584,4.2405087153116865,3.7456111111111112,3.6878973264389927,3.686597888795274,3.6913475697288622,3.869892055839259,3.7855555555555562,3.7058851010101024,3.6849880400332555,3.5992988785591833,3.803571490678665,3.9569523809523797,4.039154088195754,3.973428873485276,3.91345072449525,4.843796571095784,3.746484126984125,3.843329624079623,4.230084730559213,4.1426766753200095,4.3980685952101615,4.20584126984127,4.293385121051788,4.220121351298457,4.272126142536463,4.2339852125565045,3.991912698412699,4.049128618295283,4.067610462226896,3.9358483820563492
audio_566.wav,3.0,2.868363118664886,2.790849206349206,2.769990812428313,2.575918334026197,2.454908545848656,2.246902306463781,2.6521349206349196,2.6332826216992893,2.2299028965738477,2.2659095683170363,2.002337694168091,2.4838253968253965,2.5513640541557208,2.37664051203121,2.441228421482361,2.1314131763456357,2.5637698412698415,2.562982139773806,2.5155567242226606,2.4913764763668946,1.8638846402607063,2.5249841269841267,2.4896379068462404,2.4076422082153557,2.3657341456491827,2.0991195837656655,3.006960317460317,2.910610102860103,2.7726403893162064,2.5639547655445702,2.2536807091589925,2.7680079365079373,2.7671424563091223,2.4657018402321693,2.5073696220844455,2.047994236140021,2.6028968253968254,2.5911767476350804,2.453491915606657,2.4354013339679805
audio_736.wav,4.0,3.9471852283052464,4.255039682539682,4.3103278018278015,4.374705016541923,4.32317112476304,4.244394438748206,3.9901507936507934,3.64098938253105,4.02645211995564,4.127805113173762,3.113126039505005,3.4943174603174607,3.367274884066551,3.4016193816363476,3.330412311826258,3.3013425677650416,3.5615317460317484,3.4560961122211125,3.4856041462804495,3.493614006950358,3.404630448509342,3.583634920634921,3.482219250656751,3.7176998735219393,3.6605358658999854,4.0029862721761065,3.2495000000000007,3.2600806631639974,3.1496276369261396,3.0802680116032537,3.88247608894909,3.8389761904761888,3.469129154795821,3.488889653264888,3.698870352689962,3.4348097470569847,3.6141587301587292,3.4309907576990906,3.716092713143827,3.5809337428816335
audio_541.wav,2.0,2.622375045895666,2.94870634920635,3.068784746118079,2.7493643217609343,2.8489358179742488,2.178285128484406,2.9658333333333338,3.2604262974679634,3.006517720524702,2.9604381308292074,2.604748566945394,3.0703253968253974,3.0714849409849414,2.9107372626743397,2.8151023724446933,2.405724992978658,3.018611111111111,3.0438574635241307,2.8518164599626403,2.7207476636137713,2.5046062727206424,3.0242222222222224,3.0678019680936353,2.796546408573842,2.8280945014307286,2.8470515410105386,3.182968253968254,3.2722257696007695,2.969886294420286,3.0324755885840635,2.703820101162249,3.1963968253968265,3.4137856140772818,3.2833819214323072,3.2101794529273175,2.4451258905314854,3.0438888888888886,3.1230815295815297,2.8993094231767507,2.83442227887391
audio_531.wav,3.5,2.1784295768969444,2.8058571428571426,2.567355511772177,2.1646153760827924,2.2647505714090137,2.0902361384170827,2.727785714285714,2.6654449855699847,2.367589825555372,2.22214512743304,2.761879841486613,2.744801587301587,2.743328322911656,2.9261949704613994,2.794051559151812,2.6371328416754687,2.727563492063491,2.659936648228314,2.6533956157113545,2.6047873401173685,2.5617231600032677,2.6470158730158726,2.6591745230078567,2.564926871470293,2.4353013390318625,3.337235609690348,3.462579365079364,3.3670961769711774,3.467462181678874,3.5402624700009557,2.403282917459506,2.8381666666666674,2.758703202661535,2.520800356822719,2.5971250089590683,2.5801553445831913,2.7132142857142854,2.6794531625781626,2.4346009152257495,2.5241461317997906
audio_280.wav,5.0,3.9426951738530747,4.176198412698413,4.180399891774891,4.434468379123806,4.4469023907583916,4.794969358593815,4.512484126984126,4.637232844316178,4.902979744608101,4.896796913312592,4.616839090983073,4.141746031746034,4.1309178290844955,4.5225091236480415,4.389944030001847,4.438921963135455,4.325150793650792,4.258673120089787,4.505493079075463,4.527548067933023,4.6955873263342385,4.4462777777777776,4.4399114311614305,4.651522306220232,4.794546336085742,4.549717744191487,3.7121587301587304,3.692890119140119,4.224175161672747,4.103152275819975,4.966517663257203,4.271936507936507,4.4728389010680685,4.635587132983262,4.655754840636905,4.851808779539145,4.413992063492063,4.469198092031424,4.708224885768758,4.69972801365857
audio_33.wav,4.0,3.767551111063517,3.781436507936507,3.8860323041156377,3.9771848544217243,4.0362216132370845,4.600261542198384,4.089992063492063,4.244147270938938,4.38688293927209,4.432583035833957,4.024845202763875,3.828690476190476,4.059917127625461,3.9292877310097807,4.001420813397337,4.240559933997426,3.655301587301588,3.9699253385503384,3.908969105777032,3.8621775874198505,4.290974923664565,3.859849206349203,4.045746492704826,4.123086419122498,4.082528776123028,3.7784523169199624,3.6820873015873006,3.678900753567421,3.5939265810905305,3.9149605252452204,4.594813948591388,4.1039047619047615,4.212720919512587,4.308505215621456,4.316402676938382,4.186381461615726,3.861396825396825,4.125004489337823,4.1426083375798655,4.07915122351213
audio_307.wav,5.0,4.411677855962789,4.340246031746033,4.27809145021645,4.513914215741902,4.466434581515798,4.889802947643491,4.652333333333332,4.749230920314253,4.890739922848956,4.859682386338445,4.973084290822347,4.644436507936507,4.687793900543899,4.735573610257423,4.727790561505494,5.0,4.6356190476190475,4.670227553310887,4.762649960030512,4.776588689139692,5.0,4.749230158730157,4.785829605579607,4.860828033602746,4.901827969213713,4.425259908040364,3.914833333333334,3.869945466570467,4.235972572471656,4.074753391286202,4.701211225726283,4.755190476190477,4.756939153439153,4.840810772833796,4.8825113334415065,5.0,4.7811587301587295,4.7650706669873335,4.853206751562948,4.887718125029507
audio_617.wav,4.5,3.116596746952581,3.3719444444444435,3.2866909911076583,3.3652151556081518,3.39275990810019,3.212855818491896,3.1963571428571433,3.0339107019523683,3.269348428007375,3.22741929433192,3.5970280965169272,3.360261904761906,3.29058115958116,3.3141753731270307,3.4327424873801307,3.8055039213388144,3.363674603174603,3.26090033115033,3.3196983086428093,3.3933296111640843,3.7236365452989326,3.244222222222223,3.14369057639891,3.4035160409925482,3.3464943971453125,4.001942316691081,3.9336507936507927,3.912451311034644,3.8956596554567113,3.9306522449420207,3.4325342759895143,3.328698412698413,3.3459281952615285,3.4647748097801627,3.4268823558717543,3.60006680352989,3.252904761904761,3.229740116365116,3.4081777789320693,3.3600393785036786
audio_613.wav,5.0,3.8418884244402185,3.845968253968253,3.828007982757983,4.060131068120293,3.9937402079984907,4.611606413288738,4.465753968253969,4.529294713003048,4.5594826809967275,4.486606551411595,4.382643381754558,4.330380952380952,4.255897514522515,4.4167827164120395,4.340980121947646,4.647181247793497,4.413015873015872,4.28552160493827,4.506815538663356,4.484033945764172,4.654024417501645,4.541968253968254,4.530323212281544,4.5588162801720715,4.641579425366403,4.21068008740743,3.8278333333333308,3.7373079883079883,3.9539306330464172,3.916311660490751,4.516135757418674,4.491611111111111,4.578696769280103,4.467933425604259,4.547639934118842,4.557060992863985,4.5979841269841275,4.527117225367227,4.643800256472818,4.574477053240924
audio_472.wav,2.5,2.6525192821276256,3.3735793650793635,3.370656975740309,3.084765498519157,2.9712378481833923,2.532175105607022,3.167912698412698,2.9642062104562115,3.098800373104696,2.977814333282852,2.666799704233805,3.6779682539682548,3.630208672500339,3.7165872177817394,3.4904668507206047,3.1952946857000337,3.6951746031746047,3.7235570925987598,3.6338821111033823,3.598556992007111,3.0477290180415832,3.477634920634921,3.4114599767516434,3.2587585487111803,3.4017294198300903,1.897914171218872,2.665880952380952,2.709074888074889,2.663814385564585,2.5617155318722,2.4762674461050813,2.9096349206349204,2.805726986747821,2.7035168883232354,2.8646798941893077,2.983851732445069,3.2691507936507933,3.317004754504754,3.2597876409111883,3.2831690656721957
audio_568.wav,3.0,2.637409632177255,2.7540396825396822,2.750149831649832,2.866553563602082,2.7484465062423222,2.6267865263225794,2.6895079365079364,2.608280870364204,2.5687748641386574,2.5914800511312137,2.0193594296773276,2.4593650793650794,2.4561624178290846,2.456135852518949,2.3195989348229964,2.0972744571500397,2.5286666666666675,2.4661461439794774,2.558222605931834,2.392829345472521,2.0472186331315623,2.5025714285714296,2.4515267911101244,2.471457146143805,2.321335414333891,3.1813058853149414,3.1094682539682537,3.202944370444372,2.878549796491726,2.920371956040519,2.608214847015357,2.7699523809523807,2.711757363007363,2.7521975203175093,2.6801408640604287,1.9548496467709018,2.5342857142857143,2.5370490065490063,2.4653173060565083,2.424220075751345
audio_521.wav,4.0,1.9203314503785662,3.1830396825396825,3.17758758679592,3.143632499018557,3.018683030266475,2.680896693949105,3.7640000000000007,3.9117075501658825,3.77640382869882,3.7413676954184054,3.3828564484914145,3.0570396825396835,2.9772185468852133,3.171027975171638,3.126291598620408,2.901897205933713,3.0597777777777773,2.9871003826420495,3.060412215646037,2.978026950063071,3.018560600648867,3.413674603174604,3.5812241123074453,3.3955835123696545,3.3047499025305065,4.294368743896484,4.001960317460319,3.9457988091247898,4.08137736555309,4.071989614422679,3.0007170383850355,3.988222222222223,4.134293735585402,3.912885593169797,3.9001920734842805,3.0447256613709333,3.4367380952380935,3.6622526516693186,3.3552852992314564,3.406965225929761
audio_401.wav,5.0,4.029979449299545,4.402912698412698,4.3838638521971856,4.452697940841985,4.628575916399618,4.058348433645945,4.457626984126985,4.303027440152441,4.524916167593612,4.383510656914506,4.171874523162842,3.9895634920634904,3.8997352739852738,3.925604198073639,4.017392954547977,4.001789184465399,4.11497619047619,3.9315043675460335,4.192738194875049,4.122741441039385,4.0284242454713945,4.347809523809524,4.397571689113356,4.3879961274565025,4.423681176785717,2.6347849369049072,3.41859523809524,3.357388756305422,3.345125851489584,3.3880174757013877,3.324390416234879,4.419928571428571,4.1269892098642105,4.194727536903601,4.1407662698730725,3.9391122408447505,4.346650793650795,4.369368085618087,4.196910548697883,4.284340195007192
audio_573.wav,2.5,3.7348291876982844,3.754722222222222,3.8247017303683974,3.8586874772177158,3.8755636409718033,2.986515677115001,3.029515873015873,2.9461855921855915,3.065984173195785,2.875728992304024,2.317877928415934,2.7852698412698422,2.7809600970017634,2.6981636857853695,2.586680778796729,2.160843399783498,2.829857142857143,2.814555174763509,2.6552233813125876,2.5535001392683276,2.390397408701038,2.6704126984126986,2.653900332691999,2.3801276024853077,2.3647476201432496,3.088700771331787,3.031880952380952,3.064611071027737,2.8159508624853014,2.617097499813992,2.493616294309576,2.964111111111111,2.817140404348738,2.611139039884455,2.6015157074472435,2.5623622286773404,2.7670714285714286,2.7085681617764954,2.361304035143052,2.4222640310796617
audio_180.wav,3.0,2.790088097673646,3.2645317460317465,3.215681250847917,3.1807033735708625,3.152156161043844,2.8186454585381426,3.1623174603174604,3.071732756441089,2.9552089760888123,2.924304020167543,3.644070545832316,3.205357142857143,3.0998893298059973,3.208877691249017,3.086525938760484,3.1603769448119667,3.1050793650793636,3.0857289361872695,3.0140332112659336,2.9187439315815564,3.313332963831238,3.1432301587301583,3.033288039121373,3.0838478456384038,2.9984867588299107,4.327549934387207,3.3616984126984124,3.3919504769921436,3.4647226589762554,3.437635485913718,3.375558220108907,3.2417777777777776,3.1580462330879,2.904561550624529,2.9680076897157814,3.553779890416017,3.1224285714285718,3.069214167005834,2.9525395686532705,2.8870565201440157
audio_320.wav,3.5,3.357023860324883,3.7807777777777773,3.844494877036544,3.608981497076845,3.689446407729097,3.213995454545422,3.3716746031746037,3.52664234685068,3.4975748379585703,3.555953265859609,4.18474547068278,4.235373015873015,4.286895787854121,4.473477723409023,4.566121578935861,4.374058547619207,4.060849206349206,4.152130725755725,4.09447319307855,4.298558799876172,4.49157307992348,3.8392142857142857,3.9935860435860433,4.316456750853889,4.2941602738990765,4.097196261088054,3.675087301587302,3.595505235505236,3.3907393578932012,3.4591394328850456,3.946036448816279,3.4739047619047625,3.563223816307149,3.46373301599294,3.612977363492966,4.8198858405733045,3.8023412698412695,3.957635848719182,4.297233435342404,4.221207428784932
audio_85.wav,3.0,3.5564830837121044,3.286690476190475,3.3470678256928252,3.6392815224498207,3.605734786296665,3.6701317507144875,3.5199761904761915,3.6673902285985616,3.918458307929953,3.8423072260662146,3.484785318374634,3.4703412698412692,3.4451340989257653,3.36837864072112,3.4799103075501354,3.595385465746095,3.4347460317460317,3.4285558099308098,3.4107179974755533,3.492315042929308,3.5294118807637136,3.505730158730159,3.4567262444345777,3.6799954455349257,3.6421716436132994,2.2066816886266074,2.9569126984126988,2.9342820266153598,2.685660730222439,2.6696616746879975,3.613800103012629,3.4749047619047606,3.579643839185506,3.865942075448477,3.8436700277903313,3.65207210249453,3.4591031746031757,3.3196566612399945,3.6348664414748093,3.574014486304897
audio_296.wav,2.0,3.357123079515579,3.601277777777778,3.732563093542261,3.6510562062529015,3.7339194405067997,2.7389422526468716,3.0556428571428573,3.0749988946238953,3.10841524622942,2.9356931201068117,2.1110891898473105,2.7529285714285714,2.8405162183495523,2.6794301709297947,2.7102004032351545,2.208951532080683,2.778571428571429,2.8675145949729277,2.7350666390502596,2.790367288441093,2.395490934635394,2.704896825396825,2.755925364758698,2.545822597330183,2.6151174087807605,3.5461859703063965,3.5146825396825387,3.407707892416225,3.342284393892777,3.3925806170540844,3.234678186387786,3.273873015873015,3.211741664199996,3.3679858593950995,3.3711674889416154,2.3286319861260476,2.8877380952380958,2.907181427368927,2.7591365126080234,2.82951441498732
audio_250.wav,3.0,3.1331765073055315,2.704309523809524,2.996130853714187,2.6846693736786,2.7945615214683337,3.559903820193768,2.77413492063492,3.3117227633477646,3.138117121180766,3.1404416967540176,3.6203790505727134,3.0722380952380948,3.2266762265512265,3.485723553073512,3.3725489906402797,3.7938912797860262,2.954674603174604,3.2191241382074716,3.17742696637619,3.2823509353850375,3.9187779663784954,2.9861746031746024,3.2747851785560136,3.307180622992329,3.455857702157639,3.12989075978597,3.069833333333334,3.0557196383863054,3.151097075072393,2.8161665999214556,3.5086452211178236,3.0547460317460313,3.250970000678334,3.1033489653169006,3.1371553653380864,3.753136164258521,3.05204761904762,3.3748013616739105,3.436325006748474,3.4050394693786803
audio_346.wav,5.0,4.220673331008546,4.14813492063492,4.080862796154463,4.196723863072712,4.256569171893873,4.957670754718154,4.437746031746032,4.398635558885558,4.66412054164839,4.696944746168328,4.981136163075765,4.397063492063492,4.37091279091279,4.567417744342677,4.455876248882422,5.0,4.436111111111111,4.434845679012344,4.625856519108226,4.706382931267027,5.0,4.544714285714285,4.530333734167068,4.727684397238069,4.730493761579848,3.0138724644978843,3.6377063492063484,3.708086905378572,3.5493045173381126,3.5050557549579633,4.314585557615278,4.3326666666666656,4.34080784030784,4.550555432855462,4.602477174611735,4.95784559848722,4.509341269841269,4.508463184963183,4.751280351153613,4.758593037261942
audio_335.wav,4.0,3.0581133701343,3.450785714285715,3.396673446923448,3.2833311220514694,3.063166023724264,3.0824127381274984,3.414055555555556,3.3131689529606194,3.2884391964667863,3.1980221336027412,3.2565747102101645,3.933436507936507,3.9843640510723843,3.7123923851838008,3.682441644603062,3.3752787107635616,4.027984126984127,3.991108331483332,3.765339803122861,3.7609768794393124,3.2575384449507108,3.88538888888889,3.7953928571428563,3.751183023073848,3.66454154865664,3.2004316647847495,3.4954444444444435,3.440476619059952,3.5291457256454115,3.593155619613069,3.1307200184941553,3.4093968253968256,3.3116022526855864,3.3481370410593847,3.2962295532973562,3.2549891934561397,3.8773333333333344,3.772754890171557,3.650925787872604,3.7127142475425696
audio_20.wav,2.0,4.000933431828794,2.9235793650793647,3.1243056187639517,3.049087761428361,3.2613973875467135,3.4766849099596544,2.877380952380952,2.687461133002799,2.558040933262566,2.613638013981737,2.1403372287750244,3.2405793650793675,3.439966009299343,2.950774321100294,2.91739876583206,2.429426594458065,3.1873730158730162,3.33401227013727,2.7245928139356663,2.7256065798732085,2.781778847941666,2.976007936507937,2.9544630801297473,2.4838321935965104,2.440025119736691,1.8636051416397095,2.9178730158730155,2.9058707172457177,2.7508574197129723,2.636568896795047,3.2633673858805596,2.924531746031746,2.758927649510983,2.5279961172257788,2.517281264236783,2.5110058788281777,3.0523095238095244,3.0209911415744752,2.4907386993510268,2.5787417154113723
audio_5071.wav,0.0,0.10476829545885247,0.003928571428571429,0.03917592592592593,0.0022018962164192346,0.0037712198236847915,0.36315561671289487,0.007976190476190477,0.04110714285714285,0.0019495468640827384,0.0012516559152984336,0.0,0.007936507936507936,0.007296296296296296,0.0,0.0021839119235370465,0.0,0.013095238095238096,0.007333333333333333,0.0002060081877573235,0.0,0.009190191669845879,0.0011111111111111111,0.009185185185185185,0.0,0.0,2.4728810787200928,2.4290079365079356,2.4160700518617193,1.9313775660781412,1.9593266882443272,0.7597629350396143,0.02676190476190476,0.050832772166105496,0.04952542220493126,0.01780386030192396,0.0,0.0,0.016481481481481482,0.008359759452849391,0.0
audio_558.wav,4.0,3.2889500476411193,3.1201666666666674,3.0056842833092827,3.0990457971229475,2.885236381883329,3.933528805160231,3.3069523809523815,3.223461800545133,3.2640454252724367,3.2298768073784996,3.659958600997925,3.2279126984126996,3.237014490139489,3.1825175097056686,3.2998267236966434,3.342776178800276,3.2176587301587296,3.2782424643257984,3.25226568364543,3.1333414536150195,3.331697537901665,3.3736666666666664,3.398054481012815,3.596064986943521,3.44693347820187,2.1260931491851807,2.9480873015873015,3.0069618807118808,2.719317610738939,2.705120902245115,2.4284842356540057,3.1733492063492066,3.0952535658785654,2.8746811106438375,2.843288943771172,2.5640628429224326,3.298404761904761,3.363904260862595,3.488802400146809,3.344447742546482
audio_289.wav,2.5,3.498083795549398,3.34786507936508,3.3607791359874697,3.0154844109649788,3.076887037538553,3.6849458321421085,3.187674603174603,3.239952012493678,2.991892013783602,3.2668479924050913,2.1511638164520264,2.9186349206349207,2.9952840708674024,2.8780540933899026,2.806233915537131,2.2704849439599326,2.946103174603175,3.04980186942687,2.97368176762336,2.958462762090093,2.5643530774526213,3.0070873015873025,3.033631433381433,2.869951707029037,2.8285507347468237,1.3096264998118083,2.4636746031746033,2.5423479005562335,2.5777490784498536,2.444076815223335,2.672044768823289,3.0023095238095228,3.070294552669552,2.8800893620446044,3.0702892455853985,2.693760802814817,2.9389603174603174,3.0258977272727274,2.8282109346891926,2.8120422941034633
audio_620.wav,5.0,3.366468976000949,4.032896825396826,4.028685158976826,4.3786384815353045,4.354844714277276,4.606960280690108,4.70297619047619,4.787919672919673,4.8089819130889895,4.756797863251677,4.730942408243815,4.385174603174601,4.367192239858906,4.5907304247458285,4.725567646867689,4.587843819033721,4.445166666666665,4.38568922589756,4.592201727738388,4.667351661354033,4.649347752568957,4.709333333333334,4.733518498476832,4.968328718123931,4.913408841994709,3.8890902201334634,3.7034761904761897,3.8838132438549096,3.901399704675415,3.930625957053732,4.4172224735179695,4.6228492063492075,4.699524510982845,4.737075280720408,4.7504785524749185,4.45213189645908,4.658174603174603,4.710651094276095,4.945963235948554,4.928033238052542
audio_665.wav,3.0,3.933895519560123,3.733682539682539,3.7684015151515156,3.650091129674881,3.6804223525702953,3.955931499805685,3.196420634920635,3.322547077922078,3.2567127157717,3.215633154170766,2.6609463691711426,3.275468253968254,3.301608559650227,2.8680943675819663,2.9289686130742076,2.712466059451696,3.5482777777777774,3.5152137322553987,3.2274017399982475,3.2170849423347616,2.9266198813876527,3.374134920634921,3.397369362119363,3.419102984795478,3.2119850446389013,2.7157913049062095,3.3302460317460323,3.3422019045769047,3.3251868489626184,3.277591740390815,3.599767695269336,3.2218253968253965,3.3533808876308875,3.425695669620468,3.312155622730044,3.16016850260907,3.360238095238095,3.4119297770131105,3.3932603665818406,3.4000913267511237
audio_751.wav,4.0,3.8921626076320197,3.816142857142857,3.7191148188231513,3.683068322378391,3.7565460408505467,3.916462037668344,3.6794841269841267,3.6498489797239784,3.775712819855402,3.645174425083517,4.031188726425171,4.002436507936507,4.094995570787237,4.047754862252911,3.971471824330107,4.052081063825776,4.148634920634922,4.1862628868045535,4.012593017606121,4.022256280117922,4.080776479445222,4.07486507936508,3.9577042001208667,3.858566011082331,3.9837401051114885,4.241612990697225,3.969984126984126,3.913127625460959,4.288841419998283,4.303161110082492,4.304295450512931,3.7102301587301576,3.6265183782267116,4.117789873135823,3.9987919850287477,4.111186337380167,4.046619047619049,3.978266981475316,4.008864537605947,4.010083694695064
audio_442.wav,2.0,2.9991112706074947,2.810746031746032,2.7954950234950235,2.808845103646344,2.7850800529335884,2.466588377630567,2.6518492063492065,2.717962947546281,2.5082168686869286,2.6075310102055194,2.752761125564575,2.577206349206349,2.6616175229091903,2.300741664109404,2.2977850429214324,2.4582963679645453,2.5790079365079364,2.6771742023408684,2.308140491813529,2.355344271426048,2.343481304618725,2.5317063492063485,2.6517711640211634,2.3259066396486556,2.3062035989166323,2.133519411087036,3.2113809523809516,3.1640995455162124,3.110312672141259,2.943249443150293,2.205192982684612,2.7425158730158734,2.808366870783537,2.4947888658827977,2.587881609250845,2.176859150565012,2.6149206349206353,2.6946461254794585,2.2421711661826045,2.3052647978873066
audio_362.wav,5.0,3.999873770317553,4.166960317460317,4.012357586857585,3.9112892181049355,3.9921226200737867,4.8273286168198375,4.6777460317460315,4.764108966650632,4.812022307575484,4.7570618297157194,5.0,4.2247063492063495,4.32521091871092,4.548810136340362,4.539737796747239,5.0,4.335936507936508,4.325391694725027,4.615798595974629,4.515858321481287,5.0,4.538222222222221,4.595065209481876,4.608010998592363,4.674972901747636,5.0,4.205007936507936,4.167086259419594,4.584568070869114,4.538231860794929,5.0,4.57384126984127,4.661076459034792,4.882213890744485,4.961939412580734,5.0,4.525682539682538,4.594961900753567,4.683240894965498,4.706481681757932
audio_311.wav,3.5,3.639260395320504,4.142722222222223,4.06413602292769,4.035478225698672,4.257015707918733,3.247060885408422,3.3451190476190473,3.403383429841764,3.3174947291535006,3.3816540491104017,3.336930751800537,3.5921031746031744,3.4606614172864183,3.7576438777113164,3.719732428954012,3.1411140116702527,3.550992063492064,3.5307406682823346,3.8023755918649105,3.815066546236027,3.0783602395882,3.421174603174604,3.283417799021965,3.8090806924207974,3.5871025317025147,4.432272911071777,3.443515873015874,3.253689814814815,3.593640544333119,3.4779708407733305,3.1387144305258796,3.1790396825396816,3.365189134939136,3.2510515686797974,3.2050690497373187,3.165097560495559,3.3187698412698414,3.262109480026146,3.678655075315307,3.500926617385464
audio_724.wav,5.0,4.220906672708357,4.4215714285714265,4.220556637806638,4.574518948246206,4.628946356605746,4.724903747290429,4.718317460317459,4.7422471078304405,4.867155762929893,4.947238367634866,4.926284313201904,4.7325,4.648580146705147,4.871116165256065,4.85090681746748,4.795590807942504,4.7599285714285715,4.71515568382235,4.868588893114319,4.901947529124879,4.829827585452829,4.768317460317459,4.725858097149764,4.866944092026074,4.913065079130094,3.6596547762552896,3.5976031746031736,3.6475293626126963,3.713954914024555,3.732369223651942,4.75517666267412,4.527722222222223,4.555016608391608,4.607223239141654,4.654227230837573,4.993155290550737,4.736246031746031,4.7288207471540815,4.914096629360457,4.7957767975779815
audio_39.wav,3.0,3.6252247353246934,2.6052380952380942,2.5979293931377256,2.582745774803355,2.5681750902068186,3.1018189953626116,2.8323492063492064,3.0472939699189694,2.894743464680694,2.851255783013459,3.120185375213623,3.3301507936507946,3.3282120009620013,3.193059996414684,3.2660374464742765,3.2519274137480103,3.0514047619047617,3.104660162368495,2.9845561120330983,3.040362720364954,3.3336719621484665,2.9832460317460323,3.057678010261343,2.9473258523279107,2.9131290536030785,3.535158713658651,3.136444444444445,3.127376382876383,3.314136427340056,3.2466593325085475,2.763591592033867,2.882230158730158,3.062259399551067,2.9746796270889297,2.856731335951514,3.3236958517356037,2.991968253968254,3.0308537419370754,2.952483464882364,2.9657298507856518
audio_290.wav,2.0,2.9445965057443213,2.8565079365079367,2.8353979847313178,2.0803758171140445,2.1942725745852956,3.2040726222165437,3.2600634920634923,3.3425639229597555,2.778888915462304,2.759681932944343,1.8570562998453777,2.8218571428571426,2.8534906127822803,2.338814798747231,2.3810683511166952,2.0844487864619574,2.811444444444445,2.794647512980846,2.1318789728366103,2.166618974682221,2.252844244805866,2.929761904761905,3.0841019088935755,2.299709815125411,2.55916522782583,2.131953239440918,3.170349206349206,3.0247921461254794,3.130607905331525,2.8451294370095233,2.9350786718723008,3.143801587301587,3.2857718354176697,2.6438213091642853,2.6489507886170442,2.5404237723222565,2.9898174603174605,3.035055295013629,2.2514415026095302,2.5876947057933632
audio_23.wav,2.5,3.1707147403480462,3.119293650793651,3.020299501424502,3.1634175299145517,3.041072839941712,2.746958860181745,2.846539682539683,2.9978198360281705,3.0191707795202323,2.967579915808481,3.3057031631469727,3.7060555555555563,3.604338784672118,3.674172895869933,3.495047084988082,2.9398984504854653,3.4685079365079354,3.4652119809203143,3.320938232497609,3.4274920785625347,2.7965821478813724,3.353333333333333,3.510802489177489,3.542810422844562,3.456745146622667,3.732646385828654,3.278706349206349,3.298431156806157,2.826890197788702,2.8000992865599508,3.3469605742824986,3.000761904761904,3.1675773979107316,3.032462200814629,3.044647541569812,3.4236033958683882,3.36034126984127,3.4906231361231352,3.525628989588037,3.4312610798593806
audio_624.wav,3.0,4.039906276734093,3.9053015873015866,3.995458140624809,3.887698206748384,3.8392114418086223,3.7976593759089696,3.8325158730158724,4.029546256212922,4.055772420365538,4.059153475324757,2.9026461442311606,3.458269841269841,3.624213070879738,3.3719878496242264,3.2899098352210463,3.0879501796898166,3.602349206349207,3.6844333228499893,3.385246577919665,3.3343956129529233,3.455460410757601,3.5904523809523816,3.573765672599006,3.506765809489753,3.519210271858226,3.188042481740316,3.3694206349206355,3.2806410919327593,3.186361765091195,3.26989688596533,3.2222591098183977,3.790015873015873,3.8794946087862754,3.9298701045756643,4.0553386545368,2.9531650328941352,3.682761904761905,3.6694230237355234,3.6387345770411734,3.603121709641813
audio_206.wav,5.0,4.4094252742605535,4.450150793650792,4.4128645320728666,4.715572092293104,4.791761600674671,4.059273495399413,4.435928571428572,4.454043035668035,4.4756857597048585,4.342774868425161,4.121265093485515,4.070222222222221,4.07323466810967,4.272034918814328,4.247525063007639,4.540078523887473,4.192912698412699,4.165774837816506,4.431389785895021,4.427383716949497,4.515364777919077,4.248777777777779,4.302763039429706,4.541790663873768,4.42914719331092,3.7654308478037515,3.549285714285715,3.5314155289155296,3.7177236948426375,3.820437002523308,4.840183037759448,4.399174603174603,4.427734126984127,4.499365569626353,4.417993261116556,4.94752523400234,4.272833333333332,4.30952516002516,4.621039548198621,4.466445714747483
audio_288.wav,4.5,3.0187027957962145,3.4079761904761905,3.22317871017871,3.7589901278950464,3.6138391224050976,3.3493886706575124,3.3738015873015867,3.2311730291313636,3.3880079552685642,3.3118320583397267,3.9943254788716636,3.7387619047619047,3.6457045855379193,3.847627139061189,3.8137350520762436,3.9967508018240268,3.8411587301587318,3.613253246753248,3.912445631883332,3.8627797688473464,3.9628764946219577,3.7315476190476193,3.7293721340387997,4.0733697536812485,4.073351073891247,4.0820216337839765,4.007222222222222,3.934225715642382,4.114514165323895,4.026069243643817,3.5363656700896864,3.7295793650793647,3.6176892736892743,3.9061657988541967,3.935073067717946,3.5842761689228175,3.793182539682538,3.768989257655926,4.288166983856416,4.143188426886591
audio_60.wav,3.0,3.21840245109589,3.3111507936507927,3.272958753029832,3.251565426165864,3.1455559944443494,3.249192524399119,3.4385396825396803,3.417533238366571,3.3274548803316812,3.4631869207068813,3.356799920399984,3.570928571428571,3.663191498316498,3.5890140864898306,3.547272815491025,3.146589164400975,3.4853809523809516,3.611599653432986,3.5864650066557684,3.518860371805721,3.2377720686439617,3.489603174603174,3.5335682219015556,3.4634027160334,3.61299825592716,3.7142178217569985,3.542396825396825,3.5933605900272574,3.840291760030517,3.924453383320694,3.285642238469897,3.4068333333333336,3.521337808796142,3.6615728027998515,3.6158207811444494,2.8720220658385816,3.5055158730158724,3.588891133557801,3.4581063684234654,3.5842255787847352
audio_80.wav,2.0,2.840204381415189,2.7467380952380958,2.7765925139675134,2.7133070911613437,2.6825452616757537,3.2012281096486404,3.0802380952380943,3.4161191524524863,3.2386237103246196,3.204766336545191,2.5586976210276284,2.808809523809524,2.836972061888728,2.858347498800624,2.776948013300641,2.1539332039212917,2.671055555555556,2.6688218694885357,2.4744956866287002,2.5573215708265713,2.368963184921373,2.87902380952381,3.0966435262268583,3.054209013069825,3.0293820164526455,1.329481601715088,2.790039682539683,2.8152645841812514,2.923847010538204,2.5842435208498187,2.1212134310461384,3.084047619047619,3.5289967362884034,3.3122312093978508,3.206720203827542,1.8362308470258943,2.8756825396825394,3.1093476230559562,3.129504059542988,3.0409427022871434
audio_214.wav,4.0,3.8681966488779267,3.722238095238096,3.6200224667308007,3.6339238009530486,3.5385152254060763,4.529302258139279,4.484436507936508,4.562499438832773,4.566033831073799,4.617894203065478,3.9513407548268638,3.986214285714285,3.9184747212663873,4.0184909151704,4.009876017029459,3.7209174668974625,4.039507936507937,3.9675597041847035,4.07076469505457,4.070253749778197,3.9859096137897354,4.222428571428572,4.207822781385281,4.250485299738923,4.387413668318868,2.6581260363260903,3.3974523809523802,3.3630642366892363,3.4207268133193485,3.5513915622772747,3.8104094182236294,4.557642857142858,4.603475428892096,4.492082467423361,4.551067680183189,3.8013072671088377,4.245984126984127,4.219707459207459,4.193060195383503,4.289522475430105
audio_599.wav,2.0,2.4750474826871858,2.507015873015873,2.5825293209876548,2.479386425638207,2.40796464110262,2.6068103415075092,2.654984126984127,2.6591003487253477,2.6154327617178814,2.636766090978069,2.302760044733683,2.469349206349206,2.5200891454224785,2.504195741016803,2.490297147086553,1.8076051606218633,2.474825396825397,2.5024664502164504,2.302693106534536,2.3515361795569443,1.9003531781443275,2.478388888888888,2.520743065576399,2.4378096093693866,2.3990498508809472,3.4731090863545737,3.412230158730159,3.4073450376783705,3.3610886904929855,3.3432103204128425,2.8162193044297283,2.8384047619047617,2.8135460527127187,2.9351753620829215,2.9425386060546894,2.120572406452283,2.552214285714285,2.625444698819699,2.436831489764828,2.44565955470175
audio_5063.wav,0.0,0.0,0.00376984126984127,0.0011111111111111111,0.0046970074799918314,0.0,0.04332214640871893,0.0012698412698412698,0.004722222222222222,0.03489169702658574,0.06792894299959489,0.15563575426737467,0.02801587301587301,0.06072222222222221,0.01860370409928834,0.005514136930826381,0.0,0.02238095238095238,0.05247222222222222,0.012053535965550572,0.009520493664686875,0.0,0.00634920634920635,0.06892592592592593,0.0023608083732211027,0.018821744658867073,4.05833625793457,3.5140873015873013,3.512724127724128,3.262758865026633,3.433253146343509,0.6495495420917067,0.004603174603174603,0.006481481481481481,0.17670726901535017,0.1321397706744012,0.5775202851257726,0.01718253968253968,0.0597473544973545,0.00862500858195927,0.028952073480398837
audio_207.wav,4.0,3.8244993969327097,3.825619047619045,3.8195244585661254,4.1528564374992785,4.098016694962493,4.0607461142288495,3.9242063492063495,3.9676122565705882,4.3205292159966,4.258554517965617,4.041520357131958,3.608150793650793,3.720873356581689,3.5697776150098206,3.602796802664301,4.020078182069008,3.6706349206349222,3.7637670601003954,3.7557488587241123,3.7281179366110773,4.184429126264635,3.695587301587302,3.740338036963037,3.8912865756364545,3.9414548909586338,4.351784706115723,4.1022936507936505,3.9866852191018864,4.139894803374665,4.115642695545975,4.162086110492989,4.092507936507937,4.113233417816751,4.415243562183754,4.288670806263991,3.7014216264681656,3.7296825396825404,3.8160982243065575,3.9053686819492675,3.971032952153046
audio_438.wav,3.0,3.1001035127701897,3.4742301587301596,3.450965267756935,3.204765459767874,3.27124186094631,3.283737237760606,3.1921746031746028,3.494989277697611,3.4028933424183516,3.3357172855956265,2.581876754760742,2.7578571428571426,2.765762045053711,2.874904619491802,2.858737909900204,2.786038761766376,2.8295317460317455,2.911650593233927,2.9325229104949635,2.944481509205468,2.8535166263238434,2.9269444444444446,3.0011006616839944,3.053314463629489,3.058879618360931,3.6798104445139566,3.1518968253968254,3.2966207712041053,3.257694073042335,3.3684077375127472,3.393429951908756,3.1557857142857135,3.452543510501844,3.3531285964949125,3.4310339941002823,2.991056240502354,2.952746031746031,3.05017426246593,3.2269394856667994,3.0546884500629474
audio_332.wav,5.0,3.722493865856178,4.10870634920635,4.035685316226982,4.286884055675727,4.188941404497751,3.9051737756052485,4.59215873015873,4.626252605419272,4.585208089397681,4.635477634562243,4.605730056762695,4.520690476190476,4.572744548661214,4.616950102412552,4.518912745775942,4.250580695585098,4.623444444444444,4.57719769119769,4.669486354399717,4.637759440248365,4.245007566727102,4.634595238095238,4.651527424735758,4.635268355534022,4.704007477560755,4.296370506286621,3.9517698412698405,3.9636743565076897,3.9910146665026027,4.105114456550594,4.084466990263018,4.536849206349205,4.567926160259494,4.86208978681816,4.847023398773861,4.184392035214539,4.659920634920636,4.645504549462882,4.633549478910328,4.713832932938202
audio_159.wav,5.0,3.413439801342229,3.3934761904761905,3.4076444758944753,3.5458998988274857,3.401762919621097,3.621930839564841,3.458484126984127,3.3324866219474067,3.063076886545487,3.151085651123489,3.832296133041382,4.027158730158731,3.84064905002405,3.974360557148587,4.135510943872503,3.7205430541677487,3.9120714285714295,3.898004601879602,4.008360966001738,3.8498004268855035,3.717092973311765,3.807412698412699,3.6980295414462083,3.912033564037086,3.831064960426241,3.6050362586975098,3.414626984126985,3.496822709697709,3.505013444377335,3.4185064209863256,3.863989092544809,3.5356111111111104,3.4503497906414573,3.220520565565069,3.2988082697924477,3.576634140083822,3.8451825396825403,3.6920934944684958,3.8377724604756565,3.69559048626038
audio_478.wav,2.0,3.7882058858575944,3.600952380952382,3.6321166349083014,3.339531508474483,3.3606816914205404,3.4007280567595117,3.1437063492063495,3.0331411335578013,2.875640532020648,2.9758040612141112,2.668922742207845,2.805619047619048,2.791602027511342,2.6570059605998266,2.5952695963627432,2.7873818751848716,2.905738095238096,2.9236143516976854,2.6738191437368504,2.6973331754714653,2.6201317533704525,2.8748571428571417,2.9107070028736697,2.8557148083216384,2.7695978983584157,2.8001112143198648,3.0724761904761912,3.0053502408085735,2.774414281601451,2.7852100144551764,3.5609140381436473,3.103246031746032,2.956202442619109,2.943470157843952,2.9806646379016324,3.140600503168759,2.9153650793650807,2.9279879919463254,2.678734390379512,2.788417507316225
audio_46.wav,3.0,3.0404327258473223,3.1985317460317475,3.172366255657922,3.133032772989191,3.09742645215483,3.424248788598485,3.464230158730159,3.433739034114035,3.4075357246574556,3.425344887867816,3.5189273357391357,3.626579365079366,3.709732973816308,3.595270006195211,3.6449390965908672,3.608201495303069,3.6258174603174615,3.56994261602595,3.644079126112624,3.684706548676765,3.7206909857376957,3.704571428571429,3.733793063418064,3.7322487765852466,3.705188032885468,2.4234213829040527,2.600111111111111,2.5037882164132164,2.3397022367912386,2.2386663360414896,3.127983504012527,3.4958015873015866,3.421177335781502,3.2137577980218173,3.3412571893463756,3.6066375081443716,3.667444444444443,3.7290889249639245,3.578409036211139,3.5814333790593254
audio_130.wav,3.0,3.4757159036389953,3.703666666666667,3.624341289882956,3.648974037174874,3.650001558210756,2.8454257151538034,2.91704761904762,3.1881905393988728,2.8759626909598155,2.9024577929601265,3.5064423084259033,3.450333333333335,3.436976780935115,3.26931973434335,3.3510287942061763,3.491119440281315,3.280603174603175,3.423121813371813,3.317799097579959,3.188196426049709,3.2950230391536763,3.023293650793651,3.182999095040761,2.882974511210572,2.9881074892186574,3.306861956914266,3.2237777777777796,3.0887661736411736,3.085375784762633,3.0222902395252778,3.2592489109291574,3.022087301587302,3.2912051667468347,2.9625318206256157,2.9535632537462093,3.8692017842717146,3.135412698412699,3.2517516110432783,2.955162598649818,3.1316513973451983
audio_437.wav,2.5,2.7281869897945934,3.197357142857143,3.1551417671834336,3.330387276774379,3.2797962809940002,2.811938730796701,2.750460317460318,2.80903237965738,2.6803462385989825,2.7496107167745065,2.448423226674398,2.804531746031747,2.769963043129709,2.9005834024335617,2.7942698394317245,1.9653379141305287,2.7761111111111116,2.775835898669232,2.784887135195645,2.754237407434058,1.973004558982553,2.749142857142857,2.734208132916466,2.76040117655932,2.72021053801828,2.3568994204203286,3.143603174603175,3.11828848003848,2.983212423264707,2.921276549715955,2.3868779467689767,2.6010714285714287,2.657745522995523,2.6903606743654453,2.610447971803791,2.353486771033968,2.693976190476191,2.698390552348886,2.718904458970431,2.6185263028877284
audio_771.wav,5.0,4.304644078314663,4.343714285714285,4.362031658156657,4.267209502599001,4.157109078379849,4.360124712716373,4.503960317460318,4.652157216240548,4.725123291144229,4.578579557313645,4.76531187693278,4.209103174603174,4.274662123370456,4.396880380120925,4.395417155294747,4.7792781022373,4.384158730158728,4.349727413019081,4.720976555176058,4.550445701344776,4.7949226382822925,4.443873015873017,4.4714798426881766,4.691122430779035,4.540232949505295,3.893667459487915,3.7058571428571425,3.6957717051467056,3.9014799852811337,3.997530752978425,4.3136743913427695,4.520246031746031,4.625459094917428,4.527495655354158,4.597935919207297,4.503154551410325,4.387873015873016,4.434889735264734,4.724683028977126,4.619148956405499
audio_759.wav,4.0,3.9363911902501734,4.094119047619047,4.083217219508885,4.008957664256191,4.1835998281464155,4.477231492400623,4.40995238095238,4.409336735795068,4.637678570826986,4.6311527552168075,3.705477555592855,3.8650317460317454,3.836121973705307,4.203374348794692,3.9279071617560426,3.723524750700656,3.992222222222221,3.862430308888642,4.084511882419009,4.006374579965495,3.8398201693815,4.1631349206349215,4.1626984728234735,4.2594271998128255,4.231776595701619,5.0,3.850206349206348,3.8363944589361254,4.061010473544622,4.126958471771604,4.652782908382769,4.408142857142856,4.369343785072952,4.471809027738538,4.591570130035685,3.82081889544307,4.180142857142857,4.170973885682219,4.226386255539548,4.333937640299124
audio_25.wav,3.0,2.9939277153782116,2.715555555555556,2.719025796734131,2.8563200221400034,2.747892363559656,2.748136828142064,2.5963888888888884,2.5846020630603954,2.657909833586793,2.6241732076171154,3.126030604044596,3.455253968253967,3.45904142308309,3.2340981114678993,3.281347013723849,2.7611152472309297,3.2639365079365086,3.333447470739138,3.0522944193816293,3.0471829636199197,2.531422257249679,2.9937222222222224,2.9969892484059155,2.6986514770510492,2.620862791653523,3.19977601369222,3.348031746031746,3.18016679308346,3.290097746343609,3.3069286695946567,2.60756077139692,2.6374999999999997,2.569056397306397,2.617858885435652,2.508300167195399,2.4353214058027812,2.982984126984127,2.9727446334529666,2.5918185061379844,2.5817660763952355
audio_191.wav,3.0,3.924505011204769,3.228293650793651,3.3184886764470107,3.353216910773669,3.4382007163845536,2.478467175099813,2.8186111111111116,2.8687029313279324,2.8461235948904426,2.803975696734083,2.4569271405537925,2.8072142857142857,2.8684552351243533,2.7482479951146472,2.648080315217165,2.5977122229033287,2.856436507936509,2.883605110938445,2.646556429446511,2.666429049986031,2.4361827895595254,2.797142857142857,2.854325937950938,2.5721442568695987,2.6254829617057824,0.8358800411224365,2.7242777777777785,2.6797168618418623,2.219512648987872,2.1075078278193633,2.002460202086926,2.803404761904762,2.7867403599486935,2.648002195720583,2.6756089890948993,1.8184766766898885,2.7799285714285706,2.8359544591211274,2.7164793863614385,2.680915051764149
audio_182.wav,3.0,3.348251429429134,3.4305952380952403,3.3451155603655605,3.417727128275567,3.1761316163428144,3.296902242195635,3.2539841269841276,2.9532541085457757,3.0893224951640192,3.163748784222802,3.2420655886332193,2.8928253968253963,2.898057078723745,2.8234777947150036,2.8124175871878614,3.3278594503335213,2.790198412698411,2.850321308321309,2.7843975552878493,2.7713199603338645,3.38636797334174,2.924555555555555,2.999056761140094,2.9149328209562024,2.8747248317855747,3.9133617877960205,2.6107777777777774,2.374756060297726,2.4008498450069147,2.54596792486509,4.552945239736805,3.237015873015874,2.9925272443605775,3.3680591523337333,3.2514104031064566,4.124184588550625,2.9471666666666665,2.993254879379878,3.0174254537871774,2.8780682865217693
audio_236.wav,3.0,3.6500143768384334,3.5043888888888888,3.6076541529458197,3.7015056670226336,3.6773721772229293,3.3166749750637763,3.231317460317461,3.575294466336135,3.4615707024570166,3.5216443349316484,3.178818384806315,3.247174603174603,3.2216895473353815,3.077246077561797,3.051674816169095,3.315447195685046,3.2650317460317457,3.275471711930045,3.059510692991919,3.074429547767233,3.3012410911643237,3.221039682539683,3.316551519468186,3.2017412722903678,3.2367470551306052,2.1638036568959556,3.123126984126985,3.0013166139416136,2.613324014778802,2.764677862450983,3.098989192853859,3.12881746031746,3.435769119769119,3.1893538502869547,3.252504925926388,3.4765830291571915,3.2109920634920646,3.361449676866344,3.239643123786118,3.256011809071856
audio_24.wav,3.0,3.6721014504240137,3.7740079365079366,3.7609609988776658,3.7270931641844327,3.7878583007131432,3.171302169500649,3.349158730158729,3.170030074863409,3.0993151703314097,3.2523460929541366,2.0607977310816445,2.86915873015873,2.8534738178488177,2.507104702441916,2.388900954095181,2.295533758322175,2.8953095238095234,2.923688632355299,2.596000031201609,2.5813534807896503,2.217168193355692,2.8837698412698405,2.8446888790222125,2.560088023403428,2.498303663656998,2.2290228605270386,2.8093095238095245,2.8703337542087546,2.445487205158127,2.353151713984895,2.5382643999449273,3.2187777777777775,2.9211115859449186,2.813309179625484,2.8493869392511697,2.0692320095755177,2.887357142857143,2.8061008960175626,2.53502603956499,2.5658045225031634
audio_428.wav,3.0,4.497017230879294,3.623182539682542,3.622438936063934,3.634808113860386,3.6455064565492976,4.124085942371166,3.267634920634922,3.1551718697968703,2.9550781756243105,3.0917669020072354,3.8923753102620444,3.2413253968253968,3.196226905810238,3.340728543255624,3.2396019169328105,4.019591103451988,3.3950476190476198,3.242255711880711,3.4656562592313827,3.509893381961929,4.15672022784397,3.1578015873015866,3.0518992704826045,3.2265446030629903,3.2332230207049175,3.3879361947377524,3.157246031746032,3.081389738348071,3.2649091593887754,3.147402732798136,3.6711844782815093,3.2050238095238086,3.0777532020448692,2.8754397271215915,2.999718025458631,3.7061170896572047,3.1640634920634922,3.0402843314093304,3.0568431992583087,3.165420017519922
audio_678.wav,5.0,4.319877124662053,4.193484126984128,4.195239277697611,4.19274301575988,4.2434407500392,4.931935961360339,4.564150793650794,4.698748035914702,4.721547232008992,4.776699391795268,4.774499893188477,4.467190476190477,4.616385508010508,4.642178389318684,4.704696239861431,4.765249420212705,4.440174603174604,4.5640824977491645,4.655044671862126,4.628603490439649,4.642989312923688,4.618158730158729,4.676924202340868,4.696159117177452,4.764552672699207,2.6728564898173013,3.5539206349206336,3.5228426126342787,4.0887855453725575,4.10009005428858,4.093080353041856,4.523484126984126,4.573604076479076,4.7484027318302635,4.631361344284325,4.578403533907909,4.598992063492063,4.693405034780035,4.743321752787188,4.77310751135858
audio_591.wav,2.0,3.2355581242527833,3.2999523809523805,3.19106687062937,3.389855990720816,3.4473554233228403,2.4890924992224015,3.048603174603175,3.00966348003848,2.906081385615804,3.043045715533959,2.3234549363454184,2.7548333333333335,2.812678551386884,2.25183181729794,2.441444564571359,2.510918792886381,2.7781031746031744,2.7579739257655924,2.2349757178826732,2.5587117493389635,2.527261810309638,2.724857142857143,2.72848861632195,2.3110441886524593,2.5817232473858724,2.090263764063517,3.178912698412699,3.1392899631232978,3.1206249284116008,3.0655113150147053,2.1492642475963994,3.0435158730158722,2.977892027725361,2.7804500149780904,2.797409818656938,2.2220821954267453,2.7657698412698406,2.8136881806465133,2.243834726699181,2.539123483526891
audio_597.wav,2.0,2.6209925528944162,2.6872539682539682,2.71541847041847,2.567802938705089,2.5873090847389144,3.134784131164517,3.1190238095238096,3.6142751137751126,3.510605827731421,3.527947193639733,2.4362809658050537,2.7238492063492052,2.7818144648561325,2.71160426623659,2.610886054066099,2.378992510457999,2.7147380952380957,2.744501663459996,2.7298405262886924,2.6036852749154975,2.4429736906363164,2.830603174603174,3.093432158890492,2.964245842125594,3.0799659979413945,4.272115548451741,3.6511825396825386,3.776519068894068,4.010077434306614,4.077026433092614,4.103764866830052,3.345063492063492,3.6788485526818864,3.614740407495051,3.671011363684118,3.5663301927869306,2.995674603174603,3.2160910092993427,3.042852821851491,3.049678570433754
audio_580.wav,1.5,3.5421147236577553,3.5395555555555567,3.4843681534514874,3.6739708568128844,3.692716402396885,2.605424283788776,2.8581984126984126,2.9728731561648236,2.8639782128512543,2.9113712291757436,2.2315561771392822,2.789626984126984,2.675507426215759,2.5633712455552025,2.4673733862156904,2.3769659989366034,2.752547619047619,2.7435457274207273,2.540463563194464,2.4308735992986197,2.1816639320016753,2.7708015873015874,2.8094606705023364,2.5629325876766003,2.5976081175381736,2.950467268625895,2.6810952380952386,2.6951450756034085,2.5098071183426613,2.490062688568001,2.713085957524763,2.7390158730158736,2.8307393547810213,2.601705019295578,2.5714730157934516,2.3403751233951717,2.73997619047619,2.7977808641975304,2.645095800590046,2.4977538599322657
audio_19.wav,3.0,3.439135502452513,3.079269841269841,3.0802428171649665,3.2495244321630614,3.2218222142877138,3.263189102582219,3.1187460317460314,3.251403898570565,3.0681012805242016,3.1557828941864954,3.870403210322062,3.665888888888889,3.763353125269793,3.600104108471211,3.7100402093768445,4.00360083559709,3.4568968253968255,3.6242715247715247,3.592863366811436,3.7841089230045313,4.069744736287983,3.4860873015873004,3.58328062369729,3.7620720208626963,3.612498203633617,2.1078117291132608,3.2309365079365073,3.0880317460317457,3.268782571625953,3.263390228335686,2.1180740180409514,3.1874206349206364,3.265594644552978,3.2041839466098434,3.273712117512174,3.310002139202666,3.4951904761904777,3.559897166105499,3.753782786735361,3.606673598201633
audio_476.wav,2.0,3.712134531605781,3.568119047619047,3.7042809042809033,3.4207001893734073,3.430759431929521,2.963923946872871,3.244444444444445,3.4477909667492987,3.1993441253223263,3.182299574973507,2.892256498336792,2.96831746031746,2.9740116318866328,2.796091392258069,2.7487716959543413,2.822570552103974,3.010095238095239,2.966090446590447,2.7912759843006487,2.7090738933128686,2.750672474699556,3.0760396825396827,3.1966116799866797,2.8875291404198804,2.915353978016776,2.5207722981770835,3.1073888888888894,3.0373591547341547,2.8832993557331714,2.8169408115579984,2.6082422946278636,3.2664206349206353,3.3908114539781216,3.093606488515139,3.196055617980969,2.6905354503839978,3.1009603174603178,3.2578666426166425,2.7214246474779142,2.884948711475683
audio_375.wav,3.5,4.234636028110377,3.550730158730159,3.56445615033115,3.592437608289463,3.264627379489036,4.232478452154778,3.2414126984126983,3.325804681429682,3.093661624443284,3.070274001916921,3.382134517033895,3.327515873015873,3.345225849767516,3.545499969497064,3.609144872247311,3.332899053811818,3.3933730158730158,3.4949623015873024,3.6591196306267,3.6411064558946293,3.5175349745202293,3.308880952380953,3.3279753286836624,3.3480680777618517,3.2807073493002465,3.538144826889038,3.4460714285714285,3.386110109026775,3.48341751635364,3.3788570806798304,4.051002698228253,3.246388888888889,3.2539852015268687,2.9448838073329746,2.8865630526105988,3.237764304297228,3.339579365079365,3.3705374979958314,3.4111061940541703,3.343694472859236
audio_642.wav,3.0,2.850346007443427,3.155468253968253,3.1027919472502803,3.3410644392368574,3.2188106059764094,3.17565385469479,3.10552380952381,3.3408917224750563,3.736255472018018,3.6881468491835054,3.0171480973561606,2.647126984126984,2.719569865319865,2.587894843913761,2.5180694229755596,3.3411334656047096,2.7450079365079354,2.7814807599807607,2.6490266579631077,2.607588611740741,3.4464247537468053,2.739817460317461,2.955166623499957,3.091070851963517,2.865726214617659,2.405376434326172,3.0172619047619045,2.929102252685586,2.2246954951725972,2.458401734893481,2.7863839658147875,3.0088888888888903,3.368177689594356,3.531474462984803,3.3830008054134724,3.1770078405926157,2.790738095238094,2.9431922398589063,2.9521373409187244,2.9904507207508986
audio_66.wav,2.0,2.2647260269155916,3.037095238095238,2.977253868045534,2.7688998417730244,2.7445917321318247,2.2247010866913914,3.229746031746032,3.159245931537599,2.9185330265481872,2.836661920363767,2.4785404205322266,2.863007936507937,3.0536756468839807,2.7570364508222287,2.7981222503236807,2.491021686778689,2.8379206349206343,3.1056849215599214,2.838603622531149,2.8001899096227834,2.425887014458279,3.0002301587301576,3.1118039421997756,3.038847824394852,2.925883460811002,2.7578352292378745,3.2780714285714296,3.3111733806317147,3.326370304385353,3.242212207346435,2.079507566673231,3.088603174603175,2.9566082312748976,2.8104952187451597,2.805520004746261,2.0175491303051714,2.96670634920635,3.062679232804232,2.9438522319517513,2.877651052153162
audio_186.wav,5.0,4.196718492209253,4.350444444444444,4.339716510341511,4.378823195230237,4.359974802178204,4.227959632380256,4.504150793650795,4.552262321012321,4.4250426107859795,4.386447682285799,4.720829486846924,4.624063492063491,4.623347069597069,4.880900808243331,4.832155111241744,4.680889577928907,4.626428571428572,4.657251803751804,4.904571625317609,4.849947435063004,4.564068117663916,4.640484126984127,4.592079986371654,4.6690755485405,4.575091094649994,3.7704595724741616,3.6544841269841277,3.8263601861101857,3.7411758457897943,3.8317150020527535,4.4944046499183115,4.48361111111111,4.523685700102366,4.670919508996884,4.554813679323098,4.769911162819107,4.612388888888888,4.5531427769761095,4.651885986551959,4.7051075647809455
audio_713.wav,4.0,3.696846149752145,3.9781190476190478,4.059464700423033,3.980081090156153,4.072615823698059,4.370903957930876,4.353817460317461,4.223073301698302,4.248778151547882,4.282542049473967,4.3166680335998535,4.320682539682543,4.350421496713163,4.393472557624936,4.463617185372112,4.494750985304431,4.3195000000000014,4.368365981240981,4.501547219555271,4.500804967804673,4.587312596614953,4.399460317460316,4.434993566618567,4.518054620741965,4.517301062881001,3.626150449117025,3.812634920634919,3.831276558318226,3.950180473374182,3.943047526343624,3.815742130773223,4.36747619047619,4.1914193923360585,4.291118291033864,4.257822395032924,4.149379709242349,4.428174603174601,4.427344035594037,4.535485330066252,4.501208749737481
audio_354.wav,3.5,2.8169294108386924,3.701103174603174,3.6103764954181603,3.7272583907872074,3.6264702890491054,3.730796929538609,3.67197619047619,3.799925298466965,4.04731923053792,4.053014734502238,3.50807785987854,3.4400952380952377,3.2478910903910907,3.418516074949481,3.3808835522961846,3.708669819549854,3.5074206349206336,3.392848020806353,3.488161029280129,3.3999670340005337,3.911567323300597,3.5359603174603174,3.3672598936557274,3.4327947318561782,3.5032920782922283,4.179152011871338,3.390142857142859,3.297258452966785,3.4048648625326705,3.325551877317865,3.718552541956228,3.6414206349206353,3.669287595120929,3.711088113646626,3.829439047654619,3.7344662022189414,3.4608492063492076,3.3472213403880082,3.4914345101116298,3.383255972248067
audio_768.wav,5.0,4.075076422431685,4.245888888888888,4.3441830808080795,4.216629425115532,4.294610518004723,4.7122349361683495,4.697674603174604,4.751536876703544,4.847948697374145,4.806524283694057,4.976733684539795,4.458904761904761,4.5357641756391756,4.766978867012256,4.7276727379524575,4.818068747562662,4.579047619047619,4.592413680455348,4.828212985560963,4.730673648133813,4.919073263421956,4.701611111111112,4.646748416706751,4.829298297919434,4.785444273524639,3.699073553085327,3.642174603174602,3.67610271364438,3.643093044571297,3.7905334958794277,4.742982683828266,4.458230158730157,4.5461182259098925,4.594611326415655,4.59002016776003,4.828521815049407,4.6277380952380955,4.640847663139332,4.777481904251296,4.739237288122059
audio_14.wav,3.5,2.7290593140819936,3.0890714285714296,3.0330392400809068,2.90953569620466,2.8799141412728737,3.301936959826832,3.572039682539684,3.6117684861434864,3.6371900026944357,3.551932791942703,3.8580703735351562,3.811214285714284,3.873105419272085,3.952747191430054,3.881581753364145,3.859152597103355,3.5463412698412697,3.6844028579445247,3.63641554038807,3.6454947515194305,4.065144636179778,3.776682539682539,3.799654106695774,3.9022613698597763,3.9501911838833297,4.670838356018066,3.2861507936507928,3.189451247826248,3.1012413924095092,3.005753519372176,4.343261385416965,3.501174603174604,3.4932922679172678,3.6796983164833947,3.651573734973713,4.479726901321171,3.716984126984126,3.7635925432592097,3.8696847249917337,3.9377706639176613
audio_208.wav,4.0,3.902014304713919,4.043984126984128,4.028753922003922,4.295859619479031,4.158053670612813,3.7850436987786167,3.876809523809522,3.857324558157892,3.946669860609576,3.9404080325199633,3.7502857049306235,3.9032460317460322,3.811375605875605,4.030457823033417,3.950585084483025,3.626680378462486,3.9466190476190484,3.8591790632207297,4.232785097886356,4.09943629481212,3.630558337541077,3.856357142857142,3.812118306076639,4.14683505734084,4.187062720293441,3.1248218218485513,3.842801587301588,3.8138209876543208,4.304205877942656,4.17009950193713,3.480606277718147,3.698865079365078,3.694334575917909,3.901539719758848,3.817847916950512,3.6079217190144512,3.919198412698414,3.8427949057115733,4.275435065652726,4.148992202548067
audio_418.wav,2.5,3.9918866296094513,3.5689126984126993,3.677030788655788,3.8182227142104987,3.8511906841740084,3.803450189449929,3.454634920634921,3.4426329627162957,3.63982982232981,3.7086883841470772,2.984058221181234,3.178587301587301,3.1649614336281005,3.455155129642043,3.1701125249380357,3.5476344650487035,3.264801587301587,3.251518458393459,3.382464761571875,3.3071720587871964,3.5247972977944726,3.245492063492065,3.347825917909251,3.4133755055854014,3.484785449248873,1.8548415899276733,2.693936507936509,2.7839609063775725,2.331601610143365,2.357410376885666,3.102993778070083,3.316007936507937,3.3297460718294047,3.317327152022795,3.3064848312136768,2.9045974137394626,3.2461904761904763,3.2380824576657914,3.4299144413689633,3.270864396883784
audio_212.wav,5.0,4.824998403517253,4.432682539682539,4.28207573753407,4.38635082095324,4.371016938527773,4.7446943276351385,4.456428571428572,4.376174977799979,4.433872640328878,4.514812486293108,4.903365770975749,4.334476190476193,4.238816253191252,4.5320150760110325,4.622886227665897,5.0,4.35647619047619,4.316338141796474,4.704519333961843,4.684932850305217,5.0,4.452325396825397,4.310699046324047,4.695462959988696,4.612903669281667,4.445472478866577,3.8067222222222212,3.6189748476831816,3.7151293973904926,3.6492608357235894,4.7586507086935255,4.405515873015875,4.283624118165785,4.38581486155809,4.356177475294073,4.839465808778784,4.3130476190476195,4.235363435946767,4.543786557764604,4.548109932543103
audio_177.wav,2.0,3.137945679138826,3.3758095238095236,3.2944226791726785,3.029604858648689,3.034549547798981,3.544756460111964,3.488039682539681,3.639704861496528,3.593466231511771,3.5081001198574904,2.769230047861735,2.8976031746031743,2.995096280262946,3.0025187573123344,2.852281085269226,2.5178876629549536,2.979253968253969,2.9726528779862122,2.919482431116805,2.962384216106667,2.454205453688472,3.020412698412698,3.20052198573032,3.0837923135488263,3.0514050107724233,4.502076069513957,3.668253968253968,3.6041127684044345,3.7929136056288044,3.829114140393774,4.273741335530647,3.6070317460317463,3.695094516594517,3.7532451569566576,3.697170013816366,3.216844592626791,3.0123650793650794,3.1956074573574575,3.071111646144692,3.0457991827953457
audio_503.wav,2.5,2.7465550837028148,2.7772460317460315,2.778171535254868,2.617375742402078,2.5971762218163517,2.748697534080872,2.84031746031746,2.8934099403682727,2.647675664803016,2.7254844649342416,2.7728357315063477,2.688357142857143,2.8058570626903965,2.7299100122840776,2.7100226740825684,2.683963540259105,2.7702301587301594,2.7634029411946077,2.7460759126540886,2.7417359374419448,2.659314925250182,2.679698412698412,2.818589700423034,2.8271453274273344,2.720176796508799,1.394462029139201,2.771317460317461,2.8811590868282053,2.675905607232665,2.4426065765585125,1.6945729952262283,2.8049682539682532,2.9631054994388335,2.675716636731106,2.687768651647136,2.231401155871485,2.7089365079365066,2.8261825982659317,2.730272803049385,2.6994702841348555
audio_564.wav,2.0,2.9143539868743145,2.9448730158730156,2.845459367792701,2.784980662672556,2.956210539235791,3.007015073258593,2.6297222222222216,2.5369007535674197,2.4594325046259766,2.618516288073811,1.6162292957305908,3.0061984126984114,2.5689125380792053,2.4312565220906897,2.462769973638768,1.7536765855684624,3.013547619047619,2.6086034736868062,2.6045337101797226,2.593400410632666,1.8085869769344904,2.970642857142858,2.5149143264143263,2.4043792459041593,2.4586473063773044,1.127633770306905,3.026722222222224,3.04959751668085,2.7411417117827397,2.813807539216826,2.568948117034118,2.6356428571428556,2.575865700657367,2.3976234114723396,2.50370224995121,1.7874594153738927,2.8437619047619047,2.4621569664903,2.330415789418446,2.4063770435520477
audio_257.wav,4.5,4.315636475512299,4.089531746031745,4.025995953120953,4.128283276920722,4.2616518357837885,4.517870455353955,4.173277777777779,4.0383367866701185,4.194661620712904,4.276044605803125,4.290126323699951,3.985936507936508,3.9450825411592945,4.071764031635936,4.220311395900098,4.450956031531798,4.079380952380953,4.023922225922226,4.285882711141675,4.277146088585847,4.621614495241153,4.085873015873016,4.087416987333654,4.300774924699698,4.360631935799066,4.576564788818359,3.426746031746031,3.3889481005106,3.7147557954823345,3.662644053008147,4.730860180662361,4.1102777777777755,4.048333273208274,4.159942524727974,4.180763933149234,4.8459126092338245,4.055214285714285,4.011776274651274,4.1508970511764565,4.275181591639314
audio_408.wav,4.0,3.036931519737427,3.702404761904763,3.744928213761547,3.685542642810224,3.7007545861703712,3.4273495651375048,3.4333650793650787,3.486544130252463,3.5656478775572,3.4760927513193365,3.5847651163736978,3.7566666666666664,3.799030307655308,3.828493666083982,3.8204012915688534,3.813498626310364,3.7400079365079364,3.7405882944216287,3.886929339909164,3.7700307267748134,3.642143941730996,3.5090952380952376,3.5068269199935855,3.738165124371218,3.587934606013292,4.02180552482605,3.4599444444444436,3.5190808419975093,3.3538286021983255,3.412860034529468,3.7215813891111265,3.4563095238095247,3.474358936588102,3.4084667918697504,3.4264022875822264,3.9409768945769774,3.5316587301587306,3.4652902683736024,3.698175544570971,3.5531122482662414
audio_468.wav,2.5,3.2610481004493317,3.387079365079367,3.5179259182175855,3.4113270423920117,3.3245395438997307,2.3460757504810577,3.0570317460317473,3.0350705467372134,2.6546384265310885,2.7283444520040274,2.720754305521647,2.9029285714285713,2.914461553878221,2.9351977076938294,2.930594391135319,2.642681906481155,2.965087301587302,2.9741221057446547,3.0602384717089177,3.0517771715219912,2.458553948779535,2.890587301587301,2.850705106621773,2.7205466992816887,2.805091111523184,3.3828396002451577,2.9377857142857144,2.950284619701286,2.7925671364087705,2.8158793932843516,2.1703194101866585,3.041246031746032,2.9217261026011028,2.743165818933346,2.7701350683322965,2.144472801842381,2.881912698412697,2.795970157928491,2.766351961871153,2.741920704155922
audio_574.wav,2.5,3.0815463020444533,2.558777777777778,2.7052782587782587,2.5119889768833548,2.362590357795446,2.4453461277879764,2.5683253968253963,2.5785174595738325,2.1587827371714465,2.173170670948501,2.7937982082366943,2.6838571428571427,2.7820639638139633,2.7898419270395998,2.7341992057952544,2.4562548143632843,2.6371428571428566,2.734794603544603,2.61084567360774,2.609774663464059,2.375329909233186,2.5379126984126983,2.605941017316017,2.342157210974982,2.3714157794464716,2.675181229909261,2.891047619047619,3.087209891959892,2.859605309518606,2.860827778118582,3.0489084070742187,2.6991825396825395,2.636632716049382,2.385258154194183,2.436413783773786,2.7564413009921402,2.5772301587301585,2.6388139730639733,2.428250134672528,2.3300486482375957
audio_26.wav,4.0,3.1310921069050006,2.8419841269841264,2.8625418871252197,3.0379741076520843,3.1776809932318915,3.427687430421629,2.9857777777777783,3.249014009139009,3.370874602825413,3.3798593828171284,3.232393821080526,3.5721507936507937,3.4347234447651105,3.557012362027908,3.321593287566048,3.2206630091256034,3.4359365079365074,3.3039045769045763,3.5065715275441627,3.4126341983660944,3.271332484283889,3.53461111111111,3.6593058561808562,3.7776629709440193,3.7821645188128845,3.465390602747599,3.335960317460317,3.2930519696353033,3.612602501193031,3.5604788289554925,3.3372155966382864,3.1106190476190467,3.3796967430717437,3.193782912045959,3.2707899713467636,3.249129613888801,3.540444444444445,3.656114758698092,3.720832126650658,3.680335829175967
audio_480.wav,3.0,3.6105646129202325,3.3118095238095235,3.361249221457554,3.2045655274394473,3.1379963546954013,3.17541980239803,3.1638095238095225,3.0581762604679263,2.865979790495729,2.85803423256047,2.5316337744394937,2.8290793650793646,2.9066093875260535,2.499137576164166,2.588111033104946,2.643010740676677,2.7992619047619045,2.889530389363722,2.4970260561268414,2.5802039556897376,2.6798545490944785,2.880579365079365,2.805840996965997,2.4985606745573845,2.4885472855943114,2.9513086477915444,2.996039682539682,3.0096779455112785,3.0322431879548515,3.025208982728062,2.5829629705469266,3.122285714285715,3.0235301658218323,2.9301396251772824,3.0923956394414405,2.488994134971822,2.9002142857142843,2.884756407173074,2.649407035932176,2.6738217679184912
audio_706.wav,3.0,4.698341715149605,4.069158730158729,4.043083058916394,4.223974138828755,4.136025871021666,3.9198391136367463,3.3804841269841286,3.272362995029662,3.1933088956318314,3.1906614316187465,2.845541477203369,3.3442698412698415,3.309258559341893,2.9993955076063714,3.006054248291236,2.9849552117569687,3.3498888888888882,3.403999478916145,3.193431271032343,3.114180483366971,2.8580442266251116,3.2874365079365084,3.22096955667789,2.9040390048817417,3.1070834615748013,4.443112373352051,3.3299920634920634,3.5024117965367965,3.74360356298133,3.717042012082762,3.932215035130573,3.4142777777777766,3.248285598660599,3.20624906213577,3.323125246187731,2.7594990962259227,3.3195952380952387,3.2848721463721464,3.0236118276547903,3.0709966195374445
audio_57.wav,2.5,2.826728558822,2.877269841269841,2.916558295099962,2.876515050439554,2.9229256007849673,2.958229206822144,3.0869444444444447,3.2927612279695615,3.183717561636593,3.220518616436461,3.1363993485768638,3.5169682539682543,3.4510620012703352,3.291445399220965,3.304024721368903,3.425662656546604,3.336333333333334,3.362541873250206,3.239290090131353,3.211774605412883,3.2843222165926025,3.4916984126984136,3.6131596459096453,3.2345971420989543,3.370105083178857,2.0963915586471558,2.835904761904763,2.907623136123135,2.7932839112552763,2.647460032104917,2.664144580562427,3.222293650793652,3.48987598050098,3.1015060686751657,3.1076112431395413,2.6396221960863264,3.5047063492063484,3.6143005250921925,3.286028912220747,3.3195254630282585
audio_209.wav,5.0,3.7708573807244323,4.186198412698412,4.081124017957351,3.998429965668766,4.026173959824098,3.8254468863722653,4.468206349206349,4.589955848164181,4.325339040682621,4.4226466422882025,4.9136308034261065,4.514087301587303,4.49841724787558,4.7835218381258935,4.689933683983983,4.83729715863005,4.564230158730159,4.560918610710277,4.7096006158041215,4.746477443427752,4.767688774700448,4.6763015873015865,4.6941671276254615,4.791685160223284,4.78999065265638,4.53782590230306,3.783531746031747,3.8646826853701852,4.022011527454967,4.216999007976672,4.4561190576723355,4.472309523809524,4.636755425130423,4.380015627708938,4.4733557596433755,4.884188126797267,4.672809523809525,4.6572959756293075,4.80283151249574,4.852592520137738
audio_712.wav,4.0,3.912971081500173,3.885976190476189,3.8761139092389088,3.4537659288149705,3.390501722601597,4.550381640250758,4.449650793650794,4.322400711942379,4.3059409425357735,4.081308768858581,3.773923317591349,4.200222222222223,4.2577160694244025,4.298221033098429,4.292885628092037,3.84686255789178,4.2370714285714275,4.266153479236812,4.344250216123169,4.338922322724142,3.9889973162321994,4.347587301587301,4.335026414943083,4.322678185904785,4.372763759990753,4.1796707312266035,3.525436507936508,3.4489327955994593,3.387918550386042,3.3113030527766885,4.570497636596907,4.331428571428571,4.12994123006623,4.231149424600623,4.20842382113327,4.363721368919659,4.386896825396826,4.317060505852173,4.323716331521869,4.381765351640879
audio_353.wav,3.0,2.950020823882374,3.3887777777777757,3.473482443482443,3.48985411065245,3.547639785360545,2.770618043817605,2.9704920634920637,2.977797262922263,2.779183682420923,2.847575857617924,3.5567568143208823,3.654095238095238,3.5230333478250144,3.6526077758717954,3.7740433807905513,3.367850711695708,3.5780158730158735,3.537974867724867,3.3745507150239775,3.540721246997837,3.3018761849389775,3.2740000000000005,3.3245375473292142,3.099849432382298,3.146670275686821,4.091514190038045,3.469650793650794,3.418413837705504,3.4696186559403093,3.54122438872173,3.7354159584815263,2.962388888888889,2.978403419111751,3.076178345322706,2.9872493128758006,3.777136211834042,3.2911904761904758,3.3186796860546863,3.137873825070127,3.206282393068275
audio_575.wav,2.0,3.0323057801923716,2.938142857142857,2.8744532304115644,2.9055229806996423,2.9336446557709217,2.9534723895168127,2.9981349206349193,3.075952922077922,2.8438530882008437,2.8665047242089905,2.849850654602051,2.8471746031746026,2.8570493071743073,2.7317831916414668,2.914309205806084,2.6918074541257266,2.790896825396825,2.848451819785154,2.656429990681477,2.7920695222703116,2.910530142864269,2.8390079365079366,3.001975008016675,2.753614840952149,2.9053305830798153,2.778181791305542,3.1251269841269846,3.192995029661697,3.1226429047240187,3.185220190136247,3.2861639946089274,3.120626984126984,3.123702445702445,2.8385496371770196,2.8917666479493414,2.8590401053499392,2.8574682539682548,3.0127174923841586,2.7635180001441526,2.8904296372896225
audio_383.wav,3.5,3.4215723003072713,3.59047619047619,3.6158658748658747,3.527553391773441,3.475363287050405,3.5184664259617775,3.3652460317460293,3.4735009250009257,3.376702780851982,3.2860219186804613,4.5216294924418134,4.270119047619046,4.318107070398738,4.380750108062099,4.350944337499911,4.235217614199674,4.351634920634923,4.332664338747672,4.366784805004844,4.3955993389282595,4.059473997055166,4.051801587301589,4.055898615273613,4.194401169304512,4.131689310397913,3.8049031098683677,3.782126984126984,3.6639714806798147,3.8695407665304486,3.8923630633928767,4.077616383706057,3.4699682539682546,3.632610580777247,3.634622753280434,3.5920069524979703,4.458264953681559,4.0704682539682535,4.030809776098992,4.2840019691568365,4.1735299336887985
audio_781.wav,5.0,4.229597628293733,3.9196746031746024,3.8317564287564285,3.838356067516935,3.749438467157938,4.244782019799954,4.125849206349205,4.096383545466879,4.295941704640923,4.276803668987113,5.0,4.263968253968252,4.288758062924731,4.401570344381799,4.51396986098679,5.0,4.230769841269841,4.247076244742911,4.454389663306529,4.381247022012723,5.0,4.203499999999999,4.167883878467212,4.513895109474219,4.505792696206394,2.926852305730184,3.4352063492063496,3.379447446072447,3.354273874077451,3.4987319117673525,4.271415127616038,3.9579920634920636,3.8820753166586495,4.0563190420440245,4.050993736357077,4.979713862126573,4.173357142857141,4.156767877184543,4.462656125027293,4.451630908867126
audio_118.wav,4.5,2.883234989412673,3.068349206349206,2.976030457197124,2.701434479107583,2.6584092773901182,3.339821500359232,3.478960317460318,3.4024081689915016,3.485186949491924,3.4939943849735347,2.937896490097046,3.052579365079366,2.996832212540546,2.9046499177817733,2.9955934449195234,3.2063087008934885,3.022150793650793,2.988794364586031,2.8883320057066197,3.0765748238968573,3.3390031802512756,3.0768174603174594,2.9728182619849286,2.887635218636165,3.0626316445381403,4.159559408823649,3.738468253968253,3.829802567802569,4.110789417387427,4.07346222022931,3.8672524156956265,3.515801587301587,3.535964390547724,3.5315578158124783,3.6073297866166505,3.536577945775362,3.1707857142857137,3.0017708633958637,3.0200059730122657,3.213077903382706
audio_337.wav,5.0,4.9300065598671,4.61769841269841,4.4676569664903,4.5639524438191685,4.478226716490697,5.0,4.722444444444444,4.632153150861485,4.8916885717446945,4.869032442188281,4.617119312286377,4.731023809523808,4.689154260862594,4.845717874168355,4.833963262263029,4.945439343523251,4.78134126984127,4.741000881834216,4.9236828078027495,4.940669951555613,4.999267487737491,4.826380952380952,4.780723965848966,4.913724937216409,4.992316720905311,2.7182765007019043,3.214119047619048,3.321169252044252,2.973403653752898,2.9256459877992413,4.469398167169113,4.678047619047619,4.644308040724706,4.8046443019356735,4.797800383444819,4.655659312999299,4.80852380952381,4.74365168319335,4.913296849271831,4.952380516234424
audio_715.wav,3.0,3.443157257527044,3.6895476190476195,3.7909327539744218,3.7030162849983164,3.6065847526125014,3.520114813176896,3.863571428571428,3.79162248862249,4.021573577018999,3.899115033473015,4.355287233988444,3.7612142857142854,3.773429527262861,3.8901682249281433,3.9847441566545156,4.29869470345343,3.7089047619047633,3.63214546256213,3.7686971901974466,3.895466975273809,4.14589512653244,3.77263492063492,3.7606957301957302,3.6976743334028668,3.8425122033443864,4.706384817759196,4.01963492063492,4.0057823441990115,4.154248998318,4.211516834614728,4.024123600318604,4.032857142857143,3.983508016674685,4.266780543017915,4.037791425278169,4.206709643326364,3.776261904761905,3.710117223825557,3.7944790133465447,3.9176092550187747
audio_323.wav,3.5,4.21582983885957,3.965809523809522,3.8901588759824057,4.1697612972319495,4.165495137344389,4.121955070197141,3.070690476190476,2.9464418413376747,2.9104651420786616,3.014661155999079,3.7530692418416343,3.770468253968254,3.7575162260578927,3.702032683169557,3.7936766671987177,3.93784313083127,3.8698253968253966,3.8474296737213396,3.725391047019288,3.8483360066701686,3.897603666363816,3.476325396825398,3.435817993734661,3.3546402931089347,3.322344859609266,3.6315267086029053,3.85902380952381,3.8195519804269806,4.256244420593391,4.212188438766184,3.972813791433778,3.413746031746031,3.442579545454546,3.63852150766976,3.554018911527154,3.7166555489768514,3.5691666666666677,3.557744520911188,3.59403491932734,3.6974394790691387
audio_374.wav,4.0,3.406881887576061,3.8207460317460327,3.7413850933017603,3.710862128496533,3.8206448587048816,3.3532694660865126,3.502142857142857,3.5012011183261187,3.5138321450783145,3.512775366958057,4.0174241065979,3.544071428571429,3.367893779060445,3.267926325201769,3.3367705012704665,3.683343689334771,3.560873015873016,3.4628165484207147,3.360966364126179,3.4878298431482775,3.6905582707419007,3.453579365079366,3.3548135121051783,3.488809276010374,3.436799346687106,2.2318127950032554,2.6615317460317467,2.6981298562548552,2.0256135382537845,2.13340139970994,3.5109231511884573,3.490666666666666,3.4503098984348983,3.5878665790497344,3.590665339616198,3.617311855084759,3.438015873015873,3.4198744681244686,3.4584759559503424,3.4576677770316846
audio_348.wav,3.5,3.5132537595855062,3.6744365079365067,3.602228640186974,3.7112083340989166,3.6609343913337042,3.919335658854898,3.5851428571428556,3.5558017507184174,3.731482716089557,3.9152551642431113,3.0910164515177407,2.9671825396825398,2.8823893899310575,3.001767816250388,2.846646616293271,3.29531847121865,3.0202619047619046,3.0061307219015543,3.1803056437471597,3.1118398675527543,3.358476044455209,3.1379444444444435,3.0634847081930414,3.2913504597222842,3.331012304336084,3.2418673038482666,3.31411111111111,3.2845200941034265,3.2547212786922763,3.145104247937917,3.269651671318099,3.425690476190475,3.402614277697611,3.6215957749675742,3.5998096011224736,3.1612091560838373,3.0957777777777777,3.0744153238736573,3.168201655066772,3.280074933841386
audio_547.wav,3.0,3.689091037761608,3.1930396825396827,3.2339027978194643,3.12366382933159,3.1771828691264337,4.03754409400208,3.236023809523809,3.2222384205300876,3.3259703474892217,3.381435629260037,2.6658990383148193,2.8756904761904747,2.9212885771635775,2.829348719423527,2.7752884970441465,2.825815239504626,2.927325396825397,2.9250823574573563,2.7911341567472157,2.8457185291670317,3.1608019643261174,2.928142857142857,2.9693894300144295,2.9752646340562543,2.9756600409915346,2.622812509536743,3.2259126984126993,3.2844788190204866,3.16227437326533,3.062935553596032,3.4917106086984333,3.3167698412698408,3.157621372454706,3.0662008864050154,3.070864683066651,2.926039282231629,3.004357142857143,3.034598376931711,2.9964673566316393,3.0278047567357196
audio_41.wav,4.0,3.1244769225959543,3.158063492063493,3.2455301627384956,3.1465729063748866,3.140396659603457,2.9387134921089295,3.339801587301587,3.2535584616001287,3.2149598655023,3.189500591588187,3.3844640254974365,3.817253968253968,3.7906260930427593,4.197293153306323,3.9143504312303143,2.638134904725929,3.4784523809523797,3.5493767112517127,3.5873561328222525,3.3574178479422687,2.534073772679319,3.4925158730158734,3.4838700065366734,3.4606850263411357,3.344878254258512,2.5323636531829834,3.02352380952381,3.1046665977903714,2.9015611605987566,2.9776260813418975,1.9107407107202228,3.1762063492063484,3.0610132598882593,2.9116905886406315,2.851361116360389,2.3027867780404843,3.5039126984127,3.4019058919475587,3.348741844318887,3.1945399154285266
audio_284.wav,4.5,3.452779685523929,3.563690476190475,3.538987774571108,3.681149678499313,3.7470811927669074,3.906295183672866,3.8809365079365077,3.9401373626373632,4.119305972195857,4.0299981128006275,4.611804644266765,3.8510079365079357,3.7653858425525097,4.072105121804579,4.105420366484657,4.553075830383963,3.788626984126983,3.7024900793650795,4.060390318458752,4.065475998927497,4.588599185188635,3.834698412698412,3.9324927526177533,4.117858067889694,4.213389395830325,4.4224174817403155,3.658674603174603,3.787393929373097,4.205361824586237,3.979281600005231,4.784397595879174,3.88352380952381,3.9487318638151963,4.138518976556805,4.044848782380765,4.740605332010447,3.893436507936507,3.9541460761460763,3.973232426641823,4.144256054492316
audio_13.wav,3.0,3.3943448723019336,3.6170000000000013,3.5916538569455234,3.228520579173484,3.3720461150773295,3.303957835943026,3.7483253968253973,4.003384149800816,3.803173041336635,3.740870339282895,3.2053346633911133,3.239555555555556,3.2966957271123944,2.874998558755482,2.9773726989833755,3.3292281991379227,3.323380952380953,3.420952300785634,3.0027516859453836,3.086259922930878,3.5002077302971184,3.422563492063491,3.643340199923534,3.3491057123570798,3.317218215156677,3.526622931162516,3.2197936507936498,3.3603098413931742,3.4909410514031993,3.5356954438389088,3.4686781695099627,3.7884523809523802,4.0736199294532645,3.876444022812245,3.8596089833527807,3.3020868524103393,3.460420634920635,3.6491716570466575,3.553815478165856,3.4485708830531556
audio_548.wav,3.5,2.985353370029628,3.0758253968253975,3.082831742331742,2.8895634802668364,2.9651930966284747,3.4291660417211745,3.328873015873017,3.3363267396184058,3.2581895712229225,3.3342908923136236,2.2421041329701743,3.0997222222222214,3.0029056036556034,2.9894299661593497,2.9986985991773065,2.44244797532112,3.1131904761904763,3.0060419389978215,2.986930293702273,3.056426833700568,2.485764705556038,3.2246507936507935,3.2675235351068683,3.297809519597562,3.189148891482725,4.542808214823405,3.8382460317460314,3.7468007779257775,3.5124748965568795,3.749464089380501,3.2325849449926287,3.4593253968253967,3.4915118446368445,3.403750709763814,3.4808568423160704,2.6074271460714775,3.2742301587301603,3.2767641047224387,3.208631658145879,3.1130335079428124
audio_687.wav,4.5,3.7156391850342048,4.044849206349206,3.9361143748227083,3.9452785991249204,4.063693887060801,4.286532084106203,4.604690476190477,4.651086507628175,4.7150113406708405,4.766705347656401,4.712383270263672,4.351293650793651,4.313047318422317,4.64949623642843,4.5983647540497765,4.354580251475616,4.381888888888889,4.311134058842391,4.518402738191103,4.605867958307353,4.303997518533499,4.597261904761903,4.6480311247394575,4.762598264378535,4.792885226612986,4.8984808921813965,3.5176031746031753,3.48191668208335,3.6096640682057557,3.6382464033473787,4.956516905621797,4.560380952380952,4.653501757501758,4.667749803446647,4.728466801837752,4.801683253535887,4.538373015873016,4.6052817861151185,4.661831568576857,4.754371874380441
audio_104.wav,2.5,3.0103842834861503,2.745817460317461,2.792553412636746,2.4863620553673473,2.4638699759001295,3.001127829549685,2.83102380952381,3.0352823380323386,2.747330624264901,2.7696143861325933,2.200594663619995,2.8183333333333334,2.797462682379349,2.545403809105047,2.513930130694289,1.907154614897004,2.7099841269841263,2.738977676644344,2.3599027592052066,2.388720880424277,1.9720720446309237,2.7174761904761904,2.769892035433702,2.577963879622614,2.419919186646851,3.339153607686361,2.8538333333333328,2.7276518157768144,2.825955051424225,2.715921864503445,2.4535623806808555,2.7982777777777783,3.0076771315104645,2.6502923978213655,2.69565824744292,2.4338525282409207,2.7022380952380947,2.799553411095078,2.5081108126035527,2.507581657149188
audio_181.wav,3.0,3.527065987323462,3.7305873015873012,3.675821974321975,3.9525757494577785,3.893669090427432,3.3846347040391813,3.6187460317460314,3.5231645021645015,3.6761534541722583,3.6266229043403713,3.440752903620402,3.1990317460317463,3.1517891414141412,3.316812633861732,3.1927333679087275,3.6387827618754893,3.2211428571428584,3.169590388007055,3.3577302772802113,3.38961177372911,3.639493844227814,3.4083650793650797,3.429389286639287,3.4162639988535926,3.4482525914573112,3.616403818130493,3.3167460317460318,3.4230635290635285,3.4086127204701193,3.3380342325544583,2.867546586344169,3.546007936507936,3.49613620715704,3.4258635637487522,3.517728514529985,3.143942867525807,3.3776666666666677,3.44445809591643,3.2653794826375684,3.2461670203541115
audio_755.wav,4.0,4.103703160989173,3.90656349206349,3.875840748757416,4.202944364108906,4.208533452231165,3.553695269962518,3.3907698412698415,3.139314261355928,3.4297115347809126,3.460933617291436,4.409227053324382,4.085650793650793,4.075004649671317,4.052753785284254,4.055847970779287,4.2546925294999385,4.154333333333333,4.142257461674128,4.1730996469764685,4.019243612598155,4.135974855164666,3.7881111111111117,3.7414356322689666,3.721541891493512,3.82959554969174,4.170356273651123,3.5325714285714285,3.506202889702889,3.8671419459201055,3.8841480676624514,3.384998145656161,3.2598968253968272,3.0733330527497205,3.1457724255359927,3.238006388041082,3.6040284461730825,3.739603174603174,3.6854469866553194,3.7018554097264356,3.782751818886412
audio_733.wav,5.0,4.993985388795704,4.073246031746032,3.8806471768971775,3.958443946462822,3.8328688539538103,4.513548122088278,4.009174603174603,3.9274837801087803,4.091619163215951,4.081476125919191,4.148654460906982,3.7520238095238088,3.6427657327240666,3.7077055843327504,3.883175754032585,4.645377052047132,3.7773968253968246,3.7212911147494476,3.8283904982479613,3.787552803483925,4.646220835595922,3.71061111111111,3.621540404040403,3.753259294687798,3.8099234100895987,3.529390732447306,3.503888888888888,3.5320765684932347,3.7707125957797234,3.740933857570796,3.9801711260861654,3.973999999999998,3.9734044211960877,4.029618006265365,3.979079161364749,4.427286345468729,3.675031746031745,3.5699984768318096,3.536681407670713,3.6591590976398796
audio_5072.wav,0.0,0.0,0.00865079365079365,0.06487830687830687,0.04363511892951542,0.0805672648719094,0.0,0.012976190476190474,0.06254232804232804,0.011855598218778124,0.051877595616322415,0.2610906759897868,0.06287301587301587,0.1071706349206349,0.18824855336070026,0.15302497455076083,0.4687182040070364,0.07457936507936508,0.11939748677248674,0.1758084654830967,0.19882740533676957,0.23616051337011953,0.06377777777777777,0.1264484126984127,0.1916262758967565,0.19590509511757728,3.3238638242085776,3.3849365079365072,3.5129796700213363,3.4945266645833684,3.4919714840889067,0.0810044150286567,0.011587301587301589,0.06858730158730157,0.07098072777824742,0.09393154581820702,0.18424605355171053,0.06144444444444445,0.10279629629629629,0.17590985941236684,0.16901715794499497
audio_776.wav,4.5,3.857117609276243,3.7823809523809513,3.5772050542050535,4.028403040160864,4.003811372448059,4.398968675110114,3.796825396825397,3.7256668152109333,4.25856270253328,4.23101913389315,4.173103014628093,4.347603174603174,4.297243346160012,4.501642874033872,4.491039411654135,4.301069312397188,4.413174603174603,4.285745911495912,4.598106533880107,4.583887473851756,4.5283150256550355,4.2889285714285705,4.1629332210998875,4.663272292595539,4.652961955505874,3.5624729792277017,3.5662222222222213,3.620309977059978,3.554026681214619,3.7104653457839745,4.066080982882109,3.7017857142857147,3.699423667382001,4.10259116128553,4.014902101949132,4.35332989807787,4.296126984126985,4.167785048285048,4.592464806064803,4.579741174733473
audio_70.wav,2.0,2.4092046492568318,2.867190476190476,2.8163219635302976,2.5880545050495694,2.634295638590664,2.1914351179161247,2.690333333333333,2.641327365535699,2.5532195337687367,2.498248776027697,2.455154816309611,2.6875476190476193,2.718605565730565,2.787023975023614,2.6863396929058916,2.450951361539071,2.609642857142857,2.564794484836152,2.5903632758893735,2.576714865018755,2.353451499645371,2.529920634920635,2.562733225108225,2.431047975783916,2.3812953976073508,3.959128220876058,2.883746031746032,2.847880898422565,2.8963013680263483,2.922496265327475,3.180137574431498,2.5824444444444437,2.5435685148185145,2.4588795118344184,2.3834343559475495,3.2249591173031398,2.5595634920634924,2.588632122507122,2.4654308605796067,2.436774720242066
audio_49.wav,3.0,3.2336770023368437,2.9524920634920626,2.9602492168325507,2.598922704892089,2.7856714715398785,3.136417988305302,2.884452380952382,2.8292928815012153,2.6706763872096677,2.829439322340361,3.878723700841268,3.215658730158731,3.2262322970239636,3.05954740551566,3.088024806522886,3.74521400502495,3.1546269841269834,3.242540383998717,3.175337659294336,3.184476599776422,3.7146731460761564,2.998412698412698,3.0299179724596392,2.9673799506252103,3.032864317018029,1.0689918994903564,3.219777777777777,3.2270443553360213,2.957667987477926,2.9069922013969367,2.6934224351132987,2.8218968253968253,2.821087542087542,2.535318633284612,2.7432596250532346,3.3067601186520457,3.056769841269841,2.9673510301426975,3.038872751596998,2.9831336964988693
audio_527.wav,5.0,4.007681714665938,3.779119047619046,3.7100669793169794,3.927974597279339,3.9012877699820945,4.501720764077372,4.258873015873018,4.355100148308481,4.339667874829764,4.440638830756913,3.9522130489349365,3.643333333333332,3.598277128735461,3.6672831470346368,3.7316955049751552,4.255588974836187,3.6808809523809534,3.635004028379028,3.6520277155922973,3.7357685302430768,4.242999324318682,3.9515317460317454,4.066566390399722,4.365033660442463,4.3534736152621365,3.5938679377237954,3.079388888888889,3.0645192616025945,3.5382412578723383,3.357105835100922,4.564162323988354,4.235190476190475,4.264835191043523,4.365837722268068,4.322988562528072,3.9614817789893855,3.958079365079366,4.055647386564053,4.356721446806316,4.22858885279694
audio_273.wav,3.5,3.650870600727082,3.9703809523809532,4.051072882183175,4.0206181064265785,3.9777832280518717,4.344312309620289,3.920920634920634,3.646201398909732,3.704768844671804,3.7081921551534136,3.51487930615743,3.68336507936508,3.7263200256533593,3.661325184881648,3.5358919820190455,3.481217792580972,3.7280476190476186,3.7896796135962805,3.598578692216385,3.521064546705167,3.693271980778944,3.6435952380952377,3.591603595478596,3.497627416158172,3.486913408107462,4.124711672465007,3.4345,3.431872619664287,3.1819581038716156,3.323236898932865,4.066325038790681,3.823873015873016,3.5386166688250023,3.6062111348509354,3.68355402023008,3.785578303613144,3.7019365079365074,3.680479549771217,3.46054302434915,3.3978965810388324
audio_139.wav,4.0,3.868487225494746,3.7681746031746037,3.5811457631874295,3.77417148809573,3.6293153394062148,4.671267516356163,4.034039682539684,3.946414378831045,4.2251977443339,4.106089286639403,4.163027842839559,3.7542857142857144,3.824018060643061,4.111357328648498,4.083547445001979,3.8598579406805307,3.72234126984127,3.7692734826901493,3.775517663665902,3.914736895720209,4.276560852006304,3.803277777777778,3.7950657506074172,4.0750861633230935,4.067779629703143,3.9054996172587075,3.292325396825397,3.2965639268139255,3.6796881889032087,3.390769510970729,3.8864763426130913,3.861833333333332,3.8265900318816986,3.9186729037437154,4.039463752377593,3.475907902965434,3.8221507936507924,3.800806577681577,4.040353852657349,3.936637123338341
audio_467.wav,3.0,3.700281542782347,3.3192301587301585,3.4084679132595794,3.516221401797796,3.527420770295406,3.4556036818056914,3.2051031746031744,3.1400263409430074,3.4419879378106812,3.250917438089267,2.8339808781941733,3.0162936507936506,3.0250551629742812,3.1754367924002054,2.995452744897751,3.3587036219499224,3.0540555555555557,3.1200192199775536,3.224093896270532,3.2626321003370826,3.372127357791372,3.0149603174603175,3.0520717369050705,3.144485302606355,3.0881498103945417,3.068718989690145,3.284642857142856,3.2369686085519427,3.362651412714927,3.258561783341865,3.1831120866830624,3.2050793650793654,3.1472152477152484,3.2964041499274255,3.2974545436923997,3.4687109008117925,3.01981746031746,3.033990934990934,3.0701829327870307,3.1256041993931665
audio_407.wav,4.5,3.1239563208410353,3.61570634920635,3.4621885783969124,3.533713439439905,3.5724911474142558,3.755924506531901,3.8638253968253964,3.883043831168831,3.8244822791093873,3.8836176276070073,4.098217407862346,4.265325396825396,4.365227292768959,4.443030823430527,4.516587621059192,4.043035940324451,4.191666666666666,4.259426075467743,4.264652345342646,4.222066505465594,4.061831107923922,4.245547619047618,4.330718724947892,4.4629751731965746,4.4393171405880425,4.603500843048096,4.0591825396825385,4.128663640371973,4.44752367583348,4.473630583173363,4.362095781096122,4.101944444444443,4.182029476696144,4.147148647435258,4.20469038771464,4.429216958999658,4.3324365079365075,4.392996913580247,4.532232947121088,4.375686383924844
audio_404.wav,4.5,3.5629649946033717,3.8600317460317464,3.7574145468728815,3.4798217606589703,3.5133346803237924,4.261255931502819,4.251277777777776,4.2290536346369665,4.306000583731513,4.256520377632763,4.016461292902629,4.153198412698413,4.33231575677409,4.307539277303452,4.284309742434462,3.9730226498151473,4.262690476190477,4.259886906303572,4.371528044003514,4.269010386190311,4.0092548077749885,4.4192301587301595,4.349753718503719,4.306557170463808,4.262723701850296,5.0,3.8637063492063497,3.834794252044252,4.02623046757981,4.022907531838704,5.0,4.44329365079365,4.36124655899656,4.4722360857535755,4.570016844702388,4.636077142099353,4.461134920634921,4.406233894192226,4.284282627384263,4.377597000541116
audio_534.wav,3.0,3.6148646616411253,3.2760317460317467,3.2723745760412424,3.1729572138394695,3.158469289766914,3.728066949857666,3.383968253968255,3.5454977352894024,3.2719239705132743,3.233364451347432,3.428699175516764,3.2269206349206354,3.2453721941638602,3.328120762554071,3.3210618954872966,3.5011806804948917,3.2540079365079357,3.2300469777136436,3.406001128316939,3.3315639586011763,3.503561686740719,3.2467460317460315,3.356981435231434,3.304323186741972,3.2746700546744294,2.1721922556559243,2.7455396825396825,2.7170887060470394,2.643417817756477,2.503002451878935,3.4211224346992015,3.425365079365079,3.595069250194251,3.4319418946837423,3.189372337358922,3.636838676029006,3.2338571428571417,3.2997463924963935,3.240934558094821,3.233963674871552
audio_96.wav,3.0,3.2735022787334387,3.1408730158730145,3.1970908212158213,3.2244429512396438,3.114500829915491,3.426628503426221,3.5077698412698406,3.595149975024976,3.4530312568032335,3.4955423846034637,3.459082921346029,3.691142857142856,3.6110329238662566,3.594027243943041,3.7309217384966065,3.4215441372951765,3.472357142857143,3.5114865242781907,3.5232602762788825,3.5709127389898936,3.5022405492945565,3.5549047619047625,3.6071720810054146,3.497381383441089,3.6087736021083963,2.857501745223999,3.381285714285714,3.38300280583614,3.8051190082678286,3.55598552633966,2.9746043222498737,3.4382936507936517,3.530405102613436,3.471120498451174,3.5176140178286786,2.9812090320406632,3.5560476190476167,3.562224090724092,3.542534330844204,3.6619639885345343
audio_137.wav,2.5,3.092421677868248,2.7504365079365076,2.8601949439449434,2.739817888077327,2.748852092422221,3.4622313620568446,2.8429126984126984,2.798911909078577,2.6489950815172505,2.6687196289302246,2.8443922996520996,2.986595238095237,2.9256884118967466,2.983740936077288,2.9934289195759423,3.0288240193364095,2.8974444444444436,2.821532988616322,2.8117384042214995,2.810746114762791,2.824796913341384,2.858452380952381,2.7414061848645184,2.491870967096689,2.4199589960421513,4.0170103708903,3.3889126984126974,3.403152577360911,3.4809785389525545,3.664493258066719,3.900788781593827,2.940873015873015,2.915539434331101,2.828206175227732,2.9054155322460677,3.046714750011875,2.8983174603174593,2.8089962922879583,2.627321937645165,2.721543976357838
audio_150.wav,2.5,2.4749886470947016,2.988166666666667,3.141536856661856,2.980496006263578,2.955704305613653,2.5889865520884183,2.895031746031746,2.9277499429582767,2.6344110194107393,2.696254203665017,2.8546186288197837,2.94454761904762,3.0703129910213236,2.826098135732829,2.864022113967659,2.742393469980913,3.0100158730158726,3.1163974867724864,2.8827351263910805,2.908165833179377,2.7947373343483544,2.8455793650793644,2.8849060846560843,2.7499598473782547,2.7749451594389796,2.5815505186716714,2.965198412698412,3.000887852887853,2.939938341172436,2.67387637204479,4.1214309396769195,3.025269841269841,3.0819686948853615,3.0323560331045396,3.0984279629313995,3.6985219140804806,2.9480238095238094,3.018552970177971,2.892176384121974,2.9741134701490584
audio_339.wav,5.0,4.401914338980777,4.3946587301587305,4.368540666124001,4.5639221852312595,4.386204630433345,4.569658611767109,4.430873015873016,4.5207297378547375,4.651511466962372,4.686405755110045,4.907463073730469,4.54023015873016,4.59996097883598,4.878366511674908,4.82742703197009,5.0,4.568158730158729,4.61347866947867,4.888170139446262,4.874269248070211,5.0,4.564777777777777,4.640996973705308,4.868877456018759,4.896120372415258,3.6252217292785645,3.2702460317460305,3.2736748035914705,3.325854782914625,3.4006769581568883,4.045436107482572,4.391928571428571,4.386176521009852,4.53235527958129,4.527923960659837,4.887769693457327,4.513325396825397,4.597182593640926,4.852457955479548,4.77727475121547
audio_409.wav,5.0,4.479511737172736,3.821738095238095,3.640031605739939,4.003616309608188,3.928580605204686,4.085049652237142,3.8810793650793642,4.053159692159692,4.3346157496680435,4.2163124762815585,4.914406776428223,4.362976190476188,4.348449935866602,4.70106608040352,4.792365860242106,4.965905952520296,4.370134920634921,4.352628046336379,4.672459477537281,4.672895734617146,4.959046660640584,4.440095238095238,4.384756974506974,4.721373955616112,4.702624669586254,3.8265875975290933,4.071960317460319,3.9974278961778964,4.540342376046854,4.4904971959630435,3.8528444384167373,3.895079365079365,4.131256794131794,4.390334944380904,4.313536711617407,4.764784239697543,4.335087301587299,4.338538439955106,4.707044374628798,4.731203660992398
audio_78.wav,2.0,3.601460499932616,3.556833333333335,3.6519642656725995,3.746218944790774,3.7528570004610877,3.3114836768693015,3.113404761904763,2.984614919031586,2.973384719711353,3.094881301217797,3.350351651509603,3.6251587301587307,3.7434512601595933,3.5096868888695454,3.54455884703305,3.5037121544123155,3.574888888888888,3.7133414795081463,3.4007861508013426,3.539494747043793,3.1847838885480644,3.145126984126984,3.069768103809771,2.682782125807344,2.777699979077898,2.473175366719564,2.6837539682539675,2.6261421186837857,2.2730575456941424,2.3433583451802136,2.6865227913446836,3.0035555555555558,2.803949291449291,2.719641740988385,2.739232580037912,3.133568015697165,3.1474444444444427,3.0445390458307116,2.6863189285943387,2.7533569404983
audio_244.wav,3.5,4.198083046534883,4.227126984126983,4.268859006734007,4.1838953543060775,4.21247845680024,3.596401266843914,3.88202380952381,3.8147507908757903,4.016652275196678,3.880008496354383,3.768568992614746,4.219642857142856,4.081905423280424,4.1754206784773595,4.199077444505858,3.7032128142408784,4.227087301587301,4.183999839666506,4.172178591292554,4.241838803244243,3.794451539372641,4.089261904761904,3.910246131954466,4.169630919467052,4.15555765506961,3.6171297232309976,3.6009841269841254,3.5741850772684116,3.6974012658684052,3.6348660498021275,3.1736410316294474,3.730690476190476,3.6752824575116243,3.8684836397215947,3.80514940008768,3.497822617956686,4.123730158730158,3.886724266474267,4.150326980238009,4.136886872834068
audio_752.wav,4.0,4.79119471095445,3.9491111111111117,3.92282128827962,4.201540257626356,4.1431992456662385,4.471044618900824,3.820603174603175,3.842037385454054,4.133013007806369,4.223937342656782,4.427478313446045,4.02584126984127,4.069852252685586,4.250076924394102,4.46393508501367,4.845486691408263,3.971198412698413,3.9058732424982434,4.055696503765983,4.302590958265303,4.862416308957449,3.822198412698413,3.8288840727174054,4.156957707635456,4.272522627612465,3.4004620711008706,3.1467619047619046,3.043246616038283,2.798434306120115,2.9198158141862565,3.7946658495783843,3.658126984126985,3.727472154388822,3.985888516427655,3.9618678047115217,4.559469729438189,3.759777777777778,3.699361912778579,4.018378234147114,4.21498974573541
audio_508.wav,3.0,3.7530744631501936,3.699626984126984,3.8071766335516344,4.009832568199142,3.880888476366065,3.438607063801692,3.6665079365079367,3.6016598694515363,3.690457758276809,3.5717457411080797,3.3402911027272544,3.1293333333333333,3.213434442101109,3.20650107725816,3.087260491681377,3.3575862184191863,3.2220873015873015,3.2371829466829465,3.2692398926409747,3.2554394569483023,3.4243396883798964,3.211349206349206,3.1828581248997914,3.2097085846406554,3.1966723215185446,3.6199812094370523,3.3181904761904764,3.273194885814984,3.3265218544179582,3.4453728369092,3.572130831440693,3.584690476190478,3.608895434812102,3.5816953008356918,3.530969263827855,3.477635251519843,3.270428571428571,3.2421772348022344,3.248265809560216,3.2530897634076705
audio_664.wav,2.5,3.648727480202266,3.5178333333333325,3.504138908930576,3.448625002588441,3.5209578986756527,3.533712819567769,3.0610396825396826,3.140214725089725,3.2270512306030663,3.256993062595793,3.4341296354929605,3.2935873015873027,3.3409698788865456,3.176764180463342,3.23377840751497,4.065575652719193,3.468071428571428,3.4247006789506798,3.312111751365769,3.3364173959602197,4.05170000652377,3.3215317460317464,3.4316246392496397,3.336280987272868,3.377656622271585,3.08064595858256,3.223373015873017,3.207476591309925,3.1782387826124157,3.1299214248281615,4.044782339523432,3.1311190476190482,3.216159591951259,3.0043098634222196,3.1531116203328367,4.32009501782403,3.3305873015873018,3.425555154721822,3.297276713602782,3.331398206378987
audio_701.wav,2.5,2.7908247269692246,3.046515873015873,3.1244473504890173,2.731404080008501,2.9504907752299285,2.461060900353002,2.9458968253968245,2.8144144266227595,2.7583655536092926,2.696395993403215,2.3747430642445884,2.8381507936507937,2.782546917588584,2.5879899998687255,2.6321078964213664,2.2112056727723144,2.816357142857143,2.767531385281385,2.6815753782703102,2.6068714126336956,2.399170499765136,2.7994761904761893,2.7588591470258135,2.678976484843925,2.616606580735247,2.9611178239186606,3.3698730158730155,3.2737308401475063,3.220023942461399,3.2489896576892274,2.414453192914492,3.0104047619047614,2.9315939415522756,2.7847793504684373,2.688596592549614,2.1843302323956064,2.8550714285714283,2.8049655945905947,2.635835239681088,2.698837488993251
audio_5044.wav,0.0,0.0,0.03484920634920635,0.0954783950617284,0.1489664591242238,0.11097546901954748,1.0062618251618718,0.03975396825396826,0.12919207027540358,0.4387350843944793,0.6206808872247803,0.34117428461710614,0.07892857142857142,0.2036177248677249,0.06737916888667962,0.015335488673557192,0.06688497005906428,0.061214285714285714,0.15865696649029984,0.03833996816995766,0.02609599141143488,0.5646008948377754,0.055158730158730164,0.2477123015873016,0.15420838385147773,0.25447529749458947,3.4271719455718994,3.8606190476190463,3.760047358505691,3.9432868611461687,3.8847433435955465,0.9212224343988287,0.03073809523809524,0.16559656084656083,0.587994237367028,0.6947443719928987,0.3610197515443028,0.06180952380952381,0.24317129629629633,0.18038618990940605,0.27837988350667303
audio_734.wav,4.5,4.098792970707666,4.105047619047618,3.7596376463043133,4.108134633095969,4.108914938460984,3.597879829377618,3.5243095238095243,3.101075666617334,3.375694913980091,3.3331934453767005,3.737143039703369,3.646150793650795,3.7009934155350828,3.8427133474313475,3.882302664491783,3.9713566938232163,3.6519365079365085,3.724343503718504,3.796634445848199,3.8407852417471613,3.961438563005322,3.521174603174604,3.245184890726558,3.4082663131350976,3.355017589936768,2.6115384896596274,3.3383253968253963,3.3090587545170886,3.8477174373684107,3.5463660415623424,3.434197191820347,3.509238095238094,3.1212888469555136,3.29146831803792,3.2179889732846445,4.3230934650400075,3.473412698412698,3.2286562850729514,3.3686362930201796,3.3387564203825075
audio_51.wav,3.0,3.1096958446492544,3.0307936507936506,3.0313226110309444,3.425968571255659,3.3993967283078086,2.900617731118775,3.0174841269841273,3.168688731022065,3.06786197133688,3.0935206859552467,2.982650359471639,3.034531746031746,2.989316598524933,3.0596437415387214,2.9514677178264486,3.3334483115925795,3.031857142857144,3.031191578483245,3.1619102750575334,3.194818686158953,3.4849367088161665,2.9787142857142848,3.074006490423157,2.93151092262857,3.0612755438215156,2.256365696589152,2.7464841269841265,2.780680927097594,2.679081908857493,2.5913096899919053,2.6521512383457964,2.823214285714285,2.9978602400685737,2.9320288052647867,2.77722530973154,3.370232532173817,2.8790793650793645,2.9590737410737407,2.7677419597016417,2.895463449896907
audio_704.wav,2.0,3.5920324426780215,3.424674603174605,3.4454606566273234,3.384021492764136,3.3352042049130444,3.2147548499424516,3.28052380952381,3.3046177726594403,3.212169099689765,3.187014032126767,3.177345593770345,3.0131746031746034,2.9855544933461595,3.003160466502583,3.0337513460336623,3.2955441140339565,3.0663174603174603,3.0616556992390325,3.1614862180823375,3.098392369982643,3.2219550690595766,3.0637698412698415,3.080098938098938,3.033021109495015,3.016893284964317,3.0919415950775146,3.4534761904761915,3.2518780077946743,3.5059391674022096,3.51247295767999,2.7174339693974168,3.105682539682539,3.0469516147432816,3.0725756021045387,3.0059318366621497,2.5373481856275455,2.9548730158730163,3.0376054809388138,2.955733907669284,2.928343442010195
audio_129.wav,3.5,3.3196857178027877,3.205373015873016,3.186332150873818,3.694940480873506,3.6235352340153106,3.9248208198266474,3.577103174603174,3.6658468830552167,3.8612361509749054,3.927495149115561,2.670701583226522,3.233849206349206,3.1145435660019003,3.200272084174061,3.0291318856515823,2.9638011439698624,3.1532063492063487,3.108521843896844,3.2592488892149816,3.256831364935099,3.152679354084915,3.3385238095238106,3.2404596360429694,3.568132770201796,3.526252920037985,4.160767237345378,3.3431111111111114,3.257513279929947,3.107039915014965,3.2549458395927027,4.461628577922212,3.474817460317459,3.5601422296838963,3.792331064318958,3.9097875245419402,4.152693825371163,3.3285158730158724,3.2231447888531224,3.5890454320122593,3.4433010970654228
audio_107.wav,4.0,3.2042498511563005,3.0439761904761906,3.1158099940183277,3.4176301128895865,3.3376005126273824,3.3387751615810295,3.310769841269842,3.6062566430483094,3.611712516837171,3.620399615209068,3.4267935752868652,2.9782698412698405,3.0051754433837767,2.862734670641885,2.86184166591783,3.2270841287270797,2.8468650793650796,2.8826017115600444,2.7098120631913516,2.7245924774383,3.1909334918274532,3.0243492063492066,3.2046115520282186,2.8441543307464614,2.8726130243795343,2.3577343622843423,3.060055555555555,3.0791464646464646,3.1478381320080078,3.1111859403480406,3.6128399636115014,3.3167777777777787,3.605245798954133,3.4362069328524094,3.4992256772682526,3.200507898627077,3.0424523809523816,3.2213332331249,2.8631935867992553,2.8096255719408507
audio_143.wav,5.0,3.874520119450063,3.7833650793650784,3.6099729498896163,3.9589844763604938,3.909443812721655,4.264372472135624,3.81906349206349,3.7929218929218926,4.052360336977814,4.022636644467636,3.6273706754048667,3.5297460317460323,3.579085736794069,3.5467086195981516,3.625938753782861,3.8452846677822965,3.5268730158730155,3.5773685712435728,3.8975137343597503,3.8756224656598097,3.8710279691390763,3.8752063492063478,3.8414598487931833,3.886698444074778,3.849993771542652,5.0,3.814444444444444,3.8064871162787832,4.180144048102136,4.222476232145813,4.959388503924596,3.81022222222222,3.820340687090687,4.112497681774802,4.242085010883513,4.554879962806793,3.7998333333333356,3.8201330952997616,4.133171653193535,4.026032405590402
audio_458.wav,3.0,3.6281969321620515,3.932690476190477,3.795790342373676,4.103963463616648,4.058667776199607,4.503028953456266,4.490039682539682,4.484615054698389,4.570368754143946,4.574448322695315,4.564695517222087,3.7196269841269847,3.819198793490461,3.695224289265779,3.884425794920889,4.967477988271224,3.695015873015873,3.8247809443642793,3.8000953217421585,3.802953147085384,4.958678429176174,4.094476190476189,4.1971907567740905,4.360213518523043,4.351670695114982,2.8322375615437827,3.5204682539682537,3.5232933501683497,3.74711369332981,3.73238613450845,4.267652580030683,4.456095238095238,4.485348565015231,4.59533920400871,4.61218577455213,4.742350766681515,4.101547619047619,4.269994408369409,4.327281745802473,4.402721883099232
audio_424.wav,3.0,2.810444874199906,2.766103174603174,2.8205604534354536,2.8166940944485113,2.8290592007967597,2.531233109011294,2.7437698412698412,2.686042388167389,2.4208190729410477,2.558142674432066,2.957327445348104,2.854031746031746,2.9182277121027114,2.89581461785813,2.7117371686749308,2.9387198665762058,2.887825396825397,2.9208920816837476,2.816921573377017,2.691338576935301,3.0195193630057093,2.7930476190476186,2.781976571268238,2.6593639634129116,2.6313916076862593,3.029672543207804,3.3595714285714293,3.35210747277414,3.2573090408029812,3.387465290674079,2.7355358686759232,2.8638809523809527,2.8760246913580243,2.432758231107257,2.55300493598993,2.682882478611326,2.881023809523809,2.8049471701138375,2.635262199507752,2.633182897378893
audio_563.wav,2.0,3.8476322681657535,3.646587301587303,3.5424699875741545,3.389394002216106,3.4465057529982324,3.2014354749374028,2.9069047619047623,2.719810323935324,2.7298349396987898,2.7633515286663797,2.341839551925659,3.280460317460317,3.480268726643727,3.1251119305585533,3.1808239364447757,2.3679855401682777,3.231857142857143,3.4673107380999544,2.9579873672983665,3.0771360837982367,2.273930877876827,2.9927619047619047,3.034697160092993,2.6028854242926656,2.6635424236585967,2.174984415372213,2.8037619047619047,2.7459316640149978,2.7277766410761335,2.8530348100316645,2.402576423599861,2.833952380952381,2.59346450617284,2.622535387570006,2.4313672635683328,2.5930738229822095,2.9475634920634914,3.0520255731922403,2.5315172539430706,2.514866072491245
audio_625.wav,2.5,4.448082017836884,4.207309523809525,4.312780904280905,4.5318163340658515,4.6301627103845195,3.4411543631805728,3.256412698412699,3.1526435709352376,3.4025821629439506,3.27558932780522,2.7071070671081543,3.5041904761904754,3.5252576482159816,3.417577520722309,3.3422153549816755,2.9070498197272303,3.6124920634920645,3.5347553572970245,3.5011095887105164,3.424686774701323,2.809576619457331,3.341833333333333,3.258341169632836,3.2047164323861455,3.230102345550428,1.9376355012257893,3.204753968253968,3.1558931038097704,2.9692303881004114,3.0182410889901106,2.703959777641088,3.1863253968253957,2.9728150923150927,2.692699127809202,2.7700361016446156,2.33690831293852,3.273150793650793,3.2499947691197684,3.0062676541960123,3.0878039629528544
audio_302.wav,5.0,3.6221946675060686,4.014269841269843,3.916331995165328,3.8065925778962892,3.9516225786415493,3.3331708605808372,3.2463174603174605,2.944179487179488,3.0944305558777088,3.084069142420981,4.6681515375773115,4.122285714285712,4.11016682700016,4.220035957714652,4.27868286949768,4.761107140776447,4.2405238095238085,4.151277497194164,4.316048552852162,4.322492193476136,4.606280745486284,3.7498650793650783,3.4727021204104545,3.527876176376098,3.610734861101214,3.3400726318359375,3.4635714285714294,3.586604286916788,3.431367915622264,3.3786146465750533,4.251262580655367,3.556412698412698,3.3273568499401827,3.525947965592559,3.4688216606248603,4.639505544332445,3.7870158730158727,3.579988075196408,3.6376074070984115,3.7663916657847154
audio_154.wav,3.0,2.9491326040802655,3.0226428571428574,2.912192850359517,2.9490696351441374,3.0555344498746186,3.223443682240715,3.166650793650794,3.054662453287454,3.2240882998657,3.100553728048243,2.9812779426574707,2.93518253968254,2.9007849927849922,2.7063248662142385,2.715064683729043,2.677531213854305,2.909484126984127,2.900616001282668,2.763071556129857,2.7589528009049165,2.8026700094146286,3.0723412698412704,2.9772338063171393,3.0232734186175523,2.9493155256693107,3.3875736395517984,3.6499444444444435,3.686392860679625,3.613784645389908,3.748679167685163,2.8678095939193278,3.309769841269842,3.212815969524305,3.369788592330486,3.3575498108364035,2.9076223715778498,3.1189523809523805,3.0685340909090915,3.1254781264484213,3.1590114640854297
audio_754.wav,4.0,4.085471619537948,4.012404761904761,4.010114450364452,3.8372973217587365,3.8209038717413826,3.7702244857227742,3.58515873015873,3.5102290564373893,3.496402310861116,3.4943131797737816,4.223650932312012,4.0451984126984115,3.952614310072643,4.172432738057728,4.217678986098307,4.253803428093345,4.006873015873016,4.051900725817391,4.317769851246317,4.240495999126252,4.164269862772607,3.7215634920634906,3.6088100448933784,3.710962990678014,3.835138364155148,3.9567275842030845,3.651769841269841,3.5410640732724077,3.739083203817185,3.7815653405971728,3.908568432980308,3.5059444444444434,3.402016270766271,3.4121326590779106,3.5992383914615793,4.083358017540959,3.7165634920634916,3.591411996953664,3.644428511968123,3.658764195420204
audio_749.wav,3.0,3.178423114874492,3.505230158730159,3.506635979760979,3.459844437142253,3.351492606971577,2.3073551855953434,2.5266666666666673,2.6013456188872848,2.434045982373597,2.4659765233340782,2.6215403079986572,3.1090952380952372,3.0811922336922337,2.9556943388585553,2.952301505350365,2.5724705988248604,3.165166666666666,3.074011083052749,2.960434782287038,2.9603025184103493,2.4949034509231063,2.829444444444445,2.8402294171877505,2.726409923255437,2.7098480011225665,3.4529781341552734,3.1399523809523817,3.128637706429373,3.0547661163937687,3.026640379609459,2.6997530064874535,2.8245952380952377,2.8353403140069804,2.7375045644226312,2.7095958272466985,2.4103922893719467,2.852182539682539,2.8739488736572074,2.804307820135856,2.779056040961555
audio_366.wav,5.0,3.987688391957876,4.028309523809526,3.798891594516595,3.8852374837987136,3.881261527202836,4.780522636184522,4.498603174603175,4.548526100442767,4.568339938511795,4.4553026040456025,4.8807417551676435,4.334269841269841,4.444688672438672,4.6358174583871055,4.642168109478983,4.820788433537159,4.326317460317461,4.432310142018475,4.5011693009922356,4.45231849674952,4.857866742125931,4.5395,4.607538179413179,4.718738075876533,4.780410003129378,4.737832069396973,3.819746031746032,3.890151522859856,4.282874343242824,4.358461271415542,4.815489772171188,4.351309523809523,4.448912999037997,4.615658209205407,4.5557236231087925,4.630938125547426,4.4749444444444455,4.583130110630109,4.67557821804656,4.636742600122404
audio_693.wav,3.0,2.683205277075633,3.645603174603174,3.532795345087012,3.5012466470884394,3.569953248322072,2.138056524173956,2.892444444444445,2.8726572270322266,2.9411072029985768,2.924020025461292,3.964686950047811,3.7407857142857135,3.760680147013479,3.94902453683459,3.889086752687914,3.7238989586335136,3.742539682539683,3.7014961859128523,4.07754809909422,3.947117211783865,3.190678762026101,3.2756825396825384,3.239258753592086,3.39957093557966,3.424774420452508,2.603097359339396,3.1364444444444444,3.0958999102749103,3.1683841772953962,3.0402089407813846,2.108433277295134,2.799412698412698,2.8670671011087676,2.806324823324997,2.899714428194169,3.10546028482714,3.1943650793650815,3.1850384939134937,3.1977492388887008,3.2810672476726968
audio_608.wav,5.0,4.753265925041494,4.391563492063493,4.419126082251082,4.718639521450381,4.800689460837558,4.467203147238002,4.561460317460317,4.747227648894316,4.885517890958359,4.686324354752087,4.258036136627197,4.410396825396823,4.34091465941466,4.461396877974104,4.458173464869692,4.439879184826095,4.370595238095237,4.430980599647266,4.576536636455149,4.472702522479535,4.4770221768316105,4.502198412698413,4.635399029982362,4.604831074536643,4.612137531275277,3.1237669785817466,3.6611349206349204,3.663739818823151,3.319975756483761,3.523400026575608,4.2321322287612615,4.487507936507937,4.689010080968415,4.733142227777293,4.796174943658506,4.14579360958479,4.4287777777777775,4.60103020282187,4.645480873633087,4.6146248222657364
audio_220.wav,4.0,3.949180766380895,4.168095238095238,4.258967555592557,4.340349690989796,4.289815330777745,4.711146945952286,4.559158730158729,4.567783449575114,4.4344656402834355,4.501958684447294,3.980064074198405,4.128531746031746,4.041861341590508,4.148561115390918,4.080855142203031,3.927740764272961,4.176103174603177,4.111326253992922,4.096079932235725,3.9947647735216627,4.079969733643348,4.358047619047619,4.4120734219484214,4.330099022628794,4.334586287699331,3.7737318674723306,3.845801587301589,3.720133611758612,4.0862334697802725,4.037698544532154,4.547360429402993,4.661499999999999,4.666360028860029,4.615247142842655,4.5074874750851475,4.134795647166057,4.3722698412698415,4.429654809696476,4.365909715940543,4.4122967581824115
audio_761.wav,4.0,4.104858949945136,4.1499999999999995,4.208074046324046,4.278733817282848,4.334342212984915,4.32637215806471,4.511682539682538,4.5674712802629465,4.70795251458717,4.645402307591923,3.507730722427368,3.561873015873015,3.5579585738335737,3.562707474946434,3.507715157884656,3.4302479520636666,3.755920634920635,3.6198464606381275,3.5017977483896456,3.5884501348203073,3.4240326091152404,4.015968253968253,4.086078362995029,3.939495696025187,3.9853534975251805,4.032141764958699,3.650920634920636,3.679131707798375,3.8661702929310935,3.9018223063257005,4.053220183978794,4.594380952380952,4.57539499697833,4.709896110227359,4.777187455833881,3.537851556623819,3.9903571428571443,4.1023217554050895,3.995330771638741,4.051258735757026
audio_640.wav,3.0,2.9495410134379223,2.9577857142857145,3.0585066060482724,3.0156389213851553,2.7986458050524177,2.7282945702969887,3.007563492063492,2.9804309563892897,2.9700529449031805,2.8435509767894094,3.118279059727987,2.991285714285714,3.053361872695206,3.060051952471904,3.040157482428631,3.1497724299306626,3.0137539682539676,3.06234262959263,3.0457592447706108,3.043181666939447,3.1207567086761574,2.9195317460317463,2.915680295013629,2.902143607239885,2.810818582062525,2.6349318822224936,3.5815476190476194,3.5789062249478913,3.92122819727844,3.9680639198380425,2.907482122284786,2.930793650793651,2.837701873743541,2.674279918132791,2.748246757347914,2.7788192411525294,2.8881904761904758,2.8542424643257984,2.8308585096267778,2.734299084085107
audio_67.wav,4.0,3.8410708160439078,3.0244365079365068,3.050713960422294,3.0464872229607356,3.029751853398119,3.6676760753265274,3.3444761904761897,3.4722633678050348,3.433698424088178,3.5465051644263217,2.4639805952707925,3.4204126984127003,3.554764254264254,3.43203318108068,3.4364637372606244,2.9234113542904923,3.5889285714285712,3.5458659288242633,3.602241623013992,3.6916625572083035,2.9373556807675616,3.6510238095238097,3.740519702519702,3.6887723350632684,3.656170969901876,3.5399999618530273,3.3326904761904763,3.2899360068943397,3.5558594690209375,3.4611179966709575,3.684446947600824,3.3050079365079363,3.4409542432875764,3.48490542590133,3.502746028473858,2.598415296929831,3.633666666666668,3.682538319704987,3.6121972344365694,3.6620860142997356
audio_299.wav,4.0,3.4528519882006594,3.9606984126984117,3.9340095938012607,4.031392240759715,3.906767356382972,3.8917938394678084,4.294547619047619,4.261307599807601,4.502537559999829,4.469122284919802,3.7414511839548745,3.8796587301587304,4.049937522354188,3.9346831641168034,4.021261199404572,3.2846483873256322,3.8834682539682546,4.0405854978354965,3.840029030272676,3.845708782065486,3.431205773829411,4.0326507936507925,4.090825577200576,4.068288483622133,4.1007509450363635,4.19010066986084,3.8710793650793653,3.775415171248504,4.116202557830358,4.140390912701501,4.231464391221318,4.131357142857143,4.132746272246273,4.466897468972501,4.400121464822669,3.0501453399005514,3.9899841269841265,4.040495043536709,4.0428355621302785,3.969347510495497
audio_102.wav,2.0,3.300756281734747,3.2055317460317467,3.2178265669515667,3.2562634714048904,3.2131196034599108,2.9133443776981136,3.096499999999999,3.2519610790444133,3.1031994293645018,3.033445436537209,3.192415634791056,3.98395238095238,3.900216490299823,3.842494913728992,3.9806524621671677,2.9604278342102153,3.6715317460317447,3.696864638447972,3.5895419764180816,3.6398211507633107,2.7972910624037177,3.2783730158730164,3.3618577240660574,3.269404532475622,3.3702088273936197,1.0942056973775227,2.8262301587301586,2.7764138377055034,2.460264927561862,2.2211805536542517,2.238543361650864,3.0375714285714284,3.140791486291486,3.00803990158836,2.9251441534375124,2.5310260891013785,3.2603492063492063,3.2685188792688797,3.3612419649864917,3.255716349880009
audio_258.wav,3.5,3.6692515947393054,3.3913888888888892,3.4419972789556117,3.457835243673959,3.4745204359455104,3.2769818747889077,3.1586587301587294,3.197449652199653,3.0911074563090613,3.0006500715502447,2.761953035990397,3.161452380952381,3.152233405483406,3.353783075694152,3.255599715704411,3.017507086660961,3.1266190476190467,3.2095050304633634,3.4474055386973554,3.2793270570897772,2.868656298255921,3.1116349206349216,3.175610739569072,3.027095624241598,3.147818406691883,3.232449690500895,3.9383174603174607,3.8355380329547004,4.0564010487546724,3.995429789626201,3.235327566568261,3.240047619047619,3.1811234352067683,3.050311160764465,3.018619708120152,3.012346326969146,3.1156349206349225,3.2017950799200805,3.0471472324462874,3.1259748189924923
audio_679.wav,4.5,4.160092753252626,4.47486507936508,4.437708970042304,4.793217020252477,4.657851438642184,4.779969109291962,4.704349206349208,4.771565456148789,4.931301274593607,4.995871135086587,4.988471349080403,4.544261904761904,4.6296712762546095,4.865490753741214,4.934006808400873,4.776136973145056,4.65179365079365,4.700347322430655,4.860495575562727,4.97089366329911,4.8334737959543235,4.762595238095238,4.770690656565656,4.933012681981185,4.9594441010797965,4.399923324584961,4.1734126984127,4.000039045830712,4.2812573279070305,4.327388593941184,5.0,4.59881746031746,4.677424222382555,4.989931536608989,5.0,4.967864149986517,4.719920634920636,4.727536034952703,4.973884431490948,4.9871140569487435
audio_82.wav,4.0,3.305018120504249,3.392484126984126,3.3575793450376783,3.2128511668797857,3.2822896839804483,4.252846915679027,3.6499761904761905,3.8008424723424725,3.642874740549916,3.707069238797344,4.392293135325114,4.120341269841268,4.150443524068525,4.403783115730022,4.304492853067566,4.483419572709501,3.978500000000001,3.9416758658008653,4.0614739447141295,4.1112447536944705,4.654611107082503,4.062079365079365,4.135758136924805,4.321457698034865,4.269415454062284,3.6828977266947427,3.1655952380952375,3.2088713316004984,3.0058207490910043,3.284930201714472,4.55048868252178,3.6542936507936523,3.8033375112541776,3.6880452586555528,3.770248851072262,4.543055805633915,4.068484126984128,4.151926326759661,4.33061713502879,4.167083696705338
audio_325.wav,5.0,4.291591593193733,3.8576190476190484,3.914579113787447,4.17982028864622,4.282372778889273,4.683164714560138,3.99381746031746,3.967993558910226,4.480566679101762,4.494574284756507,5.0,4.52134126984127,4.569552123802123,4.882208049605751,4.907851782372593,4.938931504969272,4.527896825396825,4.574584054834055,4.973415781066396,4.9748101130139295,4.961579932179717,4.529912698412699,4.449673803048803,4.837110233965369,4.90870522775757,4.1657625039418535,3.632198412698413,3.497419432419433,3.7108597826052674,3.876633744690196,5.0,3.8862539682539676,3.902171051171051,4.241917192924502,4.301210551272788,4.812590929856543,4.433968253968254,4.387490961199294,4.7356190564100915,4.841403689160611
audio_399.wav,3.0,3.060705571108015,3.5226190476190467,3.4345672090255426,3.141957052244248,3.121164026781616,3.05759899756527,3.592769841269842,3.3858077508910838,3.311086177335762,3.259956119720384,2.6132121086120605,2.8863095238095227,2.90644096335763,2.8180732060618716,2.7687192545119736,2.3234723518134603,2.9133095238095237,2.9188976532726536,2.7715661360245645,2.721592478535323,2.298475400390998,3.015396825396825,2.8686124878208212,2.8004785698367525,2.6846403905337457,2.8316258589426675,3.0544365079365075,3.1122573414240082,3.3125684039191583,3.2243278301220903,3.0362780430707565,3.6129603174603186,3.320737554112554,3.39708475775515,3.3035612487688186,2.2852481783922585,3.116150793650793,2.9486589506172844,2.769404195636388,2.724651476164547
audio_285.wav,4.0,3.0263748099943193,3.473301587301588,3.3928641081141087,3.4504905614770167,3.4002342286169367,3.3836419151976957,3.5189444444444455,3.6997644223060884,3.711978349430146,3.76233545717792,3.4517221450805664,4.016611111111111,3.949819709611377,3.8904358863189876,3.95330467862649,3.702810793194234,3.908976190476189,4.000212987629655,4.0760285489591555,3.9685102847751677,3.6565926620539444,3.907746031746033,3.946392551892553,4.001704315877376,3.9970418569764163,3.217152198155721,3.351261904761906,3.162457585624253,3.0338799353404347,2.9822049771336108,3.5480484913693573,3.441515873015875,3.625777936569604,3.7138847723551898,3.7713774247747818,3.528248318784104,3.824507936507936,3.9097390171556845,3.9524552416734178,3.985513066957085
audio_784.wav,4.5,4.304815976707068,4.231920634920635,4.014722197555533,3.8842076406098083,3.957339555791028,4.155413894710539,4.160230158730159,4.120784251242583,4.137886593109756,4.0513495589472095,4.923818429311116,4.578555555555556,4.682714486131153,4.661550844548999,4.706112475848258,5.0,4.615579365079365,4.635519500561167,4.804198264473126,4.738693294691132,4.98682912124391,4.448436507936507,4.427533168991503,4.589397740173552,4.605139551827983,4.200700044631958,4.086825396825397,3.9667138432555116,4.259320227161701,4.3062437907375,4.167824375875051,4.11179365079365,4.166616422158088,4.350430646014782,4.1404978103307135,4.693446737700868,4.413333333333333,4.384318121693121,4.55973463429708,4.614011215302969
audio_0.wav,3.0,2.9346588165133736,3.008611111111112,2.9924611530444856,2.851026801822513,2.760867749132211,2.736836445768502,2.8726507936507946,2.928490805490806,2.791930962140251,2.824690133521676,2.7844724655151367,3.2861904761904763,3.363103388895056,3.2529085711203343,3.2808483167991356,2.8504060643086153,3.2383730158730173,3.3435117105117107,3.119972832567051,3.1617868398430637,2.9616701531720095,3.128079365079366,3.196325907888408,3.023125765917232,2.9371496843727183,3.9372530778249106,2.684634920634919,2.7188443053859714,2.751187218571713,2.6142579788823013,2.3198558618495464,2.8035873015873016,3.0206336410503076,2.751420919837731,2.698108683599731,2.8026025070326703,3.0731031746031743,3.1689932659932656,2.932363608338047,3.034528117189671
audio_435.wav,3.5,3.765607383334661,3.481206349206349,3.594527397756565,3.423012636847423,3.5718399018207303,3.6142034687263056,3.7904444444444465,3.887646019104352,4.038261583328994,4.1311232254855605,3.56391978263855,3.1190714285714294,3.13653368699202,3.0509028093775097,3.0511548111161364,3.605436582058227,3.2205079365079357,3.209973665223665,3.2057177282387386,3.218224148103204,3.622614287171275,3.319269841269842,3.3467219616802937,3.4677415100722846,3.4658204040127725,2.9110185305277505,3.1231904761904765,3.000987117820452,2.7653119094918885,3.083265218034826,3.2209849179793513,3.71620634920635,3.8542339003589006,4.078710088099766,3.9347089680875573,3.531144809035354,3.2896984126984123,3.3568362070028734,3.46478597374559,3.4415385360896984
audio_91.wav,5.0,2.7468911941315888,3.040817460317461,2.854587498920832,2.8812708285519215,2.7489773177893198,3.588251816818735,3.5628174603174596,3.6768825557158884,3.5749607310991274,3.614836206801923,3.747504790623983,3.3659444444444446,3.4390409991243334,3.081013302753197,3.1941921812819274,3.4866885127073317,3.137936507936507,3.2481907876074536,3.0937508150718984,3.0548866080310746,3.672601679221227,3.4197301587301587,3.4366600559933893,3.3677472011949443,3.327394872440023,4.198432604471843,3.2433650793650792,3.222339726631393,3.3245699735385905,3.380548331735975,4.156574569068965,3.4956031746031755,3.6198309607059627,3.5783933642837127,3.680008144470379,3.615715883476689,3.442912698412698,3.448044292127625,3.302246952332824,3.307955031287234
audio_109.wav,2.0,1.849815243538397,2.5872936507936495,2.667803611511945,2.4615943661623754,2.32271932311883,2.175464737469841,2.5729761904761896,2.505787497995831,2.5655474917051784,2.4685030424284844,2.4101339975992837,2.9788095238095225,3.0463817478817474,2.872784707561985,2.7194126402893377,2.3705272264802004,2.805031746031746,2.882974967933302,2.7876682562312385,2.6339874946473496,2.4132981185579805,2.6575714285714285,2.708958874458874,2.545254509067455,2.56307565634993,2.370382070541382,3.0948333333333338,3.110524167190835,3.0223700465154906,2.927429936120174,1.4799435029022767,2.617206349206349,2.561078984287318,2.4670915273157585,2.393720426731362,1.858025490307688,2.7557063492063496,2.7675284792368124,2.4313516818524863,2.5210221465105938
audio_772.wav,3.0,2.5177051492684543,3.070277777777777,3.055234088442422,3.2873170493148334,3.2294024440456357,2.547379806406307,2.836126984126983,2.9000613537696878,3.0385602864899313,2.940171896965196,3.5983170668284097,3.2085476190476196,3.2611039161455815,3.2336018899915815,3.0898228178713993,3.830365021628097,3.2007380952380964,3.2722405603655607,3.3553062618129452,3.1110138383215187,3.7567333517568815,3.2629523809523815,3.36481715969216,3.519571242707983,3.3784345281345427,2.123005986213684,2.8045873015873024,2.623112133237134,2.4953618725207485,2.4960329291721983,2.623215648245385,2.838579365079365,2.887315143190144,2.8353794542428794,2.8211494920955746,3.067722600928438,3.240198412698413,3.2896121794871807,3.470392793754589,3.280338045906097
audio_270.wav,3.5,4.193930198380044,3.8428412698412697,3.774186298269632,4.138681071241975,4.250224874958184,3.8491259558056172,3.3096269841269845,3.0610670471503796,3.404365698761334,3.507648822776821,3.528705437978109,3.4915000000000003,3.2971683023766354,3.296967136072824,3.2656823181999894,3.7950722065701874,3.537325396825396,3.3376677890011224,3.3377978970169426,3.2671424894339043,3.658806398662955,3.369230158730159,3.171767018475352,3.2206618410263714,3.2529718134209618,2.702052593231201,3.388325396825396,3.5072176866343523,3.758705822253471,3.658791651449708,3.889911243801484,3.226214285714285,3.015082210998877,3.190260533051624,3.2259350675882863,3.5231394788886496,3.384587301587301,3.143464225589226,3.1885928458603074,3.180054334057777
audio_528.wav,2.5,3.5924927300836003,3.95480158730159,3.890755509922176,3.7355364123927326,3.7524398248036164,3.484366105426789,3.7569603174603152,3.4453593659426986,3.5262418917312335,3.5124041150036898,1.9870551824569702,3.071095238095239,3.1104262296345624,3.07229073076061,2.9778936486935574,2.419785605994313,3.0772698412698403,3.124596025887693,3.1250034076073625,3.0688678061763426,2.511609376100481,3.1430317460317467,3.2572702929786264,2.913336440759037,2.997818054861687,3.6418890953063965,3.1641190476190477,3.2085781625781635,3.2173335180641494,3.2944910061459347,3.029986046204815,3.6506825396825398,3.4233453845537176,3.460667377461013,3.371973076760231,2.70487995359692,3.2071111111111112,3.208849345099345,3.017323336548584,2.8867419242836454
audio_441.wav,2.0,3.0261288533922825,2.686095238095238,2.789240198073531,2.600509466864715,2.6195781805867013,2.3027664075023204,2.675063492063492,2.612713864838865,2.462959896902323,2.4855794867759426,2.3727723757425943,2.778857142857142,2.8194213132546455,2.6427513831048057,2.7701521632569137,2.440241420126029,2.758380952380952,2.7625439915023247,2.632412800742036,2.657959712902186,2.4399819502771556,2.714452380952381,2.7056927208593877,2.6517512780898636,2.6848174946565635,2.1301605304082236,3.1708571428571424,3.096474861558196,3.3047065518051357,2.9644927427958305,3.3485737754705216,2.8117063492063488,2.774538305829972,2.718709463728016,2.7743664913103707,3.1076511350482163,2.7917063492063487,2.8105345719095722,2.742758651880962,2.7802169638674226
audio_381.wav,5.0,4.281206542980359,4.369722222222222,4.36122542580876,4.413202194539781,4.381269038673055,4.099120252796887,4.24852380952381,4.270179451721117,4.38623799611129,4.427055800922841,4.9068929354349775,4.692476190476189,4.715499098124099,4.805950798354618,4.767869429494582,4.8766333102411075,4.751269841269841,4.7715372574955905,4.855008757066028,4.839807364684983,4.71299892888337,4.719214285714286,4.6462245270161935,4.750722691627592,4.802532913081255,3.7133986155192056,3.4636825396825404,3.5434155998322665,3.565086542644098,3.441844578802213,4.356289220530944,4.28620634920635,4.245902136443803,4.311892255970395,4.2801835598,4.407876758699845,4.7005,4.640197009780343,4.723806800179941,4.779858659933501
audio_86.wav,2.0,3.4113716501029288,3.4320158730158745,3.3735035797535793,3.3481493175274273,3.368100385173655,2.6078179806657666,2.907357142857142,2.8504454264870933,2.6679713811937993,2.741452821189347,2.886270523071289,3.6128571428571425,3.505071989738657,3.662117793389047,3.6369824048497326,2.576012084461471,3.4496666666666655,3.4558549382716053,3.4313280162871336,3.4286791341084677,2.3662667791159846,3.1028412698412695,3.057845998137664,2.964771319693476,3.1039024689683123,2.842538277308146,2.988507936507935,2.917231433689768,2.8477038723971817,2.933209620329933,2.398102942900009,2.749746031746033,2.6159173465423464,2.442180653538357,2.4169543537203864,2.4260906831807474,2.982626984126984,2.9668664021164015,2.872098406900641,2.878865899769712
audio_101.wav,4.0,3.359963451570394,3.2817619047619053,3.3227372889456226,2.8118601506577607,2.803038975012493,3.3233428439595762,3.1186825396825406,3.4143538822288826,3.217606623021607,3.0438106825101445,3.6471988360087075,3.4515476190476186,3.362255904589238,3.286900636877169,3.337250616742891,3.647740894685135,3.4251349206349206,3.4393350584600584,3.3509251330835546,3.4314392241869704,3.549092713770694,3.2350634920634938,3.292721024346024,3.1766227607412874,3.1792704527289715,3.4430864651997886,3.085650793650793,3.1045026655443326,3.017201488399275,2.905762799611384,2.9488228559554828,3.033999999999999,3.3392655230571893,3.0642428043745866,3.012004902856606,3.667925202657648,3.162317460317459,3.22723200719034,3.201443358837095,3.14045670503979
audio_333.wav,4.5,4.165008925340103,3.9447301587301595,3.8239008938592263,3.97152566258338,3.8524075616679276,4.078461143427974,3.7469841269841275,3.3749704123037447,3.4975737872615063,3.4126245222248506,3.919424215952555,3.5488809523809515,3.622818414610082,3.481224587998143,3.448376127986954,3.585825282608875,3.6532142857142875,3.670755685672352,3.5627600809533075,3.602555868641428,3.6550530372315535,3.7056349206349193,3.5796571854071857,3.625587932618657,3.6282348269474585,3.873922348022461,3.594436507936509,3.440854064145731,3.961691836596808,3.6612399708372974,3.9717871489618446,3.692579365079365,3.207297198172198,3.314840862656714,3.4798290836563335,3.73765586835078,3.669063492063492,3.5487946127946124,3.591722468807846,3.514967523075923
audio_149.wav,2.5,2.570766751529763,3.1393174603174603,3.259244286577621,2.942757654870682,3.0173307579345323,1.7072308518816628,2.7542380952380956,2.847749441916109,2.509371068979566,2.5538541543651068,2.2889238198598227,3.083761904761905,3.262231758981759,3.1154981229443535,3.1055077377445124,2.32434729899315,3.10570634920635,3.215011619553286,3.1738651955590798,3.1311780664956412,2.0338622093283742,2.871261904761905,2.9058036963036966,2.6788284123466664,2.691182154034864,3.5281185309092202,2.8862460317460332,2.8662901882068557,2.774468397591028,2.758106154623968,2.1562903122028203,2.7444682539682543,2.7696977312810644,2.5446806516299625,2.4205674975720743,2.4960718197050658,2.912952380952381,2.9594655128821805,2.7331007731236667,2.7483222716936937
audio_719.wav,3.0,3.5451723551002723,3.404142857142858,3.5007137045053702,3.1921399208755026,3.2710480248970146,3.3053003017368674,3.525071428571429,3.4504309764309773,3.355284027327422,3.3334393511893747,3.0899722576141357,3.4921031746031734,3.575141528224862,3.398873441475947,3.4908484850718415,3.00782782809542,3.5299841269841257,3.5924643257976587,3.4693203335566825,3.4799521523503265,3.0083331964908027,3.516285714285715,3.6086653238736566,3.5232022816698656,3.420257674094536,3.6425485610961914,3.5197380952380954,3.471637780429447,3.4708170087621344,3.4892426208537053,3.4093399817441843,3.6061666666666654,3.5612949334616,3.7087351987817847,3.6202464587324186,3.2132029716331654,3.5763095238095235,3.634062209395543,3.4653646437068546,3.556213495314798
audio_638.wav,3.0,3.4265974983296323,3.3303888888888893,3.333430535513868,3.361161418318609,3.3446796927796867,3.180533181196853,3.303777777777779,3.206093938468939,3.1017986907157344,3.153975923418832,2.9803101221720376,2.980833333333333,3.0445859526276196,3.232312104524985,3.18711818038047,3.0223659511151033,2.99986507936508,3.017673941798943,3.2427324766355556,3.1839879415807832,2.899876179532987,3.0849285714285717,3.2111406386823056,3.1856608345062765,3.118997908744887,3.480567693710327,3.565817460317461,3.5237615239698576,3.4934152574721065,3.6871936785656523,3.254454467226745,3.288063492063492,3.237957950999617,3.1708379261282675,3.1472593757655467,3.4056489215102146,3.1496111111111103,3.240764870931537,3.2705119977705084,3.2675601394848552
audio_147.wav,3.0,3.791826445506519,3.7436428571428575,3.8341586052836063,3.5704038697683997,3.589365928423368,3.3633873442370597,3.2416031746031746,3.1435475080475084,3.1068253447777443,3.0684967433080117,3.2049176692962646,3.6873492063492073,3.7047985317151984,3.712702931541098,3.6382683405200313,3.2280920224533873,3.660769841269841,3.618421664754998,3.5636585370459617,3.512535962642081,3.068286482545318,3.3553968253968254,3.2080457752124416,2.9879422471414334,3.068616089182081,3.064144770304362,3.0895396825396824,3.223985549943883,3.0817448480378267,2.9350486657830523,3.402277214381939,3.1618492063492067,3.083940385232052,3.043729242598653,3.1626020649456863,2.9421973440637363,3.32479365079365,3.240308341350008,3.065983428399589,3.0132737045899383
audio_62.wav,4.0,2.744518511124319,2.61257142857143,2.6266462719379375,2.6201218202344383,2.673006244462235,2.933518544944286,2.7673650793650793,2.735999546749548,2.7416690051487422,2.728927701147837,3.500612258911133,3.6192301587301583,3.5352239565989563,3.7744708172203665,3.659264233327367,3.3975677467278884,3.492000000000001,3.3781862874779542,3.407891740616542,3.489091417347567,3.3253988881431504,3.4455555555555564,3.2027110389610396,3.3651894826990407,3.449219352625722,2.232615311940511,2.8970317460317454,3.061142328350661,2.8582606700892423,2.8166256945208166,2.840260459349684,2.8576111111111104,2.8072401394901387,2.794416956532276,2.8029549965391176,3.5239177560851807,3.3429841269841263,3.0799016754850093,3.249719267690981,3.343871523726827
audio_763.wav,5.0,4.398826610269347,4.310698412698413,4.233777617444282,4.274193868704514,4.441480608392884,4.484486586028818,4.700896825396826,4.70630541372208,4.62991499099236,4.673835293499235,5.0,4.501190476190476,4.469343434343434,4.496652112086981,4.66131833505269,5.0,4.662571428571429,4.582438085063085,4.547508745605877,4.645806752600731,5.0,4.770984126984126,4.765882956549624,4.922607494499334,4.98945501745461,3.846512794494629,3.8256111111111113,3.834861047902713,4.02014928875233,3.9559853320813225,4.827172364423283,4.645896825396824,4.648232036482035,4.710175840883266,4.791315489688685,5.0,4.740373015873016,4.695097212972215,4.850672781393016,4.928787722056855
audio_498.wav,2.0,2.29419110152511,2.7207857142857144,2.7123412097162096,2.707048193306504,2.75823865702665,1.8571454536324985,2.4698571428571436,2.4209643859227197,2.394403642917423,2.3700924077581043,2.550783713658651,2.42347619047619,2.4518097427264087,2.3003161866137005,2.367434741215573,2.35961911251557,2.4609603174603176,2.484833854417188,2.328585341713609,2.407153191856714,2.4335705706524946,2.4015396825396826,2.3823433942600603,2.1901976737809417,2.190355741215486,2.057514707247416,2.8544761904761913,2.853125524167192,2.789374189465022,2.7028595178820645,1.2165279749504896,2.479238095238095,2.4562751569418224,2.36612520191933,2.2906513924900644,2.2187713490688012,2.3996428571428567,2.427839255651755,2.1224954417671493,2.1612127227285174
audio_1.wav,3.5,2.3579538451731916,3.217492063492063,3.0348139314389315,3.1305594539738646,3.171911323156003,2.702436979754669,3.256976190476191,3.2850441379608046,3.2511594712413348,3.3188849622119285,3.206817944844564,3.679595238095239,3.8825402252068923,3.6362171645402803,3.6946787718671903,2.8213110764474645,3.435507936507936,3.6793758818342153,3.3469006130579273,3.4416922265927035,2.869966022098337,3.612714285714285,3.815859652692987,3.6845223581312667,3.7427119553897463,2.5501948992411294,3.3566349206349213,3.3625883190883186,3.6414814980197128,3.374273782530732,2.9203746656607072,3.413896825396826,3.432996565163231,3.447942390133441,3.514565522172946,2.6751687397990587,3.704341269841269,3.885738095238095,3.6363296001975502,3.707850311054934
audio_304.wav,5.0,5.0,4.677888888888888,4.622955657768158,4.96873430278058,4.8924813222035946,4.972771158895747,4.328992063492063,3.8406000296000298,3.978414884716463,4.07906937605352,4.813011010487874,4.576841269841268,4.410039021164021,4.561358659620499,4.580941354462528,4.949939664128038,4.648801587301586,4.501069684944686,4.748783608134038,4.713183167189569,4.804757103186393,4.473595238095237,4.27782830286997,4.2182976515788715,4.310060653777579,3.7057975133260093,3.9733571428571435,3.985662336120669,4.199931895386565,4.170342559996452,4.933405360594375,4.253960317460318,3.9640165343915346,4.280188773175598,4.322984324437673,4.86455416792385,4.423301587301586,4.294853268644936,4.330251932933018,4.446427946106334
audio_347.wav,5.0,4.078129320266732,4.109357142857145,3.9630336299502957,3.985231445970195,3.857889899583006,3.542438487789825,3.2220952380952377,3.389882714507714,3.5544832087997693,3.4200610523911954,4.76060136159261,4.228682539682541,4.09955284992785,4.077591040631067,4.307519064057342,4.51190542358924,4.196325396825395,3.9279662898829564,4.161906131301868,4.102329725455629,4.429629034079357,3.7218333333333327,3.6366718975468983,3.9201628235240817,3.9117650122975895,3.5251753330230713,3.5173571428571435,3.49913254646588,3.776605806759273,3.723261392525768,3.6819355353770966,3.318277777777778,3.4369428704012037,3.434170699981209,3.3742413929337496,4.603462464086407,3.70695238095238,3.6489944145360815,3.9195021683962064,3.976041548319568
audio_560.wav,4.0,3.2042387212011505,2.962214285714287,2.891944470652804,3.010981386939076,3.003886761779061,3.861789041256054,3.4574761904761897,3.6067481669565002,3.4933793318473163,3.6091116914709893,3.418969472249349,3.1420873015873005,3.1744157046657047,3.3990306893882987,3.501892802621056,3.480285181783469,3.100968253968254,3.0869781021447693,3.361212094778555,3.3775331100870183,3.515867536642288,3.240515873015872,3.3470855918772586,3.6130022947213747,3.5083446399724783,3.6379228432973227,3.5100079365079346,3.424959503459503,3.951420423842125,3.86288405674982,3.1994266191850564,3.55779365079365,3.678438311688312,3.6328869213312505,3.6821194786516664,3.6006028508383636,3.300079365079366,3.36815221661055,3.567987013924414,3.5685425004464935
audio_452.wav,3.5,3.144877913541075,3.049849206349206,3.0616369571786226,3.0497209516217225,3.0243653190871833,2.6547422266205256,2.866579365079365,3.0484406781490114,2.8122403645093486,2.8199490372626634,3.0219998359680176,2.946968253968253,2.8983126903960237,2.8150706747607472,2.75822600884403,3.1122425994589684,2.9352142857142858,2.910630270963605,2.814308917660591,2.78263614336219,2.9923129777449806,2.869015873015872,2.8778598284431602,2.8745130272996726,2.781167349567984,2.9557658036549888,3.010214285714284,3.084114237614237,2.9750256766803744,2.9861691999478004,2.788060526502909,2.977920634920635,3.0745732677816022,2.741710752805672,2.7527380266903343,2.5236458001345485,2.9097142857142853,2.9067437947854624,2.836034661066274,2.8209384189537485
audio_716.wav,4.5,3.619095867046069,3.6017301587301582,3.5424562859979525,3.6833122243684717,3.676428262374234,3.8696546817451534,3.5911031746031763,3.625783631491965,3.8118205720218548,3.856503112640391,3.8775476614634194,4.012015873015874,3.85559852339019,3.967215663054866,4.094969593231049,3.9569876593069453,3.9361587301587306,3.8437435265351936,4.039313106898532,4.129860279812903,4.059141580978561,3.9089047619047625,3.849038478496811,4.119815020996968,4.246256399986319,4.963308811187744,3.53097619047619,3.583435525893858,3.8368176358567845,3.8270071811263144,4.006172734495728,3.5319523809523816,3.572173610340277,3.613181122545271,3.621432179696981,3.9225150203226455,3.914746031746032,3.813149228857561,4.1066514322726135,4.111249661662479
audio_473.wav,2.0,2.853080106718817,2.6458650793650786,2.6633947961987174,2.7825897573650806,2.7689709736928427,1.7798010021557793,2.84486507936508,2.724099687349687,2.6946258672970043,2.676281244868216,2.465250253677368,2.651952380952381,2.7419404060445722,2.578777290157218,2.4614283196862665,2.4672957305065775,2.6112539682539677,2.656747394580728,2.4470961756858203,2.450051362441771,2.2604389399735347,2.710476190476191,2.715357082732082,2.6217465934437105,2.5431503321055824,3.090378999710083,3.29831746031746,3.138873843748844,2.926069956943428,3.1472039122423836,1.3564547381825462,2.9178174603174605,2.86036371036371,2.8193270108175583,2.7604034530986534,2.305172772542132,2.7853412698412696,2.7397268734352065,2.724419468943008,2.7873437786379576
audio_95.wav,4.0,1.6968979842354361,2.6045158730158735,2.7146505731922406,2.472697465165863,2.4422238001704275,2.7426551774837833,3.1450634920634912,3.4957172965922965,2.986784397045918,3.095682400759143,4.318373044331868,3.6592063492063502,3.584598577348577,3.559943563146233,3.540485606252106,3.7568305420981147,3.500523809523809,3.505638640680308,3.398148308808168,3.4518152917334444,3.7827705013677075,3.7318095238095244,3.720563652396986,3.6953637067096956,3.6861564360677286,3.0976062615712485,3.0881666666666665,3.191300047175048,3.139963175193857,3.109895184041195,2.8711456426295032,3.1304047619047624,3.4697936184186187,3.150305990381535,3.065505032014922,3.4534065466245143,3.5867698412698417,3.643962992254659,3.770876456720225,3.6913013811811712
audio_732.wav,4.0,3.264426446227063,3.5803888888888893,3.516993207409875,3.4596236006894983,3.4490250293366107,3.044976296837179,3.2869126984126993,3.0681182983682977,2.9913200470503916,3.029358243615869,3.55449644724528,2.9654603174603165,2.989334762459762,3.07944061987792,3.250204811389288,3.296002212322771,3.028666666666666,2.969276455026455,2.9655863063767165,3.050762718562632,3.2437215850826147,2.8954761904761916,2.903862253487253,2.990145188349373,2.972403519709634,5.0,3.6909523809523805,3.6465681109014443,3.9103047709215217,3.8264112079028814,4.878846481742906,3.3133571428571416,3.0611729736313062,3.1062045728369925,3.113615552853279,4.236265480185523,2.9278492063492063,2.835671957671958,2.896276917740829,3.027012690929489
audio_292.wav,5.0,4.870475230878971,4.440269841269841,4.451786762620095,4.595883867418544,4.806654954486481,4.9876660670726,4.6412619047619055,4.665588977380644,4.871636451710875,4.902248011146212,5.0,4.429912698412697,4.4549362874779534,4.738265366102106,4.7332766179898815,5.0,4.579452380952381,4.5537755357387715,4.886086891759816,4.8790058266305865,5.0,4.661261904761905,4.675851090267758,4.820847321136348,4.890507817480339,4.092044830322266,3.528158730158729,3.4150667388167393,3.4365548235236907,3.56342220630451,4.769176001798111,4.497317460317459,4.552633658008659,4.746136299050031,4.732545693187006,4.999016854968395,4.595976190476191,4.665254675879676,4.800517443572143,4.846581825468019
audio_469.wav,2.5,3.4036580337476408,3.378920634920634,3.433089635672968,3.43214048873595,3.5061549170077346,2.6333404873196495,2.958119047619047,2.9238160651077316,2.9463085057232044,2.879506003097575,2.6780920028686523,3.0416666666666656,3.0913404327154326,3.2153619788983234,3.1676717727872195,2.9652796348002255,3.1453095238095226,3.1390737071570403,3.1522477164488123,3.190872131941365,2.8971951227485033,2.875825396825397,2.829802378948212,2.8863798249174937,2.8557868164470386,2.3557331562042236,2.959904761904762,2.9669948909115575,2.968078314307057,2.8940096622498204,2.6843197470846785,2.9824761904761914,2.9188202861952863,2.801729687247009,2.81383031543328,2.9125664195603727,2.9571984126984123,2.8769625960459293,2.837343433905286,2.8624686546339446
audio_329.wav,2.0,3.4264626300120598,3.46397619047619,3.651381946756947,3.374967652803011,3.4168702130503186,3.2925829363968457,3.606904761904761,3.544196455595966,3.461160992275733,3.331621325217738,2.3882404963175454,2.7437142857142853,2.824586922336922,2.5408649790903937,2.5786308412192738,2.6432922228631863,2.8187777777777776,2.9083957847707858,2.724716452139973,2.7161664585963905,2.7712399402006973,3.0248888888888885,2.9489565573315573,2.9697165336704217,2.924814488287069,1.8531839450200398,3.1355873015873015,3.142670921670922,2.92959687307215,2.950427676573767,2.6864520008511534,3.622436507936509,3.531863936988938,3.5097268457222306,3.476295910302202,2.3573923393116805,3.103849206349205,2.9608905585155583,2.958182589483034,2.9168928793975675
audio_169.wav,2.0,3.7734286156560035,3.539357142857144,3.554627384960719,3.3684035568968906,3.366896959671376,3.1691910942019006,3.3216111111111117,3.1821272631689297,3.0610157089474623,3.0969378291982284,2.457831064860026,2.9663333333333335,2.8796799195267337,2.7452904115147363,2.85014009252192,2.440360385240497,2.9806190476190473,2.9615255130671794,2.774050927779875,2.8834514046832815,2.613242265531138,3.0593015873015865,2.9374562890812896,2.892915186745471,2.7548419672521276,3.129019578297933,3.2889761904761916,3.257199280657614,3.4154661959669017,3.3431590413275907,3.374893192595337,3.274087301587301,3.128431492889827,3.2520281325593317,3.2480626150474152,3.1311521577540318,3.0306111111111114,2.9233629749879753,2.8624880894116758,2.8550456919012817
audio_174.wav,2.5,3.670895943507374,3.5410079365079365,3.4674254387587724,3.354383481061624,3.5875905483670714,3.294262325450923,3.315111111111112,3.1896447256447256,3.5256824141662277,3.443200954684322,2.605180501937866,2.9857142857142858,2.9704524009940685,2.933269608665427,2.864674848229479,2.593731545194358,3.0090476190476187,2.965662678371011,2.9256948668840734,2.947648862073661,2.5696457144046745,2.943682539682539,2.9406433381433383,2.856322338961189,2.8813837124099404,3.713685671488444,3.056793650793651,3.043077843452844,2.720641485719048,2.7008932583028447,3.6749497088225183,3.3492619047619048,3.163273320814987,3.2030030208210127,3.147692257751338,2.839281936060505,2.9760634920634916,3.0046490114823445,2.789800118250563,2.8459727769632477
audio_513.wav,2.5,2.721399797986681,3.044460317460317,3.0863753006252996,2.791935408796752,2.854773589023832,2.554978685600695,2.9750396825396823,2.957058734475401,3.047589254099224,3.0013493669225233,2.8034756183624268,2.7682380952380954,2.8392693602693595,2.7384471940288804,2.7568005357208523,2.559248154540308,2.84897619047619,2.8526137766554434,2.75925857374757,2.801315781505393,2.995837284948106,2.834460317460318,2.8837937587104254,2.862914531863782,2.7791588665336437,2.4036046266555786,2.9964999999999997,3.1157628282211625,3.42023096972954,3.294656607803321,2.683041325323533,2.922190476190476,2.876089265672599,2.730481752869307,2.839140579656122,3.138507399476353,2.790690476190477,2.8295852573352573,2.8626520026504494,2.7965482483933877
audio_584.wav,3.0,2.802867126056878,3.3023650793650794,3.284636685845019,3.2273554531800177,3.2124090394951934,2.206588012104915,2.8700396825396823,2.7377292229375563,2.86400998175238,2.695616622547965,2.939556121826172,2.9098095238095247,2.890793476585143,2.596725266209306,2.602721361182672,2.517300922588397,2.9325555555555542,2.906030864197531,2.65233035591509,2.6914491974486197,2.504653487031153,2.769071428571428,2.6757463123296454,2.50574791262369,2.511477012742129,3.4170114994049072,3.1863968253968253,3.124533836533836,3.02083958874586,2.9647692006901902,2.5775833384142577,2.9423333333333326,2.851794603544604,2.675928291169503,2.5959405440169196,2.554143581332139,2.8702301587301577,2.7526921196087866,2.5544770143242648,2.560815457282977
audio_345.wav,5.0,4.383204444152453,4.305809523809525,4.290887401179069,4.504594007112015,4.541898929330827,4.637853618359908,4.661642857142856,4.645869929453263,4.809702545222191,4.941343487551353,5.0,4.606134920634921,4.483198532948532,4.583117558289093,4.679678447656125,4.977021278688024,4.644333333333334,4.560572122322122,4.710592631949777,4.720390187896933,4.951617975762712,4.786420634920634,4.697702962161295,4.859220059403872,4.852805261287473,1.8743538061777751,3.2598571428571432,3.3388803310886637,3.115269458184913,3.0192370859108535,4.233677790159253,4.432309523809522,4.551716911175245,4.805357264794096,4.711763871049057,4.183456645258574,4.7111190476190465,4.649972743306076,4.82873708586386,4.791615608622853
audio_750.wav,4.0,3.6401706608947535,3.7916031746031753,3.6546486491903156,3.5354504038754655,3.5319107566613703,3.5177828744526294,3.674007936507937,3.4469087779504455,3.732998264537109,3.6047915617549773,4.220145543416341,4.046460317460317,4.031682712349377,4.140278129472233,4.034719221893698,4.4563638630136175,4.068555555555556,4.09456061993562,4.054990298808536,4.039251981719874,4.3303880146057,3.8604761904761893,3.77872162251329,3.970213903541172,3.8998713186776617,3.412082036336263,3.6578888888888894,3.6258751264167937,3.6272399253041527,3.591936409873147,3.837338651721794,3.5871746031746046,3.3733076553076553,3.7814475290432514,3.681613829072008,4.337878293102941,3.953246031746031,3.781675659217326,4.021859167909576,4.015143661767552
audio_116.wav,3.0,3.2760973555221184,3.5356825396825386,3.618962733254401,3.5083986403918543,3.6101671963079958,3.3130773221511505,3.497984126984127,3.543544713003046,3.534131026781616,3.4691902408156565,3.442887465159098,3.077071428571428,3.109722863556197,3.0415170557502953,3.137733798522227,3.715653465617667,3.1107222222222224,3.071030323071991,2.958310418525604,2.9956301886648427,3.7080103284412878,3.0593888888888885,2.9740642197308857,2.93738927971548,3.029553468531695,2.6541874408721924,3.227230158730159,3.2383051447009783,3.133809413366118,3.053078900436674,3.3489869487130277,3.5489841269841276,3.349148789482122,3.085643290010793,3.0756136432454775,3.551142653589675,3.069436507936507,2.972664895289895,2.936492722835656,2.8409808396085743
audio_114.wav,2.5,4.207826009653718,3.6832301587301584,3.758794708378042,3.557848532529867,3.447677014577527,3.6168954217075524,3.3641904761904775,3.516501580209914,3.489505724300414,3.380529455373354,2.637248436609904,3.151817460317462,3.180551406926407,2.9438438488657757,3.020907535178313,2.8044192540840105,3.1802460317460315,3.2705615526448866,2.9643709028076555,2.9798655403220824,2.7292766458076723,3.041222222222222,3.0303087298503972,2.6731395671589824,2.7211359659146903,2.377215544382731,3.0451190476190466,3.0035672953589625,2.770990802613863,2.6485535530729525,3.252534220840108,3.431809523809523,3.3737260964344293,3.2482872270147696,3.155115106532017,2.7658011535470632,3.0852936507936497,3.0398129231879225,2.801011942154329,2.707186379791025
audio_157.wav,3.0,3.5928046034485597,3.996460317460316,3.8616999959916636,4.006290421120784,4.022136194867049,3.2386712233564126,3.307087301587302,3.026135361552028,3.1146093847986656,3.1271547081357514,3.8949212233225503,3.473111111111111,3.488965748757416,3.54819736434364,3.5265052485815858,4.014974147006202,3.5239285714285713,3.562230030771697,3.646121907813544,3.6850761267097227,4.060507486871253,3.370563492063493,3.1217342271925603,3.274758193940898,3.3075046689014833,2.4779818058013916,3.128777777777777,3.083002283210616,2.8698734846887333,2.9099146156761972,2.9015102835039577,3.187341269841271,2.9594080286996944,2.843480334666854,2.9958992329428606,3.2894663727889237,3.3018492063492073,3.1139490740740747,3.298546503043345,3.2224301965793245
audio_385.wav,4.5,3.610345010114735,3.4760714285714287,3.4142226631393293,3.499108525867585,3.537654711076346,4.341400400263257,3.8388095238095246,3.8414405409405408,3.9728633807815954,3.997944976806647,4.520731290181478,3.9819682539682524,3.768182413265746,4.191940745445945,4.1656740021406415,4.549877415787882,4.038380952380953,3.717855712189045,4.04803211140047,4.082138719293429,4.853934072003778,4.113222222222223,4.031059323392657,4.344336106695692,4.395003072778952,4.843970616658528,3.7151666666666667,3.6163815227981897,3.589997694538251,3.621955749900112,4.5071789746745985,3.930436507936508,3.8899692344692345,4.067341479662262,4.074870741545588,4.7994676449979385,4.11486507936508,3.9716525650275645,4.352841808074296,4.260976916852516
audio_264.wav,2.5,3.4837329544563453,3.2029682539682547,3.2384416833166845,3.1029539055829876,2.9090983408992677,3.1670131970893096,3.042809523809525,3.087664771956438,2.8469795068134816,2.7702621145391384,1.9226916631062825,3.523277777777778,2.855277417027416,2.9913551391970366,2.6269031390156417,2.4092870744416537,3.4673809523809527,2.8289839759006434,2.940924223029416,2.6042738429822916,2.3209579332946917,3.447325396825397,2.807726767060101,2.9467800718715806,2.6607615591378244,2.8914087613423667,3.101000000000001,3.1772676135592803,2.7653249179368458,2.60702461837653,3.7467196715639974,3.071801587301588,3.0532901758735087,3.0348324685803214,2.9339281813715985,2.003309175664336,3.4135873015873024,2.802581347664681,2.995023963126814,2.6160675055574547
audio_390.wav,5.0,4.979079279969143,4.485952380952381,4.459597943722943,4.7611980302626105,4.7848549294017175,4.983259628321282,4.6342936507936505,4.580432479557479,4.812314597291243,4.74990303948108,4.56127389272054,4.505539682539683,4.515419620502953,4.517442295628924,4.5730485397809195,4.92733631909243,4.525611111111108,4.524299963924963,4.543036935952693,4.614509878427047,4.834957145638995,4.652460317460318,4.64018185826519,4.708822177703077,4.58398376744562,5.0,3.844619047619048,3.7643944743528066,4.428399792074405,4.300701993594251,5.0,4.429579365079367,4.379395667604001,4.593112309798655,4.665670697471344,5.0,4.594928571428571,4.5943500558083885,4.625812284311991,4.614603919853564
audio_766.wav,4.5,3.7242389380280656,3.7726904761904745,3.933173033756366,3.912760546630663,3.7730096164317004,3.4011244360167865,3.282206349206349,3.253870284036951,3.510269532089657,3.4069087356983307,3.979127566019694,3.7544126984127,3.7352397386564054,3.741228918582133,3.658722471973326,3.759690866983236,3.7276666666666665,3.7098309098309095,3.5922294539669797,3.6415369508751265,3.7821924124022606,3.5431269841269852,3.5441898795648794,3.6247608164479206,3.542958682814895,3.8879387378692627,3.7462698412698425,3.7116276855860195,3.5437374078811543,3.5113116107840163,3.7624192881931062,3.4106428571428573,3.4113954687288035,3.5963318730793232,3.5011987475248776,4.012362231484317,3.5563571428571428,3.470630348047015,3.6576900625263935,3.585581782018393
audio_571.wav,2.0,3.947679361858795,3.5485714285714285,3.784938291646625,3.4806352020893025,3.390749132744363,2.94184388060647,2.8014920634920633,2.8380575196408526,2.671006689170831,2.6556672589172448,2.522711912790934,2.734904761904763,2.8154508177008175,2.6329976140911286,2.628849837938938,2.8267306660285096,2.794579365079365,2.859989077280744,2.6856105683769846,2.6449226446815133,2.6028315834141247,2.726809523809525,2.738781926406926,2.605153596769132,2.5442175458730163,1.3727709452311199,2.702857142857143,2.7041348003848005,2.1846174285869897,2.269285695599742,2.2748998373643583,2.822301587301588,2.7896991403658067,2.5514759240681606,2.515774388527597,2.1843843559530822,2.766833333333333,2.7604991983325315,2.528520154707872,2.4428224469565585
audio_393.wav,4.5,4.106597329927282,3.6248015873015884,3.544266798016798,3.486367082705827,3.538994490196501,4.013470949922717,3.3784603174603185,3.248190556357223,3.4292195538279238,3.307906584554933,4.5886311531066895,4.155984126984126,4.016855864814199,4.283539851258147,4.382867623794343,4.889077048747319,4.12957142857143,3.9867906692073354,4.373649207561468,4.378214946968305,4.852899426144961,4.058936507936508,3.8048246352413018,4.104357582838005,4.157580944204452,3.51814866065979,3.2744682539682546,3.2266280756280756,3.34241102221084,3.158038810587279,4.223824205480578,3.378,3.301014149430815,3.3703587243189497,3.283394713010516,4.608455566288917,4.0515396825396826,3.7004241329658005,3.9931313429039306,4.0997452533140235
audio_691.wav,4.0,3.3497033286734825,3.3155634920634918,3.275307129598796,3.4836195313189493,3.4977567227035737,4.101404696921224,3.562253968253969,3.493604113479113,4.030881866259036,3.9664799283011596,4.004366318384807,3.5409365079365096,3.5779650334233675,3.7057825034385132,3.7047187647731636,3.9988219090216988,3.4630079365079367,3.5416723060889743,3.6174174331160978,3.631327236858141,4.0407591327205665,3.582626984126984,3.59109428842762,3.7350706296508043,3.7289273152057354,2.707942247390747,3.437634920634922,3.4461786970745307,3.620808808210986,3.4252257120790652,4.197883855818229,3.544039682539682,3.561315101565102,3.7744228952186187,3.7736590080710144,4.308286742504044,3.6097936507936503,3.58389156368323,3.812223604024774,3.7393150194871274
