filename,label,oof_wavlm_layer_00__RidgeCV,oof_wavlm_layer_00__SVR_RBF,oof_wavlm_layer_01__RidgeCV,oof_wavlm_layer_01__SVR_RBF,oof_wavlm_layer_02__RidgeCV,oof_wavlm_layer_02__SVR_RBF,oof_wavlm_layer_03__RidgeCV,oof_wavlm_layer_03__SVR_RBF,oof_wavlm_layer_04__RidgeCV,oof_wavlm_layer_04__SVR_RBF,oof_wavlm_layer_05__RidgeCV,oof_wavlm_layer_05__SVR_RBF,oof_wavlm_layer_06__RidgeCV,oof_wavlm_layer_06__SVR_RBF,oof_wavlm_layer_07__RidgeCV,oof_wavlm_layer_07__SVR_RBF,oof_wavlm_layer_08__RidgeCV,oof_wavlm_layer_08__SVR_RBF,oof_wavlm_layer_09__RidgeCV,oof_wavlm_layer_09__SVR_RBF,oof_wavlm_layer_10__RidgeCV,oof_wavlm_layer_10__SVR_RBF,oof_wavlm_layer_11__RidgeCV,oof_wavlm_layer_11__SVR_RBF,oof_wavlm_layer_12__RidgeCV,oof_wavlm_layer_12__SVR_RBF,oof_wavlm_last_mean_std__RidgeCV,oof_wavlm_last_mean_std__SVR_RBF,oof_acoustic+language+wavlm_last_mean_std__RidgeCV,oof_acoustic+language+wavlm_last_mean_std__SVR_RBF,oof_acoustic+language__LightGBM_L2,oof_acoustic+language+wavlm_last_mean_std__LightGBM_L2,oof_acoustic+language__LightGBM_L1,oof_acoustic+language+wavlm_last_mean_std__LightGBM_L1,oof_acoustic+language__LightGBM_Huber,oof_acoustic+language+wavlm_last_mean_std__LightGBM_Huber,oof_acoustic+language+wavlm_last_mean_std__OrdinalForestMedian,oof_acoustic__LightGBM_L2
audio_192.wav,3.0,3.3424884233894083,3.094903280465774,3.3457204076332823,3.25415249305116,2.8803824818122354,3.221148006086805,2.462303004357418,3.117853487903392,3.405875101980691,3.3158609980353932,2.953977748286462,3.0173675823255395,3.4429205212913416,3.263640463534512,3.3363353671164653,3.3715857473814457,3.4094228564129607,3.400048810960486,3.5949093646958055,3.292658378585095,3.4034538958723086,3.216902978026528,3.5956326029558903,3.2593460247021326,3.469798732990917,3.4084939851279414,3.469798732990917,3.4084939851279414,3.4855448326174265,3.3164159202216936,3.084936096732326,3.237251690427208,2.9469949403489064,3.113548840926196,3.052448376169543,3.0979350310896723,3.0,3.2049763191894236
audio_436.wav,3.0,3.088856720080901,3.2284029566269514,2.9637554945833604,3.2567983897898825,3.433779637162447,3.4651304531836122,3.41442536452883,3.3946268680577982,3.4159897461765034,3.4173152939396,3.0011132179137294,3.131932679939947,3.0765163773337303,3.0960707978827444,3.2225628922236904,3.2718113370841717,3.1201641643996054,3.153914627498349,3.053702657862832,3.2239372942001707,2.979950406417346,3.126313616661445,2.841360123812232,3.006080402214947,2.9853445262508402,2.9369764923638453,2.9853445262508402,2.9369764923638453,2.6334625947873143,2.789421741131159,3.2010588441859906,3.1010422904366846,3.1144374725117405,2.964655247940628,3.1185279484756667,3.0309997307037677,3.3333333333333335,3.988058930637481
audio_447.wav,3.5,3.9635390011310387,3.9574952776957844,3.6366799459935755,3.7859327926780435,3.9259437387617218,3.7594051478894883,3.5116036323054374,3.608521801954705,3.6869207541596096,3.7982976126746073,3.100427100585877,3.4245310102450444,3.454342263409385,3.819239416923589,3.372718854247862,3.4919975162903865,3.107279361049913,3.28391886438871,3.213064959718935,3.3635284628141746,3.360545280345136,3.4086533949199924,3.3316018721854253,3.4361961007075994,3.22405156824345,3.394844344723584,3.22405156824345,3.394844344723584,3.4009641865798463,3.4732420271702065,4.363992200111466,3.46664154820705,4.422647824746224,3.5640335493795985,4.357367647347844,3.504864027998583,3.5,3.5510540111950917
audio_126.wav,2.0,2.1257405082485925,2.8463858517406257,1.3743645430468583,2.618532669821817,2.627791462531038,2.8008447732381327,3.0318453300968766,3.1388103486423646,3.3966407116517146,3.166679902947564,3.3442619351462533,3.0483659081409074,3.1548188242146424,2.95989747712531,2.499161238722277,2.3272628051211814,2.6562776643746866,2.176258029249469,2.647704198420341,2.2472570639940703,2.366850301553887,2.225792235967497,2.466618415268765,2.451005466772233,2.4955201900495836,2.3017482679830716,2.4955201900495836,2.3017482679830716,2.306075324533191,2.280529149871674,2.8592951765471013,2.6036315447029685,2.977043524523559,2.859312265328891,2.919195149084327,2.699113771078011,3.0,3.34687435536838
audio_61.wav,2.0,3.3291111818065264,3.5975503651760126,3.2440483564807767,3.589746525117764,3.1780504707036954,3.3315482019058655,3.407550967689557,3.4880051295963885,3.0562911987619916,3.382601048464249,2.737309253897447,2.812331822083768,2.373397058969483,2.327492671762094,2.4139072180040606,2.1247600155486803,2.6898552092270283,2.5747797420177143,2.5748175223012586,2.4600841399725026,2.7375019723562453,2.5329625729243603,2.727179336661757,2.6514259916093006,2.9984909685850423,2.788222943212188,2.9984909685850423,2.788222943212188,2.918597038888748,2.7811730927742246,3.2380218375437493,3.122865682567982,3.090720592945322,3.376209624423429,3.200251162380443,3.1951794129847886,3.5,3.250275822585395
audio_639.wav,2.5,2.794384803736804,2.8034290839569542,2.033237497972086,2.544312365856806,3.0921930173290995,2.798736659973702,2.932207749566865,2.8177733585792257,3.4368140958508238,2.975069111935061,3.0548731263500635,2.8305996049686857,3.174802486340161,2.7255017871902836,2.693584758663059,2.6935457724458907,2.728287406275966,2.4709182204751987,2.8589823650312174,2.66191886225335,2.511463355880096,2.459758490053314,2.308806040611955,2.3943773266149964,2.729678666823476,2.33993710605362,2.729678666823476,2.33993710605362,2.712947817494939,2.4750889783725745,2.7384123967970333,2.6917690873984603,2.662991810039882,2.542289602915424,2.7759171446631465,2.6858464047360595,3.0,2.9343979288256157
audio_703.wav,2.0,3.051380133903411,2.811152394788873,2.6194227127091723,2.5802099794070195,2.547555640584907,2.5761101355876725,2.498416166256766,2.5488004702157925,1.8904754744403112,2.3978302326741034,2.2693913258503815,2.5632148114309707,2.8579002947206633,2.571780006421884,2.7738174684085717,2.554746465997948,2.8301506442585755,2.500588967031498,2.790664107441058,2.489969352566151,2.4138510154977197,2.307989094569773,2.4039122091351675,2.307008759934788,2.779382503985931,2.4054819125906572,2.779382503985931,2.4054819125906572,2.615480460806301,2.468926971851184,2.6397645735189217,2.866437015240349,2.8608979026358887,2.8449066897499127,2.656693598959088,2.8255012022736246,3.0,3.246585340549199
audio_509.wav,3.0,3.431373255182521,3.260210267107766,3.4342945012417876,3.2117263435781496,3.2520044364769767,3.139472367903607,3.265761490253251,3.1732380356071404,3.350321398990383,3.093533519224715,2.997853190696125,3.116864631283845,2.8254196011088246,2.9073780997332173,3.2227774471252553,3.1035021266372147,3.0876740599433465,3.1968047953146628,3.155871509659208,3.1248913577859345,3.289334358109303,3.171108556907807,3.1618788457645457,3.121475277697646,3.159799041359077,3.0402026949176197,3.159799041359077,3.0402026949176197,3.1354123092623336,2.966091892262332,3.9447849479430324,3.547899075106631,3.808752447297106,3.385450300386086,3.931761393770263,3.552154706940358,3.6666666666666665,2.8312652203625173
audio_672.wav,4.0,3.5675210705457148,3.753121090186689,3.043361380325061,3.277636529450246,3.521433051261612,3.323749351306651,3.7988289975106664,3.467182951665451,3.445595046022064,3.458761235993522,3.551429711509753,3.498179959221823,3.235982254905135,3.3636177589148573,3.315331304601372,3.455423429349515,3.3694394747346075,3.435697355845567,3.5128527952434627,3.70933751020423,3.468700051321523,3.6165168115496535,3.5218958074345346,3.6531656590307855,3.549200987356518,3.699513185403038,3.549200987356518,3.699513185403038,3.561437482538601,3.6694619020438437,4.654033909849722,4.003936302730804,4.634945846868984,3.948035844464716,4.658025964885179,3.8748372099469095,3.6666666666666665,3.945704252810812
audio_344.wav,4.0,2.992887913188848,3.0819647042591414,3.1543559065432945,3.1521993116445377,3.7818483159396252,3.5033917115521334,3.973052390802374,3.6273528403354853,3.839358055067452,3.44641882786037,3.5221198552239965,3.2833932160194976,4.115522361876225,3.6753578549066988,3.90581006537937,3.705316876515185,4.129907799636794,4.010845512632314,4.127099281760944,4.081913996078557,4.125577530687413,3.9172841752611807,4.000306990130713,3.7886508646732615,4.064821569711281,3.975686367233678,4.064821569711281,3.975686367233678,4.046445186524672,3.914132691948435,4.063054437942809,4.101090727485303,4.154569390071928,4.2852610944291065,4.044068337784179,4.195393085565013,3.8333333333333335,3.6127957336144916
audio_592.wav,5.0,4.724633501919925,4.418884967281624,4.697328121254326,4.437052788513088,4.948747084540347,4.634271047766997,4.71664977210234,4.444899166251181,4.706951170767868,4.66717487011206,4.649151746650486,4.554118865196988,4.473255906179466,4.200234320482426,4.022861950225895,3.6674878598680283,4.465767916090906,3.9025484650020505,4.122372003117008,3.97505002645973,4.126990891037695,4.250442885501062,4.437166572329954,4.3064065112152905,4.256154463901249,4.368964036082798,4.256154463901249,4.368964036082798,4.432433199226076,4.400806651679429,4.271603529454832,4.025950196025792,4.056547963927943,3.816403133247268,4.3335149380430495,4.023632935796316,3.6666666666666665,4.149117506144959
audio_705.wav,3.0,3.399443040787871,3.050890018773826,3.702596246621523,3.3289517245548566,3.4285700651251645,3.3803363360761733,3.2243136311383824,3.127279664731686,3.2499579642266627,3.139517497878702,3.1200454938537683,3.1047695812076714,2.9641904656734144,2.9431308877489664,2.985832436400709,3.0408210750747684,3.027936053169803,2.9679044074657237,3.150862572748478,3.1654317764916358,3.1208219867097102,2.953788631383405,3.1663546409528855,2.9804164605728682,3.224043781380646,3.0426112167634813,3.224043781380646,3.0426112167634813,3.0880539565687415,2.835849387569398,3.2302383614122174,3.2273708275550455,3.0852412142881556,3.2240745241986644,3.2663068936016635,3.2117086292969446,3.1666666666666665,3.859993559147559
audio_497.wav,2.0,2.550549353624854,2.3697105672852743,2.763931819699048,2.4273737610816046,3.0759141393395795,2.5256470412699144,2.9668431299048525,2.6604989649815347,2.794352012716636,2.7038294231600424,2.6342396763852007,2.6684681127046885,2.4485927484745402,2.6639752256648896,2.1835195040428044,2.5195280779811497,2.39380655825142,2.4306417559438667,2.409885596002705,2.4238750823557154,2.61598739128776,2.3097885200072183,2.5727165181974883,2.3504261615023463,2.407398125075382,2.3935710079453068,2.407398125075382,2.3935710079453068,2.6854063657021783,2.4979884672897374,2.848836758524517,2.6596446083511354,2.716217609512815,2.307012967433186,2.820294611295226,2.691612894760284,2.5,2.724507038918439
audio_702.wav,3.0,3.7595050307430635,2.57035010695909,2.8996040220927353,2.4435276218922017,2.6111520948871774,2.4644779567420056,2.459091310544022,2.5582903565729027,2.8128848120794068,2.5571742183845787,3.2016724003429498,2.833857824252496,3.319186571734285,2.902825005283509,3.059170508649359,2.8368451663641463,3.120747003201904,2.863961592065993,2.9773249333299816,2.7777888603992316,3.1824879314231747,2.9032053858627465,2.8282646754850997,2.673103078284886,2.825492982306097,2.7744993613124582,2.825492982306097,2.7744993613124582,2.8982883666850783,2.852663641906387,3.8316784059415543,3.5281869843303144,3.758761899197569,3.4090973002973652,3.8111765202620966,3.6378561251520583,3.0,3.3882949052340496
audio_598.wav,2.0,2.0844613632822466,2.156446554013254,2.561414538003478,2.2375882567388707,2.324852672362263,2.292711897976972,2.6859084329632466,2.5228989515377935,2.482392146756912,2.503567427617178,2.367557314900512,2.5410655796065864,2.7323326840388114,2.597817171626208,2.672726188211211,2.672088906556803,2.567083662448088,2.670724468960453,2.343232451402068,2.4493928065101063,2.443644690583384,2.439488482530861,2.528133410825214,2.460282907849217,2.6256042488284916,2.607162377666773,2.6256042488284916,2.607162377666773,2.5093142766505783,2.5391216506148937,2.6960859299243456,2.555535497395558,2.556815100547713,2.746397316642541,2.556737092024081,2.4775721191094444,2.8333333333333335,2.9868148302223023
audio_99.wav,3.5,3.320234641653615,3.022127281836367,2.8719852742842904,2.9026715869156234,3.139001597790482,3.292665618795286,3.041643697906848,3.0093536260610754,3.1688732080123523,3.0987039807286347,2.996346846656356,2.8781266021299685,2.7442111164794927,2.7291102982464275,2.9439216675931568,2.8315847050869896,2.972358666590685,2.959481974397214,2.56418477705309,2.5594649252517425,2.674451498396967,2.6607813226903048,2.7927344090621333,2.644139198467054,2.656628600676777,2.541075883507794,2.656628600676777,2.541075883507794,2.6494722868842446,2.6348480884898566,2.5545501495382417,2.597503154973919,2.7782706455693855,2.7295526640565946,2.5932067183543714,2.64639589573891,3.0,3.5460469233024874
audio_194.wav,4.0,3.5007331552716106,3.725592893328231,3.6386010370300643,3.952593857933173,3.5410982191248936,3.8219267891598574,3.5612080072746832,3.7976348614586293,3.7312253559470148,3.9384912600091386,3.949056317576826,4.227836627685132,4.283313411074281,4.181415566599598,4.309276686460569,4.245699239089365,4.278815774211899,4.107434351360505,4.109729480735729,3.9990996114895156,4.209422123512733,4.102743393075918,4.302431816909579,3.9836900189441504,4.306024902131551,4.046168804772045,4.306024902131551,4.046168804772045,3.9250951582935074,3.8372362103560156,3.442735566822032,3.793973055369436,3.335195352274139,3.791892008444058,3.326692230593711,3.7775854300451517,4.0,4.011794349644409
audio_5055.wav,0.0,0.0,0.25583448361702904,0.06835047754972982,0.283342518554835,0.43954457986524104,0.16414358162306053,0.0,0.35889952476461895,0.0,0.25466827647836493,0.0,0.3931426009466854,0.0,0.6469620091839058,0.10706461139608174,0.47649231773551004,0.0,0.5454981778165159,0.0,0.4753631883955343,0.07680807568361514,0.49449156313941683,0.012742362574919083,0.4281542391511934,0.0,0.39872959546851766,0.0,0.39872959546851766,0.0,0.39084672133530546,0.0,0.0312776032354675,0.0,0.10861393369790566,0.008265046207873536,0.00557820376245919,0.0,0.016788979185179145
audio_178.wav,3.0,3.3285646959150754,2.414307550360558,2.827742330473621,2.301791885467884,2.234077587934929,2.254335986482164,2.229598187264104,2.257444649116753,2.2323107062199026,2.2471600712600543,2.1570845423238154,2.287515606707681,2.190883865087202,2.1818803053385403,2.3219852312219107,2.2477893779247777,2.143959900890299,2.15974339240374,2.0896595987165028,2.19632827020504,2.0542056814966156,2.204797391181868,2.1690392447439706,2.2632078319965276,2.4122348520739387,2.397812744929166,2.4122348520739387,2.397812744929166,2.5201576213157915,2.405883711326197,2.747276826065327,2.594077636033443,2.4631088431165264,2.5137737987357274,2.763803969331262,2.518040535786959,2.5,2.5830263277538195
audio_609.wav,5.0,4.501527443247888,4.841586185482394,4.688417089997764,4.763382600933924,4.304624961355197,4.52154473813919,4.321508104489734,4.6954111514315535,4.5234816644859634,4.689363003929731,4.558420186299014,4.819475452596192,4.625521801953151,4.992633462035294,4.284451554669335,4.564792045775522,4.150270788543377,4.381061040289343,4.113144541757648,4.608671506357976,4.036355825676078,4.270657578211693,4.272999056119176,4.552780781387992,4.045143171460858,4.451036897996189,4.045143171460858,4.451036897996189,4.34057223100639,4.603083941913986,4.9686076515054225,4.641187198330073,4.9347622659411075,4.594526442324514,4.995941102463198,4.740400641079318,4.666666666666667,4.977676623710067
audio_77.wav,4.0,3.269497531346295,3.1788468058548722,3.6623085593641402,3.420427240428871,3.3616672049569893,3.2197819867816215,3.2651888268273077,2.942664787847335,3.5547528604211593,3.136225523133461,3.620180229508032,3.1486933003113236,3.730820780294931,3.399026090695299,3.9777838294098693,3.8329519240051995,3.92973267199374,3.6948855035439627,4.011352258562722,3.651517859248308,3.912341652051682,3.547126575525256,3.649899753764604,3.242314192225559,3.620768593694929,3.4072957835923945,3.620768593694929,3.4072957835923945,3.458789986371952,3.2116776183979194,3.6421812916092158,3.4549783919209283,3.705385906667455,3.5868838535829877,3.714127445541911,3.4501928416594407,3.6666666666666665,3.7675588489152463
audio_18.wav,4.0,3.4828581799028773,4.212623310317883,4.045525698701803,4.409446151992413,4.544740697703786,4.6112326698643065,4.507426127446488,4.347496481296741,4.346167770933707,4.197633078758,4.117177832278568,4.01194000713593,3.9892077619595647,3.8322458323781365,3.7981883207478475,3.6784246439930475,3.0800342104094907,3.054433657982713,3.358154976838158,3.1247479531469122,3.3852198156374986,3.2659085441978863,3.3312904068126845,3.0253691773004427,3.431890573567879,3.2489209872320224,3.431890573567879,3.2489209872320224,3.4930791993810764,3.3955044019935365,3.9216224549051115,3.5881917258404825,4.02683262688705,3.932173174469059,3.9016537907494686,3.6609258258663755,4.0,4.021891152351245
audio_9.wav,4.0,3.584323166746083,2.9230191291194174,3.411114127934814,2.920905771353894,3.0933495927593455,3.033941390582904,3.7854030153577134,3.4669797516338363,3.7868566216199433,3.572195686130506,4.161559302350597,3.8213361204231,4.5112324386668705,4.203707604055139,4.669905666846124,4.512721219970738,4.059740274682997,4.122548635055744,4.337390210211846,4.099554243917219,4.530413325660633,4.168671952014668,4.595318654622491,4.3446047712388065,4.553210332258395,4.41373921238371,4.553210332258395,4.41373921238371,4.010552539356613,3.883793620947625,2.899406066492912,3.6185404356136757,2.9638962536081066,3.8453929183411084,2.9262871213865655,3.7210417011039567,4.0,3.516958520309977
audio_138.wav,2.0,2.5902047142634825,2.854834260987752,3.38605544346793,2.862496770481434,2.8845586717246428,3.0213120093168064,2.934388819382372,2.912941164257733,3.343232562393634,3.0721119043136866,3.041252146110493,3.1474517538414246,2.6258530555967927,2.664795629458952,2.988810521335161,2.9131727323215615,2.987334181524932,2.974209354686263,2.617449587162636,2.546782126025203,2.698220693482772,2.633876549171404,2.9816566088414596,2.9800016166136607,2.8787730365506916,2.875355279608668,2.8787730365506916,2.875355279608668,2.7238036370467618,2.9147646636115088,2.3527610074742906,2.8557401976289145,2.373027859950588,2.7508611561524194,2.359187686143992,2.886608186300764,3.0,2.4472256017765552
audio_269.wav,4.0,3.3202832526511634,3.5256662669259557,3.5854307915866053,3.608402806069256,3.6845746816711906,3.668553345680666,3.930665927529495,3.701230332162479,3.332503176672663,3.079541708441146,3.6843044365877886,3.407002264218399,3.5274703545676185,3.3095752185096727,3.647216629293218,3.361790144835251,3.3796534351619116,3.1446939760992847,3.3262981484812406,3.179810646485016,3.4518347811048677,3.1389092106141905,3.5519136765541433,3.4807674230949464,3.4251163592642246,3.3106830816310455,3.4251163592642246,3.3106830816310455,3.4065222829944446,3.2852546322071103,3.084422008584159,3.073218956415,3.0862374444769443,3.1342188426435023,3.139742238627297,3.0758134350396733,3.1666666666666665,3.3406423772053615
audio_717.wav,4.5,4.217053691097813,4.192678916787109,4.287928902316835,4.165315366413659,4.3404252254849345,4.268959849372698,4.199323400834392,4.257825118166317,3.975609830744484,4.070607530911048,3.8370636668018183,4.076655444451824,3.942624965157181,4.145673516307056,3.920612242527271,4.253015812526038,3.901737106428501,4.217283390036317,3.920409057011399,4.231566357990128,3.8725822720063037,4.2113899032597155,4.025970127565689,4.291643012478259,3.9328926188966276,4.124062527298588,3.9328926188966276,4.124062527298588,3.883325705800597,4.124192863674512,3.60080181971828,3.968290555024975,3.3761758005826956,3.937854687877556,3.695286662897669,3.960770745688727,3.5,3.995093553905121
audio_529.wav,3.0,2.5287517454806214,2.875977349769196,3.071833180684792,3.08953126288723,3.009954095465288,2.8769408513340093,3.295665931760731,3.0650681890984295,3.1950328111411737,3.034193425627398,3.269235610257762,3.144422936172307,3.1696465587193963,3.0580828196963092,2.909427380960937,2.8042285469528436,2.99460939122415,3.002477639138983,3.1735516346515023,2.8582486774673757,3.162371011613521,2.905731572353705,2.9575445098628594,2.725253475132631,3.063476327352793,2.8807482121658468,3.063476327352793,2.8807482121658468,3.282505754832999,3.146909652958302,2.9237202760704064,3.1868441773522664,3.0785557656248255,2.8690471754054303,3.013471831705221,3.00168555730033,3.0,2.4621994574454127
audio_578.wav,4.0,3.781232848456433,3.5812660900343505,3.8190185226373656,3.5114189218073597,3.809518955979313,3.802417593233604,3.8103661084333287,3.8570182797920034,3.828165194086125,3.751993806383581,3.837968259513586,3.397534421284844,3.496503518314116,3.1932854484563253,3.7991150982841657,3.656730076246214,3.929969221472796,3.7641108239151264,4.031584678118818,3.9001458290341877,4.099496355390091,3.999512431693056,4.007169556235122,4.053307415367112,4.082100191963814,4.296823530487216,4.082100191963814,4.296823530487216,4.09495514945442,4.1211661434439435,3.733969173794609,3.4852884690806296,3.7375817678898042,3.216831457685389,3.760858667942791,3.3779273273739627,3.5,3.7253622419051378
audio_171.wav,2.0,3.2838377726871726,3.235984984892187,3.2131049561770655,3.057866312607553,3.2119068011993224,2.845718561463002,2.9767302651018137,2.6361837298459196,2.4816724153121346,2.4683277858915886,2.396674700060379,2.3588290725289096,2.4448262149982543,2.222352462996923,2.5615907256781827,2.4136878926689875,2.5376207913009665,2.3768571289973806,3.0244027289543065,2.5088671775867355,2.9109011968634317,2.4370031358546425,2.800211767820342,2.474086439998185,2.781310274144728,2.398035396254124,2.781310274144728,2.398035396254124,2.2633341591718126,1.9798010273732085,2.5415167863525494,2.305424165715152,2.6806300435208654,2.7114080963901244,2.508003575482554,2.328923268833995,3.0,3.309819828614842
audio_596.wav,3.0,3.0524657924031793,2.9772836557436406,2.907808025562962,2.7571585946690917,2.870134808241694,2.7804450680862414,3.0680921542745323,2.938254318111138,3.2760159535013407,3.080626435203495,3.7584022485245208,3.509653262978413,3.6607211858460182,3.5593585158815997,3.850002058338502,3.8349729722532726,3.9820439755344417,3.8667634116935745,3.9627088760926874,3.737575515660504,3.777935384153307,3.5032777277766827,3.340899099784872,3.277668647427665,3.2668366032699727,3.3149996668925836,3.2668366032699727,3.3149996668925836,3.1773443629039058,3.17318281583821,3.5401436000356887,3.3949790359560676,3.5941207278906897,3.2881129852014603,3.559829762438305,3.3273498714568572,3.1666666666666665,2.918896710969374
audio_5066.wav,0.0,0.0,0.0,0.0,0.0,0.03841048738201044,0.0,0.0,0.0,0.0,0.0,0.0,0.0,0.017798961336200847,0.0,0.0,0.0,0.0,0.0,0.0,0.0,0.0,0.0,0.051061153127431425,0.0,0.0,0.0,0.0,0.0,0.0,0.0,0.0,0.0,0.0,0.010173754884964288,0.0,0.0,0.0,0.018887156022981546
audio_501.wav,3.0,3.4543778395428917,3.4224953330923835,3.004244976233958,3.512498813640472,3.1788123393157437,3.3619296262365617,3.1775621384442156,3.362047838699832,3.211598790482189,3.242529272999855,3.3075960627892194,3.178825996332003,3.0805712652091004,2.9177981734335234,2.859377026143374,2.805307197285553,2.6653669939201934,2.702423288691039,2.383725914177737,2.458899004938416,2.6916512500794085,2.7867416477245777,2.835451838042047,2.788048685693273,2.9078503469518187,2.8924854330324057,2.9078503469518187,2.8924854330324057,3.0651206110096627,3.0433894378435027,3.3742485027211533,3.126614999906048,3.5323176634257933,2.991827168999697,3.4079920514113926,3.0577204294263036,3.0,3.521023125449289
audio_8.wav,2.0,3.8651706521620532,3.7692329819878516,3.8986118285886633,3.9998576026538886,3.4626944757856006,3.6543922714898085,4.220608795707633,3.8680126644410557,3.9355291471532627,3.792853389822214,3.453947804435762,3.4119297415750087,3.1388322570590073,2.9709411963295174,3.351929734064091,3.2448342226376625,3.1252544664245683,3.183625247478291,3.0226881159548498,2.813029335990503,2.8344323255586343,2.714824898648901,3.2786405068796234,3.24932822058383,3.358886137631353,3.296497092420902,3.358886137631353,3.296497092420902,3.059045188636276,3.1069780719488165,3.1244028728777056,3.209522659715576,3.0857420143786727,3.2641109107456803,3.0326127288944584,3.2769516793957933,3.1666666666666665,3.9449851451560445
audio_84.wav,2.5,2.645659492328283,3.0290223908264426,2.3946989197684543,2.8320046512353128,3.148842559335248,2.920287747676102,3.0017425736273515,3.0105418162122297,3.0064057542973726,2.9143176485426494,2.1749182074107822,2.167309670320953,2.6361875289070156,2.4018231115467006,2.5558177727109057,2.6242859357881643,2.712537539897499,2.6541059656575654,2.8132945295405953,2.6832282506411542,2.7931624268059245,2.5655736688401585,2.8697165161275575,2.882443720201472,2.991343009621453,3.2790980375373695,2.991343009621453,3.2790980375373695,2.8750234413695903,3.140605490070097,3.01626021123201,2.8253615706664204,2.8087626427733094,2.9108816520488836,2.891616285983517,2.7619155931787183,3.0,2.781738377481894
audio_11.wav,3.0,2.0642377497728526,2.7315958236972953,3.442585735064412,3.6199369370984975,3.2390948901405507,3.464162293242207,3.075012905196333,3.23324216869743,3.380810473324036,3.074804385600082,2.9057439549088673,2.890095738470358,3.0337187946912927,2.9054644036327173,2.8835414489237046,2.780714343617973,2.7880734849257327,2.7995643008535733,2.6654385783015075,2.6618309037957766,2.9767034336078004,2.9172641228023433,3.0670386205305733,3.075285076082295,3.0103494222491385,3.1837616343328854,3.0103494222491385,3.1837616343328854,2.9463943960123022,3.0156282092353996,2.5436179119439526,2.7490716915107,2.7075900808503657,2.8260083406081953,2.535867822386713,2.8136836932700806,3.0,2.945847424183794
audio_142.wav,2.5,2.6682628599902443,2.861025083648837,2.7107318326668834,2.8972363347522276,2.617372845623752,2.750802998468242,2.0326145594074685,2.511354459230152,2.224271045610086,2.7502430041786443,2.4362575590672972,2.7074189117909016,2.5876388606487057,2.800478982121716,2.4538470701072916,2.7477075906854993,2.3997930298905534,2.7100607435832287,2.578268536886903,2.7447039576581784,2.9031652055461934,2.8646892391583436,2.4220062303720686,2.797783717000975,2.596346392418551,2.7616367098648245,2.596346392418551,2.7616367098648245,2.5021998879312886,2.681947921621703,3.18185046410991,2.9900279829199996,3.211230547152816,2.9508108760567726,3.270546818264409,3.03178990364597,2.8333333333333335,2.9703397327732346
audio_610.wav,5.0,4.142858473323152,4.491122849259592,4.494725754951726,4.630167023636706,4.26685127389058,4.52999195460787,4.315890093238241,4.453691215651275,4.19208230302887,4.194553488966059,4.687553077345744,4.335594514312748,4.0099922314916965,3.9248497203178623,4.246389365287318,4.278409545020147,4.179626977403039,4.227140418131538,4.2164915426696306,4.320945099716903,4.312706509227664,4.402471011107252,4.224535578259275,4.204750617313383,4.117907789900286,4.2580997923862824,4.117907789900286,4.2580997923862824,4.405493978141764,4.481164374428086,4.486397782467888,4.506387125239825,4.673544631050277,4.479358419108441,4.536240897095767,4.599936096151418,4.666666666666667,3.9015326147500713
audio_654.wav,3.0,2.799546422482385,2.5677214821401484,3.3968064250900167,3.285397185040642,3.028477043643761,2.9762868182447977,3.841610531788993,3.808176031045408,4.015186275062937,4.017212795824084,3.888576809209477,3.76994144534538,3.4741738273702825,3.6893133375654195,3.3173374459417757,3.5604272185515167,3.219960391937809,3.3945060235176783,3.3263545130241092,3.3796953949668453,3.4322173230240174,3.5309810642017667,3.4243985134361536,3.601104194095442,3.460435261109099,3.3627917100573455,3.460435261109099,3.3627917100573455,3.5058026789605603,3.548372791297231,3.1626054938033934,3.2907118949824423,3.2294005939232187,3.3974257187503425,3.122273326811742,3.3404121008644103,3.1666666666666665,3.468926682979978
audio_170.wav,2.5,3.7893244962109462,3.1818906423930993,3.0718670742025886,2.956642981233608,3.19644498464412,2.839028623109528,3.466846422922012,3.2657252678888944,3.582851027249061,3.149870222389317,3.5972789023659373,3.2142385975819425,3.788936737341548,3.656442762262335,3.6765847878042845,3.517674056598326,3.735984580958263,3.3986044043224655,3.644970456839373,3.365726734782448,3.8485271854905303,3.5387167987057264,3.540359825414429,3.228261923323178,3.4919560613879526,3.3257494942527104,3.4919560613879526,3.3257494942527104,3.631793960825597,3.4781469715248847,4.4645351541722915,3.9106504533975013,4.347296759012058,3.819996175128766,4.4132012362447,3.8330038398981094,3.8333333333333335,4.460230508535852
audio_255.wav,4.5,3.4397957326399493,4.009374153300976,3.588417240417242,3.946418899751427,3.7813483718350267,3.982307932646071,3.869667419235826,4.047455959164938,3.9658775465191347,4.081234036092376,3.6796659649869787,3.853487536856072,3.6463282465450626,3.790491030887962,3.5421982819931563,3.6553195303535957,3.77147255675875,3.748539163262734,3.5714471664276246,3.708761476116369,3.303330427337645,3.464266638871256,3.413491723590997,3.5320315128131896,3.3533610545729946,3.3960028751441107,3.3533610545729946,3.3960028751441107,3.4477285798350805,3.515827804434933,3.7621017655494016,3.6185200930227346,3.923386501483067,3.6500252932299637,3.8046421834788426,3.5991790573149474,3.5,3.6129829203882786
audio_162.wav,3.0,2.991935107668225,2.4654985031991137,2.9760886590604394,2.8472429958242436,3.0427046368492934,3.031214655150663,2.519454940967353,2.75590599535782,2.382635423632942,2.6209109089213336,2.8717466350789738,2.7457791322082237,2.90992558729412,2.7426738022466934,2.974414228247923,2.9144743156849393,2.6398630752210637,2.598309283723275,2.610322850000682,2.625893538022592,2.7833133526005014,2.895927124742291,2.7669501841067565,2.780717670047942,2.677249950826912,2.7046193349797356,2.677249950826912,2.7046193349797356,2.763895699791584,2.7236532918109204,2.952385337029759,2.719464995292263,3.0293396105457595,2.9719898652179175,2.9159720196382266,2.8311080859439177,3.0,3.9225484205881744
audio_5069.wav,0.0,0.0,0.027203240190655602,0.029728995791763985,0.0,0.0,0.0,0.010822491832503278,0.0,0.0,0.0,0.00803832702350841,0.0,0.0,0.0,0.021794947605268195,0.0,0.05041001724930405,0.0,0.0689793058865537,0.0,0.2515775265084339,0.0,0.26119180488855925,0.0,0.0,0.0,0.0,0.0,0.0,0.0,0.0,0.004258050818856818,0.0,0.0,0.0,0.0,0.0,0.004083499673419544
audio_769.wav,3.0,4.097312751120827,4.461822537986166,4.49253010298509,4.4044786116289565,4.072353787993483,4.246252562233097,4.024065698093489,4.268125006672361,4.319689065710832,4.342402451110536,4.348232189723942,4.330389419389804,3.7784723580341173,4.0247369660897006,3.7909195945980816,4.137116188565536,3.7690339606890135,3.871648910075819,3.716906785066977,3.77594363838748,3.6199056772511446,3.843182560068881,3.831027881694682,4.091364481408598,3.6302342640745384,3.941075471072761,3.6302342640745384,3.941075471072761,3.7672710189257903,4.0091037576832385,4.073424177713101,3.8565904896727545,4.026397355523964,3.762633234567503,4.242297291157963,3.954250485893631,4.0,4.231900223629157
audio_720.wav,3.0,3.295638214572286,3.2415361062453756,3.1326697830276977,3.1218717528384246,3.3026031735616797,3.2822357535539664,3.3530086627335733,3.232859275774968,3.1833574868358077,3.069354213333922,3.035180579963022,2.8829626782589135,3.2100071591006354,3.125069228088916,2.903353378442698,2.879354408439634,3.156943428219309,3.128387017042678,3.137856615014138,3.00981389409992,3.2079736636489216,3.0193230678025973,3.5120973381879526,3.2853019218724078,3.5726090253328855,3.411995298655274,3.5726090253328855,3.411995298655274,3.7142238001341146,3.4278983810539096,3.5000865100308842,3.4937779103420485,3.541332830322222,3.4097942408829867,3.623451764774295,3.442248326115786,3.8333333333333335,3.512655210238813
audio_623.wav,3.0,3.4023021254835917,3.0122395398228883,3.7820870019405604,3.3714194118718637,3.3099025804980315,3.2901840605587,3.62491381353241,3.3388903784570707,3.5379483252446504,3.137459365807865,3.3197662820399407,3.139634668292198,2.881960424084308,2.8197367245935503,2.785232023845379,2.767013227628452,2.8912807626084707,2.7380401191416155,2.8672954726292894,2.7233290796014598,3.1695005534061433,3.075195355257538,3.2632303182540743,3.0568138913987615,3.005844914047978,2.8084100357409967,3.005844914047978,2.8084100357409967,3.123662273614496,3.077762098279037,3.2730008789171463,3.1170276001983503,3.300376290780553,3.2614917344601184,3.2578595416295664,3.161918162473358,3.3333333333333335,4.509987994165864
audio_718.wav,4.5,4.132933855667901,4.2674223894424665,4.30053650990587,4.254005692592149,4.233525835562278,4.201680170450589,3.6948268938031466,4.098082302480142,3.9044276723547746,4.168247676455062,4.141815683632561,4.336151500602586,4.23262246403097,4.373620100485927,3.898556007680579,4.446995002248408,4.072616172802655,4.4082909958179295,4.1750937253296465,4.400947222488527,3.947777228200939,4.293645887836236,4.418453536903498,4.3824036469103085,4.24704237306178,4.367704145788136,4.24704237306178,4.367704145788136,3.878587007305285,4.021326442690254,3.4377525514778142,3.4920613048886593,3.1989715324981187,3.612388019944748,3.4345631459683204,3.4731753955136426,3.3333333333333335,3.467327617355244
audio_136.wav,3.5,2.437203448044625,2.670881901166887,0.49888538403715277,2.39839457752267,1.6224016528395093,2.4571861224362226,1.6931192645808621,2.4341890490635856,1.5941921010777014,2.261338279334439,2.281265942916192,2.261744645665188,1.3647763713496903,2.205063764368978,1.675062221452426,2.1039190581130582,2.103169903111618,2.009676880756602,0.9907636128348685,2.091413820960485,1.3369727162712628,2.1346901201117614,1.5728785804953562,2.1698550316420206,1.5455663811578224,2.0021244109651906,1.5455663811578224,2.0021244109651906,1.6914795646552154,2.017594279475998,1.163656968042865,1.3979860602204717,1.186584678613838,1.86944878842214,1.2575094059813496,1.4763832389657026,2.1666666666666665,0.9564735699110442
audio_119.wav,2.0,3.431042765360553,3.1475899156265554,2.6170605813848296,3.1313167863142737,3.238193634158572,3.1655684883580015,1.9798139834495918,2.7433883714270757,2.7782635752479496,2.7961966044305675,2.416742576415595,2.6888651642215,2.1786969065620885,2.4636411217983905,2.2797976364219164,2.3555898169691134,2.127711807474228,2.2828328706441847,2.263470342883922,2.212228223455191,2.5073137505377905,2.652739629677317,2.3994002922903115,2.6114577698297037,2.4917070251216162,2.6448395142290746,2.4917070251216162,2.6448395142290746,2.493796720687372,2.793240931811804,2.8087102781466418,2.6791958379411738,2.676954978736146,2.843107593913382,2.7139221256356354,2.7506254967951604,3.0,2.8231817556541543
audio_542.wav,3.0,2.410519913750556,2.6571469186296404,2.5741000019913964,2.6764901225512383,2.827624687402716,2.7783548824200355,2.630435554771469,2.6564299150254804,2.4822628134050797,2.5941543395639752,2.6233915893959665,2.5904161119804794,2.7892681839332596,2.6663644700479594,2.540088869341971,2.5092345487237253,2.529080057692441,2.578826323069897,2.6639655113265874,2.5243020861007675,2.8064473474630667,2.7187697823871044,2.6886159424936564,2.6471973017815142,2.703946955034524,2.6796289582948183,2.703946955034524,2.6796289582948183,2.735620428208881,2.6629515530669097,2.5730829775795536,2.8405320500300832,2.8519673548693683,2.8914603359272015,2.600450724174745,2.8469008359481607,3.0,2.584871158622488
audio_5073.wav,0.0,0.0,0.0,0.08968866292612576,0.0,0.17103476159731543,0.0,0.0038719389875607746,0.0,0.06916796434318921,0.0009809667825145436,0.2619778514359325,0.03855806053900368,0.023597701598508714,0.0,0.0,0.0,0.030743612135336235,0.0015720282953795757,0.020057342670692552,0.0,0.07115710388205221,0.0,0.0,0.0,0.0,0.0,0.0,0.0,0.0,0.0,0.01936225309446908,0.0,0.0034168185086255625,0.0,0.021334917818157818,0.0,0.0,0.05281973715499646
audio_322.wav,4.0,4.967682989015153,3.9467861287533705,4.674724272740708,4.138417368536026,4.420213217734864,4.115330785270259,4.200803896918855,4.1978495136518,3.9932748262670255,4.105341529644124,4.233968309200114,4.3456765886871525,4.228862849460711,4.1828373340291005,4.218021172688261,4.09473383832558,3.9217370345496803,4.083693883866311,4.080512148053306,4.101783320768806,3.8755827964353515,3.884888133174561,3.668826760220387,3.816728548612771,3.8661833073241865,3.9503456796518392,3.8661833073241865,3.9503456796518392,3.9241509276257833,4.000825799993955,3.3886528514821355,3.5644472029915115,3.265473415176906,3.650468434482498,3.4366314136350637,3.6037891844280296,3.5,3.7745395794353107
audio_5039.wav,0.0,0.0746521342882119,0.19440111761484782,0.4393025185646923,0.5171769878843948,0.1271152909574993,0.7096212902549527,0.34676636008700107,0.878615815843923,0.0,0.8355724796179542,0.3194424903523599,1.1516233584237303,0.30215638970251657,1.2816341379287655,0.0,1.1662021911595033,0.0,1.1215890963263162,0.01256604697686677,0.8983052390042513,0.0,0.8421583058716946,0.0,0.8828345226187183,0.054635323465219855,0.9041951777362461,0.054635323465219855,0.9041951777362461,0.0,0.982694039844468,0.3481280524672011,0.060155985519798005,0.5110397253584346,0.10237751662002331,0.34507539327963616,0.02619414504127431,0.0,0.1845261336290841
audio_707.wav,3.0,4.322828006675155,3.909428365052683,4.027657735604172,3.6486474501572723,3.4808432539438363,3.411436947397144,3.152632623613686,3.1198030526407265,3.0040520178279535,2.973659592181757,2.8706350639890346,3.1081919287804,3.1518113657946607,3.30749516746924,3.140359249829629,3.1431912495756156,2.9520428754917134,2.844816706207034,3.097000667190981,3.060279564742802,3.094551368178981,2.995135302287634,3.1105466896452874,2.903942838378754,2.9916675429956645,2.733747105672453,2.9916675429956645,2.733747105672453,3.39946236907093,3.1504418818443187,3.255239826062122,3.2281363969418533,3.131840412898734,3.3244221633189563,3.1897093285167366,3.2501681911240907,3.1666666666666665,3.553165171988455
audio_148.wav,3.5,4.103353878564088,3.4310220098274584,4.091351777441777,3.811486695646973,4.272095044693226,4.025092897921318,4.2099123107107355,4.177253182793443,3.835502860036184,3.7741607213820862,3.5586460343736115,3.4780306186384817,3.734346774362013,3.508776582177225,3.480120848264933,3.2716046330321205,3.540235131977649,3.22023195509152,3.677075080288258,3.421654178005316,3.6445220973652845,3.459845055649749,3.6711540274708234,3.2598246403769635,3.6939851441627725,3.3213756063322246,3.6939851441627725,3.3213756063322246,3.7382119281227837,3.4889810679737905,3.952187176760981,3.870603383866649,4.04759034686439,3.867012422938226,4.014872312296956,3.9456222032366655,4.0,4.147721338051309
audio_316.wav,2.0,2.566641524356261,2.583622833725466,2.5636757717339056,2.5396210849482608,2.640250777262985,2.5912385255339037,2.4225842631561925,2.5438241954315295,2.4820275273856303,2.3459400721614787,2.4181549880662323,2.3691693662720414,2.4725139903535447,2.2046373344061356,2.296068725014272,2.0107114302815567,2.2507340460207446,1.9215898087585053,2.170868038026119,2.033347648556179,2.1558127516691363,2.10192550824053,2.4964413557043446,2.257203851354719,2.4238933820592212,2.216748064248902,2.4238933820592212,2.216748064248902,2.37293468396992,2.1858188604246807,2.397401097553979,2.3006742994605904,2.605124572528539,2.434833379578417,2.399588344587547,2.258990192882661,2.6666666666666665,3.0617224727386763
audio_647.wav,4.5,4.5769711942319455,4.491285196505488,4.143755551054397,4.4174157942998,4.255045799545509,4.393475459195692,4.284587011075919,4.465828994267043,4.228458447667279,4.569397797036735,4.372365515365115,4.784248370968148,4.57674564281998,4.856583405223939,4.566414066419007,4.697900086325226,4.402059432590151,4.535609843047323,4.3987319527992,4.411950287078961,4.4687791736726945,4.491422703792015,4.38525326859179,4.4867161638706925,4.440805358149713,4.535177113720927,4.440805358149713,4.535177113720927,4.8231332969725464,4.686618492095511,4.795084471744354,4.372469605708818,4.714940080090748,4.389001267115894,4.801578402329496,4.389606095207655,4.0,4.279176602061095
audio_286.wav,5.0,4.529834965789563,4.46255201315338,4.5419454337094685,4.486446869958189,4.4136990122561075,4.29483289000626,4.099631498484583,4.248956148634769,4.2446135411575705,4.323395796485843,4.444169489415317,4.6250667797573835,4.079627646060559,4.4579065617674125,4.30534862152687,4.676022740701173,4.124886189179075,4.5934386654535215,4.2116262013250205,4.537377677674224,4.101907177366518,4.44352980016692,4.220319991946335,4.705872813996608,4.248294740455125,4.812623408644202,4.248294740455125,4.812623408644202,4.295227320570736,4.604940068668067,3.9804015438869604,4.187629750259854,3.9440566456142623,4.196877029739901,3.9475582336354686,4.108177186120353,3.8333333333333335,3.620789446418247
audio_92.wav,4.0,4.762691094377833,4.37153908404633,4.20285255786467,4.235278025148371,4.037204177859623,4.210720386074445,3.8660864221013367,3.9544216335830895,2.972319247518799,3.162299924903221,2.795892888267616,3.0693483217695747,3.096388734684416,3.3926954111688548,3.1105265305681584,3.1620614337891086,3.1531866922234477,3.3165014856174726,3.1683128767425885,3.3391811798828024,3.21788304821241,3.2405631722017643,3.378692495444261,3.354522839123994,3.252408276111788,2.9831586687660887,3.252408276111788,2.9831586687660887,3.4208038246390218,3.401871060367838,3.3947558655608856,3.283289397053791,3.45835518623975,3.5228187472121224,3.3691904619631394,3.2575808572527083,3.5,4.1339857249801675
audio_462.wav,3.5,3.761812041464946,3.7056552196367085,4.090537326203987,3.6623816693510753,4.079620277335258,4.056298827503434,4.434936721789138,4.330519131341223,4.229312218465021,4.167118221215543,4.323243137728235,4.123876036224448,3.750342683839049,3.839582820431083,3.720602852365101,3.77699304333194,3.6993880967593618,3.8059041902862716,3.7661937375317205,3.672148545656679,3.858422278024074,3.84960637984821,4.010724302736588,4.034531568825723,4.082562062152419,4.082326079541801,4.082562062152419,4.082326079541801,4.019600727977055,4.030526235829771,3.3555295960464306,3.599784899016823,3.184682117752215,3.0797772240060675,3.3659976275924706,3.44392798922537,3.3333333333333335,2.8747001157414354
audio_376.wav,5.0,4.708824912331185,4.677439903223825,4.519963139215116,4.499691536815788,4.580135326978493,4.788948424517996,4.503122240692178,4.599140224632482,4.553960220646671,4.540373530326705,4.269090239067715,4.337923206623263,4.513009874140095,4.5034229059935384,4.682163307413795,4.621699869493187,4.8020403949444,4.613572799514201,4.8310572589166645,4.6946112260819834,4.718349659024356,4.724309329842409,4.963662899064862,4.8190427966865785,4.723384653662958,4.613438312710945,4.723384653662958,4.613438312710945,4.893683531911754,4.636658094908102,4.802471397751426,4.706891130645807,4.762338435770188,4.727260964471868,4.758018668103473,4.781542662560472,4.833333333333333,4.2033349384320635
audio_76.wav,4.0,4.308227302395132,3.9625126110886733,3.3713346651786633,3.524327784717384,3.0325770023375753,3.271856401621791,3.442640858630366,3.2271456970463994,3.870479341994186,3.7109055419828625,3.495012427758517,3.4985696606389367,3.3472339245229628,3.394353990596104,3.486260658568401,3.6122220718445917,3.668837054522502,3.8092817639954135,3.7657429986644413,3.957641355887544,3.713159988025581,3.842381379460154,3.4842086393352383,3.6488720116492375,3.7794892990087714,3.875514709816036,3.7794892990087714,3.875514709816036,3.4634624446326114,3.450720575675114,3.5283506923762986,3.6178343050585533,3.7482311029534965,3.706405234229639,3.7355218617265096,3.69284034543789,4.0,3.005957998004719
audio_105.wav,2.0,2.0604965500295642,2.5346635702032105,2.175201074753522,2.574617311690709,1.5911862790064617,2.458033432450286,2.015331576673154,2.462508621922632,1.0398231445936927,1.7003027615036814,1.1756498029203086,1.6567617475816585,1.6375336293457936,2.0043722830062545,1.796453596006207,1.9312286511650043,1.808168531741817,1.857557690511064,1.3677279405917624,1.7091593616409873,1.9116157328028223,1.9724614570508414,1.828771864005933,1.9766151145858704,1.6451259087538894,1.8626119007307198,1.6451259087538894,1.8626119007307198,1.676087766448352,1.931648486014751,2.053169405839659,2.3435940136045015,2.12148195930445,2.3601239458210177,1.9617410837465856,2.3411317643682086,2.8333333333333335,2.208109305529534
audio_355.wav,3.0,2.3935199771031406,2.289812763402987,2.3267352826772174,2.6406779644856977,2.222668147172182,2.580355397475231,2.0487985533800863,2.479264274346157,2.1092326020221983,2.51497917345475,2.0895630140092374,2.512724854962542,1.989587674990262,2.451104200412009,2.135102178444074,2.386063099273779,2.2373432438954928,2.462624238795948,2.346042501250736,2.4859972937490458,2.416338300918779,2.5399392569672585,2.5298565725608695,2.617600854570748,2.343784957678937,2.6299781386885406,2.343784957678937,2.6299781386885406,2.4781784980162604,2.542458317553294,2.586383361144838,2.4237916883484556,2.7020161549514987,2.6369497511518443,2.641156116394676,2.5585408213982226,2.8333333333333335,2.6662030131244525
audio_663.wav,3.0,3.8552735781496863,3.562100328961604,3.7661822601282418,3.611260869291126,3.56701110029573,3.4950787358889985,3.329236663549884,3.341900786302632,2.579767802121189,2.9881872669367926,2.8931616236380058,2.881905665416312,2.818716591084304,2.6909618608819574,2.8848903266690535,2.7162931898391967,3.0018095199016046,2.7822536974771936,2.786280769888196,2.768370280872786,2.9038329312377402,2.8105947421033117,3.2027264357965297,2.8510429773179866,3.0614628770125467,2.6247722294649525,3.0614628770125467,2.6247722294649525,3.0357445557775304,2.7948640764275914,3.413367543144139,3.38789998643484,3.551556577033491,3.3859225592212603,3.4224937086728033,3.274468089391673,3.5,3.569441811656611
audio_767.wav,4.5,3.6573115880537994,3.3927521574508632,3.6056759391470625,3.5957233769630386,3.8810725720383847,3.6604460234285026,4.023002666938177,3.776032615331893,3.997659046975246,3.8543646733444183,3.8193150978657364,3.6719573583809777,3.666648553555857,3.500118452252772,3.8025925078733014,3.751765657946971,3.8214727189811586,3.779610981053566,3.934274912688519,3.8664007664292392,4.088085931834153,3.995946164392672,4.043148015377486,3.8276374717287,3.7466687526271087,3.565982875178358,3.7466687526271087,3.565982875178358,3.489725376183505,3.604631450913122,3.418206162851451,3.775004866739153,3.494218883664171,3.667981609370822,3.490150438709508,3.8256024475089383,3.6666666666666665,3.7045755235518434
audio_655.wav,5.0,4.456566989448439,4.817121403070441,4.507909872624248,4.663095960360862,4.384509425031105,4.621820172806367,4.893714594116124,4.769388415065858,4.62338390051395,4.674519936469685,4.678813169771378,4.730993362356806,4.572121222043261,4.7890009779027904,4.674967215680239,4.720186940379507,4.825816917106749,4.919925086329401,4.655982241470564,4.91307646220917,4.678011215539308,4.782382814675828,4.5130504091352845,4.70686562465877,4.575078437718376,4.849632120537037,4.575078437718376,4.849632120537037,4.790562602942682,4.9834853882829355,4.49232659452509,4.798226028653649,4.401928891105875,4.8337621741855,4.465649888388008,4.863868282643764,4.666666666666667,4.227292288775267
audio_372.wav,5.0,4.692650461775504,4.846173978572499,4.611818551995665,4.660090484055963,4.74408614866594,4.721516802442602,5.0,4.933410593430701,4.632952806267357,4.798242426999157,4.821859978342829,4.967564218653023,4.9763348020726665,4.997723923502019,5.0,5.0,4.9531607173279495,4.891132523780384,5.0,5.0,4.985599433680136,4.937383965678913,4.778729776230524,4.7876988594605026,4.760936977953295,4.885346520374824,4.760936977953295,4.885346520374824,4.800399364587642,4.915963770449276,4.930033372673804,5.0,4.891467207754986,4.987371267418258,4.918015335542952,4.98046889946865,5.0,4.44785593014829
audio_667.wav,5.0,4.985321948782228,4.945283418883001,4.98401624304252,4.980960397769313,4.991284340214947,4.963106589098598,4.995112991756467,4.9679406950677825,4.973094694340792,4.961052058713104,4.846477997101004,4.895155446342319,4.91324117714741,4.932518914804261,5.0,4.994585169333642,5.0,4.884838969352454,4.959715464379967,4.792218358098431,5.0,5.0,4.901661224074034,4.844406318458819,5.0,4.9725690160036145,5.0,4.9725690160036145,5.0,5.0,4.78706837147941,5.0,4.955196383832864,5.0,4.822632172945863,5.0,5.0,4.555114242191272
audio_517.wav,2.5,2.8141913836708294,2.628451632767722,2.6832676157949167,2.5056031001744055,2.140332953363881,2.169592559646974,2.3822004544065067,2.1519916598538016,2.187416030631732,2.1470457876069955,1.9266986565591322,2.0599478856523725,2.2548739252239525,2.1504519610210644,2.3501972938788334,2.1912760414326917,2.327139353979242,2.3160844676386456,2.3953102166424087,2.310832574512534,2.6291758641016045,2.4184166075999958,2.494863769746076,2.2860108466278617,2.464444584366296,2.2240004230516446,2.464444584366296,2.2240004230516446,2.5964368393805035,2.4532364785765535,2.5835434302078473,2.654950073623349,2.5114448515305834,2.4722555175728487,2.628666782462485,2.6271992468321383,2.5,2.7268675654705063
audio_765.wav,5.0,4.895035532724791,4.682559064980243,4.484036782923067,4.5969195950375275,4.705582126466433,4.702119644599988,4.954293103381872,4.899901175392778,4.677799386535487,4.780561229146955,4.613459373756525,4.820329828754619,4.516711009900995,4.681738721538388,4.994464620887173,4.954728067982446,5.0,5.0,5.0,4.940184800038656,4.956657919519068,4.7062939201791405,4.891639392367199,4.811460403397332,4.781650692134424,4.888234876614878,4.781650692134424,4.888234876614878,4.841761850187468,4.966026896302989,4.543802692430607,4.659323795581265,4.650736221340293,4.726660809282766,4.581906247611744,4.65678744407472,4.666666666666667,4.473468194929268
audio_38.wav,4.0,3.4987583450132527,3.2473836620359804,2.9163160339036485,3.1706084258670106,3.2849844645872968,3.4570513397454317,3.4873976825621575,3.4100277396017504,3.709880347772783,3.580010800801931,3.591952195010137,3.5434090954984505,3.832080500305787,3.6653116642517376,3.936124319422369,3.708955229358524,4.238032558498096,4.069100765010562,3.9543671003064236,3.839821059564249,3.931750760379932,3.914434383007121,4.11894747406028,3.83265524127741,3.8697643293989454,3.7195018843698633,3.8697643293989454,3.7195018843698633,3.785124174686912,3.710313112462068,3.024405519014202,3.3804804135597766,3.117942807062485,3.5069728574584746,3.0695697549708805,3.439761480493273,4.0,3.208312450079815
audio_371.wav,5.0,4.887668793658903,5.0,4.679778084502202,4.897617755337875,4.954107160497734,4.838192288986707,4.947900207196416,4.945195390512326,4.773143701840776,4.8017748386618395,4.6095496063202015,4.81065898042771,4.936871195206577,4.961743539627969,4.8347454064653865,4.938467775734796,4.91861673738789,4.948440811032783,4.996924853186036,5.0,5.0,5.0,4.937048491522245,4.865272273756069,4.914737681076811,4.938944158978214,4.914737681076811,4.938944158978214,4.986509253288566,4.9767956038267975,5.0,4.962576082510105,4.971505328585363,4.86612614083351,5.0,4.845221340469066,5.0,4.922594254742581
audio_507.wav,3.0,2.8867437827413074,3.0516289285595435,2.948661413286563,2.9786908009389683,3.130563704614007,3.1316659937866853,2.8758503604006678,3.046889221080946,3.0341397897027136,3.096431098134436,2.9812361667854894,3.0172708140588074,2.814774748590248,2.724291791405781,2.737113071960843,2.628596034486565,2.7418665841373957,2.7010418054393734,2.7042602315948607,2.6806413164432104,2.7274497998370664,2.7338189404855697,3.0021967124403957,3.030739309463312,3.0014781434383395,2.7779213967272596,3.0014781434383395,2.7779213967272596,2.90105932533908,2.8038541495170386,2.603706343694444,2.5876071075773317,2.732637778552951,2.797497864477142,2.688109274464621,2.7226667483220957,3.0,3.3818738200283582
audio_5056.wav,0.0,0.0,0.0,0.0,0.0,0.19695873544799447,0.0,0.10943992225384314,0.0,0.3361271482600225,0.0,0.07198042366861153,0.0,0.0,0.041620178225840444,0.0351538228198723,0.05965832163167706,0.0,0.11431376064397747,0.031377213102070346,0.028271503533983406,0.0,0.06556593617755728,0.03994098134486738,0.18672406469579905,0.23440609513224997,0.287870951784197,0.23440609513224997,0.287870951784197,0.0,1.4855158085710432,0.0,0.011793619885308278,0.07222798302711604,0.04667868625549443,0.006394259963909434,0.0,0.0,0.01944667131526211
audio_282.wav,5.0,4.146107037370841,4.436151841993233,3.5130042446563796,4.1167471700995835,4.192953115808522,3.949835484337839,4.691098305814175,4.294709406491314,4.704856420751006,4.423869595384685,4.5800486257020445,4.552916842120395,4.712475835457895,4.83606640209934,4.668976675373436,4.8551066992802125,4.440774141709816,4.722238792522742,4.1969697326193005,4.422823145287106,4.136888185428197,4.448278735552052,4.192607218225034,4.371780525363285,4.075883052845232,4.16681775312411,4.075883052845232,4.16681775312411,4.115770471607394,4.198038130980556,3.9397575604346096,3.763594396610923,4.0123821382957905,3.9729621416402234,3.988773703884775,3.882118325425747,3.8333333333333335,3.940154057903346
audio_459.wav,3.0,3.3763041281447403,3.4522718860476367,3.318392504631141,3.3006515153628304,3.1421648692292847,3.2499074323755006,3.095836472852467,3.2187187341441224,3.462956973573915,3.362639405877237,3.550845125320086,3.442338019230966,3.3748052360850145,3.258189656198089,3.2547753417226413,3.367475057535627,3.3239701204951633,3.4915990610906324,3.3804390018362036,3.418449929366007,3.4629025031022582,3.5361485914669615,3.4717499078089085,3.578978732081339,3.4437473243336663,3.3984478807292553,3.4437473243336663,3.3984478807292553,3.3221489858836297,3.27282373986955,3.7282299195427533,3.301992928891014,3.5988016409007746,3.3063212691860024,3.766763339477437,3.239894058313782,3.3333333333333335,3.088863765407678
audio_303.wav,5.0,3.995523487359611,4.479714316019031,3.8125797911517636,4.145948893600528,3.9613141026489536,4.182140621863431,4.1809488586942285,4.185058562206582,4.397608473445585,4.4902958662849075,4.673389203720693,4.632129657486593,4.909124839427468,4.96851946401845,4.732043816823919,4.816957711624251,4.545604229324568,4.723270262078147,4.755856260227733,4.890224469161822,4.815557474890355,5.0,4.915971463674596,4.91825796075729,5.0,5.0,5.0,5.0,4.961509074435809,4.922340730285343,4.903998352146741,4.8702657513112975,4.700529203258724,4.717788903114655,4.873227426959612,4.776086890821395,4.333333333333333,4.484756565180146
audio_297.wav,4.5,4.332848584492435,4.572642689459418,4.293995003074921,4.588998335605421,4.381896632765811,4.629773820610617,4.358839407663731,4.619323039710854,4.400848927907365,4.514416598279376,4.393680059713668,4.596387128993496,4.762110404442417,4.868956945056785,4.653580340135389,4.669659808874925,4.927400592127217,4.868646813115678,4.6731460646713066,4.5814433066748865,4.713739500983916,4.465072997340468,4.991282126324241,4.793126099895594,4.735449756053422,4.686229471739947,4.735449756053422,4.686229471739947,4.984287509240674,4.81115444016607,3.9832172180822796,4.409014076405158,4.030837222377774,4.473044731577189,4.008361641913878,4.430723036634551,4.0,4.000457151726241
audio_432.wav,3.5,3.007063977948764,3.1596233853605753,2.912563129229992,3.123532080973702,2.982897111474165,2.8809273418976797,3.0572884368149773,2.8965865771104764,3.19885144486209,3.102686741581319,3.0767623676303635,2.960977268119945,2.8140657006922143,2.7868131360006547,2.7072783408948946,2.749562373567692,2.8927012991794165,2.935312794631175,2.8509465113898806,2.983864588043611,2.9389482035687977,2.9223331524519316,3.0126502568923605,3.0498382030329148,3.2133230462231412,3.161038222986227,3.2133230462231412,3.161038222986227,3.1942691788739612,3.213067744366356,3.2978950801209845,3.285206677564451,3.299165500765087,3.2384085195710846,3.2312727182660907,3.1964016509774353,3.0,3.49027766858624
audio_454.wav,3.5,3.2934712717994743,3.231909428358301,2.9662982221265586,3.247571373276338,2.550473269294059,2.9692842770732564,3.070922571627658,3.044003825564367,2.6921891948986314,2.9142982579732686,2.7813584469255725,3.0418387904105586,2.8262891343511733,3.0278676109768785,3.0066947313543095,3.1054145059605553,2.852029104262727,2.996340617065241,2.728228737693335,2.7880267841624655,2.8674173994438887,3.0908733039380016,2.65789417454346,2.874096284469941,2.8652833970735707,3.1472950986198094,2.8652833970735707,3.1472950986198094,2.8631972303706803,3.1058993598740146,2.7785366102060096,2.7521937706850146,2.713020339569375,2.749979666529029,2.7115355715974165,2.7959843039820846,3.0,2.7974161385299134
audio_482.wav,2.0,2.403528187119609,2.0410250928213878,2.5303288671829542,2.35995922959164,2.7114190307291177,2.3375381091014096,2.8424685926482716,2.561768756234491,2.781321328922535,2.574994832622243,2.754090112780242,2.4724423326035807,3.0430644275948695,2.6843431188304407,3.1897372254131224,2.839262427750692,3.0418963963504737,2.658452989669823,3.2263384293558826,2.7856203198390688,3.1534769277532515,2.611825990534029,3.0560577147568195,2.5868704696698828,2.9925241353585403,2.58778237506295,2.9925241353585403,2.58778237506295,2.74173661746641,2.548873417308871,2.7108998916315397,2.7831135703579015,2.91213289215908,3.099064714313002,2.6911388705799397,2.9049327635927447,3.1666666666666665,2.6516335042238186
audio_484.wav,2.0,2.7667960927133315,2.4558599305423177,2.7304210591956832,2.4042279486966813,2.4142592470844715,2.4389092932673475,2.5409160884832955,2.240553170928379,2.293758124752546,2.158318621085582,2.264081265494644,2.046656659539996,2.3751223581569314,2.02389002918403,2.2302004421384387,1.8840039213031157,2.378747857454649,2.1153827843489554,2.6655259011625025,2.3187625561266887,2.5324862721516523,2.2593384376852597,2.536918767771905,2.3835112146306723,2.3636452616429673,2.3345662092158226,2.3636452616429673,2.3345662092158226,2.2038876799808285,2.176624189773768,2.6025861808584967,2.6474622694190715,2.7080590751644387,3.139316471530335,2.6194450704084304,2.7902233832640455,3.0,2.375198266387923
audio_757.wav,4.0,3.445760437298116,3.9346979324597378,3.7125136795625333,3.726755988992324,3.476797821426038,3.595406960966096,3.688572572335922,3.4568749969154307,3.3291598450601305,3.2224998654111148,3.604799040680199,3.4832322429541294,3.781022880063261,3.7670825500253247,3.9445147736252513,3.8710042641075026,3.795989799729766,3.6451410080376037,3.7796872478593397,3.817454524519856,3.640668287489666,3.695493079773218,3.72431717060563,3.543620346613164,3.728456318376748,3.5278422217701366,3.728456318376748,3.5278422217701366,3.7494807724212937,3.475652272168228,3.7800531520446334,3.478732233598581,3.5827721384402857,3.65498924959148,3.7728380329591573,3.5133285746633107,3.8333333333333335,4.194658855442495
audio_773.wav,3.0,2.9142519855958517,2.795588303212868,2.873593751055125,2.7803190538184688,2.9821056594548447,3.049914642467281,2.7001242040548434,2.9101756874939184,3.0011537497025014,2.836347549448823,3.0690697269010223,2.740076499995778,3.3317727841711844,3.0871211606175835,3.312745968547953,3.0839290493381704,3.7325432961424654,3.159726106636479,3.597878987268,3.4462543021489154,3.552070945193479,3.3848904975576573,3.345258072306945,3.1270629302868933,3.580262105851224,3.2548956058707836,3.580262105851224,3.2548956058707836,3.357737789846267,3.1768618974508187,3.0363164875566486,3.441144309191268,3.0343797112156974,3.3039339649643718,3.012395974210211,3.4597054740537345,3.0,3.1885201157944287
audio_668.wav,5.0,4.520001209853387,4.642493421854273,4.689274263521756,4.91260436426106,5.0,5.0,4.967904550986401,5.0,5.0,5.0,5.0,4.992451150485855,5.0,5.0,4.904975015573292,4.9519256635202495,4.983230271080527,4.997213964193128,4.983766587692151,5.0,5.0,5.0,5.0,5.0,5.0,5.0,5.0,5.0,5.0,5.0,4.4572755561372706,4.782054459618309,4.619591016004055,4.783795616274564,4.488764964654217,4.7722641633675424,5.0,4.162431594986374
audio_240.wav,5.0,1.932240681772649,3.075486800832374,3.5179417969704936,3.0642812159646096,4.375363300872237,3.296546523878329,4.303649693684697,3.6625565357906207,3.6472706071980867,3.7236941913192645,3.9824867050211616,4.00740569101007,4.080856531090604,3.9270242422454458,3.815463032446472,3.9026108421613905,4.183702620304156,4.306386180929196,4.308943839846181,4.3988650701568455,4.179825305526053,4.225079267629355,4.372408495142237,4.389522320712039,4.476368113485321,4.611402934474897,4.476368113485321,4.611402934474897,4.544386974275615,4.407619753798584,3.5030653897451676,4.029363052069279,3.397137111127929,4.026652860525966,3.5180266770797757,4.084598502433423,3.8333333333333335,2.951987041877208
audio_163.wav,2.0,2.3827530934344865,2.4644403210708474,2.146049220830186,2.4632823984370513,2.3925688247923507,2.6134907340877347,2.7083250788765683,2.643598911239906,2.679512745426994,2.5056578131046012,2.3404248270634422,2.3439550278052783,2.532590784182784,2.3624477390633576,2.5162828705921076,2.5065546787151995,2.5343173319353465,2.4275084349478067,2.323886757547877,2.2546458599647625,2.3884455048133737,2.3626288389415033,2.2804124603101172,2.178336975672672,2.3433894522446597,2.28042820779956,2.3433894522446597,2.28042820779956,2.1984783141926805,2.116282581875304,2.521539736415479,2.3589188538282335,2.45332682861938,2.5156118425672567,2.4458520216175192,2.441043421097626,2.8333333333333335,2.5736145672321027
audio_659.wav,5.0,4.856990144936529,4.908729381621584,4.940745819003425,4.802917168556559,4.584757504964314,4.760889436627447,4.600090395298727,4.834086096645024,4.717025464665867,4.802585896138721,4.763563813745632,4.888509834116808,4.836008353631978,4.7088848093177385,4.998355389720479,4.809451830665218,4.634507142117624,4.613232326317279,4.631314887488326,4.6400854017224935,4.48758434194292,4.444816510757032,4.7560687068816065,4.800092585574478,4.751285216233379,4.794835414036595,4.751285216233379,4.794835414036595,4.795224376121614,4.68124286942867,4.237376872822961,4.71677569289064,4.129515725623432,4.730269450872111,4.282821757757058,4.769066635179875,4.333333333333333,3.9668203854308666
audio_532.wav,3.5,3.1700651394799295,2.817156252958077,3.1506182343037215,3.0496735807325095,3.3087540135880396,3.175719968326913,3.1825144252801514,3.2146953572649495,3.3388303776492054,3.3106786795751333,3.0231419754977034,3.243464952830831,2.858908112472665,3.008401165038581,2.977056274159325,2.9381611108756966,3.0851702617597634,2.927249936169068,2.8013125143280178,2.850464349622223,2.8048604188407453,2.832831334965624,2.943013157392436,3.0144475783247464,3.0842905195297874,2.991868423360843,3.0842905195297874,2.991868423360843,3.040223099911137,2.9639199494043686,3.461151588589189,3.1116416945442733,3.429788061038039,3.187065778186286,3.568362778846042,3.210675682822846,3.0,3.3572591436949644
audio_464.wav,2.0,3.012749488515601,3.1889028647682416,2.739947973234162,3.1143968016225387,3.1695971196032446,3.3739186497268956,3.1773787451039226,3.261874448864217,2.7857482458562175,2.9671251892117216,2.607049782340703,2.9077994046023625,1.9837723934679479,2.44580010627098,2.229595413779952,2.36957134808187,2.315133267720655,2.4591268820466126,2.4604058957602732,2.535143597311775,2.4414151666804096,2.513710274741607,2.2870416669947518,2.5939971229171097,2.0969418116547947,2.572585158139933,2.0969418116547947,2.572585158139933,2.2054651557632314,2.5505979931579428,2.5786072959115987,2.5925734999701935,2.558452461224538,2.4647626967164906,2.5093232700143524,2.4425454819919548,2.5,2.981870020003288
audio_5.wav,2.5,3.2973232774408054,3.502072108325421,3.607177065303542,3.2861139376035378,3.352805997507289,3.4984976378844688,3.688260391968997,3.716760086871004,3.4150173269352244,3.416420215262189,3.2150673414861726,3.203603355370276,3.0988826320016294,3.2657726059410503,3.126731949858328,3.0782826671829207,3.467117354716392,3.370714365625536,3.317472985693906,3.3453830302744536,3.2826286173394443,3.215313888230821,3.4598669032426574,3.390701810211008,3.726877126427951,3.788273632586657,3.726877126427951,3.788273632586657,3.5236151007578176,3.5891091187668223,3.0535658394672125,3.317311501664862,3.1196959414277434,3.233183324857462,3.159003208403083,3.3498729287388525,3.5,3.061425965309189
audio_231.wav,3.5,3.004436840179547,3.6185684141987537,3.984214964845298,3.7621414030218774,3.6007128768558396,3.811508638632079,3.571893441844525,3.7398124733569986,3.349879381032455,3.5940561028390263,3.652508135052257,3.803912934735781,3.888684743368053,3.92778231991403,3.6856819843343174,3.7945459551290237,3.914911683521972,4.039200986878904,4.150234982908942,4.204820195581636,4.149684999775001,4.151942828874435,3.883720618857945,3.806109320924801,3.6672269825001744,3.573340026633286,3.6672269825001744,3.573340026633286,3.536107545956591,3.4722129174419787,3.38378014619483,3.4442592106067895,3.207970065111688,3.413303014189774,3.4234858761872466,3.4806368682236983,3.0,3.131150377092195
audio_384.wav,5.0,4.505535863830598,4.491708494522612,4.6269715307198656,4.571325572037753,5.0,4.649280164522304,4.829727340119178,4.795599039713001,4.588888212224863,4.612022840162824,4.953621778472023,4.83402394037491,4.934678950883195,4.94104932537697,4.8497302448074135,4.953615951162008,4.741020631076575,4.906285637271318,4.955025622743175,4.985465232552379,4.956899453465984,4.955105302178606,4.784806335694192,4.820646422452831,4.73380470082915,4.8132889963176595,4.73380470082915,4.8132889963176595,4.853127180436903,4.999273807675672,4.97769242978238,4.91257293340207,4.9780915456739505,4.846653754236331,4.988375540192674,4.87818506656359,4.5,4.923397441131627
audio_54.wav,4.0,3.3651199689322424,2.760019221186828,3.783487993164926,2.934972100440351,4.214422726276177,3.5348568179722584,3.94580203079057,3.7801681871728756,3.7944667899786175,3.646588424395387,3.554846798352925,3.43118193509978,4.019720509856795,3.780209632717296,3.796676229034992,3.6364579864235456,3.5383954117228513,3.5688620210794517,3.8587855652784704,3.7917018707479486,3.725222993928265,3.663041599000465,3.77757910288296,3.876702831809729,3.7355387044977983,3.76886872681213,3.7355387044977983,3.76886872681213,3.6630172798485643,3.468501535638456,2.854149285801652,3.227614966199789,2.9153068381583735,3.3269700582366304,2.8474343725384172,3.282227067143767,3.1666666666666665,2.8936553462000556
audio_656.wav,5.0,4.241943244333896,4.652385143496335,4.329687399929061,4.688678500882935,4.465479250324733,4.576079262252761,4.531347452332912,4.547058680621969,4.307389124398778,4.45207627094409,4.474876602796224,4.388929668764908,3.9930414677066035,3.9409999296580653,4.401296122262688,4.382832974137965,4.4014287656959175,4.184044169520256,4.4301757464609794,4.402336841588713,4.312648149048532,4.418367556350922,4.1767338919973795,4.287258443243637,4.172347682814527,4.280974309364226,4.172347682814527,4.280974309364226,4.153240265478343,4.1815868974192005,3.7443510867550174,3.986639698075365,3.602978353324486,3.9380480932061523,3.7800036441259874,3.9815763774965283,4.0,3.8304637110017485
audio_444.wav,3.0,3.427136921712814,3.1730276864863547,3.7341661198188736,3.3498115577318104,3.360283393056278,3.3262836479947153,3.240595828612159,3.3735208280531452,3.3685124446674948,3.340822703716558,3.1167972355553473,3.286356799540249,3.0400516935537945,3.1254223423777217,3.177769221241755,3.2036490449817783,3.0853747062096333,3.244035008530466,2.9664981091281093,2.895382516370507,3.0775494431538903,3.2041348997794104,2.8992344400168677,2.963808088414916,3.223955733872259,3.109527837251892,3.223955733872259,3.109527837251892,3.408014217782903,3.253049526951902,2.82685137545867,2.828431878507826,2.914292830148474,2.9667396545668425,2.920367350560334,2.880509813399113,3.0,3.088556776685277
audio_5062.wav,0.0,0.4490397870203175,0.17757273915290872,0.05061372514862642,0.3889863096072698,0.04539843425883575,0.1364489729813075,0.36028989724155275,0.011262704762817766,0.20718047659327699,0.032892146680022126,0.0,0.006164619496032309,0.0,0.10603232958557325,0.0,0.004811913270087971,0.02975712102794459,0.030016270611037992,0.0,0.013206404472778951,0.0007728624138810444,0.13196792065424892,0.0031999676945228353,0.12375007168990419,0.19580977776418798,0.05366550078398339,0.19580977776418798,0.05366550078398339,0.35136025510088453,0.19866952469939111,0.0,0.003127693940678664,0.33925289222545835,0.07489769614181385,0.18191139620031838,0.08528661831699241,0.0,0.04074292743914329
audio_312.wav,4.5,4.948995200377886,4.062935698716765,4.61337023845343,3.890507288243749,4.314260938973889,3.9036164358193375,4.483267350402241,4.191230177285406,3.906928702620808,4.049689113971794,4.05180434620287,3.9891292918330516,3.804710087880128,3.8992373964984552,4.135232765096306,4.314675907588736,3.9904812940589642,4.030350960075856,4.107907436033835,4.1644725014089845,3.9476928816131935,4.046842053868836,3.9710716025249746,3.7483493580331824,4.097380004068107,3.735677617597078,4.097380004068107,3.735677617597078,3.967003214931275,3.8467276701977298,4.2942721557605426,4.2928520592313335,4.117477761434042,4.234281655680347,4.2038542509731185,4.253134294460841,4.0,3.854160153278441
audio_120.wav,2.5,1.904251288138358,2.193985789882899,1.9731033151527952,2.4116999598407673,1.9012864705707957,2.6160717909103073,2.4244674686377707,2.7274839322639894,2.2370275820272996,2.363932079825535,2.71930668233833,2.553905440553072,2.8490380811270923,2.7647618522977795,2.901718568170764,2.9280788565333844,3.022576318232163,2.9271544558163782,2.779386702334049,2.630150807369025,2.8192186311071605,2.626246059904746,2.7514004922706072,2.549781002829096,2.8151394313961604,2.731160440298085,2.8151394313961604,2.731160440298085,2.742035786811902,2.651377909157626,2.4926488369488107,2.8072717038814936,2.5435331452994636,2.84002806609107,2.5198705503847822,2.872349444450393,3.0,2.9527017846845247
audio_446.wav,3.0,3.1878734292989193,2.6039220628265745,3.714649910751923,2.807386419403182,2.8463775928776527,2.58877690572356,3.1341254383182746,2.901640664344789,3.2498727282138056,3.1410157446717437,2.9396383939282766,3.1745871760068094,3.208998328881934,3.456353442124455,2.841139454339093,2.966074582986163,2.946935947554761,3.1142367376510314,3.008113898451865,3.2067103215610806,3.0744640580159714,3.101790010405365,3.2419223343475196,3.4468761618970944,3.152103086000402,3.390864677501851,3.152103086000402,3.390864677501851,3.047100874517774,3.0364982480602336,2.8904528410446755,3.1472719969234633,3.0067942627840676,3.067872062962637,2.8999769448458497,2.987607257693588,3.0,2.6430929032998374
audio_546.wav,2.5,3.208151797029989,2.992779437972191,3.098489536038169,3.0297932937643988,3.401093116053737,3.2412644885403705,3.287098104503798,3.208195750634612,3.0542678369106144,2.9918764229347907,3.077279853971831,3.102578862861423,3.0372614982895283,3.0606231399391564,2.9375002387680467,2.99591547551292,2.9340816225916853,2.908494159055426,2.9730658490436137,2.9306256204920693,3.0151845824962273,2.9825162574148414,3.017509979932131,3.083091647951484,2.8671194318325237,3.018091010820821,2.8671194318325237,3.018091010820821,2.950843298457343,2.86589672088043,3.1141116599352103,2.9710150384645395,3.020649302994766,2.946687893077014,3.1205065233618523,3.1248087962953135,3.0,3.2528648819884567
audio_430.wav,4.0,3.6228459619564943,3.289149382608827,2.9013489699980455,3.01137549331662,2.6338644266829374,2.7339206960023765,3.0736022724867396,3.0577970664062293,3.0752292867051296,3.04043668407792,3.065632959120235,3.107367165691942,2.8293726525614304,2.864402200458679,2.381421270811493,2.7421281526548675,2.3880766027944222,2.5438239546466956,1.9070940475116929,2.490637757908194,2.41868924755552,2.684085827510778,2.5754060461482813,2.772370250529241,2.5334599432703873,2.7487586032555775,2.5334599432703873,2.7487586032555775,2.8800738222648925,2.9791078146987977,3.0275787678269803,2.7696346127812674,3.043313058550531,2.8032195574353946,3.066213333163686,2.7874891560731716,2.5,2.663716411493479
audio_179.wav,2.0,3.6133602211561424,3.169151894176681,3.36276842512648,3.2915814576517284,3.3863243219305583,3.1996210396949265,2.7761315565890947,2.817199794137648,2.695961809459145,2.70077355597288,2.337929024067033,2.5936267210743167,1.948516306135516,2.3946481205707424,2.00635058829072,2.4150292182959703,1.9933927616572904,2.3772369735461774,2.338811881484921,2.46255296183883,2.3382532294477687,2.5117685461840056,2.2060472661293176,2.5212072121385942,2.2847366379017187,2.4366613630574325,2.2847366379017187,2.4366613630574325,2.306484853945691,2.4303882138319426,2.3868775019893933,2.5195436586019517,2.5265143792826663,2.6549959198316717,2.447126815705472,2.6133258163395894,2.5,2.8605944254076547
audio_674.wav,4.0,4.554668592179953,4.076809587184581,4.172069499152117,4.163443238674987,3.8610954967056714,3.893752804533394,3.7636136394777924,4.025794897919236,4.059066849836025,4.056436008920574,4.104264254184861,3.981789101936307,4.104973704726676,4.161474900007848,4.122645554573069,4.137906250543728,3.9353600955110237,4.092265581260771,3.816307417505737,3.853523882215717,3.7886236603353605,3.979116747414689,3.9587747800348123,4.068470047799451,4.011403244720782,3.960242156102248,4.011403244720782,3.960242156102248,4.0163513643681865,3.836885676067034,4.08947142911826,4.229141586891807,4.074434055402846,4.026124808781458,4.124153125151222,4.18340021135479,4.333333333333333,4.288371773107502
audio_737.wav,3.5,4.034403326734471,3.6555353346673845,4.206759812949256,3.9235580166519646,4.310348642390984,3.9530860620900525,3.759853615395635,3.9272600413637164,4.031519043416232,3.817282591868319,3.522326873121294,3.6681350665297496,3.342793149804489,3.39161558203963,3.290982607345087,3.3356990188277575,3.177976935967289,3.293100177166787,3.08446414334146,3.2260684583663743,3.175947473388726,3.1851882634193935,3.3577668302823382,3.329279065184378,3.3380546262207367,3.0187196067001594,3.3380546262207367,3.0187196067001594,3.3767417320172206,3.258886024075249,3.2069721743173027,3.2176722589470863,3.218803543606515,3.4504152901939267,3.208330213734165,3.3123003064472107,3.1666666666666665,3.4309550579612775
audio_669.wav,3.0,2.996040509443578,2.96827573631526,3.045813691015334,3.116833115597076,3.321362387801253,3.1410386673862507,3.2977005997158266,2.9628225860693775,3.257871540402357,3.2259246457931248,3.3948420538662525,3.3110587229131223,3.3248817929231524,3.2738237900896565,3.253413495232739,3.150989259982494,3.3826059047963866,3.159081242475778,3.2709101180946,3.066524499544826,3.51589562371521,3.197569627311331,3.495247471253831,3.224305525678666,3.4533727968418355,3.1638576461691916,3.4533727968418355,3.1638576461691916,3.6173546381072206,3.2889993215641202,3.132803116335314,3.475617681408982,3.089654166799125,3.4016202842443177,3.199242798274638,3.5840806457104324,3.5,3.3814426262043775
audio_540.wav,4.0,3.8549791475511506,3.724449911404559,3.498208910823507,3.602620360222989,3.2931635341083734,3.4771432103471707,3.7242567889770215,3.5748363916210297,3.3456492459793683,3.421580202607855,3.250346424055349,3.3332028713536173,3.3631838107964014,3.4281755641974105,3.4796405017796714,3.215498641696439,3.575786816028056,3.184672639745596,3.128950006170817,3.0485557401976995,3.115180018188686,3.010845714022342,3.1263062233899714,2.9572534928370913,3.1129405263643606,2.9284499433273545,3.1129405263643606,2.9284499433273545,3.3730936025897016,3.096736101541152,3.4811553225336915,3.043784188535861,3.2058322568528084,2.847715366170999,3.477850182281914,3.0656987823049917,3.3333333333333335,3.1614452396197232
audio_692.wav,4.0,3.5551444816267703,3.3576507197261534,3.403678986529209,3.326604481249248,3.3920024553706285,3.193087406708845,3.511917410286157,3.1233156078752633,4.18798268268272,3.3408246400242323,4.000811569938286,3.3822157423541945,3.6618881106560632,3.414781693995137,3.673974104677067,3.310343968728693,3.4755224362928687,3.312445749282439,3.2621025826554892,3.0988770132045182,3.4542422837465363,3.068862993060028,3.5253673074062597,3.2459527864364865,3.2783799860522422,3.0561193353092135,3.2783799860522422,3.0561193353092135,3.1816949787155515,3.0925143486627995,2.8598822559259127,3.3640649720393245,2.8643989020199085,3.3123280700322764,2.898724257679357,3.3375452151742047,3.3333333333333335,3.071311255268609
audio_572.wav,2.0,2.801660494581519,2.7519943461563963,2.764462595566074,2.4576663002419346,2.9116918512742047,2.8779313551034367,2.9019796325873783,2.6694020200543656,2.949478729206612,2.7347286738076,2.5221514653470556,2.39847784056044,2.7427353607949017,2.5595355023716664,2.7123471328150544,2.591275746646978,2.4106739507821424,2.378502058385451,2.4000375779192513,2.4818431945467663,2.340071670899865,2.4881998720276903,2.2589619441667614,2.197319235672508,2.407522361701229,2.2883280527996015,2.407522361701229,2.2883280527996015,2.4338163180865817,2.5264974020521866,3.0710956616164733,2.723195275848702,3.033810658998579,2.7105237821921566,3.0084517442891676,2.6573374841766833,3.0,3.8862834552838676
audio_479.wav,2.0,3.384257544193446,3.141764426347509,3.353804849584044,3.2149612487241366,3.2362779479738157,3.152064184222485,3.2874649883871085,3.437618845841211,3.040147573039365,3.1840918256728394,2.980932060568835,2.980727840322561,3.011056797549285,2.975035249591444,3.2317431935594656,3.0852867956065153,3.251679697007116,3.0793969489564907,3.3878498382673112,3.134447124864449,3.1336162613882745,2.9799956343508245,3.1455450474778677,2.9676656793114433,3.0814351858803186,3.0062611902874843,3.0814351858803186,3.0062611902874843,3.0844861093829166,2.9547348756339438,2.9670433183444564,2.9681555101391033,3.1501395638880427,3.0709283010219255,3.035228034780708,2.8791403903980437,3.0,3.261723389546922
audio_419.wav,3.0,4.187739160093412,3.363308453664376,4.205701102888479,3.4103677050756325,3.7123057126851613,3.2958082182429074,4.085920650873,3.498337910502956,3.686679456170644,3.1337566088232944,3.0176344931882784,2.940116221830639,3.004951291804895,2.854541965106965,2.609348976371709,2.844791120497554,2.6858895540889716,2.88775313538808,2.6977494369114,2.7640829678811536,2.701173900887093,2.8990818846736413,2.938356362255064,2.9868490333082076,3.083721364141591,3.0379422978779225,3.083721364141591,3.0379422978779225,2.872247380542282,2.9688863777105756,2.691169142904117,2.7918756746657025,2.796026455664934,2.88330517144742,2.6684902474264596,2.9398750657988906,3.0,3.257130454847152
audio_5037.wav,0.0,0.0,0.15438127978777327,0.3553283381797872,0.47270349861496763,0.23946445547755987,0.42862402522716003,0.34616056658454336,0.46507815053414037,0.24330863477875164,0.3177939387693854,0.0,0.3544353341481288,0.02608074304708093,0.384863088082343,0.12587862577086004,0.38737326823339274,0.003718728469317719,0.4846621722355268,0.11248020152116404,0.4741519696259353,0.10745501480192399,0.5003080713014563,0.00652547350832607,0.7263482158700709,0.7330311310860745,0.9793793824636117,0.7330311310860745,0.9793793824636117,0.5289962179965199,0.9347071036725989,0.0025006917935127097,0.04673899470990253,0.0807577722764324,0.14841015131701332,0.01874711445994354,0.06295556252661812,0.0,0.11943454643358593
audio_433.wav,3.0,3.2362911996677455,3.175687365550882,3.2592333920588907,3.2561875545549896,3.538096385165758,3.3923797895705454,3.003229867309303,3.013424552443769,2.756178958434622,2.8049670414235273,2.7937175759693225,2.977599809964413,2.8925240889048722,2.898560233346627,2.811683364630887,2.7463787385466816,2.6958950052635444,2.6242797112526923,2.706286928577223,2.9359353679513878,2.6211225008238883,2.807585439531675,2.93534306026576,3.0140534385634132,2.996471701566499,3.141978389279003,2.996471701566499,3.141978389279003,2.9778732397022254,3.105590546372633,3.173157155627766,3.0683517246505794,3.1330400980822017,3.1097287407024816,3.1570090067021432,3.0623718221762437,3.0,3.0995368351981196
audio_405.wav,5.0,4.805789259578028,4.438349878104243,4.502263397050095,4.676596566170586,4.83901532366293,4.725596101310592,4.921838175779333,4.993960938706765,4.94217301836771,5.0,4.713025786261308,4.840245412082586,4.782637572529709,4.9710599115168606,4.910049562945978,4.988723499449483,4.85191001357288,4.973875296438303,4.983656206763423,5.0,4.85485999562778,4.973678059023965,4.92261980487054,5.0,4.871897797979725,4.975533955087456,4.871897797979725,4.975533955087456,4.660625370089714,4.8160355832950055,4.173365672242188,4.855325329887841,3.9415581034962472,4.870145409789578,4.164624298620809,4.901163415349708,5.0,4.271455764030977
audio_267.wav,4.0,3.956965368851685,3.951419220889005,4.038878076425803,4.1672619577976375,3.5414872118209666,3.9570919903661235,3.779080004139272,4.170315142207207,4.003754347742912,4.037752093974302,3.5950640968615843,4.025953026337633,3.4907522986547828,3.6746148563610848,3.9039221979100938,3.9812604305490233,3.839291126539454,3.8503698992098325,3.7464766779685115,3.955316225503422,3.941546146178942,4.186543306961087,3.929170498461849,4.192424400168949,3.952725249166978,4.073293617438563,3.952725249166978,4.073293617438563,4.2700389433218895,4.303938176281692,4.029297806858433,3.913232055193968,3.9361787379387105,3.486615322877738,3.965414705098359,3.8521373499503766,3.0,3.679462530994449
audio_358.wav,5.0,4.4440780255614065,4.275394687462803,4.321614272837945,4.261389064115424,4.3435741785657855,4.424655111571939,4.4722140415591705,4.367893346075942,4.528222496079526,4.616185102881561,4.936372706901916,4.886556458704795,4.777220334909658,4.851406486513942,4.884988827952837,4.887426740073114,4.440491435289242,4.489537201992591,4.817144813127828,4.8806851010409025,4.910842764420291,4.858922796110676,4.826498896808647,4.781879434254084,4.744531019301452,4.75800474322921,4.744531019301452,4.75800474322921,4.9353994634950045,4.883812018499373,4.476631656452626,4.779995132188346,4.654525125961293,4.786410189688419,4.4813034999292825,4.798672353186816,5.0,3.915580076417933
audio_331.wav,5.0,4.822893823665414,5.0,5.0,5.0,4.826729998425314,4.9511789817104095,5.0,5.0,4.8680181041468655,4.990516521217192,4.940217308762176,4.985130209254027,4.991922968448094,4.958367980251403,4.990598515750823,4.954642213233172,4.908792378762252,5.0,4.965465409543566,5.0,5.0,5.0,5.0,5.0,5.0,5.0,5.0,5.0,5.0,5.0,5.0,4.837822239664656,4.959739633397653,4.801442237772735,4.996282550535238,4.8405788001826044,5.0,4.7968780307083305
audio_487.wav,2.5,2.165414715011407,2.128040552116058,2.5311607334832185,2.415383200605215,1.846480332172477,2.339470122196095,2.1060124678021515,2.4110122166661307,2.447933487016467,2.3708193393867085,2.9239225985601522,2.5945012457255436,2.8289068366277212,2.7144077728841496,2.755242790297089,2.5799373372798993,2.78987925353049,2.482925300434786,3.034526305741746,2.6963239264299976,2.7985160195350858,2.732845689567034,2.6751584016650796,2.702585138803839,2.4794159107028393,2.5606502009731105,2.4794159107028393,2.5606502009731105,2.2738626379104594,2.2633067628255703,2.4855284799892945,2.711582291115429,2.725070021356126,2.8137054871658544,2.465236690643054,2.686178930622709,3.0,2.627049973799839
audio_494.wav,3.0,3.2718938760373426,3.192492445772563,3.31334253171658,3.6638162545571107,3.546389305769073,3.654015343388565,3.183145688397124,3.4168416566093742,3.006426500895243,3.276436071444491,2.8851627802822915,3.3499648002793863,2.896967727052804,3.3110475532238364,2.626277228342491,3.0552906257932393,2.6190039120130733,2.8684350549697615,2.6097952950760113,2.8841709712309007,2.726013031644122,3.047409867195865,2.8786588003104203,3.1119588334154926,2.7176923264454707,2.9237818990459488,2.7176923264454707,2.9237818990459488,2.8029095201814798,2.924805077253042,2.8843876443792023,2.7248673162606916,2.8428999982230607,2.847552770632253,2.8675698259910596,2.7355485087514073,3.0,3.4374175989659115
audio_536.wav,2.5,3.0479179822817035,2.4978294099532747,3.089772219346956,2.6855697331982924,2.9118406829839536,2.856695119309426,2.904316301315113,2.7232179111792103,2.614686247261797,2.7762685203272937,2.9984161019687168,2.7656787716716678,3.2595175135043895,2.880589019328148,3.165310881043284,2.825869601429588,3.04782826585139,2.8926008492922968,2.831179559976738,2.6955846802389676,2.8969392588435583,2.8205037574278573,3.1337330553969145,2.9107544568858006,3.234590905703719,3.161973890355464,3.234590905703719,3.161973890355464,3.3102155758380576,3.2089782980655652,3.7090001877822836,3.7171882368212636,3.796442332325661,3.264603394727851,3.8361862812186005,3.7338606837901342,3.3333333333333335,3.0887573017617824
audio_634.wav,4.0,3.8054769409307987,4.547475126032433,3.921082383529749,4.506724362344307,3.909909205822069,4.360446997838628,3.8201178921103587,4.323088598083453,3.7369186799299836,4.144439723008669,3.758653696790388,4.202453175241083,3.153493370930704,4.002970749558302,3.391880069086954,4.160927993058088,3.303967001199728,3.9489625022258097,3.425183507326143,3.9614625023766536,3.4254423489112598,3.96677353046791,3.312125838782235,4.023231272466774,3.2934616538636967,3.8799087203471845,3.2934616538636967,3.8799087203471845,3.5194449782813173,4.043683899215478,3.8658574643218837,3.3281122948983453,3.74904699970549,3.238144639318287,3.8556165849729083,3.2904427258271274,3.0,4.255111650141903
audio_317.wav,3.5,4.625871531795318,4.064301952964842,4.575744732308592,4.250365736786705,4.027733355002826,4.137727996587941,4.1330731461678605,4.064430905297584,3.7525503221101437,3.824061258748641,3.7916745957928852,3.8812743657392317,3.6813270309775405,3.691571248778338,3.8559622250669303,3.854942024271527,4.020881631025685,3.9377385185063782,3.82216466855879,3.9057035658606547,4.04031246258426,4.108490055176046,3.890445078717042,3.893651798887023,3.8512352402269023,3.861220608852341,3.8512352402269023,3.861220608852341,4.196696240785045,4.339558509088209,4.705613152136157,4.5825971689270375,4.818108548019395,4.718839140070301,4.727592253209646,4.59573509408711,4.5,4.382288765591028
audio_5054.wav,0.0,0.007801199577657236,0.0,0.0946376266473874,0.0,0.2141708056058748,0.0,0.0,0.0,0.2981811799020549,0.0,0.13391417474971914,0.0,0.12848818425134612,0.007830136431819401,0.08163778102901927,0.0,0.43604359660251807,0.0,0.0024182778988972586,0.0,0.0,0.0,0.0,0.0,0.0,0.0,0.0,0.0,0.0,0.0,0.07742845208288995,0.002689476034385519,0.1511141467417473,0.0316398951959777,0.0,0.0,0.0,0.04949364205874656
audio_723.wav,5.0,3.9371490398103006,4.385005614451115,4.278824036182787,4.662115265397703,4.398737976039855,4.61245881927006,4.460069186977607,4.661126064466518,4.7816778675414815,4.954045678590215,4.695733378452081,4.878899946633529,5.0,5.0,4.8467040279712235,4.8456199212288835,4.7820298530172165,4.7327102623776085,4.796552069304213,4.741102491643456,4.962337081690286,4.857537858270817,4.91341419335966,4.813521107016061,4.99763638359089,4.996615102814835,4.99763638359089,4.996615102814835,4.995425313004298,5.0,4.983306958333654,4.9238801321799235,4.956732874140448,4.812922345209732,4.945978524779279,4.836970865088142,5.0,4.752347568027152
audio_155.wav,3.5,3.508378991309968,3.8945422931989317,4.230126005992573,4.128414887093486,4.594439030309992,4.3496267954,4.644266975539826,4.489910190811684,4.190116169767712,4.2179351293212575,3.890463308296141,3.9641477274224948,3.950257566136452,3.9913399024700724,4.076928706035644,4.226326093153522,4.0541775614609366,4.091799763920324,4.178446814477716,4.06970193661481,4.162478732993361,4.040432465831905,4.185392179963447,4.095593481443298,4.187610835541293,4.1453549257563695,4.187610835541293,4.1453549257563695,4.428578989168293,4.4386270012712865,4.697957810170078,4.411650465958788,4.6074925814931404,4.4260708444802015,4.606662421976313,4.436825866405943,4.0,4.27865018579109
audio_410.wav,2.0,3.0799574034598667,2.451673246333993,2.939739776709969,2.7469754674166804,3.431027959303654,3.085914425487449,2.676978925228061,2.8077210306394633,2.7925907106329375,3.049091355749128,2.889248210862126,2.9874047260414005,2.4627160429046504,2.6184708480475756,2.6165357941534615,2.7592269829912617,2.4900423899851587,2.649407884564248,2.63624749799814,2.6739406870724713,2.75368355059118,2.865426432226798,2.474669011896751,2.599063910575885,2.5253000808065464,2.630964238867285,2.5253000808065464,2.630964238867285,2.632026118578605,2.7614369612602467,2.7323526085472434,2.9934759476043062,2.7949108261117623,2.9983197849545657,2.7352944972805795,3.081815598532828,3.0,3.1190482715345715
audio_251.wav,2.0,3.611283290254398,2.9103743527651615,3.139815966345111,2.77472520761123,2.6959013522335975,2.6636085714126554,2.5424128817960217,2.5968345743947245,2.98348420723693,2.671945158422235,2.7331619009367336,2.5149735330850285,2.43209839071836,2.3540540224320954,2.9367677354456347,2.397121566006163,2.947160015221144,2.5798088910148516,2.9558476867010666,2.691394492313702,2.7565073031480476,2.5941278219468873,2.369924738972802,2.4112768953270702,3.1624416863722566,2.7612038513135126,3.1624416863722566,2.7612038513135126,3.3085744219175965,2.802393923446027,3.122784027883441,3.0569901144063025,3.036057155379634,2.941421684881408,3.1366919759372855,3.013853171286117,2.8333333333333335,3.1434714790369624
audio_779.wav,5.0,4.66976380396403,4.005841557372338,4.82413270276683,4.663235133485422,4.824804985730623,4.673942024487034,4.713002791455707,4.52976844853852,4.646300140841688,4.527033531860652,5.0,5.0,4.9942998364722735,4.996511045946343,4.956504856909704,5.0,4.912284136032664,4.979052286119946,4.865552015594019,4.899469882670142,4.758501548894315,4.850310001581979,4.960246404205911,5.0,4.772571935189814,4.987146806454874,4.772571935189814,4.987146806454874,4.572580708248726,4.741358957367068,4.1074383961347625,4.5794121172709135,4.251555610709343,4.613593648883281,4.148831188731838,4.4482120441927755,4.666666666666667,3.775945074313079
audio_382.wav,4.0,4.0534068773775225,3.7191858865598917,4.306606499624625,3.9325544789784934,4.005166394406052,3.9664917934870325,3.9006960663302426,4.052687278377527,3.9587077745481225,4.032313508813314,3.7101722252845746,4.00249500432937,3.9878825532047557,4.258060825824103,4.176272682619377,4.454324528203474,4.208272742058124,4.53277606698049,4.287573728450684,4.633673339208577,4.187470078535584,4.236144393172068,3.9613444936361084,3.9477705077214913,4.130835163967627,4.257831153126745,4.130835163967627,4.257831153126745,4.222904268045075,4.334618023943231,4.745747876794089,4.6220773957968175,4.808752720265143,4.471057199303858,4.78323311924139,4.492236554696155,4.5,4.496908487193908
audio_559.wav,3.0,3.4375283534710035,3.5219887512472163,3.578064038604408,3.4334190247097793,3.4998695749537654,3.480909617658655,3.924132611406956,3.6154640090619155,3.505967614671215,3.4968867201996985,3.8449065963925464,3.5023491823976394,3.9696252235536313,3.425893381671276,3.95664170393707,3.6624959290903263,3.751966577987839,3.435737600765904,3.448946459655287,3.34764458910193,3.426329111408012,3.5123239978937018,3.2971308787095057,3.3657469474087898,3.5757043658866614,3.270109265408594,3.5757043658866614,3.270109265408594,3.4843872667512126,3.161398704260184,2.9103608405646297,3.093209739101566,2.6879461426179176,2.905203090155283,2.712331724300069,2.895734869257655,2.6666666666666665,3.357812235239699
audio_161.wav,3.0,2.8543964567439573,3.136571305595778,2.4297092032717122,2.862296998555608,2.8904515712968712,3.1386943689992286,2.614347577486182,2.874959949059876,3.0321367039665206,2.7340142419516247,2.4917002885004784,2.620392201441018,2.5232608519753734,2.5892916237052916,2.9231153422084257,2.610623798248397,3.0152643382038455,2.4785639726460538,3.1006366087073043,2.609815806879792,2.917368596860406,2.486543757128416,2.8315371706771173,2.4466479318177217,3.276343117701584,2.350535959899247,3.276343117701584,2.350535959899247,3.1886648576383494,2.446517862933694,3.1117859512035007,2.8575879578722962,3.0019734709418096,2.71538513733964,3.1430714539554345,2.8998716676619742,2.5,2.925767588791039
audio_535.wav,2.5,3.062956960595478,2.983260743652346,3.6453824839549593,3.145141063290607,3.288252697523695,3.040239281541678,3.7773999967809595,3.220712229286887,3.408089122431457,3.187670951479671,3.662198286831383,3.3938008737789302,3.6836272023885073,3.454788655387411,3.4603201096964074,3.408285220599564,3.441531980758468,3.3368043989258513,3.6265542171042404,3.4636784423862093,3.644892472778091,3.36736263808683,3.9638814946768406,3.557731596797533,3.66698067692508,3.5418915017400447,3.66698067692508,3.5418915017400447,3.695849086453007,3.309572467459603,3.140550082789675,3.413255946225487,2.9216875780528966,3.1021032507845034,3.009803942281433,3.347619298189755,3.0,3.428599379838504
audio_363.wav,5.0,4.214903677370209,4.069803314186579,4.34721569592513,4.377040168282418,4.350719822593848,4.436937772041256,4.3720288822748055,4.421479493396636,4.544015930187229,4.684643520235752,4.824571169474345,4.875613649810391,4.666281180790926,4.583140891584706,4.627215213945863,4.59666538606821,4.798362582908566,4.556298409854608,4.875275330750239,4.76342622180982,4.952080488227133,4.920909063314215,4.725007016585271,4.6819909477304895,4.729947223108049,4.776203839879956,4.729947223108049,4.776203839879956,4.823391819228327,4.566378561363353,3.999286769391386,4.467738279525194,4.0833517516780296,4.675492397518553,3.961634230614622,4.522601222204713,4.0,3.9256489068131764
audio_5057.wav,0.0,0.4547813155350527,0.03321533787739783,0.2221434315561135,0.16868034474738622,0.15313392398796596,0.029828754288524124,0.26767102152370653,0.0,0.2211420648047997,0.05938190695837579,0.6743584825098133,0.2017726782719295,0.2777324288187617,0.05035371803303127,0.08396800781375131,0.017412845637292545,0.18563942637382272,0.03725358764954856,0.4713342527261051,0.01759353761715854,0.3285215718352557,0.039876933285688455,0.3172702546204671,0.01964134163640911,0.016767091336211386,0.03850048273203166,0.016767091336211386,0.03850048273203166,0.02050942803881206,0.044619805810609314,0.10724452446944129,0.04328303815304752,0.2806148573517482,0.022679953588202368,0.1606671137944361,0.06917652991019392,0.0,0.04048511411872635
audio_660.wav,4.5,5.0,5.0,4.915823720344892,4.820835234969432,5.0,4.995710539489621,5.0,5.0,4.856653242187313,4.850683908359304,4.901327076488417,4.844951142514627,4.9641097710353295,4.958436315466786,5.0,5.0,4.923790118876515,4.881978263320164,4.684038054134537,4.75274134792508,4.919541000151134,4.843048995003337,4.890925022085981,4.82950922278393,4.96983186551484,4.962324578333331,4.96983186551484,4.962324578333331,5.0,4.681378312472757,4.2641339640701394,4.508784594146893,4.1038838876436925,4.6072019354269225,4.207117269149503,4.576802580939895,4.5,3.8879507609888226
audio_293.wav,5.0,4.292833837116206,4.254756130041518,4.435367396421717,4.473715840904308,4.505488744864826,4.426181767281931,4.350232248003535,4.458359483721299,5.0,4.893250114750914,5.0,4.935646597033151,4.910295492236952,4.859995772966932,4.962672139195348,4.9028422825277485,4.9381247783962205,4.915628683129095,4.97385929541104,4.959734085699858,4.999797485481415,4.998265495098061,5.0,5.0,5.0,5.0,5.0,5.0,5.0,5.0,4.620594720542207,4.801940813389005,4.822190967255204,4.8526500446538074,4.697260020439049,4.814324684244929,5.0,3.824706346300092
audio_74.wav,4.0,3.140770907574119,3.277285818849757,3.730190495256569,3.5905277022935356,3.740035923779073,3.869740433371265,3.530463616640572,3.855857470776126,3.310726615851061,3.5261334432413034,3.3825276273112475,3.2373153410277795,3.2794489318869893,3.136748515125524,3.44165499410621,3.3951122542858663,3.245479544037592,3.1654130726118432,3.563500545702242,3.3582854201607026,3.4066007925793182,3.4383602829201574,3.273439527673856,3.1773604099184234,3.2526834907074953,3.281994371014074,3.2526834907074953,3.281994371014074,3.4335280976921605,3.463758125216813,3.4917170697543973,3.4805913535999107,3.533667912179748,3.2736033534062883,3.3540738921780577,3.3889928953797614,3.3333333333333335,3.3367477311885705
audio_215.wav,4.0,4.338704634165354,4.014546778393571,4.765921849810397,4.1719268122007,4.435434324754526,4.325408917782222,4.460324957980757,4.290145286875931,4.599923229503914,4.24294706941491,4.26857514361786,4.1826753745594685,4.111123027739095,4.152170041828286,4.03959245833094,3.983738919661217,4.050843852366079,3.915895809335364,3.9382332680133447,3.74601534345374,4.185193700527737,4.050365196145115,4.092704932018697,4.070349945849583,4.068237196996113,3.938980659985018,4.068237196996113,3.938980659985018,4.2621352046277865,4.246940084730668,4.510788103166974,4.380720444619082,4.688491583320443,4.296790546490905,4.508972785256026,4.310837531616274,4.166666666666667,3.9030416677202084
audio_228.wav,3.0,3.69499608143537,3.370982206421523,3.428940904139853,3.4598968623232875,3.058063419310607,3.278204853758,3.400273887293306,3.1696897026388093,2.951376777120553,3.0514444181111435,2.784654091635647,2.872596475379318,3.188282610342728,2.883912660966138,3.174250797934411,3.0530849524224895,3.1970161282008522,3.1226120244389377,3.0068919314593643,2.8674706584058893,2.999971018426264,2.8935849617862033,3.1933084386689075,2.950223864950111,3.28200607776637,3.1303231640327716,3.28200607776637,3.1303231640327716,3.178186682158321,3.1369782954480647,2.6398598492446435,3.1222697330102993,2.634052954889043,2.9071918588486283,2.600620174696422,2.967613642791891,3.1666666666666665,3.2430391781854717
audio_602.wav,2.0,2.2587690288766518,2.2716704362558895,2.219590245047084,2.3090576033066235,2.2528391636751675,2.113592266058388,2.260436428125611,2.079235185421138,2.2844877333353426,1.8860852481231982,2.361349309434476,2.1179842152031707,2.398139672291047,2.083032507543501,2.444453246234207,2.2773654041461815,2.6148846860971786,2.2592944777500414,2.745075825486605,2.2947207940466026,2.9222999137530024,2.475388783025164,2.8975754290518148,2.215309981755928,2.8318849254631586,2.3267433252936227,2.8318849254631586,2.3267433252936227,2.7785703347962163,2.257565273150569,2.6595887729271266,2.5513617272589504,2.83518390325584,2.768205120142612,2.7665902444745014,2.566936522334316,2.5,2.5946328288875122
audio_396.wav,2.0,3.671665533055375,3.4385208472371094,3.6528505869670993,3.4571420987396344,3.9232432062680487,3.4936653129101565,3.683640658677065,3.5135018420536124,3.4894979741727803,3.256201604716494,3.414226247826336,3.195843047981081,3.220128019551867,2.9044057498145857,3.1514789349403607,2.8264450853974132,3.082998322181677,2.9276479737279613,2.7494247042029496,2.5783472402706042,2.93331795852721,2.6558767333965227,3.1346496364452947,2.8319822510060337,3.1010421321923136,2.779904847136508,3.1010421321923136,2.779904847136508,3.4293305094828503,2.9679288967866904,3.2745626442527382,3.2372826601904663,3.427394721021068,3.4195289606571477,3.2811676558483716,3.2492954365328863,3.8333333333333335,3.638768855880897
audio_576.wav,2.0,2.6111095391804264,2.4661518634385238,2.439516855744505,2.2190399753409604,2.396909720661322,2.2756877965932265,2.7161893953724707,2.61915258727211,2.402556993172609,2.4240787687714,2.6067050143385133,2.4164501610873206,2.6828559957195335,2.588628016799388,2.6931937002253448,2.6741389743088804,2.841194883846209,2.6367028517862607,2.7440149102925493,2.503490789044499,2.7672468177112552,2.61345499436246,2.9321527137224037,2.8150176729771013,2.933274298312219,2.637855242654517,2.933274298312219,2.637855242654517,2.958758192055418,2.800549361429996,2.530859084438344,2.6585162800317907,2.4791982334018123,2.6015575406139786,2.501356802774959,2.5926063954218055,2.5,2.7309858391743744
audio_5040.wav,0.0,0.18164846164579732,0.17182712479108897,0.4706545947540109,0.037352953755794616,0.13904656477915442,0.19988674169880008,0.0,0.12192634529212813,0.3591060615595258,0.10286939200154006,0.0,0.052047066799064456,0.15678373832783596,0.05124949117305574,0.21742042001549677,0.001070505148131377,0.46552274784957,0.06348338445148194,0.44073939269214274,0.03653789805748694,0.3204734555269975,0.00045947937195804184,0.23029656890140027,0.01659229659144268,0.04074897526564314,0.002959657863983889,0.04074897526564314,0.002959657863983889,0.6427221064572716,0.007721845530080558,0.23482821930634398,0.045966983549151325,0.48274054263212346,0.08862788196447709,0.257104457676555,0.11565928797894813,0.0,0.03164081118816333
audio_198.wav,4.0,3.4137122717891253,3.7193610239107713,3.3669409130969647,3.5260646887073315,3.454084619360605,3.6228692117467474,3.8108485491686586,3.8257583282084826,3.8625438320955667,3.8764221649547075,3.5715222472388795,3.7797140580223694,3.570803887595058,3.8284510596949226,3.6508635686837088,3.6789385030784465,3.3379492476855432,3.526704262858644,3.532751446857867,3.537305653689341,3.715366078367513,3.5822745626690207,3.6130022929721117,3.6742904189412724,3.7049230678509404,3.6431464408526004,3.7049230678509404,3.6431464408526004,3.514751874136092,3.562575157292752,3.1315048871513316,3.455196791967587,3.1813602951547773,3.4400073069190307,3.2021849014541286,3.3405742732978823,3.3333333333333335,3.4000510884754305
audio_600.wav,2.0,2.304865040361942,2.144818065408821,2.456443171559167,2.302933026894054,2.583148054038741,2.4597441781056264,2.4170274694580987,2.514838092107239,2.563446338211758,2.388963859857409,2.6056690910048284,2.4401834032645024,2.478841186316171,2.1730895716666896,2.494622623157302,2.303016954958825,2.488843608433863,2.3249369607640205,2.847113274712443,2.451825002564069,2.624471644613064,2.3584263324318786,2.7086026115947206,2.4907292840647464,2.747932249162613,2.5228245892684487,2.747932249162613,2.5228245892684487,2.7503722963937527,2.471729368062085,2.5405781218857335,2.604657982892698,2.790114030129537,2.892300695959577,2.579036522850039,2.6401575805926045,2.5,2.5934444987898666
audio_710.wav,4.0,3.0816053139499764,2.944744157469018,3.2843551264301554,3.2101378219684356,3.773688576888793,3.5413463789586976,4.046038406427094,3.783663228030195,3.525786922966057,3.1693937869033113,3.4800625446466644,3.2072855298268785,3.5154868386981213,3.39663485388902,3.5065019686760714,3.453622347211256,3.6155487425073933,3.565000089103199,3.5405956493769417,3.4031445148629884,3.7868280300979484,3.5862156099839098,3.9023686738384753,3.440841247254435,3.8155820351671146,3.366301715895647,3.8155820351671146,3.366301715895647,3.8605081950381277,3.537288165434058,4.127402365246199,3.903017557155195,3.883210731232735,3.823176033669983,4.0965279539793755,3.921097985313031,3.6666666666666665,3.5675664071138
audio_246.wav,3.0,3.0974569434766948,3.5922068771953986,3.6737143025904335,3.724157756183001,3.5804906829097525,3.4738705293324443,3.3007829596127025,3.4863076331958562,3.344676293237453,3.5220424946101283,3.6340703233689844,3.659381075974752,3.691426095825404,3.6006698383381175,3.629722017142806,3.6366578903321902,3.616411242038568,3.5871223929957328,3.9281431904937576,3.8112116256324757,3.86375808419749,3.768784679513253,3.883656580731627,3.747246653661977,3.7968796433534933,3.629883142462713,3.7968796433534933,3.629883142462713,3.603851862792626,3.5451984716632965,3.2570776538504838,3.466079796463696,3.18759530993227,3.719502317724588,3.192354204368257,3.522958106184381,3.6666666666666665,3.9623430226974534
audio_490.wav,2.5,2.8295863672573915,2.920843707720698,2.4305618937030693,2.8281986360868747,2.2884449481183498,2.600784637665693,2.3905860646217163,2.5565865000589105,2.165523736133864,2.371729399615947,2.1183935452603397,2.252423388415328,2.510133511012629,2.484283678875681,2.2752553344439166,2.3051576001483776,2.0757220049547795,2.2193658436305763,2.2356583152874645,2.435744679168827,2.1730922604078784,2.3067595984335942,2.239964066529072,2.1225427465469373,2.0056837628551616,1.868967799379053,2.0056837628551616,1.868967799379053,2.246071916127016,2.213352886973027,2.9388084147575886,2.664251639775599,2.934619554843105,2.717890754619513,2.950522803487594,2.663780748832725,2.6666666666666665,2.784649605099291
audio_657.wav,5.0,4.860670403722286,4.832206303698375,4.884937335547596,4.7798461302887985,4.750979096060121,4.712116549278252,4.9891798487376855,4.936590654375649,4.9434718639446755,4.88414827525326,4.9803288224954825,4.93790880977961,4.878212988093964,4.924560665448466,4.7522535262930825,4.65071799630065,4.919540762108497,4.825363164860792,4.7030639549444055,4.528837589787833,4.6810039902770875,4.675983476213052,4.768621875462098,4.816936933332748,4.566210710031698,4.5685784520925665,4.566210710031698,4.5685784520925665,4.833338705326597,4.7455948013281395,4.622594773025387,4.625597058710979,4.526698886973214,4.599446209564442,4.616703455531196,4.620569208258451,4.166666666666667,4.4617375220519
audio_688.wav,5.0,3.1702014402935252,3.596825178788412,3.382708054001688,3.645708301401054,3.5812883016251704,3.534304208044425,3.253129543664824,3.239562724873158,3.815709891599943,3.6974228006711525,3.855805414951979,3.92676111594834,4.28942407770285,4.026287754306705,3.9507812911496085,3.847661417700072,3.725428623381813,3.8064076725350695,3.8986005259394463,3.7993818659834564,4.270811676379938,4.095284884722966,4.184483216808879,4.02953254495985,3.9980691357134384,3.992059610460258,3.9980691357134384,3.992059610460258,3.9506459525861186,3.821957543231843,3.495047637809319,3.64682404273322,3.398388438045806,3.5592263909562765,3.425624943850974,3.7113718062474192,4.0,3.1728891477645096
audio_698.wav,5.0,4.40449152808745,4.468774727516574,4.612554452691779,4.727884722946924,4.533870918567959,4.526361835905576,4.4217925446488815,4.466378146287374,4.362615952916667,4.4847283253793,4.82643088959379,4.8727102481758715,4.809663837208883,4.904976355688295,5.0,5.0,4.802657385435057,4.823631779102546,5.0,5.0,5.0,5.0,5.0,5.0,4.976765924939423,4.993669793565096,4.976765924939423,4.993669793565096,4.961442159402209,4.989321914689095,4.201279364584555,4.62146550704336,4.054406414270686,4.697632903556897,4.156708920152077,4.579778858141384,4.166666666666667,4.362067598288134
audio_499.wav,2.5,3.092575852088483,2.6538945088971424,2.4341669657454,2.5686304221798433,2.628067070143232,2.481204742678006,2.7673369771584113,2.5656237510656523,2.370805782195205,2.3994012242471,2.628580433236322,2.596215505832344,2.722008858399098,2.561213537889425,2.4991431744949772,2.5278337840827896,2.5046934498603317,2.3138252362043095,2.606106027863826,2.3615841104401922,2.5364545920489507,2.381048657847225,2.197609812576687,2.3475181474454025,2.4036913051203386,2.250119948571268,2.4036913051203386,2.250119948571268,2.308293907953195,2.2115706635625902,2.9790884853341857,2.804145100799843,2.7584443407741097,2.598927911396854,2.818056224370302,2.6422929365760184,3.0,3.1498260917889893
audio_463.wav,4.0,3.781942929363208,3.2955910991241137,3.0381233284125124,2.8295986369001227,2.937986706150081,2.7592217409633135,3.4254186595105214,2.9349249807595643,3.1758157158795712,2.8905977367225923,3.028521015396887,2.9068876412195443,2.9555891463490798,2.8490174213549153,3.10133652511373,2.8740235479403378,3.003429224896714,2.876770458726012,3.098822785571674,2.7060588564203765,3.131968758314757,2.7979337397445225,3.183482814284601,2.846203070652832,3.1234879107399536,2.692623619511437,3.1234879107399536,2.692623619511437,3.3163405604862732,2.7259510515485736,3.5047508809955867,3.1371895080380887,3.5703097675250874,2.7431795032723314,3.593370380312262,2.874424282906318,3.0,3.084938367285163
audio_604.wav,4.5,4.199255819890241,4.123897239664539,4.026849456371193,3.948063538282334,4.001418880025025,3.8579974099927212,4.141008763546942,4.032905467188887,3.985217969649877,3.883636935259016,4.319761156601787,4.118096999918174,4.216775493475803,4.238713620638148,4.455017827356548,4.490650738289559,4.499066335763273,4.608556318530662,4.485442807127,4.533406634769125,4.397414173218821,4.446940918375963,4.329710269373188,4.335827249830829,4.226208047361666,4.22191404153299,4.226208047361666,4.22191404153299,4.391281771749515,4.376984803858846,3.7900552887802506,4.089700447511432,3.716281265445886,4.128338918534212,3.6779051648911043,4.102404448700114,4.0,3.347716285430383
audio_97.wav,4.0,4.499571685685055,4.024975791462743,3.6212567806018767,3.595215190464169,3.4857486429644537,3.650085402444795,3.2318164131614835,3.2224377703963474,3.757280225862916,3.4466386678905914,4.107154660288132,3.813262522285138,4.0526343786370775,3.8559045096707316,3.8806339171159165,3.8318515694095896,4.138161430631878,3.9061475614843517,4.268104077561826,4.0000537834564645,4.18858904545789,4.18367194093962,3.9889452508759056,3.994195853284822,3.9757225101902183,3.8934382479546366,3.9757225101902183,3.8934382479546366,3.7789786950759194,3.581110017779879,3.890240384072492,4.110255539458804,3.872166036460397,4.0057085098135365,3.8719240403360087,4.1569566328261445,4.166666666666667,3.9154501358778995
audio_234.wav,3.0,3.4082697213212056,3.140358902429791,3.324984409501376,3.158102729894656,3.7323643462569023,3.662627547242625,3.319139353204314,3.243065239385761,3.3635742794840087,3.2352383289717825,3.60972677602557,3.2692573696648046,3.457137578767966,3.328905675158454,3.3553452309910683,3.350170617746748,3.3740171770161997,3.4138517528275414,3.4978884556971477,3.438076149594714,3.7029635348767287,3.7517543891160354,3.6513593681956196,3.473911788513504,3.5812383312513743,3.3775437162103317,3.5812383312513743,3.3775437162103317,3.566009496359433,3.437435025392999,3.140998785330595,3.324429019656002,3.1156743998063163,3.1367115005831785,3.1666882419254097,3.2848060017851437,3.0,2.9278492362522015
audio_782.wav,5.0,4.668380729347579,4.974211831455572,4.877853364360603,4.961273548727918,4.747768607905418,4.875573019974296,4.818275926254248,4.993151796483844,4.534999000629461,4.856347754866582,4.42680348359857,4.8126257157367975,4.877211824198896,4.929789279473822,4.7679991864544435,4.910649811583631,4.777902390310515,4.890765935570992,4.825735895238083,4.774034784166882,4.886900633003339,4.956063832958161,4.825190392880369,4.9703821957560015,4.834415090555676,4.901153453206278,4.834415090555676,4.901153453206278,4.739234358221732,4.852307278539756,4.577185126722079,4.841925952165762,4.51446006856252,4.726026585146831,4.523036365085728,4.787698065320888,4.666666666666667,4.059206362536918
audio_758.wav,4.0,3.7405053889239626,4.0481416422995045,3.903690251328372,3.830387729447273,4.151441307626993,4.139681185619033,4.1166615646708005,4.02676133089885,3.988660244207623,3.8240725987016777,3.78162553813064,3.543697879107286,3.4908448638567084,3.328048511871534,3.658580011814229,3.5858867269563723,3.2338026055040063,3.288324908037108,3.0000509410999654,3.166831256050729,3.213452256405617,3.2933355477088746,3.3104131881622094,3.5277670547169833,3.792824943755987,3.821333725557892,3.792824943755987,3.821333725557892,3.914003646577246,3.928710817055091,3.8557327994961597,3.7028614414554064,3.629809878201233,3.697893151872492,3.8213620772205914,3.7651802885526915,3.8333333333333335,3.929596283897361
audio_727.wav,4.5,3.621573181592703,3.6730606647634496,3.360064298599845,3.5648415144480725,4.05098603141841,3.826212188600266,3.9009136726273383,3.884908635353509,4.013936823853396,3.822545124678894,3.9184978989441888,3.9873487898371067,4.1001686413386045,4.0674666020832815,4.401729032184179,4.325239150315846,4.5221511978080615,4.357462959938263,4.062037783882997,4.016444925798886,4.0589771832183015,3.9877970178498585,4.1232588777205015,4.034789259221812,4.247184715644931,4.098010204148607,4.247184715644931,4.098010204148607,4.255133747300918,4.213563908761833,4.353015239336721,4.191348575098268,4.140684846917779,3.9995692223170622,4.435178537354131,4.165695512795356,4.0,3.7336789159643367
audio_643.wav,4.0,2.4275186753852562,2.958299865953679,2.6943149718778066,2.863583803617718,2.934929619492704,2.8584455863366096,3.200537314859474,2.926591438884028,3.138197733429312,2.7988222144374073,2.7163811212176054,2.827154337464281,3.148076334209534,2.9068561489199283,3.2850579550333485,2.9080874906515413,3.4963968361678646,2.760378972212355,2.9730435214064017,2.846633845418417,3.3966324852270513,2.853832944226054,3.5568697872221464,2.847924791671945,2.985432028282117,2.768939487798402,2.985432028282117,2.768939487798402,3.165065233006189,2.7675690967487587,3.1971416777185233,2.7261133650706912,2.917827475168733,2.596853714561952,3.0883003866438554,2.6005051967680886,2.6666666666666665,2.921961613202356
audio_261.wav,3.0,3.53434553765538,3.9900620151209694,3.712178723398123,3.8363432937046653,3.589722883087202,3.7756247421334503,3.5991548923744605,3.748545364038185,3.5125012825116113,3.8088582688146357,3.381243118998954,3.7896543579866333,3.451301301418503,3.799861427984761,3.4377703948051703,3.747631865232678,3.6186536400932545,4.012250674307336,3.4544724148486368,3.8251958653270997,3.3228245236553504,3.717849772238718,3.242282524705279,3.5872548573761627,2.9918485857112294,3.3898887375188687,2.9918485857112294,3.3898887375188687,3.1623018722167084,3.5010645960960436,4.107708161921625,3.691353487464672,4.0716729794038224,3.704092718145,3.977706830194012,3.644238298886594,3.6666666666666665,3.620242115970178
audio_205.wav,4.0,3.729239144917985,4.205281619659825,4.347823084961626,4.339308647859527,4.326346991663841,4.480842451467281,4.24401403476679,4.471629364339546,4.2124023296925275,4.2212020824422405,4.058216212195666,4.091037119945813,3.568744603133705,3.6657513782175584,3.8402089949993345,3.9545588852064593,3.4395363156056056,3.6243981649000325,3.6578517493041196,3.7290203284342156,3.471259938837447,3.657016025195242,3.458273730046356,3.5574588922428156,3.358509097951606,3.56759977692986,3.358509097951606,3.56759977692986,3.4307997048837104,3.5919154700534484,3.68154301662938,3.86124493019193,3.6964976440206496,3.731688802470798,3.6274921541002154,3.869861040364929,4.0,4.368506209953378
audio_128.wav,2.0,2.381885692279207,2.877364020082618,2.788349238818418,2.74058588691705,2.8981530826210027,2.735402928209535,3.329574866374704,2.9289864419152516,2.910925404791049,2.9436603509802612,3.282700027758851,2.89842280731188,3.5342780336813715,3.0854718213395906,3.731888633674364,3.3233122160849375,3.970974683761154,3.8418059741866935,3.8283852068788673,3.63331903590983,3.7327625587751,3.5265028388874016,4.002442778928439,3.66493172388545,3.8508107869113757,3.670359000416802,3.8508107869113757,3.670359000416802,3.714754059647644,3.5354184736097256,3.687424218598606,3.885029105874654,3.2850535860197536,3.575309392777564,3.5380837172113933,3.6533174314718937,4.0,3.1745442301993587
audio_650.wav,5.0,4.794599804108601,4.743841239980294,5.0,4.931074008667803,4.975968237437311,4.9577462660085025,4.889210583678762,4.95373563044164,4.888416181177505,4.9510649098372905,4.729860965100992,4.8978270127868795,4.520730188059788,4.885644455505397,4.298853460515204,4.491764544489835,4.416867321839667,4.487557615535414,4.372008042250507,4.552809438349731,4.485139157685002,4.779316269387647,4.279871446525207,4.630068828505822,4.309546548047649,4.553824249077046,4.309546548047649,4.553824249077046,4.445706885164003,4.543370481027858,4.288921585742315,4.66698315622799,4.015562468110015,4.453307842735426,4.349386455831106,4.514753363604634,4.833333333333333,4.228375577975886
audio_35.wav,2.0,3.710764878207178,4.333994468367643,3.104170168104691,3.8077315057235395,3.524371638399519,3.6219261494322534,3.3816276588509635,3.516141630586434,3.4733937411075253,3.492298640885424,3.530063916126918,3.841401920233192,3.803890449234302,4.029469818882067,3.3875974646151725,3.642737315504625,3.285855256137839,3.5164099678957417,3.117482601979635,3.415157125665575,3.49037065305124,3.629644366536681,3.3612954655500986,3.5243494776612145,3.475503424369681,3.679922201516162,3.475503424369681,3.679922201516162,3.3348573379524793,3.4208824694905675,3.032526901970316,3.0366962002288407,3.1828847605567314,3.170831626623327,3.012745588974967,3.0587064622990687,3.0,4.212961228586732
audio_141.wav,3.0,3.0006070722094904,3.2181121563401063,3.2468507787469387,3.0589748295256207,3.083884474112333,2.7471817132528003,2.861297304321441,2.7463115175055477,3.132267288515401,2.865759489994612,3.404707465587382,3.2011797173383525,3.7101920469451652,3.459556536065218,3.358064289899342,3.318178845825397,3.210225872785831,3.3061802133533984,2.9763613780089178,3.1594496314930045,3.1440469435049696,3.2693239440623025,3.1322292748646423,3.326320770172267,3.334687829137907,3.3758341875373588,3.334687829137907,3.3758341875373588,3.2650099180282273,3.330020532882122,3.379627482640066,3.739013964750324,3.3868509345152464,3.387752153926504,3.3303176476901544,3.6918689950961707,3.1666666666666665,3.3074427509710134
audio_260.wav,3.5,3.7028438510342725,3.350189408692101,3.818568132449718,3.51220395311711,3.198680551178468,3.4927316023321318,3.13018944146538,3.391483784076641,3.37669654161639,3.535733072853794,3.5618024140843763,3.773576253859781,3.3888007406157175,3.5265558975058973,3.7773824411170005,4.205186162293404,3.859897001108314,4.124266714332394,3.676518601940961,3.9826811993708424,3.6435028107635645,4.067407424751419,3.7589905854046584,4.1784390910585225,3.585017211437659,4.096419343175546,3.585017211437659,4.096419343175546,3.4803991897980935,3.772444686593936,3.392454042175835,3.1906064775383816,3.4573186976561403,3.43346818316102,3.3811347172584303,3.3141350644012646,3.1666666666666665,3.3352459331177173
audio_722.wav,5.0,3.9519500353523966,4.843273286582534,4.7092376958365785,4.860335702490599,4.435230335734804,4.865626242499424,4.514405724564344,4.776062889198834,4.479624024252807,4.592686270565331,4.750504887524579,4.710596433227223,4.955089805093203,4.959945667569669,4.949201350996444,4.8397207179024955,4.782154900177416,4.73129090737998,4.830993607702546,4.853753624667767,4.864830023930196,4.791510224501306,4.886877357727248,4.962798348102938,4.8323287225076035,4.73788458052948,4.8323287225076035,4.73788458052948,4.8177750209874715,4.732543825859045,4.930224731966045,4.7668162368819305,4.9525186262221625,4.842187660671708,4.9381297705830685,4.742253681275801,5.0,4.580922300516815
audio_5047.wav,0.0,0.039519215484033886,0.0,0.02652893046829548,0.0,0.16643630933527284,0.0,0.0,0.12045401777705855,0.1543153084185914,0.16894759128854986,0.039292555437252,0.26132719688139794,0.11657387869654141,0.20677359141755028,0.2887488771370565,0.24415160268614047,0.08176489623140155,0.302215046318506,0.21846576358078465,0.37025083827603683,0.23593363489104213,0.2563020544319863,0.2385217918077176,0.3331059360149169,0.1993493922657148,0.449014558729324,0.1993493922657148,0.449014558729324,0.0,0.4364444759945851,0.009965163194067409,0.0,0.0036292907779454653,0.0,0.0,0.0,0.0,0.022445075761572387
audio_324.wav,5.0,4.17907533637265,4.344912907412072,4.524416425460075,4.281134359043061,4.131986274708045,4.263012594039616,4.708102961268466,4.618289677265972,4.889508642147941,4.852425395970248,5.0,5.0,5.0,5.0,4.8696711830865915,4.870990911705237,5.0,5.0,5.0,5.0,5.0,5.0,4.903447928677303,4.848876418421713,4.8347731763004775,4.848546687685076,4.8347731763004775,4.848546687685076,4.9065269578373085,4.913070231604025,4.724197529826495,4.8601287102066015,4.577750516246546,4.86409333886047,4.641609508907919,4.938945331826866,5.0,4.053283934707766
audio_279.wav,5.0,4.994661038817958,4.906579759476121,4.983386486631808,4.951158962198244,4.696927502619598,4.797136988823457,4.98598686145455,4.967627654047937,5.0,4.903763557002548,4.855682886059859,4.667402603069398,4.866038611633904,4.877140842193778,4.956361009933974,4.977810322604941,4.700063924835439,4.6427892885698885,4.748205894569371,4.927810017313566,4.733837237360692,4.917790166592048,4.783436829149459,4.9145119404161095,4.913670200253088,4.8909341774423565,4.913670200253088,4.8909341774423565,5.0,4.991304757197061,4.994170137480019,4.840195079664845,4.979064663896272,4.8742947591167445,4.95483459840291,4.795030076869673,4.833333333333333,4.967969305571631
audio_450.wav,3.0,2.3525212946881027,3.187183089593388,2.936746742639278,3.1236370112367715,2.73762908580334,2.8802739956354375,2.9260413230979743,2.958682329984203,2.5776647308201976,2.7742374436664092,2.6689057744447244,2.4739617420037523,2.752968486065629,2.45951414714184,2.9715536757300125,2.7537911489011324,3.0177525503027325,2.9266531440438377,3.138451552606643,3.185598693121689,2.9706283375845732,2.966447008111294,2.8685046021874343,2.8608852509734786,3.053071187958713,2.9886676146503994,3.053071187958713,2.9886676146503994,2.925310426372444,2.8699683605254496,2.7666567127424044,2.6891762842830196,3.0158165425699655,3.0531712885865905,2.8902874267938388,2.8320579231803804,3.0,3.1556941764865365
audio_32.wav,2.5,3.4412717975867686,3.1474026246664413,3.66950989599567,3.272123543560008,2.9800410884583024,2.9625499851063695,3.2585974743807937,3.106216705493051,3.032926193505505,2.8545185234925285,2.6841682023974633,2.5499791449509166,3.0389740739565005,2.7867265945235187,2.823645883451146,2.5785206046142775,2.8203008055564323,2.6701981325708517,2.5001247546965017,2.4508336971529325,2.682005487873111,2.5422426743099042,2.901817883684967,2.7057026513121936,3.05077093663347,2.7692962956078726,3.05077093663347,2.7692962956078726,3.1581562798942873,2.90133481147319,3.66232939504091,3.4962484413439063,3.8224975036434192,3.3557949735366237,3.703798110766213,3.354368711144739,3.8333333333333335,3.2451001120036547
audio_254.wav,3.5,3.5750885584776246,3.7132564929818153,3.7775474350783305,3.7391747128891843,3.2380514660963975,3.52402553757211,3.084423003458285,3.375594236291205,3.466768679558497,3.4835569490118985,3.0672163647008848,3.1366362429872274,3.182226082229955,3.2148844207491254,3.4122187796936263,3.3534919978277835,3.2302415581108774,3.226764740573645,3.2008013584227957,3.1418841474517962,3.020647015393133,2.9611994429260946,3.0885648157009142,2.988816623543189,3.398250607758209,3.0470665921588416,3.398250607758209,3.0470665921588416,3.201212669609184,3.038171902756284,3.1723828018206035,3.3544607878711936,3.3359735411665716,3.323721117379011,3.2291166000911464,3.265632326715215,3.0,3.397830232135878
audio_544.wav,2.0,3.312998404571387,2.95706085006581,2.616122581647899,2.95667995371671,3.0191808406170217,2.883255144347317,2.864107850299782,2.744442685420957,2.88921102479889,2.6443303298648857,2.8463848711890027,2.9273240425525677,2.5316727109127726,2.852903952438137,2.4668489821968116,2.649494903422086,2.7004219412535275,2.6648504253635,2.5562803092941464,2.5079123737963553,2.4141980473699514,2.3639437436586674,2.405660366999095,2.5696092678056206,2.855202383687353,2.892197797989423,2.855202383687353,2.892197797989423,2.4037978852131308,2.4925666831820417,2.3478184614035515,2.7213657576686026,2.3589023228770296,2.536794517354412,2.375398806736345,2.7231118011288764,3.0,2.936347912523033
audio_176.wav,4.5,3.981020278623005,4.270481064304258,3.9860213125095734,3.927748916149896,4.271855783258534,4.384088340774883,4.335831492091022,4.349158044683172,4.61355863944519,4.529003468035359,4.185019165189568,4.264325248605267,3.8969089121303306,4.041263306970046,3.8738251167016515,4.133917363881607,3.8890018688345784,4.099632787951578,3.9421261219785575,4.238278805294798,4.003457799095141,4.263013650259436,4.037340912396876,4.11748961763052,4.249414846847754,4.295010878714513,4.249414846847754,4.295010878714513,4.2654876420904655,4.211145655333785,3.908972490635708,4.1251487635522235,3.9785447065193638,3.9270469961156156,4.067564508946532,4.103212240484953,4.0,3.79432937938846
audio_301.wav,4.5,4.388732685657946,3.562101479797241,3.510964038567883,3.6157491059667977,4.304824444460448,3.7227854585634916,4.0635353472993,3.5744241038397,3.906195455230735,3.631393145776965,3.833665037871961,3.8980986379114158,3.469721591583779,3.6793548936016425,3.548522350543074,3.863627172935215,3.556607751245629,3.84518680870404,3.367388510416678,3.7016714001270308,3.604756683624224,3.8546004756554546,3.8013568463734475,4.194348086792979,3.9314388523097272,4.106937588083286,3.9314388523097272,4.106937588083286,3.887329890100105,3.951555963058782,3.9740944062328682,3.7516984283314585,3.822333406219158,3.9063321244806892,3.906854683281067,3.8430549892691364,3.3333333333333335,3.885069204927341
audio_213.wav,5.0,5.0,4.705402183149703,4.46226149768125,4.48080392284558,4.491618364784623,4.623853152954475,4.94113981558796,4.705227306456713,4.747247283715588,4.627028236770329,4.770286053285948,4.59799775306101,4.525875177682536,4.3441810767319256,4.879820479771408,4.481361042917661,4.902151756151976,4.587295252145904,4.89183730172861,4.8584211398024495,5.0,4.8037792872408325,4.915338716403681,4.734206519335799,4.8788541893675506,4.803592055475549,4.8788541893675506,4.803592055475549,5.0,4.893466035269377,4.722950713111037,4.67186803083554,4.637584320285279,4.60851252364441,4.771162225810163,4.731457986816933,4.666666666666667,4.340652883984445
audio_295.wav,5.0,4.565596256613044,4.706875886456946,4.584100647703521,4.729215795650089,4.703912916162061,4.719083055025246,4.238237358314593,4.568007563615319,4.763574445297095,4.782887161337774,4.752395055825173,4.861776339226423,4.921194247689212,4.904508577665127,4.940515018062269,4.850357390665819,5.0,4.936447175463138,4.9408593859269825,4.845040932463806,4.775048425308155,4.744436244225855,4.900111446607922,4.867306441675665,4.839204293896418,4.7999024898608456,4.839204293896418,4.7999024898608456,4.824187668361375,4.788255332629412,4.690499483708534,4.795808387734014,4.856667261769741,4.528563600881502,4.745944077681123,4.7912588852640035,4.833333333333333,4.3281785715482775
audio_40.wav,3.0,3.377404823737649,3.3408876228829096,3.498154476264761,3.3007686869405535,3.6186883596101933,3.46331142854794,4.12509908614545,3.7831075635607436,4.173249727289399,3.808885015582282,4.013925214745725,3.628022739619215,3.9815363425256423,3.6743981796473597,3.9632099323078482,3.666438024826571,3.859226528996858,3.7643460843230265,3.814837691410099,3.45322966568892,3.7154657532705024,3.242363615745157,4.015088918603664,3.794027398824243,3.9679361263897093,3.805241872739293,3.9679361263897093,3.805241872739293,4.123222040897859,4.002957916576435,3.8202260288480825,3.8383737945554923,3.6314171149655876,3.81098524298154,3.801167737795401,3.8547650794331165,4.0,2.9814924382638357
audio_496.wav,2.5,2.5127738202768857,2.284827051495233,2.9590987230474934,2.2664541994151963,2.378029212371002,2.20724804301615,2.2448647758009286,2.3536303918290433,2.291675965485525,2.3994783514248903,2.6191832880603094,2.45535412918671,2.642244372049099,2.5185988671878867,2.5617583254645697,2.565951375026048,2.516700376315162,2.4179335569038867,2.339281658774056,2.4589910164103905,2.3255469326009615,2.4260316382261675,2.622253696484044,2.4631668672919766,2.650324465562736,2.4073141088544134,2.650324465562736,2.4073141088544134,2.296404230020189,2.2809915579340356,2.0428048256676856,2.2423114325752387,2.1786696716850282,2.175148983742501,1.9842482296988646,2.1847503804727526,2.0,2.53076156970015
audio_45.wav,2.5,2.75286447773984,2.446475336305794,2.260900541295326,2.531960070877627,2.8566291071408716,2.79331062384289,3.0614033101551024,2.7680489278425355,2.5875248837874354,2.6438901848463967,2.6543374063285854,2.7394504075453496,2.6249952521687705,2.7170675141254272,2.483650262366034,2.613232788329311,2.494707414676711,2.724230405401387,2.739544558029428,2.9169539932154076,2.568639939663413,2.7703946383683657,2.677102757718149,2.873685976208637,2.8181683735470493,3.0673924919305313,2.8181683735470493,3.0673924919305313,2.4808032579083608,2.77923255654693,2.7157806688435495,3.093456575593404,2.965078442098214,3.2110860177335847,2.822141563367986,3.0768538442212865,3.1666666666666665,3.1592100844984814
audio_146.wav,3.0,4.2022377401769875,4.036263797141069,3.7476015570655625,3.848904765355621,3.8745898446427645,3.9058205658550116,3.6513756362627627,3.5503955300445083,3.6589619589639035,3.669996376150395,3.7202258885085544,3.5469036995431367,3.562449953361688,3.405195967846718,3.435693126998993,3.218355977115999,3.5791477887294367,3.3004544246171097,3.7438499640314595,3.3956920945809217,3.6473105122024503,3.380614687638245,3.8631077615627056,3.5889207891663815,3.805936159313109,3.6167428714258825,3.805936159313109,3.6167428714258825,3.783733683207204,3.657803811533172,4.345525993243844,3.955300268558751,4.317083140728138,4.109984616321224,4.3274508315084175,3.972944875208462,4.0,4.076265020414087
audio_415.wav,2.5,3.207328228599812,3.5265081345443874,2.914965517492503,3.1669276273086147,2.261893486457262,2.8018638710223507,2.8714724255929718,2.9857838171326416,2.57120578868626,2.9022695385524355,2.5524815668066667,2.8211035431122387,2.6542164899569447,2.9245675499003334,2.613807717831764,2.980621395430145,2.639674555844841,2.9364374700947766,2.7975318956244255,2.9988185470926054,3.1243655577886122,3.191405520625345,2.663127773406508,2.716425879300361,2.596356514822014,2.61270638353454,2.596356514822014,2.61270638353454,2.6247422193537133,2.7689990655655055,3.728286212742655,3.1835446663680447,3.588839528423593,3.1887033872331974,3.6812397295458985,3.1703622736927155,3.5,3.4804706789222988
audio_595.wav,3.0,2.9173747826358554,3.128095840805635,2.846023908150002,2.8802984560348457,2.9907454546104177,2.814485711830017,2.9898410086724354,2.7324472689821655,2.8481568092471186,2.8059823127199244,2.7418820304994487,2.6508349191139593,2.9932786046922466,2.78435537589966,3.2076819916135553,2.847790668826376,3.4209301142781334,3.216921015175371,3.4681297864012817,3.214973654727075,3.3961601151655594,3.278682674057849,3.4285579337466667,3.290964716479445,3.205093775492345,3.1533455036449354,3.205093775492345,3.1533455036449354,3.3490217183427986,3.2594838272618536,3.456154106816715,3.487145431231145,3.3471397024980583,3.3526887421419644,3.3421090832863274,3.4423489416161335,3.0,2.7105252811173997
audio_783.wav,4.0,3.851345994681324,4.017586876776258,3.7157005649132366,3.774712569939806,3.8908380157101807,4.046986277913107,3.81456406917502,3.8798895991127,4.002557190811593,4.137649597744521,3.9033654906404416,3.9536256641536465,3.487223747737199,3.6316058662325887,3.7660720898148514,3.7535313094415463,3.908352811011935,4.028626334541444,3.945400765628023,4.0814177817404875,3.948644645920259,4.097089650994885,3.806590476181931,3.8678657532108836,3.7641055932825958,3.9115330842045495,3.7641055932825958,3.9115330842045495,3.881584149786106,4.036780891964338,4.521941937711026,3.990589550435377,4.4468922148397745,3.7186176619859594,4.469828082018377,4.076269093292164,3.8333333333333335,4.323002044472435
audio_673.wav,5.0,3.6650563463691355,3.692198974234037,4.112259912831206,3.687312184369773,3.9554747668081176,3.5823755592329944,3.5256131354908185,3.34600182339171,4.055954107713528,3.668941663149004,4.5545991918797855,4.251231822559366,4.787782780579341,4.462855037344895,5.0,4.878815756660204,4.988194740263525,4.748184149731104,4.999229018225556,4.806273608673274,4.956047802486748,4.712708190311626,4.625312682078704,4.408866112907453,4.81906137141159,4.754029256086723,4.81906137141159,4.754029256086723,5.0,4.8646824902137995,4.2720472454502305,4.1006540920268595,4.206814940632328,4.146072617290659,4.321547281185502,4.245453236849184,3.5,3.2081520172052578
audio_48.wav,2.5,3.2627706686779407,3.2557868418370437,3.0056155335765844,3.349479821131654,3.1692716452547205,3.1456825466950353,2.867236301795367,2.7799315639477427,2.7326090302198978,2.9935861970075983,2.91389444806711,2.8606648523351237,2.6049843014946017,2.574686184081632,2.938763106265283,2.9275829422956807,3.2643079613061836,2.904627374167427,2.9812932078371297,2.6463142284153522,2.954265176755399,2.681193503837703,2.8143444435566685,2.8506112323007726,2.623520774491876,2.738714780315673,2.623520774491876,2.738714780315673,2.694513863504264,2.7968935243711406,3.1694985913874643,2.883721167091261,3.2660745294067564,2.9248207669128345,3.26099494722081,2.8809200885896704,3.3333333333333335,3.491133408243634
audio_777.wav,4.5,4.557933652286454,4.7000364548628495,4.801434016769782,4.5207079122894696,4.956044411206497,4.654231450215235,4.897196834198113,4.772389190598286,4.9529286595190785,4.849750901413807,4.987411652883795,4.721605081922006,4.995140393080582,4.882253857480888,4.690506066105155,4.654999860811432,4.955160916608256,4.82955341021361,4.952191124233122,4.81429001724929,4.938892170633314,4.772482341288726,4.9275256238204985,4.565519225318724,4.96334562404472,4.555038430247497,4.96334562404472,4.555038430247497,5.0,4.6993036253071905,3.7341650878840302,4.585021042046222,3.7273886758759573,4.475502987898786,3.7293882799710807,4.496817289081506,4.166666666666667,2.8214282374700335
audio_330.wav,3.0,2.6823417626347434,3.055710037531746,2.6994820386051224,3.1760835697413463,3.249041056781907,3.203263497047624,3.0267873762429467,3.0719478131257874,2.6709160185470773,3.133381160826838,3.0632417428140486,3.0250297977322873,2.850942078808894,2.936321244549747,3.2204313573325365,3.0690969920543254,2.79508854338134,2.9063862437341554,2.740979088954274,2.857776793829707,2.8740171191764063,3.014003469928994,2.859557305196674,3.143184116073425,2.864447428508823,3.095764922405921,2.864447428508823,3.095764922405921,3.027566961701396,3.133400431163064,2.852140669032865,2.867631445297233,2.830756315690554,2.841440430608406,2.837780075511141,2.9213335100233873,3.0,3.057902473244864
audio_200.wav,3.0,3.9939565561517463,3.765511655907412,3.7890565337871194,3.7982515576073674,3.6427120993604354,3.8263111332248205,3.721741405953195,3.7695597902126523,3.7945093296041956,3.753932294321372,3.7794906271535518,3.69895045739219,3.482419940431086,3.5510591782394916,3.0572645151807265,3.1975344926321534,3.3225076252339005,3.519667588978861,3.3597635940186454,3.3234894077485624,3.6018996885299828,3.5199347897564706,3.50899866882559,3.573585930207347,3.4328348228732857,3.470592536030434,3.4328348228732857,3.470592536030434,3.3843180273245164,3.582224036839065,3.3483090373584528,3.4214493391222356,3.2158728679351127,3.3222859878477884,3.2500132808923934,3.3570312742031665,3.5,3.2217969880529265
audio_259.wav,4.0,3.3766693942331396,3.2616501075136015,3.2629251472020826,3.201790603187368,3.051282493592464,3.1403360268887943,3.2271226543890283,3.2196866735973266,3.2272255615188166,3.209494180529011,3.244614999536451,3.2950609726538693,3.0100122422197324,3.0512637862200673,3.197294636246319,3.142425866731531,3.073673472283837,3.071365123845137,3.0179624490259918,2.988871018581819,3.064752495567385,3.1785454062628324,3.0601292656434276,3.2859254966390647,2.9594991185694064,3.238057509801982,2.9594991185694064,3.238057509801982,2.8433587885471883,3.105184134821886,3.108686359720012,3.1929560233531054,3.236408916054179,3.0949682314179774,3.0263955338673703,3.0489584571638275,3.0,2.78002435988469
audio_721.wav,3.0,3.3380005395242853,2.999426116845992,3.867588111299986,3.3927974433722583,3.613523646417066,3.9116352477784635,3.768444661700869,4.153457554271639,3.9631703973255603,4.0943990284302965,3.636453684827064,3.682043861551571,3.9754079801101105,3.8517111675343654,4.1428880214802035,3.753801897801196,3.7117801142994917,3.6159685790835496,3.7421218190540935,3.6073217993678743,3.750197161977427,3.5157293647815346,3.778039014668838,3.7356036590900517,3.903331864017065,4.142790565043487,3.903331864017065,4.142790565043487,3.8303850217594175,3.996523282698203,3.3290202368433337,3.8828213021268336,3.2607562234898233,3.6760411528713064,3.260894276416053,3.8694585773203003,3.8333333333333335,3.5988610620419963
audio_223.wav,5.0,4.3095472335162475,4.858058447663081,4.490476404149421,4.759136719022242,4.675930206652214,4.740615505020926,4.612470934265791,4.8104417311933405,4.619903907131534,4.871287319200992,4.669125393593107,4.878835098130778,4.769813742177639,4.941816471032563,5.0,5.0,5.0,5.0,5.0,5.0,5.0,5.0,4.981032725254982,5.0,4.9761664867055595,5.0,4.9761664867055595,5.0,4.9776428338621335,5.0,4.709739036217535,4.767037627724963,4.605069831051503,4.8901059347875355,4.735678094559446,4.7635340190952915,4.666666666666667,4.568909001745378
audio_175.wav,4.0,3.9408301816546296,3.899212501140926,3.835235325727639,3.9737394333705915,4.0255432936385835,4.022438784772433,4.108042025948341,4.107394141592265,3.9711967056896724,4.010702795810404,4.088629946756574,4.082013030951969,3.889869886115307,4.139703778837689,3.9203723587994452,4.027340941327832,4.1089554013163445,4.251947230957239,4.206367397713763,4.346471403395538,4.154736740626119,4.385345802106349,4.324385600150072,4.596993130334482,4.207038233454731,4.475002872180077,4.207038233454731,4.475002872180077,4.245279586960715,4.3895852003227525,4.380247438194296,4.197836760254629,4.59931349240237,4.229765091848761,4.348280441223579,4.165072037003087,4.166666666666667,3.982402980650163
audio_400.wav,4.0,4.282100169237553,3.6569383375608098,3.392206756086639,3.490328845598309,3.8780602837498797,3.7707665599742506,4.180986976420196,4.070853440778184,3.773512645653002,3.858608593258879,3.725847453594541,3.9812806337369135,3.9636795827422078,4.150578777046859,3.971115984680727,4.11224681903895,3.96740625689626,3.984507075870134,4.117606671752434,4.428445129642992,4.042546013468787,4.270301729763109,3.8077702555315676,4.0902417015910215,3.7693455020313498,4.084344480461625,3.7693455020313498,4.084344480461625,3.5908689295692837,3.580878633478259,2.554845566167566,3.3962486113952384,2.8058065645981167,3.553830162281453,2.6609908251919427,3.364940447294966,3.5,3.2078337590740618
audio_506.wav,2.0,3.0494941459290827,3.1398913207507064,2.9283743568406853,3.047609740965082,2.8836631742543624,2.951612333685548,2.613266978208148,2.85122834528044,2.866669620417308,3.0712366195570855,3.040789150643962,3.1191340833383463,2.856524396817252,2.9271129562311864,2.629130001486707,2.6469171563615874,2.7027714201616604,2.767858571284465,2.841634363163364,2.9436605595236602,2.8732408536449086,2.989705048353611,2.704377726079425,2.9380837317222777,2.786635721759469,3.0079206639773584,2.786635721759469,3.0079206639773584,2.7917596935856452,2.9060161562142937,2.550398848213717,2.6121797344954873,2.6247226519361395,2.589077526834258,2.6331043681494015,2.6147908309092975,2.8333333333333335,2.7210312847414797
audio_153.wav,3.0,3.059480585266581,3.1465677535608934,3.2463637504451817,3.251097028388237,3.235509363646407,3.167853628367647,2.992891398491867,2.9347310002865346,2.650531292399371,2.785114738484935,2.758316085944817,2.794991020422772,2.8110390681602078,2.841793554828874,2.965953655831784,2.9719744435625217,3.160508544497701,3.2747540012187417,3.198271953684564,3.376679026191407,3.120358110637806,3.284051455117151,3.373776241916778,3.4948308928891243,3.282755087276127,3.301415540127088,3.282755087276127,3.301415540127088,3.1788414373416374,3.317722035892565,3.1330224147378076,3.1334167394751518,2.9856909140552985,3.1778533766880375,3.1483559478112553,3.074356244045925,3.0,3.1526399392479925
audio_5050.wav,0.0,0.0,0.0,0.0,0.0,0.0,0.11931849319709824,0.0,0.15827418758862644,0.03971889880736453,0.026361693142776737,0.0,0.0,0.0,0.0,0.013179146499563199,0.0,0.04668169863831976,0.0,0.002641585243863561,0.0,0.0,0.0,0.006919995187325482,0.0,0.0,0.0,0.0,0.0,0.13382379936531708,0.022218044417528986,0.18107292159331448,0.07431491182711028,0.255503882566654,0.16451012207709945,0.010915971581319253,0.02975619930397116,0.0,0.024418729854872746
audio_281.wav,4.5,4.639632721347617,4.673084586866875,4.825664733939131,4.79344989747124,4.725128683140157,4.842847647624898,5.0,5.0,5.0,5.0,5.0,5.0,5.0,4.921893456574927,4.7056637227779134,4.942129762145643,4.339272644815885,4.35377081287677,4.759292240664042,4.684479978990747,4.890895740190413,4.992489301695867,5.0,5.0,5.0,5.0,5.0,5.0,5.0,5.0,4.339685927279224,4.393330169188942,4.087635666518764,4.391134507374634,4.309469594497036,4.429340179063048,4.0,4.510103363860741
audio_543.wav,3.0,2.5728276830268135,3.0698218278821927,3.2395891166715134,3.145887126900981,3.2116301290857963,3.0779044841696757,2.8822487254148847,2.9138078478685334,2.93786557385433,2.8545370150056564,2.9919390480756007,3.0395023044647096,3.040560524985647,3.0602469667791854,3.0621776095898205,3.0611769518538434,3.242812410749849,3.220364775128403,2.687519403456039,2.7682533349911367,2.8842040081909652,3.0881927519390104,3.0287158228037696,3.209534838200673,3.1262051264923127,3.308469929678434,3.1262051264923127,3.308469929678434,3.1122908783919354,3.17825382578874,3.370549111468273,3.2712754563688016,3.355682875451549,3.1661129259395,3.4017912806170076,3.287949410589856,3.1666666666666665,2.8248367234089087
audio_445.wav,3.0,2.5176632506207626,2.646767781634979,2.968618202258345,2.9077177813580555,3.189562244202192,3.1169753215097646,3.2443775188050608,3.0376219884851046,3.1173535156217924,2.890762469312054,3.0358727315708234,3.021340009219488,3.3703663121898564,3.296247410263786,3.0661414141367005,3.147994749257905,3.034663551970564,2.9937867102957667,2.9712394895551117,3.017229989127625,2.8744552029900206,2.9649693669044317,2.9981029973426208,2.8923625949638723,3.0739134365880916,2.937223835132785,3.0739134365880916,2.937223835132785,3.0141837786941896,2.970378818591861,2.884739834195211,2.8457574822488474,2.813434392647286,2.750255440434198,2.8926198117100115,2.7368753137645006,3.0,3.4067798648696983
audio_124.wav,2.0,1.7715670491652513,2.5538108152670804,1.690061940162109,2.2856951942382175,1.1796745702668632,2.0581278673700574,1.8013048293443596,2.188720580493437,1.9215615790955007,2.2452569003747445,2.6639367037273463,2.9449897960349447,2.5108145183847936,2.857242822162792,2.3106634755971567,2.796488334876937,2.1607979311965964,2.5023505108095185,2.0518771206839688,2.307485896554649,1.8797127530562718,2.0612185398022156,2.2602402343022194,2.4492759844393905,2.285444123463068,2.4976868035639637,2.285444123463068,2.4976868035639637,2.24540878882665,2.506497777377526,3.0142376850971337,2.6456245402722556,3.144386183902684,2.6705221558444427,3.0468292752326955,2.725665113121744,3.0,2.745773531484595
audio_249.wav,2.0,3.800188292871232,3.105643544983329,2.4575791102432536,2.7029331719252307,3.2079785602066,2.8533100570213197,3.0393295887855736,2.8465360853622017,3.2575511678148596,3.063282041674324,3.0594813651473647,3.156207527771046,3.1014303941959196,3.0602231775336857,2.7416713676020574,3.0432352429519227,2.7562029043876404,2.9319641933519756,3.037166781245485,3.1725855893267827,2.822213559218006,3.091012763047082,2.8826159662237654,3.244933296267604,3.444882815176267,3.408846049082161,3.444882815176267,3.408846049082161,3.053169482262179,3.097635870609705,2.648585037155348,3.152438836762524,2.8328246870860987,3.247647775321283,2.5718620047590988,3.212480203929033,3.0,3.0047529277095015
audio_420.wav,2.0,2.6879861157144274,2.3171531404078376,2.8459201524443,2.4552110001943914,2.6127466681323797,2.411432962000186,2.633736024388245,2.432574136948713,2.208240878340787,2.34063407010433,2.41551136690964,2.3590382850993703,2.456468582002835,2.161138240009344,2.512060395513559,2.23520075179559,3.144685822100062,2.81061223847864,2.8805020293992505,2.702441304059075,2.890148376382944,2.640657706836786,2.785689945140033,2.5072651458308517,2.91364755216518,2.7497172175193456,2.91364755216518,2.7497172175193456,3.134083113108197,3.0265046955449733,3.3575050999483818,3.11955392795277,3.318794692222461,3.1341237178421184,3.2519842738135414,3.1051458914437187,3.0,2.8736484927437265
audio_203.wav,5.0,3.2004640484151476,3.3569506970667393,3.9486195300693065,3.818520524566543,3.9854788566284314,3.845810230821993,4.1182022231260556,4.060015723582886,4.377453215985796,4.231912606743526,4.450540922070517,4.249890544274797,4.7263732217333185,4.369660107773106,4.543456434079082,4.3878402729748816,4.745383254760857,4.222996903676832,4.616396270941589,4.379147008841375,4.444453042114845,4.15123112904464,4.332540924214746,4.1220485392519555,4.64848524715243,4.150716324050331,4.64848524715243,4.150716324050331,4.402308963738437,4.109553602825794,4.047146795919148,4.185984537343743,3.8368334527092878,4.117295176743949,3.893169311356704,4.12496554385919,4.0,3.883545982387511
audio_278.wav,5.0,4.3072621837482545,3.6757902208961553,3.450467348540929,3.4425743007242766,3.4671544972868236,3.6341328366076913,3.822887075069716,3.7350683232464075,4.090588809899995,3.949317543900424,4.156093917087625,4.105635611898009,3.8672512488588304,3.9170439166741104,4.2307574722590475,4.303803777063112,3.892338545151469,4.074597325974259,4.029997150157687,4.315303616769339,3.916481167814266,4.217876222092401,3.8731740524772054,4.05276490407507,3.7924854193536657,3.9906266564184434,3.7924854193536657,3.9906266564184434,3.995829975915683,4.114778980448189,3.9524870048423044,4.195437478532827,3.567017458231069,4.18461504414451,3.9022284004722985,4.17601244343166,4.0,3.58285602464176
audio_516.wav,2.5,4.093633415199053,3.7913213561093824,4.2934909650796085,3.951058961259676,3.4838935328174307,3.484241450066156,3.125139955870741,3.159739789047199,3.2854602071623495,3.036976793071293,2.7270465721802837,2.921467789319023,3.117785973510275,2.9457670259036264,2.9015399071007777,2.780555590105878,2.711979530772416,2.6888028801442565,2.869113357694364,2.9003666039464258,2.6904943000374253,2.63780640800629,2.803536930310649,2.8176838458935336,2.843653257181845,2.7699485266314237,2.843653257181845,2.7699485266314237,2.588269579826822,2.6055560321116107,3.066932941693724,2.578081729511587,3.040942667066389,2.6790014938401403,3.096750841214524,2.663455944781919,3.0,4.103290886075051
audio_326.wav,4.0,3.2884344079602754,3.7902546308180454,3.444654308191735,3.705993751724874,3.513023520982539,3.6703270042740033,3.5329403141135565,3.61686230699039,3.3317808243735616,3.5065737571081677,3.3793586161368716,3.484006879109344,3.561488946847669,3.6722602691550095,3.638458643121231,3.839868353191505,3.8347105863191704,3.610615637248072,3.816569052341334,3.740143987682405,3.4689921292374266,3.4296378382753026,3.3204870848623975,3.3271165805146095,3.2772879441090343,3.3082117005442453,3.2772879441090343,3.3082117005442453,3.434835288960766,3.3426669514309366,3.7207894296776955,3.492574677790382,3.6799850731505654,3.6765658209856826,3.692004463010198,3.523400822298939,3.8333333333333335,3.3101851049813704
audio_603.wav,4.5,4.0127068004121895,4.164647901980743,4.400469498791797,4.140114769226229,4.305381450278596,4.085716126208012,4.219422733964901,4.10051275891927,4.5067731723484705,4.4342396045979,4.228414181140939,4.414621114231221,4.365625350184505,4.588373508584657,4.341901525337882,4.534848297823596,4.266650201555957,4.401224673999841,4.142547076016077,4.350852618301979,4.152469438384621,4.265637603646252,4.071284829647193,4.314869299067177,4.022093996663747,4.239929475484178,4.022093996663747,4.239929475484178,4.286537799884769,4.530334692387177,4.641909227055483,4.309673563210861,4.611443429938625,4.170915903680443,4.6620866645667105,4.318279906485526,4.0,4.175629971518014
audio_199.wav,4.0,3.443871213122774,3.7271933881029375,3.804816981786262,3.834505118318713,3.959435727176855,3.839319631343377,3.7482054816491623,3.6595251272746387,3.6676825536128397,3.6631426214115312,3.699076959619593,3.701177343788794,3.353429130100111,3.3928411721644327,3.705110040014414,3.720928333039682,3.5157769309179137,3.6386135944919302,3.6585405331358687,3.690590055840079,3.7978546504349957,3.637848228166171,3.831070675958165,3.779881565412889,3.736346406132629,3.847118793387701,3.736346406132629,3.847118793387701,3.5265056863574418,3.6782520241154715,3.2381749175957153,3.669167019415269,3.1881411500821195,3.7427501028176486,3.246737475692605,3.6727138331655187,3.5,3.310886656398937
audio_406.wav,2.5,2.9723899159734715,2.7999505697413465,3.263881251873651,2.8560727693844137,3.2553348693605195,3.0060747732636273,3.160250474099667,2.983271281450643,3.2679030946956407,2.911309817378205,3.475901036250201,3.291085839711094,3.3054066509030604,3.3510243134966458,3.0479281554808773,3.2121946877517353,3.251226136391939,3.305274241470794,3.313702922256484,3.568903075375502,3.3620967179392465,3.32050463938126,3.5255046001846733,3.5208052581779334,3.3793858229445903,3.377191089891204,3.3793858229445903,3.377191089891204,3.2297477544356794,3.354877402479221,3.633331605107756,3.855688389182395,3.440203634617697,3.637536420988694,3.6097388936554826,3.825899843760759,3.1666666666666665,3.240728203263693
audio_538.wav,4.0,4.386574518870526,4.030350429486671,3.299857186159651,3.0098445390067052,3.0252799074389003,2.8199910273089124,3.066871413346093,3.082360642940554,3.505519997812914,3.319431865377449,3.156291754328034,3.4188843909306157,2.991438469974446,3.270959955000663,3.0536650686515565,3.236080539602906,2.950786989724083,3.144640893217318,2.9270345602504606,2.9763435095362234,2.951864506126721,2.977735272217719,2.990615067549895,3.1840562466669984,2.871894967373232,3.1124590945353194,2.871894967373232,3.1124590945353194,2.8603440381033707,2.9656534031210153,3.218664043556958,3.238104821361944,3.240170470921752,3.210402148162767,3.2030870058600214,3.36440973762176,3.1666666666666665,2.7838737625319765
audio_631.wav,5.0,2.9896742951885558,3.5046851565981023,3.9356447915903807,4.0324171202721955,3.6694465530754528,3.9387844225294906,4.183172308453204,4.32294476324555,4.46380547176708,4.468093381881983,4.654119980193094,4.700373343046109,4.57751882400237,4.629910825158315,4.6241653264353415,4.564907817263069,4.573245651403902,4.603346389037062,4.589444909621621,4.7195578712198865,4.436271275825675,4.60731414953398,4.679937919761227,4.877141320457276,4.508799463050475,4.813545800067175,4.508799463050475,4.813545800067175,4.403448184734354,4.585804568464222,4.26982879520158,4.345253728488879,4.393211699316312,4.269154461291451,4.330808658155752,4.3608290126770655,4.166666666666667,3.715943488550329
audio_5061.wav,0.0,0.03901885273822655,0.014307025829844408,0.14227318078827209,0.0,0.0,0.12466333121074842,0.004322269755050012,0.11431279577101054,0.0,0.22556645586105958,0.014652830917349036,0.289513126463606,0.0,0.2859776106530321,0.0,0.3538478795512889,0.0,0.40305543980780634,0.0,0.2876754163592475,0.0,0.3385635310950496,0.0,0.36271966138352285,0.05212988870508539,0.35527287861877804,0.05212988870508539,0.35527287861877804,0.031778432416963355,0.2893151443001754,0.029099562506308258,0.004320718369457149,0.0911079744022217,0.00393357878335056,0.06639222517111797,0.012148529438337176,0.0,0.034239833365590736
audio_196.wav,4.0,4.745834968298864,4.272776691259245,4.641567412106596,4.394695327626441,4.4215477035480575,4.173502152600523,4.376352259242862,4.171622658796619,4.574920470620254,4.336271743780731,4.454749146267335,4.298264223192518,4.418742122899292,4.1963430714988155,4.306046735227681,4.16618728377476,4.593592076969455,4.5014540858589305,4.071123813285493,4.0715434602539124,4.1737359183631995,4.126973401257345,4.191505645201634,4.05353645183033,4.202544320153522,3.9186419256511216,4.202544320153522,3.9186419256511216,3.956039142289459,3.78414826074483,3.1182488231407883,3.7611517110108323,3.268214880213437,3.9664045716765632,3.4164473801710806,4.011635853933755,4.0,3.0728664370080594
audio_756.wav,4.0,4.049240134564503,4.099435566733061,4.238125354819625,4.1375050061379754,4.071895375637179,4.2477777684345694,3.927102768236722,4.222734497861133,3.899902764527073,4.154951338130887,3.980297447110143,4.15110489598892,3.6349270359807804,3.8530339061858556,3.7152472125672076,3.760493049211647,3.8047476882524713,3.920291033529285,3.6223856663726917,3.622561651376433,3.4466578695938437,3.603092707962748,3.5939158103813402,3.6549544259993305,3.708040524987777,3.65223187894378,3.708040524987777,3.65223187894378,3.7169713915496274,3.82376045017665,4.192583946197953,4.054779997574642,4.1616123587816505,3.9859520570952167,4.209388643731049,3.9966210312350428,4.0,4.345658379602983
audio_649.wav,5.0,4.897292035256758,4.870711153220684,5.0,5.0,5.0,5.0,5.0,5.0,5.0,5.0,5.0,5.0,4.785333851952225,4.8758749984041145,4.614129257308658,4.768688075535344,4.516267630574871,4.7894609011844915,4.470221810192316,4.6670740939175674,4.717200724231123,4.887741181430649,4.63624960564711,4.956649645275063,4.536460977689468,4.7590168368659524,4.536460977689468,4.7590168368659524,4.624814480536789,4.786198227522058,4.576852381233821,4.944658322030587,4.4943986719765805,4.835140083597515,4.537264675255385,4.945555946737073,4.833333333333333,4.196410717686948
audio_27.wav,2.0,3.643887456825864,3.035780464617641,3.586931642577479,3.214011262687998,3.231956034476314,2.9246942743778477,2.8348455889274526,2.756795146110606,3.225566260202467,3.1874702705927223,3.2964438692457265,3.2519450034612656,2.9627779252296804,3.050563455833551,2.852930561445845,2.913267912488253,2.718550074374353,2.855878675006283,2.890697109317258,2.92042126891088,3.0770887005614624,3.0965613136186856,3.3512502194419227,3.480680919441989,3.153593113165993,3.1159067097452637,3.153593113165993,3.1159067097452637,2.9284678388172725,2.875354089804151,2.6296114789928784,3.2505434580969017,2.6220122952584717,3.0446741415501806,2.6027046570116994,3.1164657828860314,3.0,2.97471280585273
audio_681.wav,5.0,4.0529087705580125,3.9557574016202808,4.571547305412956,4.044543559952507,4.53314784733271,4.184476405742969,4.50047261295465,4.217057527030588,4.531192337103776,4.264138392576895,4.793973667456945,4.368198653100452,4.643359494311201,4.234115040668743,4.672386179623896,4.298849028414119,4.430856751690738,4.109945551019112,4.569628604558618,4.0840706224721535,4.611384349634549,4.23484849294855,4.40250837872708,4.092318207429337,4.161247450479485,4.359332308642441,4.161247450479485,4.359332308642441,4.223493040857986,4.375755079965901,3.747588629728335,4.366287806685191,3.4356863790734455,3.9180798258917022,3.7491970009720816,4.150080717011142,4.0,3.433534309331011
audio_556.wav,2.5,2.928686071366681,2.7029152134303813,3.025405700624811,2.857700723994043,2.5807208549948157,2.546870859948662,2.702680573829167,2.7097729068372516,2.6400170941837993,2.860763107694949,2.8152587009838825,2.69546867251564,2.6038250318253784,2.579141804032322,2.9975263313238525,2.7285634237415084,3.119167955869274,2.989432985073892,2.813847965131758,2.717346520595622,2.8427231146118292,2.6361717463755228,2.9486320318904355,2.7034101480571096,3.163726259518399,2.8331133127883867,3.163726259518399,2.8331133127883867,3.0997378941233613,2.9154340169255217,3.6624182605188533,2.9672573341654136,3.578302358459218,2.9117299835975703,3.622607502875509,2.9886799301053553,3.0,3.608991801127679
audio_185.wav,3.0,3.7404051613089067,3.0885542878021344,3.584658147697476,3.399262358519741,3.225553218686993,3.423698190411617,3.5226972319350387,3.6078421577795816,3.548344638987682,3.5426243488010374,3.804697183448359,3.4644094358308237,3.4254680719574275,3.4093567115776584,3.558102750108258,3.3925582124773626,3.0276458587526296,3.1760005026014433,2.9743821267753816,3.2347686766369925,3.399159617611499,3.494850074322505,3.4175961291682273,3.4759224641340047,3.2530436441243515,3.199203672877309,3.2530436441243515,3.199203672877309,3.1281224072933624,3.260590212495156,2.9273189161524757,3.098025036454569,2.9596151789701444,3.0340156432097047,2.999977006839471,3.117345201574807,3.0,3.256977347220502
audio_369.wav,5.0,4.061980069452696,4.539865595247437,4.304168855201287,4.580223212695619,4.459015782550142,4.676532393818428,4.356223364225713,4.58123271097275,4.652570999651902,4.542140780542896,4.191525717422597,4.495493920215696,4.716434714796648,4.843254597305291,4.791518226520835,4.579731630559723,4.697414695773509,4.516401031212625,4.943626646618095,4.777743813140357,5.0,4.802582402334495,4.712170738185459,4.603862302511954,4.872459215877826,4.5199991314539005,4.872459215877826,4.5199991314539005,4.755715014793135,4.335108006337308,4.692254942854582,4.78053252797962,4.486662559503376,4.8272059560111105,4.577244956467531,4.848460528154763,5.0,4.098264158939116
audio_241.wav,4.0,3.9212877682778973,4.251503119182619,3.9774411873771207,4.241117622654909,4.70302775323784,4.588111342853515,4.593218687291953,4.7293348121603795,4.699509417166399,4.6796923998294515,4.426524261424227,4.534519675276444,4.449770933456663,4.3892418670299636,4.729449993661544,4.596244867811817,4.398204825213363,4.429922778339663,4.564165066719095,4.604893807581322,4.555670674238984,4.599162406074091,4.588974351371912,4.551810284643994,4.525769765860118,4.857027746082321,4.525769765860118,4.857027746082321,4.293808191056615,4.569425002441238,4.523786048967819,4.332331458426491,4.592623374430598,4.446146003549324,4.5901606852971115,4.360979948910153,4.166666666666667,4.006121639721344
audio_98.wav,2.5,3.039415172139807,3.196065737102233,2.796892910753986,3.1303267064449387,2.9496630811093585,3.0905654145332946,2.314602276781954,2.596786583685841,2.1602336864067824,2.460477415578815,2.592959698661066,2.655405076627497,2.6659766822613773,2.694165325717497,2.8102149656725186,2.8888806057297756,2.642048773547021,2.7812392223540443,2.353427835439169,2.4222077703119815,2.162832344969605,2.3286360368988595,2.156953617824674,2.2571510171344076,2.102025659018205,2.141031669719065,2.102025659018205,2.141031669719065,2.1504867921628636,2.2447705902401593,3.1812681021707174,2.6938529175627397,3.150165457029351,2.794517036758537,3.1486423752460433,2.7152717143490808,3.0,3.31070031891376
audio_389.wav,5.0,4.953187926774459,4.629982608707276,4.678916953009643,4.7102188919472106,4.999145789799581,4.838681542797431,4.784747329092759,4.737219855403925,4.9536522369075335,4.874273141547813,5.0,4.813176708334886,4.8686596097701935,4.786915947950286,4.953473016114373,4.781961358739923,4.9646069409781015,4.932894188856821,4.970882307092393,4.89903909886562,4.953891655439489,4.984778318237589,4.667374750261215,4.740433593740491,4.525760759814406,4.5704360135530155,4.525760759814406,4.5704360135530155,4.709492161452357,4.556204458402558,4.795786958806992,4.638445086242207,4.558378066309873,4.686794265898178,4.811284733086627,4.610331114098371,4.666666666666667,4.633068011478621
audio_357.wav,5.0,3.576063308288777,3.3928219569229583,3.1546852522898305,3.147345702451387,3.586162988286708,3.467697633392206,3.4271874678366756,3.4768058332425813,3.8596748378366463,3.5436970463196,4.611732422815305,3.7318548028077,4.095359668226252,3.8043598635750158,4.1588211004783675,3.642712895277583,3.6029703410503284,3.3038303696818736,3.1990635271007846,3.1007088870013786,3.4533362701094856,3.3685142644191366,3.6454535547391096,3.4347118112816717,3.6903765543017677,3.4243772896401086,3.6903765543017677,3.4243772896401086,3.6104969808096343,3.440969704675768,2.9390054862454806,3.2853950187561503,2.926154255155525,3.151556873011243,2.9194854608130125,3.2867164993018414,3.0,3.299554479575935
audio_112.wav,3.0,2.5161478528024777,2.525111055872315,2.299939553815384,2.7250207991349096,2.609554955396609,2.648353534156536,2.4466659224272456,2.6595371023282652,2.5795408495235463,2.568398114177168,2.8240703236787454,2.90870100822359,3.0805999937482142,3.056483163529553,3.0173160454080477,3.126644911603446,2.8231787929221093,2.9163700613079464,3.0110141025603254,3.0148418331748394,2.9705149453170994,2.7954159693610037,2.85757084242995,2.5656071207603204,3.0187132987272682,2.797899347173818,3.0187132987272682,2.797899347173818,2.579705281697706,2.457791768763667,2.3558093493725836,2.7600436782170163,2.4500703248770246,2.875612211874581,2.2891031001569417,2.7134189934208433,3.0,2.6862048211721756
audio_675.wav,4.0,4.395974980048218,3.9371073183775516,3.9740345654791738,4.144565843454655,4.098130254570348,3.9581117002180606,4.141656378110347,4.193809455856774,4.221912762051183,4.1899274829296225,4.145187850681728,4.198209656264228,4.013794386428662,3.998179666821823,4.051077848822751,4.201274976335516,4.2320351130281715,4.326193458249669,4.373934105985736,4.333959045695366,4.220977551246438,4.268091920869272,4.001294370881492,4.0693043011765555,4.323465001306491,4.288062695292315,4.323465001306491,4.288062695292315,4.430232074744305,4.240774020358524,4.128350936357478,4.566682358393165,4.175441118960721,4.386632810780404,4.183723909666523,4.429112717163669,4.333333333333333,3.98924531290726
audio_113.wav,4.0,3.34889720692326,3.6990054980292855,4.0296475313094575,3.9941967482426466,3.3303458621894895,3.925037860418622,3.53036850890985,3.9313420357039917,3.01726490585782,3.3926350369794243,3.0286087177632037,3.2958808181170056,3.6323984088334673,3.556362661045737,3.548404321150681,3.651577531251043,3.2722690559954306,3.2847586634392143,3.310138232998732,3.3714457940738938,3.335012176341229,3.3714072080954236,3.687306099395567,3.60983681085492,3.7331647623668966,3.731962515612343,3.7331647623668966,3.731962515612343,3.578442511697587,3.5639901071219966,3.334801255442716,3.7627010184920358,3.2109008410993547,3.650396014409978,3.348714823459739,3.7129086403408706,4.0,3.2320236262812405
audio_483.wav,2.0,2.6146899501927123,2.462049707367995,2.534553980594056,2.177323331855748,2.5024858495920084,2.238868103351605,2.676318195640665,2.299633452399811,2.420223098496083,2.2305908605251896,2.88254619641809,2.3191512551122346,2.7882301619795213,2.251399227784584,2.7611956586752946,2.3687471244237805,2.583985296629436,2.2723662477197446,2.890754949931571,2.4926971103243676,2.9226661082969083,2.535174664020596,2.7177203060033683,2.3273440201775424,2.7729091090359432,2.321862387317085,2.7729091090359432,2.321862387317085,2.51049413198414,2.263557666652528,2.76993652022721,2.879968396613361,2.7350748336369457,3.131012933757925,2.8095082674865566,2.862880190737513,3.1666666666666665,2.739353242404624
audio_474.wav,2.0,2.215284997456404,2.2269177623910026,1.8180060668798388,2.266635253771151,2.400385560214478,2.4191362756145716,2.3249949800844134,2.3251991586616803,2.362733527303257,2.413517859378317,2.4377401271280927,2.6337118720479435,2.473278621601443,2.406465131186359,2.2218554966142547,2.1433082108338475,2.329067552319183,2.2413588653252936,2.3579458518738226,2.293806204254927,2.5102140618050606,2.3541759379950338,2.5186256819377544,2.3760748729829992,2.5546079064390566,2.3266413575444456,2.5546079064390566,2.3266413575444456,2.771800835672499,2.482663093713058,2.653938338253442,2.830475366438218,2.4500308202927754,2.509661389870428,2.7297431476257272,2.6174933811702865,2.5,2.7137179208982247
audio_725.wav,4.5,2.9841271057837395,3.4070303972385383,3.9520594460689615,3.40954585501419,3.281221599675891,3.4000503957595876,4.130079829263098,3.6586345050809057,3.974594821573978,3.807218204818094,4.034138338553311,3.607785295128222,3.915745001245454,3.6315434159657105,3.6601762122526025,3.620993768734412,3.759152327430277,3.7894152747118746,3.8762458837475244,4.013020603920386,3.772025422004264,4.00380110981268,3.645159492388604,3.7677316602292383,3.555812653256135,3.8753444732356903,3.555812653256135,3.8753444732356903,3.8879393126742894,3.978949173365127,4.257831841105006,3.6798979022894316,3.917296169642323,3.876129356436897,4.190761486290682,3.798262266798641,3.5,3.8171999494178657
audio_774.wav,3.0,3.9539114069721424,3.127524348964927,3.8104002231456264,3.2987194204213743,3.5402025931865513,3.3748876416414837,3.5846304266474065,3.478132086747704,3.7151388102614225,3.6768820456693345,3.7622930624209032,3.6314122101935022,3.6136262243039536,3.615442181633193,3.7503242642687282,3.683940846930311,3.7199212965740727,3.789303869437599,3.7414751069612024,3.6512726057211555,3.8306355242314463,3.626780740309414,3.8758084619681568,3.7731538826907784,3.9343039670166213,3.8920499805764686,3.9343039670166213,3.8920499805764686,3.8279975416282994,3.7635935915855208,3.064538618927445,3.6372777303362027,3.0117319156995443,3.438704319917439,3.015417447886206,3.561882915940179,3.5,3.0116010089581695
audio_588.wav,2.5,2.6228644129805843,2.5689953293050025,2.792614508573378,2.5342907961789938,2.627081123355977,2.4409435057101865,2.305457366051223,2.3618346559761267,2.42979590615045,2.4009231578758174,2.5064100463094383,2.6693504384129896,2.7814677104465133,2.6244527307043586,2.974694170798424,2.9032740499684078,3.148322242387785,3.0672928157087695,2.656728642327882,2.5065832062061264,2.799808678183601,2.6720796658347403,2.8169537469374286,2.6698009414444996,2.8085179704293477,2.69732330397864,2.8085179704293477,2.69732330397864,2.921860212962599,2.8196609526888126,3.1830570958120714,2.750501056264256,3.186095997479059,2.9775457027645325,3.156269507790116,2.727868754991794,3.0,3.3703692107696863
audio_395.wav,3.0,4.092489729226927,3.908879058295383,4.020546099571495,3.8613609347919855,4.059226126961556,3.833907029635173,4.074790427675241,4.072317553028063,4.506189020688846,4.3459686249364,4.550306514209487,4.507134996831193,4.20934193307168,4.0778606309706245,3.9615494755678924,4.137333479509468,3.936868154672938,3.9342742453070234,4.035039550278069,4.0201360429797175,3.8454098757584796,3.8132260773931765,4.100899812767705,4.070821185708635,4.045928088106373,3.82210912630947,4.045928088106373,3.82210912630947,3.859077709070893,3.7086364397836746,3.48118769457376,3.6021127960408132,3.251722042599809,3.5986415360444357,3.5057262693973343,3.7030302394033634,3.8333333333333335,4.111162449836459
audio_210.wav,5.0,4.8341746658809495,4.912622536210451,4.846079512384057,4.841026572739101,4.829280005008198,4.9147122904649905,4.471667876497281,4.741639905440398,4.746537959206813,4.765648222228831,4.893782500544536,4.704277628574494,4.791424478588485,4.737874923327836,4.88377541938064,4.990579649007293,5.0,5.0,5.0,5.0,4.977865491495976,5.0,4.970199072675805,5.0,4.938856043170799,5.0,4.938856043170799,5.0,4.941562669483242,4.992757229839159,4.436019094018874,4.816754058001664,4.405187072025691,4.782778628340863,4.4803361181124925,4.832610263477284,5.0,4.168878352411299
audio_309.wav,3.0,3.018451771902649,3.378194367842641,2.997753755853529,3.1156007301335933,2.7656647995783517,2.9117822892968874,2.961560639626619,2.935171047600484,3.0857304714097396,3.020699451681118,3.094879868317641,2.8398037502053577,2.936205371361042,2.7530126861168305,3.0098024714602754,2.8190164488996188,2.851874130103338,2.6517998094076485,2.8537188293790865,2.714809528258616,2.9324465215672926,2.6658160699617675,2.75629355866158,2.536997769698776,2.9200085193788947,2.567224979410151,2.9200085193788947,2.567224979410151,2.941719201958304,2.7932182165640973,2.818582276404816,2.656421657857258,2.8572209931024646,2.7920141819352557,2.8523721202062853,2.657062922792631,3.0,3.52646241470006
audio_457.wav,3.0,2.86212031253177,3.0201635294515747,3.0066560644516316,2.954815435911899,2.799506167021969,2.881394776999338,2.859223380737026,2.8473250295041708,2.650290831677986,2.6819734297101863,2.608914288548203,2.726981472658274,2.608529848328787,2.671585328549026,2.663376162153287,2.6914171615636486,2.5274684127215665,2.567011162960178,2.8428051145476227,2.8650828005747884,2.7619091979644814,2.802266499206359,2.9427173147809254,2.9272196755460036,2.635478584810661,2.57623711573107,2.635478584810661,2.57623711573107,2.82126342440074,2.8175424472907693,3.241587697501599,2.903224801443281,3.244727902781501,3.104411859788327,3.2713159283403677,2.846853470610927,3.0,3.3954099842322716
audio_492.wav,2.5,3.2751021183411155,2.731527749299591,2.819532921211824,2.8745315433438345,3.128755000916652,3.000487241797549,2.931489352388559,2.8265275997829833,2.6728676208765854,2.7622972992542105,2.8831007770026162,2.7495130321041255,2.856863008248619,2.8038526257271035,2.7916617595088495,2.888730247056614,2.7259775112953712,2.6134391638203294,2.620301679974055,2.5475625590078104,2.9352537828916367,2.6207135942745894,2.7668299642940304,2.521157671928824,2.7066154591860703,2.5828364707831697,2.7066154591860703,2.5828364707831697,2.7093602325361936,2.6310637982916143,2.6412585579230754,2.8004912097593357,2.7887032877926803,2.795807437730641,2.612583832544591,2.8095949602273667,3.0,3.006345898360145
audio_738.wav,5.0,4.381701608635198,3.822301358663482,4.723146554494063,4.109073800971996,4.362282781531134,4.112186346898809,4.196800792409959,4.062673595977884,3.6929508050469817,3.725248034072949,3.8723249985001025,3.8040305693273813,3.8556470613309615,3.630702445330558,4.144226407600992,3.5304297181774156,3.909990099233801,3.7487700815993783,3.9764949545322223,3.873268092059256,3.8555750995632643,3.9001503881445583,3.957423395500799,3.691841270761613,3.750329618870193,3.6032717625118003,3.750329618870193,3.6032717625118003,3.893392161646371,3.76582158815264,3.548011180872249,3.8129150481400202,3.2620701413345112,3.655224774036501,3.5525360697447983,3.743617880358364,3.0,3.5945193952309595
audio_305.wav,5.0,4.682364703620141,4.9874082829555375,4.849393896186056,4.879079760912421,4.639454557224831,4.823347818041658,4.837027790418446,4.812679101628909,4.902156494500502,4.896182340338366,4.71128732839188,4.887052278871048,5.0,5.0,4.813107803905704,4.922488154390179,4.979492100404233,4.926769236778433,4.935067128161948,4.9500177503253795,4.961593164405559,4.970028604842795,5.0,5.0,4.992140488332212,5.0,4.992140488332212,5.0,5.0,5.0,4.86152966073169,4.854362708133905,4.762715452683811,4.871025898300436,4.885285686951708,4.932029412058669,5.0,4.591543328301043
audio_123.wav,3.5,1.6836981451497424,2.5887204585189796,2.48134432990162,2.582194135052832,2.62495192732417,2.613188941462434,3.244782510103272,2.8018808533208173,3.042098288248219,2.7956330002632175,3.3302483234234885,3.0029186765049847,3.301265403649131,3.2082873611393286,3.5333996986202787,3.1470209530373445,3.822498457980567,3.6350486818142946,3.8914505425155923,3.5233427281653813,3.8421347329223834,3.476005828583588,3.9564153866774743,3.4305796770217505,3.7977329897636873,3.373330328963826,3.7977329897636873,3.373330328963826,3.3787374741163707,3.22520187190441,3.205193820366478,2.9234424336740203,2.7487477067329587,2.574612641290617,2.951374031979393,2.7422531902827907,3.0,2.6486083111410816
audio_5053.wav,0.0,0.2219015222319308,0.03240777014513604,0.068532895085114,0.0,0.0,0.0,0.0,0.01608773447075018,0.0,0.01323218799717655,0.00028236877844663627,0.08854865257191176,0.0,0.14328130707899053,0.09423959354558671,0.12655862895981138,0.2004462273804172,0.09692947357873116,0.008557659316032437,0.1287348274087837,0.004860740778220851,0.2654107441993503,0.0,0.22285952294402853,0.0,0.189278284906322,0.0,0.189278284906322,0.0,0.22619587463878035,0.0,0.003717166629445079,0.0,0.0,0.0,0.009786951726269763,0.0,0.0
audio_89.wav,2.5,3.0144196699595693,2.7818264481967727,2.686668476082153,2.728093593908819,2.455949673092428,2.642133246205004,2.5385490709815715,2.7914828510520024,2.679135520086671,2.788158311511062,3.1840513784949054,3.0613198002738558,3.0439410126266275,3.182216964650202,2.710008552635053,2.8743225988948846,2.9734125814641565,3.057974317013579,2.8326837155090288,2.9390828253571617,2.766726849559356,3.0086074606525854,2.6020809939399645,2.831318183430101,2.744355824767616,2.936204275263384,2.744355824767616,2.936204275263384,2.4844530309814323,2.5838992173682005,3.010289301852795,2.6366032933386383,2.855833775199859,2.7383956155930615,3.1059149571214753,2.688532972697777,3.0,2.897212560066373
audio_747.wav,3.0,3.2175072256380566,3.1724465938147914,3.33930909783381,3.1330813317366064,3.17745583461795,2.921013321690472,3.2486376050062433,3.053465743300471,3.1382456292187206,3.0751849429856066,2.994596175761432,3.046874327601723,2.9628160296719215,2.98694873403918,3.0090372127248473,2.9727836914538606,2.9622211843527873,3.012753782317849,2.808487459489974,2.9069187257948585,2.6886925882665245,2.79138608213758,2.8660373564156143,2.8731270162105105,2.8577696912015313,2.963366769772502,2.8577696912015313,2.963366769772502,2.7782893084968223,2.969522800922974,3.1426265851401194,2.8272923404056463,3.0622323141810743,3.0352980347493337,3.1189823742554963,2.930178396021269,3.0,3.8338409423928077
audio_115.wav,2.0,1.77603470410099,3.029783185617978,2.0336251279601463,2.615498918010845,1.9845866750798062,2.8025396177396673,2.4363419304583607,2.441012132903801,2.332866473649394,2.5572318511221197,2.738428075993015,2.67615771648781,2.7200496087091763,2.4910505099943134,2.390143948864542,2.256101129534678,2.048545881665573,1.9649799809782333,2.4315104524016826,2.232475914057687,2.5232653486665044,2.144901845076632,2.4798975847302365,2.3294624587992194,2.6712090628777823,2.3954957850698517,2.6712090628777823,2.3954957850698517,2.3964376751306413,2.5473483527428793,1.8537901557403869,2.300603610311066,1.3314537561774762,2.1676828457590975,1.9761864657187582,2.385784145028513,2.5,2.2844673223128944
audio_235.wav,3.0,3.2245750634820607,2.9940828979145455,3.2728564329406815,3.0421106141962615,3.3325441529360504,3.012561052600914,2.867181506939574,3.002166172451812,3.433037315824929,3.184726472088401,3.384073775451276,3.292936355567426,3.379739500586677,3.397194024407083,2.97576864093535,3.0019011445194956,3.04436680612413,3.036705683875508,3.1506217999980226,3.063985854713079,3.2497388846903035,3.0767853227068898,3.453523612595451,3.068945399400937,3.2559116352835638,2.942522052722822,3.2559116352835638,2.942522052722822,3.0123276743939247,2.8653159120878957,2.4698631865380465,2.78153896546125,2.4565051368587407,2.8125160724503253,2.486842085086816,2.736678103509934,3.0,3.1098889712461806
audio_414.wav,3.5,2.9456708166577346,2.99595461944115,2.7091113768640196,2.8305853353250536,2.8453877186954304,2.9826178772296594,2.9218031906717563,2.96830741666346,2.9116938074858325,2.95848147388296,2.584603022194397,2.7663211981836624,2.575172488677088,2.5741827702483593,2.8949539233123622,2.8247805076786823,2.54463319426312,2.4795269527604926,2.7549701203889065,2.643800498784981,2.5308831742277182,2.5949225848241784,2.2589256019305943,2.570985174970087,2.2367851239539185,2.45176944185839,2.2367851239539185,2.45176944185839,2.342780745890476,2.4761295142938367,2.9999674888783923,2.768327952781965,2.9705130297078264,2.7523198832430773,2.9748081858243123,2.620557095856514,2.8333333333333335,3.449647396774625
audio_56.wav,2.0,3.16748018338226,2.7296795177552533,2.8417205996635357,2.65200146843878,2.7843944704304016,2.92827576797191,2.799054609004544,2.865156818502305,2.8245066408773116,2.930896414651935,2.905492447573937,3.177253958174546,3.033062079671012,3.192131969856965,2.898981336822676,3.0366087118643375,2.654995395988798,2.6672182571668626,2.703717847804603,2.830754298535183,3.0027621470544923,3.104193128154441,2.9635779882679323,3.0926660980907577,3.071806048691624,3.203068284997208,3.071806048691624,3.203068284997208,2.921903806268348,2.872270889781594,2.8390021842072692,2.9605053801179833,2.9301009655431147,2.9630508360062624,2.907399329167614,3.0256811694508534,3.0,3.208321759947811
audio_43.wav,3.5,2.3130233269919556,2.562195763881823,2.4409023014628466,2.6300346257905534,3.087078776514737,2.6776553642591163,3.1575975531740297,2.8618000283542755,3.322872729117188,3.392490454766664,3.8781671650699057,3.805348477279457,3.4453144254886694,3.5290288185054366,3.359970827519778,3.4881279364941435,3.4176369501845336,3.6413319792711256,3.6850411197689543,3.6822879157947295,3.4386154650425156,3.599232935411903,3.3924127940561384,3.5348764085761295,3.4692005609089507,3.6355535007169055,3.4692005609089507,3.6355535007169055,3.4977955665992435,3.5192310752837215,3.2294839409746605,3.427061570280187,2.820623553651823,3.3563092911914425,2.972023802346604,3.4641628261547246,4.0,3.0071098283320263
audio_394.wav,5.0,4.441646672485613,4.691394913690257,4.618851581251725,4.776550883986997,4.938206691507119,4.861190781472884,4.637056158704852,4.760840448320008,5.0,4.9963150440917055,5.0,5.0,5.0,5.0,5.0,5.0,5.0,5.0,5.0,5.0,5.0,5.0,5.0,5.0,5.0,5.0,5.0,5.0,5.0,5.0,5.0,4.999611823773606,4.981474901013141,4.9693891724361094,4.977301405444236,4.989065534748438,5.0,4.8144508342840835
audio_423.wav,3.0,3.5734805506079,3.858342869515663,2.7765347794105515,3.3358267788976463,3.6525592955334436,3.62637134947842,2.8929646331006587,3.1112935924043517,2.931237967660992,3.219316131819807,2.80695465887402,2.9986862467494917,2.8536446558740654,2.8982924453495826,2.922980763533958,2.9672146508784496,2.713565777343039,2.8797086928375983,2.9284882938757044,3.0414499052892174,3.045553809744069,3.2641069645394296,2.904715514428945,3.0400569310240413,2.7950775667269774,2.728479547958829,2.7950775667269774,2.728479547958829,2.76962779597679,2.933160675075188,3.72523586440596,3.48006468867942,3.526649390823716,3.27377768292474,3.6635796083209535,3.441882912167364,3.5,2.932767775513834
audio_579.wav,4.0,3.596644309789708,4.007815840565273,3.8141178571764787,3.779263100232795,3.725667529982895,4.01275959468217,4.293517734825296,4.412409823348123,3.712413351016647,4.049681841298299,3.7480319237425834,3.869674172057421,3.657277921875119,4.017956877069296,3.8471929322324283,4.157615951267839,3.676909464995287,3.9600363685681503,3.855692048682911,4.187710922117282,3.853187183937147,4.02341532222986,3.930154797396929,4.167946411866832,3.822749822020756,4.199809145572144,3.822749822020756,4.199809145572144,3.9247568949157814,4.145751860871381,3.678593354386433,3.83519541556729,3.671360055322939,3.519297742148091,3.7409715827828927,3.8107134037701926,3.8333333333333335,3.7571652741232993
audio_172.wav,3.0,3.2134001580469764,2.74489576893189,2.9944502628065606,2.8708958763591297,3.0375309480359607,2.782836169221664,3.1518361484639748,2.7432140705428085,2.9660069003464002,2.538927462224334,2.9420570194419917,2.7576993916652643,3.09612054273505,2.9713947691542195,2.628776648614713,2.4997271438971733,2.6833208617727706,2.5771262910445443,2.7514092305814475,2.7097656407908066,2.9114346176182964,2.7781796590452945,2.9803546418951385,2.788918303954125,3.0858426736618547,2.9535145432076035,3.0858426736618547,2.9535145432076035,2.988795026257724,2.950929228425522,2.78139863290339,2.7404248612885236,2.81565541401784,2.8182278369866105,2.7783858058049162,2.755547383058005,3.0,3.426823928073245
audio_144.wav,5.0,4.281424109211479,4.390844567262591,3.8749226446481244,4.167358740543116,4.205492797433932,4.273843290024524,4.138843799841209,4.141415526942821,4.14448610772495,4.350136631601082,3.6704842360643766,4.199894601276397,3.8851664213001365,4.18448476960333,3.6053804827809244,3.868885901523038,3.992339576502902,3.936504701677698,4.040321824199812,3.9075565068084597,4.350010571772374,4.0147765081442275,3.988088983848826,3.959433758119159,3.9814444991049776,3.99670180294982,3.9814444991049776,3.99670180294982,4.077580768893698,3.8650057775692317,3.9562062081646325,3.4804308958916788,3.500479747496622,3.1005312141575936,3.7982587130191052,3.2900889491496295,3.1666666666666665,3.526429696046435
audio_151.wav,2.5,2.38280196186299,2.8777834067419916,2.211152639798714,2.609007741027765,2.2184703955235388,2.5601203973524567,2.444786911218394,2.587466254598911,2.5381764544781116,2.598301301429195,2.4577670313143427,2.6262674488586013,2.2547217714066172,2.4688522270540374,2.289628459952438,2.5655311383812993,2.510815009949884,2.6082496779616737,2.1751835963992403,2.4277741629338494,2.332024930768359,2.5744168584059666,2.2270266788596538,2.471838553260922,2.365199942438589,2.650944442924694,2.365199942438589,2.650944442924694,2.332987971594337,2.7127511724188516,2.3513892378285792,2.8099305601808937,2.514641553552418,2.76877101371444,2.4775395227263926,2.7235248319514285,3.0,2.7218153543015666
audio_65.wav,1.5,2.0943721454025104,2.8947938612231083,1.8104793969330826,2.69969290410624,1.9321477496292718,2.7826890018977104,2.6376817654426534,2.7905433694514916,3.1195057865919655,2.998002040915548,3.041167246786202,2.8943508633197594,2.3894967294105345,2.577057609660178,2.2326378380653775,2.367704043123605,2.1546015102939986,2.501415107362557,2.520721131889341,2.642755237542614,2.744474803726399,2.6996160262634383,2.678996100746147,2.7387269417399693,2.5940611156113094,2.644552283739685,2.5940611156113094,2.644552283739685,2.523149863218139,2.6052158138234467,2.156244526870228,2.4602862044041482,2.132162817271079,2.444708190508147,2.1200065726383137,2.549961740632797,2.5,2.664332400789848
audio_481.wav,2.0,2.7422966461067397,2.9060873073081717,2.5310258994659445,2.663443678760346,2.7240006220264257,2.7638615065256134,2.550981226087427,2.5224553509325123,2.9125209091728124,2.8418624636472187,2.7542063739883464,2.7657064088180108,2.8511169702129426,2.7408652322376352,2.7635032464957994,2.5739336783162514,3.191188978314526,2.9537209616848066,3.2606633410063726,3.136907986734476,3.000867781262672,2.7809052504268146,3.1024463621778158,2.7701683869614264,2.8802914247244877,2.6097613743803305,2.8802914247244877,2.6097613743803305,3.0961647682404725,2.7530346660762803,3.590691170227613,3.25396017703708,3.5113532535018597,3.024160790567798,3.650512145663811,3.239461837708425,3.6666666666666665,3.0146572074723483
audio_262.wav,4.0,3.437895973464048,3.6930743705633566,3.434339358677208,3.593862976203358,3.3150046292060513,3.4838664459867066,3.386625864357196,3.471026430494998,3.8056711040807296,3.856457026221627,3.7559965087846083,3.73504871799082,3.700611709050346,3.7839128763441052,3.6190199912585688,3.6566507320875385,3.774145249525079,3.625944679168031,3.541676092626529,3.43247598329121,3.616714282005875,3.554220149582807,3.6966088237127988,3.7238281259806443,3.5766004534755793,3.729898755743586,3.5766004534755793,3.729898755743586,3.5909480311505235,3.739266132081878,4.04516541010148,3.6723336284871557,3.9567443962107336,3.4077467702307693,4.046486614542348,3.525821121690239,3.6666666666666665,3.969039511574602
audio_229.wav,4.5,3.9450925824228356,4.0908255244366485,4.047103182652199,4.166797592525588,4.4303714545679815,4.369467293293099,4.129950149709718,4.073478892496651,4.079802499536682,4.177089790131624,4.146578187405031,4.36303175665483,3.9584115980156724,4.21379661214928,3.9590561736826166,4.267950911637435,4.0910329783489665,4.2883327093181505,4.005107469102505,4.290924214455547,4.088257326947015,4.391312461592542,4.122056433497758,4.182130787216164,3.8596669117591005,4.050846590321715,3.8596669117591005,4.050846590321715,3.9687651624082956,4.163711258823759,4.752481058489284,4.386344235834131,4.688458074283276,4.387557187020366,4.7480859501117125,4.364915310311999,4.0,4.303858776267739
audio_22.wav,4.0,3.501381513446212,3.3717275708089716,3.6263546728235725,3.254373741182828,3.5989574563806195,3.2240633691074456,3.874147194452188,3.5318740076340958,3.974613359948694,3.600752638228513,4.1202366760738895,3.832214223166296,4.365306580250251,4.069390737158899,4.3710012160735126,4.069516016070964,4.4648277949763155,4.0315478626362085,4.087479588443595,3.739228280260367,3.693493524485915,3.6737097374834526,3.8873121020908186,3.6824665076912573,3.8753406248138553,3.565942550088012,3.8753406248138553,3.565942550088012,3.469057872028069,3.2930849922639673,3.2739528102665916,3.4067841701023807,3.3151902620506415,3.5616316471786895,3.2991533418624215,3.431242197026036,4.0,3.4302215826075
audio_434.wav,3.5,3.213975751470032,3.176436725353382,3.110030412047802,3.2144130898831302,3.35439890469096,3.2299696109361675,3.053694788453932,3.0515859431558163,2.9575698778983797,3.0237204543087763,3.3250907484808976,3.364603809725528,3.6213046514701865,3.6584475070426783,3.592514823003642,3.720111047272192,3.4750779095995923,3.5919726923335644,3.206889411966763,3.3158110476520464,3.140283905161667,3.2497039860606596,3.4056629418807804,3.543955134116326,3.4282550344380383,3.6588965982041306,3.4282550344380383,3.6588965982041306,3.4742302637969176,3.623491656829323,3.100188586507432,2.964345940897641,2.949368213445799,3.063455569823605,3.1298140613225676,2.9691447886844746,3.0,3.21904272609803
audio_488.wav,3.0,2.9875839409947447,2.776227936831914,2.735900007321554,2.7403939866633387,2.9581088804604234,2.8535154036694887,3.081219065928117,2.971315539375846,2.8666866727373623,2.9219574496838447,3.519701035091663,3.158210676041421,3.197849141202092,3.0349873304459014,3.2458833721443856,3.277768506649842,3.2052556366810285,3.156739614430863,2.993173162432902,3.0654081394156543,3.0448272984322813,3.1032480046228037,3.2669747074758337,3.2004701995351126,3.18530588425204,3.0883828963708027,3.18530588425204,3.0883828963708027,3.0572179360026066,3.0133545894026095,2.877631363088536,2.9313135859327093,2.839441422037264,3.105928375399498,2.8342191497425198,3.099936995790831,3.0,3.216267817353918
audio_439.wav,3.0,2.5475392650755952,2.8372561374872465,3.1040178898194726,3.191183879370431,3.306293085216469,2.9927870734400037,2.9680480616284233,3.0561698840671583,2.7758287506639205,2.904559248351925,3.3196555357906483,3.2406925958510775,3.1103254904408395,3.050265009272261,3.400404872074438,3.0426159360981266,3.570772419339845,3.1780909562493243,3.508498188505541,3.1411911611769816,3.4363112873724067,3.347491582122968,3.370179988025894,3.084409487360096,3.3010392220552505,2.9326647209899086,3.3010392220552505,2.9326647209899086,3.1951928309781152,2.8887722158491367,3.512188919979598,3.1814491464714822,3.3846138503763448,3.1479911311452935,3.472257948196592,3.280667482954763,3.0,3.721913614898611
audio_160.wav,2.0,3.612154793896002,3.198495195798195,2.8408653166580926,3.026334606553054,2.839024458297306,3.0653647397756045,2.5658955459393407,2.6901892792458404,2.632087832953304,2.538819354520144,2.9865650380134334,2.6605248585899477,2.7555528401090634,2.578254662187355,2.556729217409111,2.390072654862615,2.4156625967942524,2.3309469772839693,2.529146077926554,2.4011627941892257,2.4802987839173825,2.3883898381710744,2.3861653675387853,2.1971430281184827,2.535919316763863,2.1855241475383473,2.535919316763863,2.1855241475383473,2.5200907498133556,2.4613085218689785,2.9732069141555413,2.6488545890275437,3.0562201348554967,2.7647973474785577,2.9922935538974067,2.6582436032432875,3.0,3.8939152497691425
audio_594.wav,3.0,2.7497955726469763,2.6907351098361705,2.432523165937098,2.8618884131668025,2.423337757925823,2.6068710523510363,3.2201804437218633,2.9908920786852207,3.0797585368018034,3.1670981553006405,3.1202642884114553,3.041081837832925,3.180337277189396,2.9591910949685634,3.334331139451974,2.965998722780165,3.3400983746129094,2.908516579666118,3.4510503616426003,3.0729650184967663,3.3439567705791373,3.0695740270750718,3.256575439547935,3.028895565675229,3.4611289779448122,3.2695382007423466,3.4611289779448122,3.2695382007423466,3.4677144119012495,3.1800824932309024,2.9773342671200016,3.1333612192754927,2.9586943775552537,3.032540316240907,2.8292446454236537,2.995648654590911,3.0,2.6314013268914764
audio_651.wav,5.0,4.573212739381021,4.706530589484191,4.339282000345979,4.8276925453823045,4.211222180023849,4.484700246945839,4.513913185613082,4.676082441364947,4.884546252998611,4.760241507542441,4.8121121822283675,4.765173201765274,4.60812071614539,4.717076297040131,4.67549770068669,4.823079041725033,4.6779278532009565,4.909350374510656,4.485164866627923,4.593884183331661,4.567445882467611,4.680836635943307,4.615630490461688,4.755590231789801,4.474191579238863,4.672638240894971,4.474191579238863,4.672638240894971,4.547592959143301,4.71181233228286,4.5925847526998735,4.861015438536817,4.541137574770285,4.7917853555883,4.6459938034878965,4.8668971138093475,4.833333333333333,4.105360104393373
audio_569.wav,3.0,2.7171111297794006,2.798547624171215,2.4660163401386215,2.656293955431225,2.365919766023207,2.6399324521111227,2.5860221914595876,2.7177909577020247,2.4282203638211937,2.699085211971173,2.5910980811847293,2.674588524971476,2.274795469037352,2.4247630073274777,2.108730454692854,2.1967609353081565,1.6608233874154126,2.043965651202917,1.6890643847888525,2.110135657476057,1.7309626340404105,2.199289510664817,2.2426818091188827,2.503640671739914,2.5609279627961015,2.7244715461593376,2.5609279627961015,2.7244715461593376,2.544257348883528,2.5175862983587862,2.7832249630281343,2.711698062468074,2.7699349740012735,2.6119085869391117,2.7629985908672183,2.624682675254699,2.6666666666666665,2.738698901477136
audio_440.wav,2.0,2.262305234796208,2.066733814531427,1.9564001208541548,2.1060842618274496,1.9209007254924755,2.077877857075966,2.278246220272408,2.1332022225861915,2.1789143464064087,2.037578857292637,1.93934473506901,1.941861624679757,1.9661619852097212,1.9545376251578475,2.0944489847735714,2.0947520473662062,2.0030066079072637,2.1034048221465347,2.097066317261058,2.241076474608633,1.9027684287039264,1.9942310897600486,2.3631295778354384,2.0956599521426478,2.0976270687189813,1.9062243292284606,2.0976270687189813,1.9062243292284606,1.7805532267850976,1.862012975932622,2.3196030595177737,2.314824160225407,2.382241255202111,2.2979807041479083,2.313103492023279,2.252010631277555,2.1666666666666665,2.6353866722769035
audio_658.wav,5.0,4.09207435980977,4.504069641755355,4.359163562346038,4.570078409610793,4.307024816132719,4.499666493001853,3.863484215031903,4.398127075807623,3.9468093347206694,4.412015410938345,4.346379429810737,4.581764829008485,4.43676394314622,4.63793043059473,4.826110262110551,4.825207695336881,4.917871115437368,5.0,4.928261886409648,5.0,4.996715802349739,4.999230065060627,4.865814733656927,4.902995944263379,4.692772821427225,4.96865853399921,4.692772821427225,4.96865853399921,4.587020797761316,4.781685124861375,4.383172274607115,4.741176923312195,4.424375643005772,4.80201594512383,4.306569889029763,4.666073295033222,4.5,4.059674385231706
audio_274.wav,3.0,2.7210721804991436,2.784652543066361,2.634674365997869,3.119796124752202,2.8240617147026406,3.002335404597339,2.849283807409462,2.9281693028775115,3.2188504498306387,3.3740419825672117,2.959431711389963,3.1352862088951152,2.9797350973116488,3.2293102264696425,2.9475087490600953,3.1389223538656297,3.0434700328316864,3.2597048494803116,2.8413508060443795,3.1273038072725186,2.916299985916892,3.1098382756611365,2.952319936356853,3.2261597034676863,3.1631632852870255,3.486153301835986,3.1631632852870255,3.486153301835986,3.281581104583919,3.4759062882731246,3.2539685361676596,3.2523159082443205,3.2814781558660964,3.179243463753067,3.291920260365614,3.315984750476743,3.0,3.2084642213813264
audio_5065.wav,0.0,0.08321277201410959,0.0,0.0,0.0051964194501138055,0.5925564666164266,0.0,0.3511397029795435,0.0017173661041497053,0.2134546184034211,0.05854629272934497,0.633316954258159,0.2803044991766403,0.5091190491827065,0.25287725109845366,0.2880098702405838,0.08003594725561802,0.21160448887772945,0.0,0.15448769758544842,0.0,0.0388956792055312,0.0,0.08822902949524088,0.0,0.25284660953663085,0.0795089010849146,0.25284660953663085,0.0795089010849146,0.5358075715223231,0.038465722439911566,0.009976345476975635,0.03620869967891068,0.37126303938358823,0.17871648085882164,0.15141729709953541,0.10434756931821121,0.0,0.0
audio_158.wav,2.5,3.8183613719639893,3.3366860109734495,3.6727496814684373,3.365553649215874,3.1122045153151014,3.3725329694782835,3.273550216349894,3.3708488612068668,2.9598673672234797,3.1145260988829935,2.796650435637335,2.9181280516556356,2.9374788108676113,2.8111626537793755,3.1325367078998156,3.0370397232913784,3.150433184554434,3.0072863299792822,3.32333527555643,3.240410770931254,3.4065371084662526,3.2641414173206678,3.374857654910759,3.208867119808405,3.397834572214405,3.094122266900017,3.397834572214405,3.094122266900017,3.246205629530056,3.1280544263188363,2.8560022676626375,3.0431844933851373,2.8290960260261286,2.999328317149038,2.7858093421623895,2.956666911537244,3.0,4.037924027500551
audio_493.wav,4.0,3.1000151412665464,3.3273989622683637,2.8799674942428592,3.2055262202249026,2.5080192263480323,2.8919183536305977,3.147979288105834,3.216976157124691,3.308792921816906,3.287090212430639,3.0898645195178855,3.196008404053222,2.820080726374089,3.0967087177615835,3.065881093400511,3.191499954914711,3.1761740466870876,3.1731325395298184,2.921047424479404,2.947178248847442,3.023136131409918,3.017373810604175,2.9026866068995987,2.920662573867548,3.0200477893020063,3.0719251040880313,3.0200477893020063,3.0719251040880313,3.5266959925586345,3.415106568796992,4.584006646119921,3.816229512997429,4.683917088795493,3.6135786787137403,4.575920018021854,3.7909733738159193,3.5,3.6219610290339603
audio_646.wav,4.5,4.336462927056133,4.352203901087463,4.622058591230968,4.508667118971627,4.488687139599437,4.392003326305766,4.618663667203624,4.591006781781298,4.586062274174392,4.546742093759651,4.556200473056058,4.585104351525259,4.261644963893977,4.330957416812429,4.367656295403829,4.224742122735692,4.378977731446508,4.084194880331826,4.354135450613435,4.147873208689373,4.216695898201329,4.136570196685763,4.341954097403158,4.260349450204722,4.537650534460792,4.509491081265192,4.537650534460792,4.509491081265192,4.79534639656045,4.558246128816826,4.508744158413532,4.323054044865697,4.466391441903891,4.114704251265451,4.540631937114675,4.334337200517035,4.166666666666667,4.149186855819716
audio_64.wav,2.5,2.7378068485674496,2.7154147182654227,2.1475130477913105,2.686617409717362,2.5652792004160996,2.5624113313255212,2.6159335783086894,2.736745362077043,2.227701330851149,2.2818121332422105,1.8308797504906307,1.8718880432648335,2.2707813698564485,1.9274527937338253,2.000485224334271,1.6644343736841984,1.9443033207173457,1.6176281560502879,2.0818804933959343,1.784214899288579,2.0673591987552413,1.7495235309494073,1.7454647961768643,1.4851486276212924,1.9429425112804093,1.5893850163918966,1.9429425112804093,1.5893850163918966,2.376262629828147,2.1257025265855494,3.1902169258131643,2.6108789211126284,3.32484987602191,2.8397329195967873,3.245733550977084,2.5128236997257267,3.0,2.739574155690548
audio_451.wav,2.5,2.8145530209142677,2.766429574963791,2.567286588838143,3.0260478015294585,3.0023379654781603,3.0258737984657915,2.5340136277206287,2.740907241525909,2.4010005370451846,2.5505452995526876,2.413561397816482,2.396334691816043,2.3608678152741436,2.277134429273517,2.230029116661036,2.2960671286792773,2.025161575065185,2.057752729079054,2.3864570967488423,2.1320849624496994,2.4305578714131566,2.2616960553955625,2.5560962839693837,2.48574601932694,2.5532738434680584,2.4088469050809103,2.5532738434680584,2.4088469050809103,2.4636263485605494,2.476024456480369,2.3268379327738624,2.390473562727513,2.549595815811331,2.7468221086571383,2.3534910391212267,2.3615753524578715,2.5,2.853799504019843
audio_277.wav,3.5,3.9631514767237306,3.6720374878977715,3.6101448395385614,3.493776616244728,3.8151309661921,3.6084303436146157,3.4599791054701154,3.23490134971347,3.3017116776964706,3.2221245148093303,3.2606676639607888,3.3015735551537717,3.2090005346454706,3.226061705149002,3.2425499057818743,3.1634070551464055,3.103958797708923,3.0419162509695323,3.314225468456545,3.19031430755718,3.335470148675986,3.2453980491834113,3.3969774227349885,3.305839167614185,3.4882184822794016,3.32782317138563,3.4882184822794016,3.32782317138563,3.747816418552891,3.588387691814732,4.1469888091645,3.961514794328306,4.110569355658243,3.8993228992392215,4.151708816376908,3.9275650766103936,3.8333333333333335,4.064088638611306
audio_491.wav,2.5,3.068832654463918,2.721494971471705,3.041455914522435,2.9655142628208426,2.9111983214840937,2.8613543929963643,2.576499411895873,2.592161436880736,2.662666638921873,2.609478627831743,2.22670748750864,2.4047870771931525,2.244995601835725,2.2793659689620838,2.3748909589305605,2.354934224443628,2.4334038525008235,2.421961072091334,2.5430604252061317,2.4780109287026466,2.557613111407607,2.4376102342431074,2.456836367432919,2.5288128709446336,2.57507952292188,2.5118517221075813,2.57507952292188,2.5118517221075813,2.402385694741688,2.3876731816484975,2.4278418230067715,2.514964182188874,2.537113429952929,2.6273197282700202,2.385945464444943,2.406332788812024,2.6666666666666665,3.2372325423138637
audio_52.wav,2.0,3.153309652997404,2.723810933045558,2.6791212354610203,2.6996902039864588,2.912388187219087,2.6499569101334735,2.9492196115288984,2.6333767657016156,2.8240673569569985,2.8330176194428858,2.972281943890328,2.7776455953842194,3.615301572860188,3.2480596560432207,3.9414188114969093,3.642084062988305,4.018917221575987,3.561166437995963,3.718254216745619,3.514666165135418,3.4276341018264915,3.239520648786906,3.3597798714025333,3.102518228617825,3.358774718597909,2.99923051184021,3.358774718597909,2.99923051184021,3.189600724058033,2.854997035057533,2.9734877650201526,3.0950874495698266,3.299432501723244,3.16465016666494,3.055911878413499,3.178301574347483,3.3333333333333335,2.8572026025333126
audio_743.wav,4.0,3.8120402682256582,3.669209394873571,4.131762689797763,3.9911420355984752,3.9291686314656675,3.8242215380604256,3.73568669211301,3.7733729712161406,3.802538811769645,3.8624133990682217,3.823499614918249,3.830395792860708,3.5865054484603065,3.67089207615606,3.741792407823578,3.9169958534988987,3.804925895929353,3.8434002072123903,3.866471722715269,3.7697170958296264,3.539431292620247,3.6253076166885347,3.8909378699140604,3.755736981180163,3.8468562285144183,3.5612796523113324,3.8468562285144183,3.5612796523113324,3.985783202278908,3.699773097088715,3.756576442208706,3.7842462080817505,3.7700711829660647,3.801718789653476,3.827991177116352,3.9048942272895357,4.0,3.8176749067632856
audio_243.wav,3.0,2.69789035420002,2.839450091992726,3.072175163768654,2.785296821979768,2.6814523529098437,2.884971675602205,2.290301054258988,2.7556163669642424,2.589087980536006,2.6445369773322933,2.1122827248480758,2.585340337123873,2.878178888498908,2.67159596812154,2.2381834770809728,2.474894481817309,2.6393420769814555,2.563094254511617,2.6141687643729976,2.5723399305310806,2.4281780138607263,2.6339260441764902,2.2170749244454586,2.5892406108010135,2.072506221272914,2.6048673393214967,2.072506221272914,2.6048673393214967,2.4376896679666733,2.5959624776698185,2.7439403603378376,2.8750462451650165,2.80215308669094,2.548489000119959,2.7420466893669526,2.747506865052473,2.6666666666666665,2.716075435314552
audio_661.wav,5.0,4.6677728939606355,4.916542917960175,4.646329242190798,4.419259880028261,4.460064108525223,4.619432422447141,4.249186707851226,4.274923706068704,4.79578181979819,4.751946210187516,4.677416481363308,4.705745333496404,4.327812102777451,4.328695932079175,4.371764153996097,4.38735661474156,4.604625431831901,4.630478848342886,4.765946898283075,4.679245674104987,4.573180513277495,4.492886019805783,4.565404762502667,4.560716423434706,4.429865574396351,4.4675846477221155,4.429865574396351,4.4675846477221155,4.741973530292826,4.734739994803964,4.299028008419103,4.337801870437851,4.200147503903849,4.488139374440909,4.248543844589176,4.497544845814583,3.8333333333333335,4.3174561536020795
audio_456.wav,3.0,2.856250083653469,2.8506504930417393,3.1602632723765414,2.893451829156158,3.0971470265621988,2.9174229079816327,2.8672362251360712,2.9875409006414606,2.788889529962166,2.931863526402912,3.018592076789753,3.014780878729148,2.785202405959483,2.9170684221585432,2.7737006494672887,2.9422148016840377,2.827542428807464,3.0075625532978663,2.8818570340942693,3.100641397948839,2.8601582535249466,3.108984016500232,2.7651438579341927,3.0084682936778204,2.7027384361333273,2.9246860935738384,2.7027384361333273,2.9246860935738384,2.8236036926140238,2.9067532717673648,2.885193382609627,2.8526331791087407,2.9027089751700097,2.8416454162495923,2.8326251992475737,2.80855415354644,3.0,3.1758918846674065
audio_90.wav,4.0,2.546415342096219,2.6914869710320595,3.144212509281553,2.9419673242160296,3.022075835468083,2.825830418527429,3.196062583066021,3.0523167962710027,3.296670710362785,3.0446542928515488,3.558235457096489,3.4525257288244826,3.97387904587892,3.8388990528366307,4.370439635546746,4.227612870132788,4.118090912264367,4.010750876584506,4.220822917380496,4.099182729946875,3.9728524728501733,3.8283097481134054,3.5528055046150553,3.451999286220714,3.515520660624547,3.262560254357067,3.515520660624547,3.262560254357067,3.5285734072065167,3.4050760094715904,3.3623995596083005,3.5220777509534984,3.100063702189916,3.6550321559252423,3.3490690085483075,3.65973730916652,3.6666666666666665,2.5809924131759447
audio_735.wav,4.0,3.5612462963731946,3.4626376822864713,3.0237221748621654,2.9825277550083076,3.06598695020231,2.71067179614526,2.5950310929157236,2.7526918148840256,3.666973649195061,3.016560104530313,3.4051527227731384,2.971436349364833,3.5118056570582876,2.9150475613652915,3.146265126169039,2.9501363446150375,3.389367995505967,3.004762029556766,3.5725497786457936,3.03589516017878,3.4191827517457045,2.92141407962108,3.500207120346005,3.102628780599929,3.224907997143305,2.8955814470261423,3.224907997143305,2.8955814470261423,3.288640919370936,2.964332343548809,3.8037044397414874,3.121952293162328,3.681133580215985,2.8535833712142957,3.731790110841734,3.0134777980742524,3.0,3.611236077019956
audio_775.wav,4.5,4.209209823685723,4.45583756408838,4.3310766406829915,4.411548670684002,4.323385885382145,4.322328853160171,4.033877249041828,4.165449243959295,4.415573191528851,4.493465084539537,4.691273783821944,4.594856593634529,4.92077722873034,4.798592772215801,4.882762074047933,4.7252846515895595,4.493875379660046,4.550863290985871,4.749207849717961,4.5977789026914735,4.8286292215934745,4.649757963583301,4.668086542159195,4.455063738571469,4.625126190274351,4.627212321023764,4.625126190274351,4.627212321023764,4.627345048757719,4.442809693249923,3.6715555344478124,4.156176978630373,3.4121632936341513,4.197043400391537,3.643659178861025,4.123250914398905,4.0,4.078499431893587
audio_587.wav,2.5,3.304232442928072,2.8925834720725945,3.149799449106199,2.9784557246299745,2.8276040652859122,2.830099558198477,3.136033821064862,2.85300605206363,2.854315681913222,2.7716438554875302,2.6500159834062997,2.7201536150456342,2.9725660108539285,2.6852962430210083,2.6801787936411983,2.536405013632882,2.5172067535763456,2.3494623440984586,2.5824486649351184,2.603780582961804,2.3139477163574433,2.4043459519991903,2.7197543257851513,2.7555454642235517,2.799732202613651,2.55566382541006,2.799732202613651,2.55566382541006,2.8709968658207807,2.7275094409547975,2.9166998650620646,2.655873765780521,2.980230382639643,2.6616080104327424,2.9933866067913164,2.668667273230991,2.8333333333333335,3.1828578897376225
audio_103.wav,2.5,2.4406069985820102,2.8200472499649334,2.71054695058205,2.7199158992335466,2.6402827892966294,2.60593867262198,2.3648801196479705,2.694832576059896,2.8119759710263317,2.928931039082323,2.6988197660093736,2.819976792386377,3.006560803379033,3.1139565938301925,2.638387361727389,2.7740824805941044,2.869445856738435,2.7892836523905604,2.682573227862907,2.5675110917095876,2.58623356098343,2.419752621301871,2.6510837287796627,2.6180494728218076,2.623838838522468,2.6353210442509485,2.623838838522468,2.6353210442509485,2.2493260413937874,2.341348823369106,2.509039507843207,2.565799626713988,2.6032169564178145,2.630978119140518,2.5187697117135097,2.6202350037617665,3.0,3.486246075370385
audio_111.wav,3.5,3.979403455357108,4.481297689415396,3.8545736767183207,4.073491288791479,4.222550226857628,3.870975908068269,3.713841246730239,3.8908220638931375,3.859390293819222,3.878848547643725,3.674190798471566,3.6498590530703097,3.7953794115811266,3.6271735676299226,3.8761023846512557,3.7367361539442068,3.9005331890252997,3.8071633192010323,3.8080172473894085,3.7231336084662985,3.9159043350759233,3.808222039243475,3.9910163218180865,3.8386080769807953,4.037942789620789,3.958290665567995,4.037942789620789,3.958290665567995,3.9110348637450216,4.019643973669355,3.9026786005379392,3.9345867324183383,3.6462483218595074,4.161564763738056,3.7288378338390316,3.965229920645609,4.0,3.5008262264842127
audio_421.wav,2.0,2.58837886786851,2.1772866570531195,2.043105458334258,1.9246918548320782,2.3706675612750208,2.220870679061988,2.381510678111131,2.0534562054008343,1.7671113847954671,2.0246718810171798,2.500836810673389,2.099686737551759,2.7032688924893407,2.3810706503925476,2.49981634682706,2.4415146224624324,2.692487668075478,2.289192888306911,2.5274244016699514,2.1413376570499723,2.738890148449782,2.287629314029697,2.5559297996332053,2.2491756441052186,2.502210888683972,2.2838482679834198,2.502210888683972,2.2838482679834198,2.564884944653006,2.2912119724256845,2.645153040138933,2.5697778290584785,2.695697426310962,2.728505480475698,2.612091167997658,2.623744947392819,2.8333333333333335,2.5835494365351206
audio_683.wav,4.0,4.299361281953286,4.234575712511901,4.199997466299119,3.803343343923123,3.901968206565389,4.003548915067937,3.7236265673182634,3.775579565980305,4.16754352895168,4.194329894781123,4.095935221982504,4.25603002963635,4.016475599287523,4.35135961558396,4.089447946901923,4.223403342862919,4.104396245050013,4.078048892517132,4.077203054913362,4.140763303408597,4.104427994840222,4.05294892238739,4.311690368691252,4.239017406867175,4.221237649325488,4.417469221670893,4.221237649325488,4.417469221670893,4.1805899006524685,4.22690783094824,4.170491064240306,3.9441341149827878,4.066783524820444,3.9847428197591577,4.171916236830992,3.9117212148093827,4.0,3.771509027759272
audio_152.wav,3.0,3.1788894988800744,3.2027735446377896,3.131979889715732,3.089323395097731,2.7983469816677164,2.862155667585675,2.956545515287477,3.0570026704609425,3.1811520433103495,3.1093203372294087,2.9895527211932493,3.0022340978055824,2.890573539265198,2.8997668298197063,3.077303619462441,2.88645016467188,2.938225677063842,2.5572226274814103,2.9022642230859304,2.697886949227543,2.848903597642284,2.6280400259129255,2.9344963221084748,2.6984868826572534,2.837290405138036,2.387255031580111,2.837290405138036,2.387255031580111,2.691969170506382,2.4886684818268905,3.289945190774111,3.012694937427876,3.2028325702960054,2.9707611268155065,3.3333623607525813,2.967359870475027,3.0,3.0100906717754463
audio_134.wav,3.0,2.420934863642882,2.5368724064825283,3.6998155055858497,2.636547989650729,1.916612105399773,2.593313305530816,2.055905603728923,2.467472870155697,2.536954342690873,2.508050926610682,2.750828779860335,2.594798276489034,3.2733998846329335,2.9329480121259865,2.7611819818202505,2.597197596722317,2.417107456277286,2.436799436204726,2.4197521853543242,2.3150235337980862,2.4709531526009543,2.378145735494177,2.463157415402113,2.4480980414921505,2.4803315733835745,2.4010600878399884,2.4803315733835745,2.4010600878399884,2.432503565836324,2.466013259392033,1.727165167922574,2.2041381968318414,1.8917853627826515,2.190129119970902,1.7850574629277267,2.2456953427452278,2.5,2.0525033527140244
audio_12.wav,4.5,3.1068975440545556,3.043501597775436,3.1096266760598255,3.4050319292180617,3.6715556777499185,3.3535306360515165,3.497422183021758,3.271146252801497,3.3557555357627975,3.2140913572222516,3.701182705311195,3.424511916837315,3.4193633579985723,3.0318275196485343,3.312341025942105,3.2095676375835667,3.15108289418211,3.0802500796513193,3.7447049367249616,3.4251935306455294,3.4384738385533127,3.2278797204438763,3.1093560308604697,2.9638438699206233,3.202695217171298,2.9061516027811454,3.202695217171298,2.9061516027811454,3.2409347394566024,3.233121417554317,3.34555463638044,3.502962880186279,3.325674445519116,3.5848105403264996,3.367436362328897,3.5268356147755884,3.6666666666666665,3.4438719702824017
audio_232.wav,3.0,3.2476480314229477,3.06230659056512,3.199131969498344,3.036572485866928,3.234821220933295,3.0183482001337745,3.2659137654896235,3.1502887209046917,3.1813850748526886,2.986943609742935,3.2103695557361234,3.1110174321232393,3.4758820177332264,3.276792078409796,3.185262412644011,3.1665826871821317,3.0881800011050573,3.0496616386865565,3.351958423465321,3.1928125165258585,3.123810071128744,2.975548794052266,3.0135749488137713,2.952429798279953,3.4105047210445822,3.3247311491099847,3.4105047210445822,3.3247311491099847,3.374010781972732,3.2820609354661285,3.005279012385581,3.135276508595846,2.916725184413084,3.0458284189291764,3.013053440355177,3.149628580104203,3.0,3.2280328057753653
audio_36.wav,3.0,3.2174520775733835,3.398257057551269,3.2884629787057964,3.4121596698743075,3.3277350100503784,3.3142144950123065,3.595062478214913,3.3876408670997145,3.500584994911931,3.3811458862064843,3.023595742716912,2.8869873209851007,3.240598238718689,3.122744846791076,2.874202012187059,2.8584461429056627,2.9019760266714663,2.6852387637847825,2.7463425099326817,2.716569083274454,2.753819081166691,2.5422580380437507,2.7932963991124216,2.5786153901146314,2.8709023803610907,2.6289216616931914,2.8709023803610907,2.6289216616931914,2.977428175494781,2.9931468379432093,3.2584683175631306,2.9828004717358945,3.436777883234157,3.182435073099217,3.242534371684966,2.9552045901909074,3.0,3.1664974386097753
audio_268.wav,5.0,3.3931753362213652,3.4684751840583785,4.151906367414984,3.5766965193865157,3.807688011780724,3.47276263241913,3.649675290564121,3.2926377462142895,3.2648527628196646,3.324930269483255,3.451589430430026,3.3993484855439884,3.920654679845981,3.7291501839195704,3.8571816405925183,3.645108010863589,3.5586985321443585,3.4593821946904466,3.51567950148454,3.3299559810962527,3.447373519821763,3.180029315447476,3.7189873293715263,3.327720857539154,3.9031192441668576,3.2276193586213218,3.9031192441668576,3.2276193586213218,4.095017843675216,3.3024791632023565,4.260111136423489,3.565831552680321,3.8161717433641917,3.2621735139007413,4.109453274668672,3.538983981854368,3.0,3.6870503121432043
audio_68.wav,2.0,2.700566777441385,3.0447838075610894,2.648730721795467,2.743369520080242,3.2802110241335796,3.129660285278602,2.376225429280265,2.918616082169421,2.232576190399962,2.6130520263698984,2.431826143181385,2.3321551767857738,2.123500386265189,2.114232988243209,1.6414866354347142,1.9191923239241653,1.960960060733746,2.264887151827561,1.9969894858920705,2.168943602092839,1.9131994451394536,2.120864917480606,1.6255070434758558,1.7554624849565867,1.5198398145888803,1.712861872418565,1.5198398145888803,1.712861872418565,1.356573582868956,1.6100717991361624,2.3311696115119855,2.2943410737634387,2.259843997389834,2.3891378058677897,2.3637904915532237,2.2245186900210707,2.5,2.8786067184747117
audio_729.wav,3.0,3.083739268087091,3.027913501063255,3.0264578179811585,3.081324993975661,3.0691690295407206,2.8618619007548163,2.5458164925665328,2.4898359410567323,2.508287934290927,2.618485072438061,2.6155747004999346,2.7460297838885714,2.7502715319018853,2.7837886505167853,3.0244226246703843,2.954334238248902,2.9874764612668785,2.938505877829383,2.876238488464486,2.8332622278358603,2.8434640301213014,2.8075594123898715,2.793286771364586,2.722491323489349,2.727291938987971,2.477267450133601,2.727291938987971,2.477267450133601,2.771275415041091,2.68708203030322,3.2171747514492215,3.0172453235585817,3.1394711631957115,3.1072385601518815,3.184834783444662,2.985400800091989,3.0,3.3861779151277864
audio_247.wav,4.5,2.5804801052015383,3.1772250123931562,3.1227113875663775,3.382467604142876,3.493765555337737,3.5929634388389275,3.4014876228992432,3.438253068240764,3.7854675421056494,3.8029489891960324,3.720739104315195,3.9163744853371916,3.8849604230843817,4.052086058367099,4.11936830768198,4.2092801284944885,4.010236043876026,4.14621267913031,4.094541017560581,4.34361468972509,4.064590732245301,4.125144252134767,3.8975925723266314,3.9235559081750147,3.7334448496706867,3.720630695789197,3.7334448496706867,3.720630695789197,3.6310065497726787,3.688053918403018,3.9587949806525145,3.66865714410458,4.0070639970963775,3.692978975660756,3.9495773135468872,3.639134933296751,3.0,3.169372079280711
audio_224.wav,5.0,3.8711038637289548,3.8240689281735456,3.973654106321552,3.9241688435819033,4.716025976197243,4.2241612561176884,4.88695868732956,4.012697249357649,4.174644872320939,4.064744347939436,4.624910648260607,4.114324825114317,4.621994147517719,4.283778373013711,4.476327329891377,4.251131624585044,4.799563973329131,4.287753500391339,4.915665504837324,4.670443068373039,4.566907669924692,4.515861816559343,4.549965751405412,4.45564572203493,4.7222767444118965,4.469117352743825,4.7222767444118965,4.469117352743825,4.538859376567943,4.409286979533809,3.3895380313137005,3.949999229558577,3.360687111205495,3.8798461084203546,3.2973827471772204,3.927539723479421,4.0,3.6684315298919015
audio_425.wav,3.0,2.2868158541895482,2.9669276817596617,3.3533710124866736,3.1822248623110903,3.4251041621845126,3.379474240324573,2.788118669573176,3.005530767189352,2.720000943445107,2.9930591731783145,2.896392376207205,3.0233079331727217,2.68685818873382,2.911714382957308,2.6402181094911246,2.9127253713663586,2.613048144778286,3.0535809555080213,2.375653105542432,3.0132673743423144,2.4093839552311276,3.0190794905313645,2.5606470485074957,2.9462508784531614,2.7664816647763266,3.1227183522886293,2.7664816647763266,3.1227183522886293,2.479241007941171,2.6498060353007937,2.3567003672789943,2.6119711059536512,2.478555101739471,2.6312363898660585,2.263076567712576,2.5884764055576674,2.6666666666666665,2.728094636073571
audio_392.wav,5.0,4.775255025647301,4.337318082925665,4.8033075631287545,4.432212398892765,4.768586416066172,4.372109885173576,4.428761586970237,4.134339661782029,4.532322639806029,4.325525263907626,4.582463026706154,4.61909792993363,4.582564711817188,4.713944355726414,4.634689131104554,4.6270375133244,4.433242345018708,4.306033323952125,4.568429676534682,4.558744364258709,4.7213520708896946,4.556156459169679,4.338352986188135,4.409491088893497,4.3382697601853595,4.423014206209007,4.3382697601853595,4.423014206209007,4.631352772358137,4.511996458777497,4.590418755837152,4.384804753767911,4.493842277479028,4.459494448952193,4.58851935489874,4.440971362416753,4.0,4.478119213897036
audio_615.wav,4.0,3.998806471675856,4.206435418302004,3.683875496117286,3.8536483665330388,3.5998712241268347,3.8172209418250076,3.2447920606086527,3.6155049220953734,3.4478021632539417,3.6628569673314595,3.6455817744300725,3.9705721725463476,3.491247958366422,3.867335329432281,3.4622251844684673,3.899091037917483,3.7613158385375587,4.15548920565855,3.761595629032872,3.8473100005843697,3.7862341839895315,3.8808161250672466,3.7261514614368636,3.951903475446743,3.5062623105011497,3.8481463905800672,3.5062623105011497,3.8481463905800672,3.5551292600110016,3.905674922691345,3.2757122935317704,3.361220509594615,3.1099538349460745,3.3929636346028977,3.311408070490515,3.3908217091717696,3.0,3.3060870891915832
audio_245.wav,3.5,2.5913024434552887,2.8699679471767987,2.97135702362478,2.9758144598414744,3.1832319927570727,3.2605344068119924,3.212196255414847,3.1783913203318406,3.2835345492092145,3.421778630006889,3.397118575797825,3.5127852428133397,3.7298182880958883,3.6298497988378613,3.4708551122392826,3.4154732338173504,3.409646651801875,3.4058424277480235,3.4510559782956416,3.4207172175252407,3.740527852056669,3.5353816529531734,3.679150968728425,3.445222303721394,4.012234201909087,3.868621062653354,4.012234201909087,3.868621062653354,3.749284799421238,3.6876429684231145,4.140525342502314,3.9281212594908546,4.033704992876351,3.97232928126653,4.097662944669557,3.9781772804396316,3.6666666666666665,3.8375310209749673
audio_271.wav,3.5,3.5892660814266777,3.17429143049338,3.9754017100667944,3.49547828867879,3.7217939875291948,3.5202908580240178,3.5736769288003285,3.7136979981034255,4.004372976372881,4.042168246689266,3.546358268865531,3.7229539030053993,3.4317139305343556,3.403402033829529,3.4585685553850047,3.6356768698187323,3.2543599240932175,3.3241131221747224,3.247329948482324,3.2757763581440624,3.114939429155296,3.310544992119723,3.147038165657667,3.362378698405976,3.178800990793517,3.295523913004281,3.178800990793517,3.295523913004281,3.6113115330537595,3.6297923012526727,3.294268106454952,3.3149071888359565,3.0840216246308034,3.3781929282519485,3.2856487370438816,3.3965729168224708,3.1666666666666665,3.6635980981416707
audio_321.wav,2.0,3.935369608514472,2.923549065568366,3.2467455138414567,3.030909101826617,3.6230157062149053,3.1720474643084877,3.1690895837071906,3.0713364988331944,3.4444927238881196,3.1290698808672754,3.7524902948205976,3.484626542202001,3.611402273438744,3.5937051160313707,3.4150418288070292,3.2260229483223033,3.4080822234441595,3.4148426111661365,3.445842490463228,3.4414701338124316,3.359225599740359,3.3639883749531787,3.6131843444582117,3.4497011310138705,3.5142433099583408,3.3152212628158115,3.5142433099583408,3.3152212628158115,3.6682205331866107,3.3957052851699014,4.066712746869781,4.188981597978668,3.9417481000026697,3.9269743052612363,4.099307354152565,4.1885474808513905,4.0,3.643271169310052
audio_5043.wav,0.0,0.4166603535764574,0.0,0.21111307358878598,0.0,0.0,0.02588343563390853,0.14056025983246467,0.05175817054550628,0.11313398629857237,0.100925214134989,0.14727096995367406,0.1812739578265036,0.016882975010683293,0.2541791805473128,0.0,0.1312945674374475,0.2805355049321346,0.1829659930906006,0.1940488660009644,0.048904660029205495,0.06075600502521228,0.06727438886947408,0.0,0.00032752728248638024,0.3228740861934207,0.04167608563841899,0.3228740861934207,0.04167608563841899,0.12683333785550177,0.12442647976806676,0.013381570027260932,0.0,0.0,0.007698475396730224,0.0030270382212843282,0.012355667998478549,0.0,0.0
audio_187.wav,5.0,4.770346102539583,4.89387686813749,5.0,5.0,4.919970151741124,4.97791316649345,4.970185057585265,4.991043171920561,4.985916875373916,4.929713314571181,4.815095564735716,4.8012698725675955,5.0,4.970620614024237,4.8708601886820375,4.906710488743102,5.0,5.0,5.0,5.0,5.0,5.0,4.833928729368163,4.981812135279977,4.844561493344165,4.838829532629734,4.844561493344165,4.838829532629734,4.942721886313963,4.995240278426819,4.628166952047048,4.898521046492413,4.7125058138729905,4.93343207922423,4.643382694547555,4.889833758408524,5.0,4.233544523064681
audio_221.wav,4.0,3.9145626693153748,4.150521682799133,4.15952176256737,4.056983539610645,4.647471375253356,4.254643025094194,4.484058732630718,4.141454196513302,4.779164923453739,4.377018921581658,4.129355316283493,4.356738721442448,4.389994061377329,4.468861032879454,4.289832310970998,4.3962803659097025,4.104637232009583,4.255252444848062,4.108528528065963,4.218624575705102,4.093950975865744,4.31869939371183,4.2313096043170475,4.358963098761356,4.399336290464792,4.563212215952894,4.399336290464792,4.563212215952894,4.3747818830715755,4.487996400307267,4.202247829207396,4.462895612685099,4.330671212505283,4.482167321308819,4.232019007253559,4.434711622620283,4.5,3.5787780849167006
audio_219.wav,5.0,4.065467437483689,4.783057099442616,4.4357026500114,4.656753517212205,4.264695272454553,4.4425955106332555,4.314971755286572,4.646619440821618,4.311867963983203,4.50041851133405,4.390807475747926,4.603620638274578,4.786424824533289,4.784444706721161,4.993393703064654,4.965859544486761,4.743621443301833,4.748852341514569,4.608931885047928,4.7662022836778215,4.7868033863454125,4.865420477317522,4.8656966724184505,4.925159271648149,4.959805293034716,4.748183815998006,4.959805293034716,4.748183815998006,4.903525410474991,4.733157974425449,4.441726274186336,4.509678753528787,4.091215492023942,4.392251084451779,4.414900450583705,4.448512608566889,4.0,4.808379883703967
audio_601.wav,2.0,2.1198401130050013,2.0997828477116847,1.934938459767925,1.965808632356618,2.27727680465298,2.1309158984695453,2.6377507781487783,2.1508226175240406,2.661234534571205,2.287104548201819,2.698647546804226,2.311402027165132,2.7894495550211773,2.7580090657180594,2.459775568946299,2.5216851000718092,2.832829301488925,2.7643151227342635,2.8380406459181295,2.6424323791611037,2.6047551701085667,2.404108771298057,2.7615657710270285,2.6876082036304205,2.8585067425695883,2.658500544820213,2.8585067425695883,2.658500544820213,2.6438979062286103,2.470753697679261,2.4617308702572003,2.5866293322013436,2.612894452023434,2.76744783048402,2.3698815558296125,2.5040865407151487,2.5,2.5025314075122758
audio_100.wav,2.5,4.402141036758672,3.7688905790723575,3.6673933376000427,3.5682460115215715,3.77743208784586,3.4227440458129244,3.1979525080501126,3.2557010372864874,2.899682956659277,3.0906310677854427,2.5858901103492595,2.82335450547534,2.453284976510988,2.5497268148459065,2.647576321366464,2.5847191333846165,2.301553560164313,2.125806200905371,2.104833657469784,1.8276643766123375,2.5785481277820193,2.4890751549763226,2.5374351748257005,2.4099072498326444,2.4318555696769364,2.3355730056885844,2.4318555696769364,2.3355730056885844,2.3925965027861293,2.4395399381352445,2.5660469114863576,2.7496263696845715,2.5429491020925203,2.7696643743676006,2.580638824106098,2.7472741912375724,3.0,3.1182255355097865
audio_227.wav,4.5,4.2089398298904275,4.084444859690537,4.726281457520629,4.309338054842406,4.811098426684423,4.366346899555855,4.422459205087446,4.244726978131834,4.71275741469465,4.466281766303692,4.9190500604805605,4.6902546595317665,4.277651036123145,4.351365882229903,4.165110337832151,4.337861218852374,4.296493076089167,4.436814842775709,4.122140274152932,4.203392304093493,4.102362784952816,4.102366241125014,4.3126891213213545,4.36069652832635,3.911564739772544,3.976593862836223,3.911564739772544,3.976593862836223,4.0095446980297185,4.133241988845391,4.4274184900449844,4.054814638028611,4.245228416149538,3.8544478889368197,4.368406698839023,4.130575941626591,4.0,4.350893582555715
audio_411.wav,2.0,3.024542418197065,2.4131567827937435,2.719993062069977,2.5736181427490314,3.116885941457262,2.727239962499624,2.8106329810461013,2.6431674605450857,2.782972970275727,2.7741582718670372,2.996341363371268,2.897718596246772,2.8901925049888075,2.8749738320374765,3.151009013438973,2.8118912808776195,2.944120820073472,2.728948969450952,2.9363845205689683,2.7454883308522855,2.610539550802691,2.7129261949005206,2.6305904768747013,2.6916438221936905,2.618762783209807,2.7554709909159953,2.618762783209807,2.7554709909159953,2.8164559760009418,2.8358662644239367,2.5645252148964404,2.7475975297320674,2.468396277192376,2.7750025396512505,2.476255493607759,2.7115028694898196,3.0,2.6728732396763006
audio_28.wav,3.0,3.127363509254233,3.9644320030766007,3.7827452305481373,4.053837768346901,4.036633356700996,4.012033338723193,3.625720192953224,3.681642185445469,3.4465671183298006,3.4416582135089073,2.8675315685216742,2.9154844585201496,2.645614077495645,2.1586634606574098,2.4995045417878954,2.257723711216329,2.4835316366105826,2.363579600109388,2.625946647132749,2.555275665114758,2.8844638056341725,2.5508401560260747,2.9208259063217192,2.808921340580683,3.1289207379635626,3.0629347991699176,3.1289207379635626,3.0629347991699176,3.44431673618733,3.2618826103071257,3.122522731854783,3.016285911981303,3.195169428336093,3.255783901949524,3.1895860396064677,3.052215958301416,3.1666666666666665,3.734314604397588
audio_653.wav,2.5,2.6280731035963045,3.2030490369889875,2.9066170489072127,3.2940356124474697,3.400734027859261,3.4085562546026473,2.9735375199084024,3.4570130343517604,2.868319505978652,3.37301287451679,3.0452923738458115,3.3657587733800227,2.880049873596068,3.265770274199492,2.9128016465479454,3.309103578708901,3.0449568722120355,3.4748374632078907,2.973156906875573,3.4760092237562774,3.10488147939018,3.4525958570713264,3.3458278279412283,3.427078376653468,2.874073990517219,3.3328019995129536,2.874073990517219,3.3328019995129536,2.812195982886761,3.181848758937949,2.751596028157369,3.1188094953476337,2.8167268316619407,2.839633695774205,2.9000970036304268,2.985332217671607,3.0,2.7063523250091883
audio_29.wav,3.0,3.4811776520268705,2.7203941970134617,3.6103547456078373,2.947431674547603,2.942262866843173,2.9790833724847743,3.0538176714114016,3.0450839172907216,3.2207476897119114,3.1471945449235466,3.579264614400051,3.4749569529831397,3.6630036359365974,3.438028132327227,3.329400395474933,3.117106021390624,3.4123063874836337,3.1544150366291466,3.3775697771379494,3.1110969364639733,3.495272166739445,3.141196550680755,3.5461787494723622,3.297695745325323,3.641261570790524,3.3785429362376527,3.641261570790524,3.3785429362376527,3.473729332259609,3.3730803934290954,3.2605017822475375,3.765006590120161,3.3424541879327863,3.8854780228691754,3.256933670638798,3.8142135497314285,4.166666666666667,2.8121124233660417
audio_470.wav,2.5,2.7040176954453314,2.9663986151078383,2.3403326100233595,2.7084918202544883,2.5822798691778357,2.7373372730851213,2.4259174558260463,2.7058736462544353,2.6128302958583967,2.7529832832052334,2.707961033578931,2.84187262586029,2.56567926180489,2.6719694520171715,2.3912040705219897,2.420946386744224,2.694334447135456,2.577561227268849,2.755148806665938,2.651738514907718,2.761192821171532,2.6200876851402466,2.709846944554338,2.5331954723644436,2.702802436247071,2.464849674717309,2.702802436247071,2.464849674717309,2.6982155545318207,2.5033458605671215,2.894802843953102,2.6638261156313328,2.856755756613381,2.746188351735111,3.0048012833103264,2.6882532458402384,2.6666666666666665,3.8582300795184565
audio_356.wav,3.5,3.0754984479546663,3.1194022114846907,3.209448421156329,3.29150176445386,2.892994567206047,3.1178853358505094,3.515213562913577,3.4448404312275707,3.397657861325437,3.4896777231910607,3.515434850156327,3.7569625707562957,3.5099147133173765,3.670765636178807,3.5920170395619357,3.658135343737633,3.565778551998283,3.6216631622747966,3.7627645784653283,3.737707732453719,3.5997654521657485,3.672617195516459,3.702501578849812,3.6823622629812918,3.649270451093866,3.5709538102310696,3.649270451093866,3.5709538102310696,3.7175622834760786,3.6673172949306845,3.3174556436386484,3.855523821579983,3.3708079898015164,3.8940181126667373,3.39192668078865,3.8909618385780314,3.8333333333333335,3.3404484296824712
audio_365.wav,2.0,3.318782835394405,3.0818770957939035,2.4177739684297666,2.7868486053874544,2.6489563481700213,2.9344551724174583,2.8359580555846526,2.5241331836876713,3.1707690362112024,2.7990350912570556,2.525311321777827,2.684461634570716,2.1979740437967075,2.398536313781755,2.0973064579733705,2.3070856058554776,2.7202350717322363,2.5606350745207074,2.133475934910719,2.407146156886302,2.520849230069685,2.5310753829620114,2.8211841170704113,2.6663179217040227,2.39049745463014,2.6605146783457414,2.39049745463014,2.6605146783457414,2.060354489403727,2.481022033731255,2.6361862931966207,2.497580276964889,2.6320432872896027,2.8416840733329365,2.685685806441026,2.789398491862189,3.0,3.390975309343784
audio_58.wav,2.5,3.511605273689741,3.616556576659035,3.380319074018526,3.411619035811563,3.3526245681233298,3.4370006095168346,3.2349617061561893,3.1709966811510344,3.274120087808391,3.168448976581582,3.2190432274345118,3.1792496674818698,3.0451781602853907,2.7610105246880288,2.916682916800078,2.861581787670518,2.719530513121063,2.7402696856327853,2.8726418643157943,2.7253930095628296,2.7442645046879677,2.525936913771536,2.8930832426659996,2.669708523328376,2.96140631709433,2.777839588317196,2.96140631709433,2.777839588317196,3.2237779561520337,3.1673818754437093,3.827148877943102,3.188767220951305,3.8613807993133147,3.329459372056156,3.838675791032946,3.096443443020257,3.5,3.192604103750211
audio_708.wav,3.0,3.3973106559996165,3.7868171480278257,3.325985627334049,3.815893654662322,3.308016496430938,3.5359877633515553,3.1879185139889734,3.3586973656441175,3.6193679864650057,3.6759282352056366,3.7178539412748637,3.669460707574834,3.33732388734475,3.4255565230460796,3.5673522520553718,3.6147071760228324,3.8201785816361884,3.7210792273809403,4.006169718824309,3.983348545905022,3.9945721353661354,3.936294421442619,3.870901214318222,3.8220587665746044,3.7528516457392445,3.887898267394386,3.7528516457392445,3.887898267394386,3.7546688059869884,3.884633446583239,3.2056384587668805,3.4410889633284114,3.211427628538041,3.4050489163822504,3.1675714298570745,3.3264567783156704,3.5,3.7879532295054066
audio_319.wav,4.5,4.708804531234847,4.746708228829092,4.760644644609304,4.887847042673877,4.845264018647864,4.77588972605082,4.847654172380114,4.712819536871931,4.6614926059850506,4.737254854531239,4.812745351825806,4.821804964248086,5.0,5.0,4.927944785998736,4.97764322202992,4.9430079752839795,5.0,4.984180726586369,5.0,4.998044626679355,5.0,4.998975252431005,5.0,4.760680708941982,4.966226451922217,4.760680708941982,4.966226451922217,4.958873418649401,5.0,5.0,4.994835572611604,5.0,5.0,5.0,4.981251110435466,5.0,4.954311789347547
audio_5067.wav,0.0,0.17831744804562297,0.0,0.0,0.0,0.1642912397570638,0.0,0.07473019053363128,0.007029012494868129,0.1205315778296215,0.013503268787433687,0.1312537717833185,0.0,0.0,0.06722234566989001,0.0,0.1866750571395502,0.0,0.16483826443375804,0.0,0.03801583237076297,0.0,0.060942028531006574,0.0,0.09813498334591235,0.0,0.04972753123242931,0.0,0.04972753123242931,0.0,0.02794407870547655,0.03064160164481226,0.0,0.0026237332128760636,0.004697961375327408,0.012948794572841154,0.0,0.0,0.047055828030416996
audio_135.wav,4.0,2.811917381335368,2.7899238450564403,2.742825261137407,3.0009958815443354,2.537400059391014,2.9737174404948963,2.549871583529318,2.5919802997091708,2.4625737371462133,2.4890202077763925,2.77562765612384,3.022912672515241,2.803689872151756,3.1697082506288616,3.277427095083354,3.3549548312172917,3.0607053111683142,3.1299399540254504,3.479515122838286,3.639076775033319,3.3960486220928243,3.5018767083066344,3.2838685457833763,3.350543363350899,3.0466695477041887,3.15663856667523,3.0466695477041887,3.15663856667523,3.2969637178293865,3.4612483147385547,3.7873663485117106,3.4219901689954075,3.887080320636475,3.4672049556656996,3.7591767249742145,3.454017358519835,3.5,3.3104839524856877
audio_612.wav,4.0,5.0,4.708583056950136,4.202979285442029,4.4288165520381835,4.461583979368897,4.356500195727222,4.2671374124932235,4.324755154185349,4.00495937662729,4.230177550853723,4.592020955308636,4.415433688778779,4.560037340597543,4.444577596621264,4.113063650104236,4.214823744726616,4.276736171420932,4.274606277756421,4.471271893550379,4.329244146190663,4.415267244203327,4.3839332820084325,4.244862496434821,4.439970640640952,4.2116167317022635,4.552186207252265,4.2116167317022635,4.552186207252265,4.422611543222291,4.577249491432318,4.486237368603083,4.135891253745107,4.054781482200899,4.065263497456066,4.442057273094965,4.151294265691491,3.5,4.154039234045484
audio_373.wav,5.0,4.675320044298609,4.681102899496358,4.894612097358625,4.761440256496149,4.99653291543163,4.910441609947488,4.779458902039621,4.775133779628849,5.0,5.0,5.0,5.0,4.90310144365573,4.882902766721147,4.903070282662347,4.921840678160767,4.91249177634528,4.948409158945666,5.0,5.0,4.976467860402587,4.9568665106075285,4.631879594104593,4.686474791736878,4.970468286134106,4.983289341416522,4.970468286134106,4.983289341416522,5.0,5.0,4.906507243386591,4.920188953148215,4.728490116561652,4.846602598696269,4.9156018160124875,4.906351827102877,4.833333333333333,4.782771337635103
audio_680.wav,5.0,4.848908817808608,4.987146102509703,4.777492109833582,4.833696535294372,4.867516233117109,4.91915787936414,5.0,4.910756093555137,5.0,4.837701549738601,4.477978815312944,4.695479894541485,4.786345326479091,4.813863631119243,4.891613003575806,4.892711745938306,4.693256318476019,4.84289111934712,4.782971664697629,4.881569674419535,4.66012638822615,4.852502878753278,4.798520407211346,4.831636878762817,4.695947998754016,4.888778287041312,4.695947998754016,4.888778287041312,4.728254706335686,4.950271904985628,4.244872134535175,4.531522308518819,3.930951633249497,4.4121881633614874,4.211098554118057,4.667300573012833,4.166666666666667,3.877440624087484
audio_63.wav,4.0,3.5467811863336873,3.305717862392416,3.279908554724752,3.216838221448271,3.1906967236930286,3.125583070317211,3.854167129291474,3.457273837353721,3.6664342851115457,3.4160922807129097,4.274290110454629,3.7423247656004075,4.350856205115638,4.025726872180786,4.617334840032613,4.210338743664461,4.694617409426339,4.3507534429568535,4.326762749126861,4.106158231448078,4.16347448767122,3.9537126489865084,4.2542828651898175,3.9442389387616434,4.314136539143625,4.142084199490749,4.314136539143625,4.142084199490749,4.051658008160207,3.801229477260818,3.541626337214041,4.030137040085424,3.6809305670427324,3.9823109314895704,3.525643195243752,4.175855464755792,4.0,3.5601939923464254
audio_700.wav,2.5,2.7404243356219493,2.628038217057908,2.702630717358433,2.6484690627318135,2.929125062579974,2.729946043084464,2.8749496436181894,2.915805446969354,2.999819815109349,2.854105700481661,3.0759680574964268,2.938359695873429,2.655769445147455,2.8232167263919172,3.192491270718334,3.0813416093943076,3.2286688614261077,3.255270820958851,3.077944522139317,3.14412067898667,3.0363486403795483,3.0657150261941584,2.9324905855941403,2.930361527964019,2.9265405571882153,2.7686052980753453,2.9265405571882153,2.7686052980753453,2.769173282142759,2.830611235632965,2.909652090082132,2.9246368623461536,2.8278631584025606,3.0927780323717387,2.9122954539512076,3.0457888321391553,3.0,2.9726377961325565
audio_429.wav,4.0,3.270299564395541,3.3241468005109778,3.252663896453915,3.4067358951190982,3.6544928313506575,3.902046044968668,3.6388901275813184,3.7675383683996286,3.39183045336226,3.6722926903654236,3.5546202360368984,3.5639111737423668,3.384052264699022,3.421345923765003,3.5136829787384385,3.586765977469297,3.6149424084389565,3.7184190149034815,3.489651917726914,3.7789147982863454,3.416978822653556,3.732310143513768,3.636536402973387,3.8442435319138646,3.572846193093644,3.6850523295580406,3.572846193093644,3.6850523295580406,3.5655636174071095,3.652877028663427,3.4420638941155333,3.4652272736977623,3.286888787326395,3.097559517824432,3.396010024457373,3.2334668757953455,3.3333333333333335,3.6064521157504714
audio_745.wav,5.0,5.0,4.934236726086197,4.710131535333505,4.8334580561323595,4.758947180715913,4.7748652343483196,4.9774183704168,4.9118887084788625,4.773383697674239,4.910776104403464,5.0,5.0,5.0,5.0,5.0,5.0,4.989351190980854,5.0,4.956486354423894,4.9803569713913065,4.987586031598166,5.0,5.0,5.0,5.0,5.0,5.0,5.0,5.0,5.0,4.242208590524726,4.6154012079507085,4.298118443423717,4.647996998613041,4.2441039726972924,4.551744243090419,4.5,4.460433672195625
audio_731.wav,2.0,3.13078768748208,3.0143898792564383,2.876823299262794,3.074975456690954,2.9388434595040427,3.034891001843105,2.967620908156057,2.942551205969961,3.0664805229092025,3.00119953474533,3.3825619546344172,3.0927097939383494,2.8985159232858275,3.0040732750579267,2.7984210947403074,2.8559217307270504,3.081203767732296,2.9122417374097638,3.013270016415459,2.8259125391710866,2.7546649713724363,2.7914020532060246,2.984315767266233,2.897500697766509,3.128009654320548,2.8357582844419618,3.128009654320548,2.8357582844419618,3.030666016170738,2.738070716976336,2.735238860687129,2.986867117606858,2.673193695153597,2.863620290039709,2.652290536025027,2.9554149204686833,3.0,2.7039220866196647
audio_461.wav,5.0,4.101100957296852,4.123626198116049,3.3288459867860483,3.653520450053763,3.141205287856613,3.410917131814511,3.1400826465683607,3.3003625311022913,3.32156711815522,3.3841096569510607,3.3794971789730863,3.1731999136434754,3.2198284950569636,3.5061644530831573,3.1098470976708703,3.6108369678574257,3.165452047759606,3.508227688759755,3.438340464705694,3.79734348290799,3.480443404510229,3.949091711477284,3.3909802272133454,3.7668755425305522,3.120304976832182,3.3732968941849832,3.120304976832182,3.3732968941849832,3.4078703716276926,3.6021357237148,4.144187428356613,3.4008465932974907,4.195084666173352,3.213494301114064,4.115879279409753,3.3764489279143177,3.5,3.538845498626627
audio_79.wav,2.0,2.592062090941701,2.4530455255453205,2.3407975087368595,2.4428770755011304,2.368677447999783,2.5707330337306593,2.4727015950179876,2.559587736539464,2.4790524227576554,2.4434865615833985,2.2618391011083476,2.588603058609246,2.7053897168210526,2.81457846889518,2.9333743971944055,3.0484728343092855,2.5313354641062595,2.7584023771261936,2.558155802417406,2.789655333505659,2.913518085667318,3.0023789898505853,2.670647466801878,2.9106736672651814,2.842211709844252,2.895402346922905,2.842211709844252,2.895402346922905,2.4914570743943876,2.6488712436552184,2.072363123152131,2.6106903464009954,2.1054641350898504,2.592020775346667,1.9614249492683624,2.556426069720452,3.0,2.8487043023807863
audio_5038.wav,0.0,0.0,0.04385638461660809,0.09406620952487736,0.009301379835135126,0.004930109977030177,0.0,0.043525802682469784,0.0,0.0,0.0,0.0,0.0,0.010664240205363237,0.0,0.3249013799324416,0.0,0.2719974838983596,0.0001993394217338166,0.0,0.0,0.0004861333267548081,0.0,0.0,0.0,0.012726976802087897,0.001088937372779893,0.012726976802087897,0.001088937372779893,0.11314412543781256,0.0,0.09877853697366423,0.0,0.23164258332874202,0.052221529034984816,0.24462414185224826,0.06764643157533627,0.0,0.04682646058739507
audio_760.wav,4.0,4.279868133940889,4.200576941126318,4.0939743457547815,4.287495943950346,4.094156349041458,4.299377510252291,4.473153313599357,4.4384312213322215,4.107648809582957,4.260632196665763,4.083376939272523,4.26231161446356,3.857105078858424,3.9996961173160943,3.553221844078779,3.416493610960275,3.6106428437938667,3.4585715258710046,3.5704182064276018,3.385550271831787,3.3876105148918523,3.4144528672815464,3.7586309723268596,3.717463729503154,4.131941642275648,3.9504011702974555,4.131941642275648,3.9504011702974555,4.0824257475427705,3.9728648019216877,4.410652696265632,4.150209395034403,4.106557367313971,4.08671100021684,4.400594038506056,4.155693624790152,4.166666666666667,4.07090365572575
audio_72.wav,2.0,2.8902608701790236,2.8257712847717165,2.6805006690016135,2.612299719188336,2.5105150520899477,2.6480477994134652,2.2202562753282042,2.545614408774377,2.749598921380201,2.7286692617682817,2.48443801097983,2.4013886983971506,2.7976798573646566,2.6916635532071154,2.8923351496637157,2.707426274464714,2.737389128010928,2.567009638882331,2.383961331690233,2.269272020736283,2.423264536845831,2.400876861558677,2.85135631606216,2.6890338487030605,2.873197346192088,2.7599154654465927,2.873197346192088,2.7599154654465927,2.459415979444481,2.3496648366525514,2.292575208170187,2.5850642323851427,2.368622948805681,2.6020881772029174,2.3482023222305153,2.5484146475244667,3.0,2.8447973460320255
audio_696.wav,5.0,4.642406086463399,4.953831648659257,4.698734033513322,4.927848568998279,4.892568539161439,5.0,4.809673674115422,4.964082614094791,5.0,5.0,4.9099658231486005,4.983287112261349,5.0,5.0,5.0,5.0,5.0,5.0,5.0,5.0,4.971382189767584,5.0,5.0,5.0,4.808713087628849,5.0,4.808713087628849,5.0,4.932995562931511,4.986006994075486,4.863628423716122,5.0,4.937287321780396,5.0,4.929866490372574,5.0,5.0,4.4554710619793605
audio_744.wav,4.0,4.117911244491008,4.046806209594524,4.155021177273655,4.281482558712142,3.075514866248305,3.5627758551167497,4.320197012848044,4.04145059347434,4.11445225289731,4.1527867480241625,4.18360063973458,4.135721525222739,4.267272530506118,4.1239876059584,4.428908128393304,4.443529291953189,4.3833538350983305,4.458805258506172,4.319458455700498,4.413252646199389,4.273215768748576,4.39269163048182,4.516877617065066,4.485484305385412,4.158622933392383,4.335884715896873,4.158622933392383,4.335884715896873,4.063128746000346,4.0629379536916055,4.106744153544006,3.8269758167130816,3.880064996821515,3.8715170727223467,4.11745038925329,3.888888764660619,3.6666666666666665,4.103337793368369
audio_662.wav,5.0,4.3757128827165435,4.896010101450202,4.460271423877895,4.469737660967566,4.092439530468684,4.183157223992009,4.1648211789875775,4.0591795100604005,4.6189673365451585,4.514884989845325,4.102900539083542,4.248200000305766,4.2605847136928565,4.315091043332839,4.571214906220249,4.689172749075078,4.475542251483366,4.694676939347924,4.429107851461257,4.50601265316636,4.308157600683152,4.412484095865292,4.388905794634529,4.532002269059887,4.4491211812437355,4.378955676401037,4.4491211812437355,4.378955676401037,4.776416597857598,4.783284069915053,4.753486433231212,4.660305665649205,4.533156220816935,4.723248708530117,4.695029792307195,4.745281367386816,4.5,4.500649529211287
audio_570.wav,3.0,2.7344917843294936,2.5732449597298235,2.874025683552533,2.8924703169716786,2.695890535467227,2.8604917473428557,3.065315738089416,2.927645665635449,2.6697787412141643,2.6807793919298306,2.492400961270538,2.463766008588856,2.4268107499606173,2.5265835763719395,2.3423283315140133,2.5691634586031915,2.360028078082813,2.534063286898814,1.8692845994564156,2.313598644091028,1.8986314870971228,2.36334739992701,2.0485603295338297,2.1912924988079627,2.32315875177792,2.3942819783112728,2.32315875177792,2.3942819783112728,2.5678765732556776,2.5231685876124836,2.7962431962311207,2.4919653560402826,2.897050063952062,2.581396223509256,2.7591270379094777,2.470855015764569,2.5,2.542043182193723
audio_10.wav,3.0,2.956715384494974,3.004759088248909,3.3744988909943223,3.1262437824831273,3.56393074981842,3.211871128326031,2.364867556291314,2.719141603666598,2.6936806531057775,2.6781266606069103,2.5794448357702047,2.403898685786623,2.1534985490774843,1.9569875661613718,2.135026471580298,2.1262602500425922,2.4970105609600832,2.4700674895495376,2.481747229055186,2.67228393839301,2.50427009222634,2.706539930733586,2.598549635785799,2.692905984134909,2.924906901227944,2.88186145368611,2.924906901227944,2.88186145368611,2.9916403199146377,3.169367833304683,2.9628607848983677,2.8214687969801955,2.949407748296123,2.897950537321988,2.901058762848859,2.739793694893389,3.0,2.8825993420727847
audio_628.wav,2.5,3.508080465955221,3.0507793927292366,3.628587023780969,3.3532098008763938,3.80824135408245,3.532824887135721,4.004462906780136,3.6182851766522135,3.8253819796156967,3.5175697629399685,3.6592512323934323,3.4214349179934693,3.529556084907872,3.5007389633637054,3.1161007049359206,3.239986607164591,3.033547443892214,3.1781733656657623,3.397780650579796,3.26163813682193,3.3919252869139207,3.4370057516743793,3.4354621061710575,3.4358276596066424,3.3821788762219476,3.09145321005774,3.3821788762219476,3.09145321005774,3.4095191165802388,3.2300863423932427,3.0423567654294392,3.6824444755462884,3.1041857574411913,3.7116347169696566,3.0874178955832003,3.7052604311426833,3.8333333333333335,3.7414056647753973
audio_606.wav,3.5,3.6973996877173314,3.463159425471487,3.66827055130441,3.569821807969064,3.682365844993617,3.540460739202789,3.4970490042498006,3.501917915762938,3.480779929841139,3.266883801803622,3.275896919637347,3.2685064124464858,3.6805582549357605,3.288812687490377,3.4323163869625843,3.1677494280655902,3.377272669929271,3.164633516389216,3.1615648017036246,2.9149020344934544,3.337610884086549,3.01923496909443,3.1940651771052835,3.0145532119257825,3.330375655727108,3.093262645866947,3.330375655727108,3.093262645866947,2.8535426393529915,2.9017945521754576,2.684949679018027,2.9283452003300563,2.433375820683432,2.9185285344362764,2.693594228435758,2.8014204960822258,2.5,2.989155089887005
audio_73.wav,4.0,3.6370881133203796,4.123006137493422,4.126194990523355,4.010963206103557,4.6662186987485486,4.146707886774094,3.790614259651644,3.885279605288142,3.743772876108155,3.908949472493249,3.4960782262063517,3.6916209796391546,3.513365552250223,3.719583378389127,3.2435641275358065,3.2296199377780326,3.30743928283295,3.276617657005256,3.404985793900334,3.296260501099367,3.3325462476610865,3.2147996219719146,3.4786412548583936,3.427683587649554,3.3735309222892567,3.409832372303599,3.3735309222892567,3.409832372303599,3.3190980907463032,3.203683174768395,2.9402551567511117,3.318073512407396,3.1776145408047327,3.5905015655611283,3.152523289671135,3.394980163437269,4.0,3.37501938225353
audio_605.wav,4.0,3.850430502457769,3.6119763855581533,4.2305639809194115,3.694612650627436,3.7228479548360425,3.7537910725423114,3.6884859636188954,3.9399384286144823,3.8412285019745336,3.8781982137062143,4.1914607733941445,4.161750967250624,4.177333392090322,3.9894919751575304,3.862466744717274,4.09339104457554,3.6164333629348087,3.940610461124295,3.60887026629039,3.841416346183088,3.6892979266882673,3.8722754139976474,3.712730694656561,3.910360736621819,3.742145089093403,3.788239983896497,3.742145089093403,3.788239983896497,3.2572310600930723,3.539774981842953,2.3797684133365835,3.0956281769998593,2.2880746688286986,3.243334590513547,2.4194685500522417,3.183529318536289,3.0,2.9684792216063287
audio_106.wav,3.5,2.2526889373000283,2.7377192192378197,2.2703008728168492,2.4747667196052707,2.215072737029669,2.300804776120177,1.5882159728391283,2.0456467623090924,1.9814054435518418,1.9543123813930847,2.183444725488437,2.4442318882183147,2.4655694704432354,2.777377619684947,2.6710929083880512,2.7760274593633993,2.6867613995770276,2.9224164402697155,2.656104686280471,3.020897001282439,2.5271037227782376,2.839693199291766,2.6771575498749427,2.9367443858395,2.957599903775185,3.081429303145105,2.957599903775185,3.081429303145105,2.826211213128721,2.924816886304054,3.061813912793651,2.9653039530525764,3.0573708784120033,2.9894888334824614,3.1222351879688652,2.929459792297519,3.0,2.8077114632444675
audio_306.wav,5.0,3.794724249334095,4.364409439337862,4.278796299691341,4.36082576347841,4.568849995193573,4.539930495707966,4.482810003780242,4.528603249737146,4.456141739005129,4.705870390768449,4.597453211667869,4.689191690056586,4.821950181549983,4.808438027318185,5.0,5.0,5.0,5.0,5.0,4.988877935493304,4.990871860402204,4.902722821056133,4.9059608465556614,4.8666864779148655,4.823850614965835,4.831125581002067,4.823850614965835,4.831125581002067,4.725489518579754,4.703821629337991,3.7992147216884624,4.259187143701626,3.3951566031481657,4.327032851604275,3.6757021311390976,4.293079671993145,4.0,4.135084367082489
audio_75.wav,2.0,2.374174657827136,2.3071709519903068,2.97990939877336,2.696777150764954,2.3293284989331524,2.333319330845066,2.5071525951245786,2.4841281824846364,2.5826221118898016,2.6177155413830353,3.231602609510295,3.1019282181054932,3.0585358907849085,2.9667485760316974,2.870714092487501,2.8684048045285166,3.164027572441546,3.1970253594213722,3.3568255854790756,3.368144187321874,3.153788884984864,3.286886192444118,2.926442182755906,3.075113385868111,2.521343617857463,2.65291907398917,2.521343617857463,2.65291907398917,2.6329355485853445,2.8861289559249497,2.796287291157094,2.9807967347125093,2.922024151706086,3.0749687476059315,2.822580968511599,3.0806693893027646,3.0,2.5472212771582443
audio_550.wav,3.5,2.791433057870998,3.2113217760372144,2.863752389542571,3.0804189131548054,3.3079186149228335,3.361603551047761,3.2502999658750853,3.3771744013593037,3.409576013645555,3.450578180893744,3.262874170422892,3.0576914418668633,2.9239100491847005,3.0303101709481868,3.0581599319517223,3.1331638118525578,3.230078055300877,3.3446133689906308,2.813250928190078,3.2113710015314365,3.006347127020638,3.3593634552269704,2.9411114388725683,3.488945299577638,2.8364779573370673,3.404928481610169,2.8364779573370673,3.404928481610169,3.1773217492165755,3.4607359755305134,4.305612946616669,3.833517820192268,4.244186257222753,3.516619977680872,4.286534248099534,3.8003680738773515,3.1666666666666665,3.3821386683391936
audio_340.wav,5.0,3.996227805484201,4.397139816903444,3.762501891800458,4.085674318792512,4.07882146900538,4.285147184874865,4.591709881724486,4.599929775579199,4.6194634557286545,4.696115867229564,4.031691105964702,4.3348181939298955,4.465963228824759,4.719281201994505,4.153932516788583,4.430598504603981,4.4970563881213526,4.809403221004318,4.450858976017346,4.767795941413628,4.514180319705688,4.843462109445056,4.504194469143968,4.682601182535956,4.535016423271319,4.636391911360437,4.535016423271319,4.636391911360437,4.319279891385308,4.407902617870636,4.224314421922151,4.3639678579845596,4.041963279525074,4.376909045263919,4.077120657746454,4.290512742973366,4.0,3.6848420867743434
audio_272.wav,3.0,4.300766637358627,4.07190653954565,3.6169657867061296,3.6871774340954757,3.9135434694319806,3.6904968953475485,3.623051540178807,3.722836353245791,2.9001994665790853,3.220986911206172,3.157346582752569,3.541583190495338,3.2716701339660506,3.4677572298391155,3.2838253526517676,3.423122372916197,3.2397221589059924,3.2880303003284497,3.1058898501782335,3.2488166933788265,3.2412863022027207,3.3491103416100536,3.1406628487007997,3.2693324772824788,3.1653638069914307,3.131773486537403,3.1653638069914307,3.131773486537403,3.2629395951705225,3.1921222031795082,3.8600524518623196,3.2459296932655906,3.6907855316157376,3.3621740694004694,3.911216853005719,3.3138097574321908,3.1666666666666665,3.7523992521813834
audio_518.wav,3.5,3.086064109983184,2.965946921085657,3.714797132381861,3.3893395787724008,2.9568383573957333,3.102760135546957,2.6253790773081414,2.9630019984439593,2.4138884033266215,2.791558940269406,2.4289459244821376,2.7553135682620273,2.850694231079031,2.877584521548058,2.8619897646248815,2.8751412625628183,2.678140146956656,2.5676258985512406,2.626339871159652,2.613111473892939,2.5446278348674496,2.403738335738716,2.581195037407118,2.379858995403585,2.6817176778724345,2.4657054055947345,2.6817176778724345,2.4657054055947345,2.5696837974827127,2.6239413705588865,3.1352328760263313,2.667278763891201,3.1777413169165296,2.8175722772037326,3.1173129598612745,2.6936062466810906,2.8333333333333335,3.772483177710758
audio_34.wav,2.0,2.2605266776356143,2.8689555004363307,2.134120328374201,2.8344988604965025,2.1858765996299954,2.758364070895002,2.882946959242116,2.7627721820784648,3.0355970620499213,2.823387297570067,2.3184502377451284,2.411595374161758,2.5186940447593704,2.6803358512865625,2.1954174285919614,2.381411661237383,2.2815414898229176,2.5936587980551784,2.231264080122408,2.3087442707241013,2.2786686700115073,2.388867202946751,2.5131262439079056,2.580360524645224,2.407719504554064,2.541051769789824,2.407719504554064,2.541051769789824,2.618753977589157,2.781921609921706,2.8628974369099325,2.6870922620840254,2.880303504921292,2.854572853875329,2.8097543947484334,2.679401063701462,3.0,3.0310081087379337
audio_87.wav,2.0,2.4477735298475616,2.905795621216076,1.7028405340282344,2.288907876612321,2.6959323003424998,2.695525207776313,2.3601749116171,2.440510691943949,2.44745492722995,2.6450356378969775,2.3570882445904218,2.663492502732017,2.2727389016019814,2.5728189470163696,2.1200533419932754,2.4477749824896193,2.156912081292884,2.4726989494524907,2.4033318542057143,2.5898126272847737,2.1129199306266315,2.355141621483274,2.01626871308342,2.164797708538282,2.1936645434312703,2.21653846755308,2.1936645434312703,2.21653846755308,2.037468578410137,2.145289092090589,2.530479894211845,2.4569323620240233,2.7433216107742187,2.661167586732158,2.560354822346528,2.4689773024602952,3.0,3.214169532000225
audio_211.wav,5.0,4.848229598948346,4.863071437277484,4.769725385258278,4.737387224251423,4.39412577465903,4.470566711633363,4.714348607009634,4.737106489020054,4.709875592000781,4.792627880128303,4.773021211650758,4.833244581914107,4.991987233669605,4.928860728736711,4.939858803654064,4.7247252225897105,4.944406831143102,4.958183145190769,5.0,4.980653911624486,4.978996561564958,4.937800811020746,4.951218521258663,4.94260735336085,5.0,4.991559204134765,5.0,4.991559204134765,4.98126147341596,4.90281554500612,4.225164863195867,4.660659451922804,4.17061863129078,4.652385762793783,4.188750981801138,4.601789267713463,4.833333333333333,4.358038535899868
audio_431.wav,3.0,3.328880302346476,3.369479494460324,3.2844015845504555,3.4161893073029312,3.3026249340306197,3.3496830180632013,3.482836722970339,3.484424637461126,3.3663232939760093,3.3025023331453567,2.828010231733934,2.995065593360685,2.940066095474583,3.207992536571915,2.768569838352626,2.9918216106901787,2.8147749673897002,3.067840921845096,2.7397041247697977,2.965325890205422,2.915416198683865,3.1132691684161133,2.969165130091889,3.014653058659483,3.2135174787299374,3.190994798346644,3.2135174787299374,3.190994798346644,3.0805142987941707,3.172799988122213,3.030925082066997,3.1435129294892783,3.1508334749493083,3.2271002322969067,3.0826903508693255,3.132348088802722,3.0,3.7244302585659184
audio_555.wav,5.0,2.1556967630877577,3.447647313138011,3.1706893424872598,3.480221537952763,3.1280927053101273,3.4231471494225443,3.4846071110073886,3.462539485381362,3.870987529102696,3.4189157646608046,3.302719086818873,2.856365509850915,3.4302231000759646,2.9064509017486544,3.307842951846881,3.0899823756188263,3.2524953323307737,3.0465008717918125,3.1882497053032144,3.1537504542098227,3.5597030076381206,3.3412934346063916,3.3987066683904104,3.1652839651138485,3.3729302404559403,3.3234883698986764,3.3729302404559403,3.3234883698986764,3.4286687322632754,3.389275073843295,3.4131675152272614,3.1744597715588547,3.3277866000037926,3.1568086097389667,3.3152056714303217,3.178798626041349,3.3333333333333335,3.9494495660563587
audio_648.wav,5.0,4.3682861286563845,4.608993583151997,4.261395315872826,4.334103064952087,4.240202174121182,4.355525510611138,4.1293747264477085,4.340740182592235,4.113205275334256,4.329375097602442,4.33443927695698,4.203635086276642,4.256206365519698,4.131733196648665,4.380932990464807,4.452539810323293,4.223350767858057,4.400701284962785,4.247288953161929,4.395201276137173,4.263827889265596,4.471251417969645,4.485168446830982,4.678647155934079,4.516624385627064,4.6847646779258545,4.516624385627064,4.6847646779258545,4.483425314883092,4.359746941964212,4.142695024331379,3.835407375979919,4.161612094980228,4.090317738507282,4.249750640596986,3.9713533824433966,4.0,4.1915529348025045
audio_5051.wav,0.0,0.030946408114752206,0.15041209870597916,0.0,0.11184367515471576,0.0,0.05659928654575556,0.0836972522120143,0.0,0.136095225238588,0.0,0.38053074419716815,0.30141116157494857,0.3179476190724004,0.3396894536658222,0.0,0.4010823206755377,0.0,0.45531007037134574,0.0,0.33232647795753917,0.0,0.23654900948165394,0.0,0.37214770343559755,0.049970550444084307,0.572333405089209,0.049970550444084307,0.572333405089209,0.11837441190446081,0.5483248480302743,0.0,0.029098150283039432,0.0,0.08576402821601072,0.0,0.028112811394621438,0.0,0.02988872010598434
audio_422.wav,2.0,3.125227160689679,2.66251960536836,3.2320934493039544,2.998666369777076,2.8484665242116285,2.883950681348066,2.70633613571818,2.869862885297607,2.841450272901865,2.7827614390640902,3.004206685951053,2.732143373841493,2.689772061858394,2.446982286062461,2.7026502780124653,2.534282118542756,2.5373026798378864,2.4888037475179576,2.3731393066663835,2.3357670288127967,2.3102421357137075,2.2873932479177905,2.4403811138395723,2.493411793386758,2.5850060822804313,2.5247144760397324,2.5850060822804313,2.5247144760397324,2.5705931743884807,2.4959119205036226,2.8679800474858492,2.680539054877828,3.0915718681864974,2.8053522478527646,2.893055037712864,2.678577436112308,3.0,3.0287572290469638
audio_627.wav,2.5,3.878401980319293,3.598958365063895,3.809618494511799,3.6095710305175217,3.93854439795077,3.6983173257620288,3.8456425244290657,3.6368293336692212,3.857776559252065,3.6941082203622115,3.6282270977692264,3.41257042802278,3.6097827926970543,3.443284614818962,3.521828165657347,3.415580579124489,3.3550282413031667,3.3342443804883075,3.334785406748722,3.197116726776271,3.422194869809413,3.4103663788371925,3.4905017625101586,3.4489694807442297,3.618867811195683,3.5315053385138033,3.618867811195683,3.5315053385138033,3.679708202009383,3.5999706468230954,3.83837813810532,3.6772202339053823,3.8521115895354843,3.667040066738793,3.758523176896435,3.644890595420184,4.0,3.9137640709612573
audio_122.wav,5.0,2.9055367520276985,3.2399633895118782,3.427939001042839,2.9976815075745855,3.2904137976104173,2.8939088136878652,3.297886734540929,3.0410296470674276,3.2032502933733955,3.3195277396009835,3.0137577152594415,3.0242832350417785,2.992506555738247,3.1293418757301414,3.1944311611207343,3.374084641112253,3.041201864865979,3.08215852412467,3.341163023513271,3.5006676759888387,3.426343756741634,3.6623726292633805,3.3529535052071036,3.5254562147996906,3.5211998535408155,3.6757157411233083,3.5211998535408155,3.6757157411233083,3.5122875493271555,3.5241134881473535,3.2198447962296424,3.274427563042694,3.076146524006939,3.152766199902624,3.027310236185682,2.9854233399267067,3.3333333333333335,2.851149110437298
audio_88.wav,3.5,3.8055068060997113,3.4703341522978604,3.5397697503433854,3.3864124148171117,3.4065891300681286,3.4801229441321877,3.8179953188785,3.922851339710366,3.8913774221974173,4.072489916109117,3.3794601225263814,3.747587484172191,3.786062435874554,3.9444909256682963,3.810357931739121,3.659373403517579,3.706337882842417,3.629153252864743,3.469708485648985,3.416945676425904,3.845109967708139,3.6895167649816387,3.842316737423618,3.8222524121414736,3.7159220041857863,3.663699375675458,3.7159220041857863,3.663699375675458,3.8784416910646797,3.749894265048191,3.323604254906346,3.4093672921475218,3.097170382697204,3.5026510103711583,3.324581887037025,3.44186778546473,3.1666666666666665,3.078670656658789
audio_165.wav,2.5,2.3362043357051174,2.571197195913781,2.2544564701547234,2.4216560129788642,2.2397877367984464,2.4452770083550726,2.6960999722605963,2.7181685854635496,2.351011515789568,2.4141047870144905,2.278402976066206,2.1483600287116427,2.4532856087779935,2.4146113759098586,2.158862055150663,2.1397166276158015,2.377382986672824,2.256836839119048,2.3207065492853225,2.2799695646419575,2.3510455673981068,2.109122072681408,2.4097395348508512,2.1481772213572707,2.480506978025432,2.2325273956062994,2.480506978025432,2.2325273956062994,2.4869407955571883,2.411385408591138,2.6875145580495747,2.424710235753187,2.8711736976691555,2.584808838340716,2.7832688706649242,2.4154018199619727,2.6666666666666665,2.8536240562795108
audio_276.wav,3.5,3.547180254530549,3.5440502847847615,3.6384808670705517,3.787652496078309,3.607788313850086,3.618403808037168,3.6174903000405227,3.636769759453754,3.496373193357273,3.6772281318952174,3.2764370695858953,3.3921434530044823,3.117628523278746,3.3547112548415394,3.1757792110054264,3.2519305275580166,3.1444843492387378,3.180268511830994,3.1692843792199183,3.1972082443093477,3.0724275190015233,3.187954106668803,3.2832117691288594,3.4063641705954937,3.2403757549402066,3.3808583434477097,3.2403757549402066,3.3808583434477097,3.3328340545743074,3.4334456861391573,3.6469604015724646,3.2594278849472382,3.7462761849923205,3.1787476196179747,3.5879407609439995,3.1982471769066323,3.5,3.8715306564437406
audio_746.wav,5.0,5.0,4.986101577781806,5.0,4.76153784491454,4.714061870541095,4.7485437575666944,5.0,4.820967332393688,5.0,5.0,5.0,5.0,5.0,5.0,5.0,5.0,5.0,5.0,5.0,5.0,5.0,4.998978490654458,5.0,4.90061377680611,5.0,4.740554158165196,5.0,4.740554158165196,5.0,4.915495595338651,4.420858884268321,4.647242706466318,4.612619891220729,4.782527032313744,4.48537891516114,4.787353699876008,4.5,4.18466365214394
audio_252.wav,3.5,2.779216911303955,3.1661666790199785,2.4362056983632425,3.003571867948828,2.7552251040981655,3.1007269072338435,2.72734556328683,2.9655439253747153,2.410819097214618,2.856372516192556,2.649919510866399,2.9510142198506877,2.9671464868989728,3.122163717577363,3.06687807464651,3.0783508808502553,2.9647230952423853,2.9394364597856684,3.0802996606630093,2.9679753946388954,3.1765830775812796,3.136032833473623,3.0236150006723093,2.940284377183408,2.9716319427530338,2.6068333847186147,2.9716319427530338,2.6068333847186147,2.9371628412228983,2.693629376398912,2.9248090647414577,2.6953185512359674,3.0782109094150756,2.8299552225211673,3.009277774508314,2.752095540759953,2.6666666666666665,2.9990719596875888
audio_266.wav,4.0,2.8596777206313946,3.1213449643214433,2.4863483510126665,3.144599290570126,1.9704530396000852,2.753657138128061,2.4015664473792966,2.8083372176316543,2.5474520099896134,2.7903374357381927,2.837631195437506,2.905219388220227,3.1281371526622728,3.1101398794946604,2.772381958932266,2.9856874600787684,2.8548929604483146,2.9390504128475308,2.7843357121458467,2.905134092560674,3.00851587187452,3.1558014859805135,2.9703436663171168,2.9835155152097372,2.7246891381426637,2.8857373166417273,2.7246891381426637,2.8857373166417273,3.070005466061318,3.211385668099844,3.2189842227002052,3.2057768979691694,3.1349614874515814,3.278878520644156,3.248889884392226,3.1994520860398974,3.0,2.9841064983585457
audio_611.wav,4.5,4.145539630416115,3.588725296828361,4.233097042806651,3.636642240286497,3.863464657312385,3.498532622285564,3.980464014213592,3.529970078504782,3.8374303045352227,3.5843352085849176,3.6553590555796442,3.5571883529576076,3.5682445901851154,3.399079697496568,3.825075806705069,3.460376738631217,3.578980947423809,3.359909810750056,3.4568864480411445,3.2795534321082616,3.6591464266164615,3.265153642240269,3.5238632395611202,3.273944314672464,3.367727373939473,3.222447622210046,3.367727373939473,3.222447622210046,3.3785349547704513,3.200109871888038,2.8758975553306754,3.2741483768489528,3.123309518558262,3.200156437667267,2.9708933204096937,3.1532681341348243,3.0,2.801622631438265
audio_5058.wav,0.0,0.0,0.0,0.0,0.0,0.0825965772918759,0.08013009571722751,0.0,0.048401012215713614,0.024163887149253476,0.07446812387540207,0.003248731622325085,0.1209742319268301,0.13130295338902473,0.1765499678732212,0.0,0.19681306297807324,0.17438383940891855,0.22824196114417408,0.0,0.2961104873147066,0.0,0.29154892491024026,0.0,0.15904417366533843,0.0,0.17826147211590784,0.0,0.17826147211590784,0.0,0.0819059035504021,0.01248543083857574,0.03882240399241538,0.013689491086925415,0.022665568606128682,0.0,0.004271842530262257,0.0,0.02066133114424369
audio_81.wav,3.0,3.8509573539917628,3.91087300628233,3.673478176657134,3.8980363456179377,3.719989165809583,3.808514320615094,3.4564964327270395,3.683336335319693,3.605691501983378,3.4886378660545296,3.5025769891862137,3.5019514648373664,3.366974393917795,3.38158532338694,3.268672577526653,3.1826438972277207,3.1845597043383003,3.3361019001604055,3.29458658610996,3.246094916787159,3.4990555228031717,3.412808551524533,3.571345024946232,3.4119702519382176,3.423731093040544,3.324862640424746,3.423731093040544,3.324862640424746,3.445538801997433,3.4766628686660592,3.7261646022789523,3.452223286867787,3.9683235720670553,3.6975218566019437,3.7604315244605857,3.506938489906316,4.0,3.2246431845152173
audio_3.wav,3.0,2.89198318932754,3.0190882881559546,3.1741902415745114,3.0294235540841137,3.101824593018615,3.1076493073347806,3.0633661064986826,3.2187951546273688,2.8105467164859044,2.9610703159741036,2.6231134730314003,2.6399566327009665,2.6584267606409533,2.6565900571826258,2.649273672384847,2.6868776772322356,3.068675999878901,3.01504870194463,2.930110516412831,2.8163623490001513,2.792487374309306,2.7695269730401155,2.6726978498727836,2.5891736428841647,2.777990279791696,2.8172367766063204,2.777990279791696,2.8172367766063204,2.7079659750973817,2.8263698531528427,3.0749905334874,2.9942849927537694,3.1528420491133784,2.8184787895831866,3.094874194618813,2.9829268747977906,3.0,2.9305089385368004
audio_21.wav,2.0,2.757939933401955,3.5039293886096865,3.1273384842709313,3.1641922177288797,2.52900993257083,2.843888838676674,2.7805036657597575,2.884650818529462,2.6231227115940814,2.8721711851951763,2.7289411362758504,2.8204626874491328,2.641817889245066,2.5677941266961013,2.6105494783729086,2.481470776867192,2.5565285652656713,2.1130376390393146,2.5519455232882815,2.2416370230331486,2.7080486629064993,2.374989111372754,2.6815435662100975,2.4201116294326117,3.06152932615924,2.5677995191805576,3.06152932615924,2.5677995191805576,2.8751144042153967,2.5556894379034625,2.6827241675154454,2.784477621996448,2.889168072428449,2.7465613030820872,2.715246344452282,2.7541221827908458,3.0,3.0008709610603383
audio_190.wav,3.0,3.373533028561225,3.2303792786751893,2.432388427380803,3.092695764120395,3.274927456522569,3.1166490482553986,2.9322079693415035,3.07816872174739,3.3745095170898263,3.244257400848395,3.0696921287535885,3.1870236645268144,3.2773154096319366,3.1535952614892993,3.155019915877539,3.092052587322364,3.2651365615065795,3.1313749437545177,3.101027118416011,2.929130058724548,3.283189755838436,3.0149476696874253,3.1034905270275064,2.9444612052804104,3.024005895540156,2.9059808038400163,3.024005895540156,2.9059808038400163,2.944747959918343,2.8917828251502673,3.0005144586370633,3.127473396900548,2.8533910474199566,2.8614622172993225,3.0199343415303517,2.93474128061362,3.0,2.991332568074306
audio_189.wav,5.0,3.3354236372147548,3.497909038783581,3.4854466979600267,3.63903908455092,4.558591935108307,4.052566557852333,4.161124264425276,4.115984077997673,4.5772833731547715,4.153941975755615,4.586487422987389,4.230875367696281,4.307073838330308,3.9570631141728625,4.3750535917729225,4.266491967760184,4.379631633043867,4.321284977742583,4.4515169128234975,4.415127950929854,4.414881132151764,4.23460212501349,4.411082153192855,4.42784501522573,4.377396347518445,4.174957316743756,4.377396347518445,4.174957316743756,4.419745039280064,4.056922401879995,4.158099669791767,4.299298016310345,4.149729158607085,4.29458593569698,4.1521531146001855,4.437336513453893,4.333333333333333,3.32294934073818
audio_519.wav,3.0,2.5470095486773126,2.7242846684528295,2.4456321249197646,2.6663494402499963,2.359671394618573,2.5861867417904842,2.468576315917337,2.4582357619591466,3.215926221998016,3.0019382666187213,2.922605155883988,2.831979795686818,3.010496008217429,2.7166339260067325,3.4998427957054754,3.3667069037475597,3.1000932254754865,3.2076338062565246,2.9554072546585997,3.123142544533456,2.9385229056090783,3.0986768858140756,3.1490969977878316,3.1099116941443103,3.004423842231592,2.925584941768052,3.004423842231592,2.925584941768052,2.9018213311804377,2.870979940126358,2.974294296812783,2.7756031375124532,3.0231140062709976,3.0028289860611284,3.0359062253497284,2.9436400435063046,2.8333333333333335,3.3709079233820556
audio_748.wav,2.5,2.6019096645172435,2.815527273395705,3.0295591920535863,3.0485678919828296,3.150630502195034,2.9845567217819577,3.1050266896380663,3.0553102345705265,3.6752032296476007,3.5461010205934245,3.3597840620571433,3.5361962081817815,3.1838232297253923,3.400954267410699,3.3884193878486273,3.607975471175217,3.204419780355473,3.5044565402769075,3.0378468736507394,3.239091814592951,3.232311300798204,3.3950730383216325,2.7781536902986033,3.0245564433283363,2.9029054261883402,3.0683632975793955,2.9029054261883402,3.0683632975793955,2.741724455631587,2.981342231363156,2.7854321581285952,2.8499482793708437,2.7728883709342846,3.0414983043648296,2.776564534687381,2.866859162162088,3.0,3.538780156005392
audio_505.wav,3.0,2.894151418379104,3.0403513254270433,2.9381958175125606,3.256622841722914,2.8558042008361384,3.214758498558261,2.6946782228206203,2.925596940102558,3.0207884933708917,3.1982342851169894,3.200045981168912,3.2290195067257663,3.1265249466004996,3.1200311617662635,2.9330276437669007,2.9542806626385576,2.8846432782489138,2.8495062514674436,3.0118846628973786,2.9512169897547396,2.905479633048573,2.8418226069514687,2.9129567762127118,2.901534151242321,3.003862957959727,2.883525524583403,3.003862957959727,2.883525524583403,2.7501606672108245,2.7069311878382614,3.115574575207097,2.8828161881286207,2.9884297116018614,2.9425986718639296,3.055298357915555,2.860070194983416,3.0,3.56282756622128
audio_361.wav,4.0,3.772567564350895,2.8031059299685346,3.40801268293369,3.0670285127766923,3.2728907457353187,2.8317493686251773,3.317317796909554,2.863975317602334,3.0741795250286508,2.7529546361798585,3.0802021780741864,2.716194488161015,2.6043711360236945,2.5934429410234023,2.897566061251139,2.8197450730815525,2.687134602663486,2.651732871299983,2.9350159184951994,2.7508130150732915,3.287871885299079,2.9362813666422887,3.2285998479320615,2.9975951137132717,3.050089969416865,3.1613950889312954,3.050089969416865,3.1613950889312954,3.4976823317608496,3.1994121976278085,3.0760505781075516,3.494498770802705,3.2253746627866584,3.321708222919188,3.0830308267877022,3.3944475216502377,3.0,3.3018245172775047
audio_5052.wav,0.0,0.44130866455838147,0.19879026539786868,0.14644535192415672,0.11214020608300768,0.0,0.0,0.0,0.0,0.013560254956470322,0.0,0.0,0.0,0.0,0.0,0.06243114598395113,0.05789303481761765,0.0,0.09456869335649776,0.0,0.04172466884081283,0.0,0.10430570293598491,0.0,0.17776287985062597,0.15186483789943658,0.2763391370816816,0.15186483789943658,0.2763391370816816,0.047306925242154296,0.26875189463675403,0.08932700697905571,0.008443865453801724,0.1183575994068045,0.06985701812790111,0.1628512987613304,0.03210796947654456,0.0,0.10000083793445251
audio_16.wav,4.0,3.505163231396749,3.4064638329892585,3.3424475361982426,3.3710694029742014,3.161414722042245,3.115080158570089,3.3120055002371345,3.3025702780341786,3.21797926063873,3.3585147342963175,3.701036230764787,3.7090952724621644,3.593828751383422,3.4327298017647583,3.526845606769326,3.424734616276806,3.583731823447802,3.441085355370481,3.6555131847392417,3.462460292113087,3.7466085274347756,3.5511187488485265,3.7616624938785925,3.736529789980022,3.786642710007563,3.7023002392931197,3.786642710007563,3.7023002392931197,3.555528739439357,3.533812150239013,3.6831704030825265,3.9298595790487774,3.5928232712902886,3.6948584036807186,3.717012303551055,3.927090653116219,4.0,3.1907777453005153
audio_327.wav,5.0,3.857254441379343,4.372265704197706,3.843841827694394,4.035444492254267,4.5654033617769025,4.865114265727258,4.905362050129078,4.9742792559147855,4.986377667610253,4.9640464339144295,5.0,5.0,4.948372942108285,5.0,5.0,5.0,4.982824345913301,5.0,4.950079619244257,5.0,5.0,5.0,5.0,5.0,5.0,5.0,5.0,5.0,5.0,5.0,4.32554784925836,4.948784564672814,4.296118492441229,4.966970272656384,4.347966214172032,4.945554474633496,5.0,3.812662127407517
audio_313.wav,3.0,2.835459080287883,3.4086965946792573,3.246881568761967,3.4340039375262683,2.7107765251690292,3.1980185200020306,3.203040157767228,3.327645171846456,3.5817443488803833,3.766300378476062,3.413979449308407,3.453163967845372,4.17496842855524,3.835216915913015,3.69374476302874,3.718522977891889,3.5546910113721424,3.6061043404403246,3.6981161858902944,3.6722133391148417,3.7436244292822742,3.8686407713620063,3.7637977722548626,3.893527534147562,3.8215742964368022,4.0648394375743955,3.8215742964368022,4.0648394375743955,3.847616606639116,3.886035185929643,3.3303995322508935,3.810642390297392,3.2748852941246085,3.703570777327437,3.2976279031360693,3.7865274740251453,3.3333333333333335,3.7153304206916657
audio_589.wav,2.5,3.088237246159506,3.232880136130735,2.7255773265082106,2.8469980583987895,2.9281873006549026,2.7699938407461615,2.874165968458397,2.8022454191545125,2.718147913880396,2.8101201664545754,2.4710238478408466,2.710867300536257,2.584183530999265,2.7566273560506076,2.457144482148317,2.6833560700254737,2.8608025113750806,2.810399947151769,2.713306083992028,2.6335767532912664,2.671224311470832,2.598617648500745,2.5948583530043177,2.46535569291196,2.573714320204464,2.2799374516956568,2.573714320204464,2.2799374516956568,2.519701334800899,2.3646666893395634,2.709681695115505,2.6040686697910544,2.8513560891090393,2.587638714247906,2.70701155239609,2.555596318017665,2.5,3.752123965656629
audio_416.wav,3.5,3.6977292910415103,3.6377330620070585,3.5431849215472617,3.5424623066468186,3.8379937870724405,3.7644204775769983,3.189194514088076,3.3825763504637494,3.0965831390916745,3.3135336646854974,3.425206153608284,3.3944296271355214,3.080003332034194,3.330800902849091,2.8216655144655802,3.1253384527668793,2.9645544936719177,3.2860869787345934,2.6892763924023666,3.0278924339932956,2.7403790252679188,3.3831518317882736,2.993157921312669,3.4386365053958454,2.893671421644882,3.395521544070243,2.893671421644882,3.395521544070243,2.9961798060884983,3.41128434772769,3.75837783006004,3.133769708323696,3.524888257542766,3.239194965443662,3.7128332170121587,3.148029212053087,3.0,3.8261170355507397
audio_762.wav,5.0,4.992708845731738,4.863738368452965,4.740115614458554,4.788506464164209,4.712450157305294,4.797558206868639,4.711366252869956,4.848184237049592,4.79735246816756,4.946831129479608,4.977120171252736,5.0,5.0,5.0,5.0,5.0,5.0,5.0,5.0,5.0,5.0,5.0,5.0,5.0,4.965714440345155,4.9548700476661685,4.965714440345155,4.9548700476661685,4.9403149087176415,4.8676346971821625,4.756944265048554,4.766061155940857,4.620464577951484,4.719408996361055,4.820410345035331,4.713971095530668,4.833333333333333,4.846540075801722
audio_714.wav,3.0,3.3538585870558233,2.6211149774853832,3.262785639484157,2.885598532057027,3.5088689734659653,3.087306235463569,2.424500044610328,2.90766202904771,2.6165835140716527,2.873557701628298,2.808368940823916,2.9384198815821745,3.1169558274242335,2.9698110806951337,3.0466479720486768,2.9036663507221596,3.254368881854692,2.8467420267526773,3.1441944477301456,2.7752268384896612,3.1221535101392295,2.7104639533535075,2.7216124569390607,2.7033493332978282,2.9669053360651385,2.687597697170348,2.9669053360651385,2.687597697170348,2.5816406301428447,2.6418428734316377,2.429458893704614,2.866954832460651,2.35886766744001,2.8284171738532895,2.3640511345558113,2.9228374919215128,2.8333333333333335,2.8008775008339164
audio_455.wav,3.0,2.9160083991628998,2.965544183072313,2.863664364104572,2.5922683755613836,2.486389115112592,2.700274026764106,2.560686074759439,2.547568410317341,2.702189464317192,2.5429968105843956,2.627711001514584,2.667601008861754,2.627068211200179,2.652430294722779,2.9230403205512565,2.8332610747718774,2.8827939795249122,2.9098331281768104,2.8846480158193812,2.7017525077423237,2.6544260191411397,2.5566870542572655,2.547336809777072,2.4910983489166547,2.7231983200804457,2.529832468736057,2.7231983200804457,2.529832468736057,2.902194390334934,2.7616694816833696,3.186908612176723,3.0451041256199987,3.040834606818173,2.9495411901669617,3.228730897041054,3.0618891434402205,3.0,3.213190734565677
audio_42.wav,3.0,2.2523188079717023,2.6638297122656436,2.2152290478172034,2.6610120446079937,2.543296134896796,2.8454875291234365,2.3026851218993114,2.5789909990917956,2.4728808716073654,2.472770960922392,2.813358708289081,2.675571780688434,2.948052968668224,2.825793500633827,3.2714891969765616,3.246798975891491,3.5694902613309467,3.609087452272714,3.4552770954053837,3.3634612720982564,3.1724058218673705,3.1451784134950302,3.4264501734667157,3.1635393194102073,3.567585574145193,3.3010375821783255,3.567585574145193,3.3010375821783255,3.1245872219501014,2.950545673849612,2.754024763292758,2.9457674420975426,2.8170223966168337,3.022346080972674,2.7079184810739814,2.9120195420287707,3.3333333333333335,3.1426869804639197
audio_561.wav,4.0,2.894803573604373,3.1300878315139244,3.240051334382422,3.1293759528642986,3.5860486853769658,3.440750047781176,3.1026518719513168,3.256461464217432,2.974899818155992,3.3040333110409112,3.3534287370951,3.4015895582804077,3.102469666088434,3.368571055333651,3.434413505610958,3.5468955376669182,3.274041700699725,3.414928250516492,3.395398848316031,3.136769550865766,2.9611241413051204,2.8793475281235197,3.0722387293234505,3.2074083515169605,3.222242260677083,3.287767729398786,3.222242260677083,3.287767729398786,3.2377887083104233,3.297679015820473,3.2404998572206516,3.371148922550058,3.2766826841160825,3.2599086574692855,3.0753554914130663,3.184786456517488,3.0,2.768226452177457
audio_226.wav,3.0,3.3613053803366064,3.1149391044412966,3.025464101862879,3.2808510791462226,2.640930432126051,3.109981469918536,3.3531786213621158,3.07487280760265,3.168624277427837,3.1107107551865467,2.5573851228100097,2.7767527942382,3.029303082787463,2.8443354973720147,2.580003509172142,2.6041795803004777,2.6880973627682825,2.8713102599321148,2.675169082400584,2.803141013408419,2.8339220711517856,2.9172571153370783,2.7138305449620748,2.7654624187338768,2.8500195280197222,2.907482075124531,2.8500195280197222,2.907482075124531,3.0914704244818125,3.1158039516046094,2.9931386667738216,3.0839032334990724,2.952355726171847,3.0591372296598838,3.0014386371968853,3.0758078114378447,3.0,3.1021295779180473
audio_110.wav,3.5,2.8410829542004365,2.6962012361580343,2.704235309008728,2.6200418209099876,2.8677673052218338,2.7754505899590036,3.855863928713005,3.5401143467647636,3.9013225258167665,3.7175086951861847,3.783773012905005,3.641153791910618,3.840435957166329,3.656418913572601,4.07536477509755,3.9281792545786445,3.8651216354860956,3.9036272129955023,3.7328417322139624,3.8245280546608313,3.823980114169921,3.8960337178547273,4.059038340934634,4.095059267310518,4.191987115327888,4.213358944591515,4.191987115327888,4.213358944591515,3.7131810718353306,3.7004925650303027,3.0765363362217584,3.604638078751744,3.02904444187403,3.6280818786049043,3.049387638536256,3.5669745858233983,3.5,3.1530272014904113
audio_739.wav,5.0,4.936317081598919,4.835113618397281,5.0,4.8787713786196045,4.767044032522926,4.533889752465118,4.329952522662615,4.26459999661062,4.3543274406733525,4.150736573439677,4.7261133435117975,4.64798544756457,4.784600559908906,4.674352798679483,4.7489251863258914,4.57357905302236,4.697858330012493,4.589735002111214,4.554246622298291,4.446606517813074,4.513357433704377,4.521961946676559,4.314783018231366,4.509580222017282,4.4468888180763715,4.615884823160753,4.4468888180763715,4.615884823160753,4.524804983546822,4.44103190585453,3.473457268524117,3.755859868308694,3.358851559973758,3.762021177750309,3.5798215608129205,3.6404123223522613,3.6666666666666665,4.46005237295734
audio_504.wav,3.5,2.4573543526116444,2.253136054217579,1.5838561268018037,1.988365775725428,2.0745920222635212,2.1393083106781274,2.103716705459405,2.248579136125454,2.2464029624839608,2.219684728857756,2.609855958936594,2.477294345323872,2.677209141838197,2.4484200686664273,2.466958329505036,2.391388560015949,2.3288249711549027,2.174417803616864,2.4977751773693924,2.317710259800443,2.6962581790566222,2.507366034669681,2.491933590599991,2.431758498391982,2.611119576628967,2.423892430291677,2.611119576628967,2.423892430291677,2.5225937856102285,2.353529152528911,2.5459064129788542,2.543267931570527,2.5903528816306665,2.615884165534437,2.4962791801574613,2.578377266114462,2.5,2.4390281242091785
audio_379.wav,4.0,4.225056538546601,4.0092348950348695,4.331321365379064,4.376125884045171,4.206301507877472,4.448717686346986,4.4321642620823205,4.420777898273624,4.410044802890204,4.532472693823914,4.09583438459044,4.293074628103732,3.8073109728959724,4.269986136253858,4.080400648982688,4.348014344943286,4.014192774520989,4.165360773657312,3.8980442209009034,4.026106601233599,3.978701574517921,4.304881573960621,3.944565997309278,4.318371250572201,3.8689018605877536,4.201930696930779,3.8689018605877536,4.201930696930779,3.742558195464546,3.9787446602507814,4.110191111917848,4.012038531563415,3.9586793248448764,4.035621152842787,4.107547253487062,3.9033637120447775,4.333333333333333,4.262366445631599
audio_520.wav,2.5,2.2866960122678432,2.495824449048883,2.0889028462427617,2.368907581920829,2.50711640779255,2.5607511493210193,2.465087377829919,2.5323468108222262,2.75943150360083,2.5279848667553493,3.074097938788579,2.8131111655879146,2.9014533007544796,2.9558923908466337,2.8861461482132302,3.0294955185789125,2.7700440225023626,2.945716539489842,2.6493868430949354,2.958401499418129,2.645369995609928,2.9760652062722492,2.520830364993737,2.9815851508263314,2.3211914561113995,2.697194896880158,2.3211914561113995,2.697194896880158,2.2456531017498786,2.706733784180463,2.272506002855567,2.495094479601494,2.32687617017036,2.5912638905908794,2.281688261793464,2.50157038026984,2.5,2.740052262636157
audio_5068.wav,0.0,0.0,0.0,0.0631216615102197,0.0,0.0,0.0,0.2239772679696014,0.0,0.26325623169015194,0.0,0.16168396830826767,0.0,0.29371139171612876,0.0,0.1685418376441259,0.0,0.21402036524102952,0.0,0.14600546868381947,0.0,0.1356562712518694,0.0,0.09319591730052901,0.0,0.3222062663016401,0.0,0.3222062663016401,0.0,0.3166765818025887,0.0,0.00851226238662395,0.0,0.009941730741381041,0.03596109369114611,0.01086683228489599,0.0,0.0,0.055880489752725825
audio_30.wav,2.0,3.189147265442717,2.8613272270316976,3.0014548147187305,3.3162446024129957,2.923445327074434,3.1226211750779274,2.600324448494679,2.6762801606574484,3.172304130235078,3.0812158772444462,3.296462029197469,3.330532637289989,3.0271908793726894,3.2708930950803485,2.881094228328705,3.000914019005178,2.7820514431207695,2.852961867150634,2.4992662242967913,2.7268558043235678,2.3809773280406965,2.3633895088671104,2.6063858053611377,2.530877711571925,2.4143714199280097,2.3341794439141723,2.4143714199280097,2.3341794439141723,2.2623005822807802,2.414863040177774,2.9683650542346527,2.6152767362118365,3.037384194814274,2.9052748721794757,2.9448979331694662,2.6199117362240094,3.0,3.0936896600653596
audio_5041.wav,0.0,0.28243124925754365,0.0,0.0,0.0,0.05025955423000772,0.0,0.18320848366571715,0.0,0.26114064006866505,0.0,0.3474996829612535,0.0,0.1324162200833167,0.0,0.0,0.0,0.0,0.0,0.024352263880225895,0.0,0.0,0.0,0.2061443320547207,0.0,0.100345022465066,0.0,0.100345022465066,0.0,0.05660205024115017,0.0,0.050346772787881806,0.013644778109575132,0.004395875781871001,0.0032821465046416164,0.005690546108574858,0.0061433263795619975,0.0,0.013680235990652698
audio_485.wav,3.0,3.1539814711380614,2.4311279668550507,1.5439551738137796,2.3277580858661047,2.566989678925958,2.8954211026938617,3.7596157324617736,3.3941199524072716,3.274645790153366,3.073875449182733,3.010062512908608,3.101177002377464,3.18681380974795,3.1158548980314875,3.175876538731431,3.3343116518747444,3.0656909517716824,3.24882401178971,3.169096710275657,3.2222660988950307,3.1170029194849262,3.3356260268772497,3.0923796743226735,3.4492936129794782,2.955233992605276,3.1848771621923775,2.955233992605276,3.1848771621923775,2.827832945323994,3.0706561400634675,2.4903639445345966,2.819330621149227,2.505862417083465,3.085580308508686,2.4755168265171186,2.8994560148191417,3.0,2.756983763964648
audio_475.wav,2.0,2.2783215048445684,2.085671961186511,2.268934473108822,2.0281534024283157,1.8532745159619963,2.000576619231446,1.8325645014190297,1.8980984675541859,1.5532130808412357,1.8887476903583902,1.9073542845582987,1.883807113613881,1.7148528290058447,1.8079324907537426,2.2919215223893517,2.0605776395127524,1.8269458862187413,1.9843601721368926,2.095840644231098,1.905916615111746,1.7385005779125031,1.7833541948833185,1.5009603223257102,1.7004639872500924,1.9339542304829298,1.7132083784185959,1.9339542304829298,1.7132083784185959,1.9905618673127847,1.8705394716851604,2.0575740246564256,2.05829508371137,2.0176802188009173,1.939506050128388,2.1772337600060134,2.111741602910811,2.1666666666666665,2.369772895282749
audio_145.wav,4.0,4.620922730380486,4.367992802690384,4.3466488396421195,4.500276036941312,3.7819566499285013,4.350914537977061,3.8170911850764995,4.266226264817642,3.988413596201616,4.176027505153136,3.930248216032369,4.104679730273414,3.864814723760316,4.2858896177441625,3.819031775539415,4.049443006815167,3.689182581497219,3.857364725608265,3.7691407596042557,3.8462122659694447,3.688990396353267,3.726575330951381,4.077025791621847,4.110529477888989,3.878008656116206,4.17282636118793,3.878008656116206,4.17282636118793,4.256919315459623,4.314522934178075,4.024108954037597,4.0019648609740255,3.7998367645236484,3.822443768413225,3.9126085451224477,4.047721244466287,3.5,3.654025190539676
audio_308.wav,5.0,4.30369882561446,4.6971925366923815,4.4646267110520865,4.670706727627386,3.9492255853479086,4.474089128835929,4.661505034255447,4.602742353469557,4.839567224693057,4.724781943106673,4.785838168858212,4.874464352549722,4.940663558624135,4.939353047998433,4.726336593383343,4.804390983123612,4.893961690651163,4.9599413683100595,4.648170972657083,4.783236092413603,4.7742816501097955,4.820092198135182,4.623560559562442,4.692061498787186,4.752970051567318,4.655525415392975,4.752970051567318,4.655525415392975,4.919212426037309,4.719859185660375,4.475512105710315,4.499697076215036,4.417302159699928,4.480351616888956,4.460468548335184,4.446265654472189,4.166666666666667,4.914460038252914
audio_184.wav,3.0,3.4104840129211795,3.6570320647666943,3.192061026064833,3.6084815456394117,3.4601202933304926,3.533359550741268,3.4329646349194025,3.620304434124806,3.3080358070281606,3.6969154642515996,3.393863539058534,3.5891183610687007,3.5186987705390074,3.579954315131571,3.2155097049324586,3.1955240326983074,2.898010399523923,2.920512273184128,3.0159339348149192,3.0528325261995115,2.867429373572122,3.2188147802974973,3.146551108890403,3.2231652204688195,3.0263815618647825,3.1048788389708406,3.0263815618647825,3.1048788389708406,3.0325903976024016,3.1925481318882647,3.350795727700327,3.3163671689037195,3.204764128225569,3.235331288610397,3.3080222070595755,3.18113457920238,3.5,3.4096447024548713
audio_586.wav,2.5,2.835147396753898,2.9834082008945733,2.964892450058518,2.887080755108142,2.8443707571195804,2.936291725981477,2.9449825499753945,2.898835609305531,3.0431747725402745,2.9359278888563085,2.861908569831512,2.775873870443235,3.023859936270244,2.865282933046054,2.785093888700334,2.7446464959778756,2.811520760648498,2.807687015029084,2.844480597751366,2.765210918763092,2.9536368692375556,2.9043525991177943,2.808762856693549,2.709068975443629,2.949146291258396,2.7563871732381973,2.949146291258396,2.7563871732381973,3.005485701625289,2.8829691839794855,2.953912328980822,2.6502070439830496,3.020602028496494,2.833854151909499,2.8895529017521127,2.695166795415106,3.0,2.8877465396254975
audio_398.wav,3.5,3.776765343753647,3.7408589338768503,3.952263592835038,4.097350680534663,4.262738336980065,4.159194689292872,4.159793757963562,3.8667935354494696,4.091545706056117,3.9959647686991424,3.9782577310923606,4.055594749061828,4.080151084554207,4.085279591162704,4.38734315566412,4.3706873346388635,4.114054795669907,4.114823922181627,4.449939369837433,4.420864054181961,4.602407523143289,4.639905942862083,4.513692166699406,4.548599412096132,4.475160186550357,4.5002588355254165,4.475160186550357,4.5002588355254165,4.577738141940574,4.6067849112792185,4.225658229891813,4.578795714626392,4.130754834801333,4.578925302070876,4.24586759771368,4.552986960336482,4.166666666666667,4.116623421745661
audio_726.wav,5.0,3.6806332704295492,3.476885413834623,3.1590539469903978,3.4083278000967567,3.3541469916250257,3.359113301959353,3.3878806673453834,3.2846460912007474,3.407394953269464,3.3519257882545124,3.4328724958054537,3.5168740315440505,3.4520814071479795,3.4962700507355486,3.6910263450471077,3.7909692083487254,3.6800974896041674,3.6845027293379644,3.3183810127403355,3.4766846700640137,3.5232873424346223,3.6180817289387304,3.549727807868368,3.5306575696970675,3.6767130196549602,3.539390185654067,3.6767130196549602,3.539390185654067,3.753162132892873,3.64164769606395,3.8840988484728185,3.7118050091240478,3.7328619695751626,3.8916826303984586,3.841004400317297,3.7052778814321226,3.5,3.642641636779496
audio_466.wav,3.0,2.7495242657191064,2.9033218296614707,2.874437317947594,2.886941047843037,3.23602269057152,3.1023588698269435,2.9099679187372183,2.9803493651522808,3.245444856253377,3.026112002582988,2.9587700790620985,2.953163050548834,3.1283898999051076,3.0495114496857307,3.1072566899948213,3.134629089651733,3.3499983778819673,3.338169924292971,3.156683168416563,3.0203609598878565,3.088194104807823,3.018896139470272,3.212201300878758,3.1620752042258307,2.9474362149371345,3.0663471550578443,2.9474362149371345,3.0663471550578443,3.4674932526061117,3.4247426438762076,3.198117656972143,3.1550553607631824,3.3010530275660046,3.277347237090229,3.265861988181723,3.2273825787959236,3.0,3.2757827268840707
audio_218.wav,5.0,4.074379285724923,4.4547174267548675,3.7920605352804704,4.305691693565731,4.50969207745219,4.303103628471503,4.046343505701994,4.2254979614966865,4.232935501521031,4.297975286631714,4.386491331222659,4.455343918520815,4.876048499197228,4.5946628373782215,4.652663165451543,4.4473420964117,4.977191112401907,4.751495567379163,4.748830858047271,4.669342465133589,4.930942830403127,4.686640187271787,4.8922958174607025,4.612605963317539,4.996348437305553,4.7208933996604285,4.996348437305553,4.7208933996604285,4.936071458995929,4.604894447614957,4.047750298002369,4.254546200891062,4.01491446498514,4.259733777609367,4.030664378550689,4.282537810633477,4.166666666666667,4.032892557829089
audio_644.wav,3.0,3.5201650404446276,2.997550965383723,3.4741462420768916,3.1898975575745965,3.5254345226466337,3.282613689738321,3.729949153022666,3.4816065378217886,3.7698380531623763,3.3569191398808464,3.935275834140876,3.7720457060937895,3.9628248640632306,3.684891014349853,3.7946567560902658,3.5485791766932313,3.695275132138036,3.5633361056855075,3.6648769336970575,3.5355642693987,3.9158021215692975,3.8846880449010874,3.8861892503606925,3.8214289519955087,3.8442775940637013,3.9430388026617478,3.8442775940637013,3.9430388026617478,3.8146762601341453,3.9135635564815714,3.4713481943480056,3.9153915156825825,3.277761787570084,3.524362749539422,3.3446978792366306,3.7080735055127803,3.6666666666666665,3.875340118740439
audio_351.wav,3.0,2.5482477694780923,2.788307956607016,2.707144059172723,2.85644036684851,2.5537033637079927,2.7827723595197287,3.0147001152512694,2.7954262968125474,2.9437644338486435,2.751297081900072,3.024146010232286,2.8095441052922694,2.9789830915007194,2.707450270970263,3.0071545254571554,2.756479098632767,2.4468528719259215,2.738123545975925,2.2364383804040426,2.6221759358479453,2.3547946508146684,2.640011834082054,2.443007036562504,2.6445696972120802,2.5935296096015263,2.48988508072302,2.5935296096015263,2.48988508072302,2.8475574348824897,2.7326291169460695,2.9357668820141156,2.7745018052778243,2.9317550108001385,2.8202040224290243,2.8206241277886677,2.8065543636755765,3.0,3.220505702287694
audio_248.wav,5.0,2.6132429028696795,2.889783960557729,3.15925763973053,3.128115413866641,3.630712354715706,3.5279589005105465,2.9766089917227396,3.25027954573356,3.435552961882147,3.5285322905212397,3.851557711812108,4.082901766017062,3.7282698544933286,3.942037918559553,4.147165452015963,4.16379116738247,3.9406049309380875,3.898772112299594,3.905603359301601,3.835664668105807,3.8318489998711662,3.8252337487836825,3.7537483361535187,3.7089353521835275,3.9728379243926977,3.8274251633852203,3.9728379243926977,3.8274251633852203,3.8887629843060196,3.8079903829080934,3.5824771512790097,3.3349992855366346,3.7525879849721764,3.5311717113577465,3.759442866455894,3.4216307938756287,3.3333333333333335,2.927606930357331
audio_83.wav,3.0,3.4909824282360247,3.920843258062853,3.6934391567495752,3.820189862164563,3.1532753570658265,3.4743417764752285,3.052937038181474,3.465603688408862,3.5517286545999833,3.9280910508332063,3.706121321707233,3.7740159548024237,4.005137780030572,3.676938667746086,3.759717214525354,3.5313718365530318,3.4708067985481805,3.413866044044394,3.613979128616337,3.4582050948948635,3.409254914363226,3.5253993330183007,3.173862535275781,3.319945658212316,3.2521309218259336,3.329647431744384,3.2521309218259336,3.329647431744384,3.293575759509755,3.423895847377963,4.104677173451432,3.4343307658709628,4.037603947074565,3.3993004576281742,4.037728248688048,3.494532063932335,3.3333333333333335,3.580986516947099
audio_71.wav,2.0,2.169577069770629,2.37413828244294,2.2886291322034933,2.524733201783493,2.3242732927516894,2.3836657608910623,2.4986614316002425,2.5460411969914447,3.044819483645791,3.102180249031251,2.928685426439784,3.154648372501571,2.911263681018365,2.9764835607733335,2.700030783234807,2.853522993366631,3.0614585030141543,3.129456753060763,2.9924992722334274,2.901875754387692,2.806792603647557,2.891244049159291,2.8506438901234987,3.0543175051025506,2.5581521803644462,2.951915792888572,2.5581521803644462,2.951915792888572,2.517916177877725,2.8333199443015182,2.9087880601919047,3.0543719740093245,2.6473868629497224,2.739032994305132,2.766065316478761,3.012409134255845,3.1666666666666665,2.894526513516381
audio_287.wav,5.0,4.528214363632613,4.419676074310896,4.176985549919205,4.182743481968998,4.478413615833904,4.224431986317683,4.334144450029638,4.342029867369202,4.311652401199513,4.472542218753827,4.376583677531982,4.463980500763176,4.126121027822703,4.538843586582845,4.271912265662295,4.714002430924537,4.213345582239998,4.593464524280912,4.143628604378719,4.49245595333987,4.243725193472261,4.671956936882548,4.161353537605328,4.514561629713821,4.234941985222105,4.5722414973889505,4.234941985222105,4.5722414973889505,4.191242572355514,4.503396234782201,4.352103232850978,4.454241222397713,4.215211923916642,4.184828888352243,4.432629658007724,4.306274462278139,4.166666666666667,3.5938068715351448
audio_367.wav,2.0,2.722728374074229,3.070444132060872,3.1222902086916005,2.8476058797351658,2.706603180575268,2.8969032863356166,2.6358094466282416,2.7830031220435187,2.5460001687174785,2.7532934756456853,2.544529151307321,2.7826537941648986,2.338357441953075,2.763769455413044,2.5666085709651214,2.7582705428243557,2.465110678551207,2.69498691478638,2.4215101333940856,2.7750816498831505,2.5797477944231377,2.747743233200781,2.552383644623426,2.70562788504958,2.5767822643527447,2.6358227828134546,2.5767822643527447,2.6358227828134546,2.7389414875098343,2.6416214581494786,3.1152404550598423,2.738171741339666,2.932782199668526,2.7631858449361304,3.155324466930334,2.6767487420969585,2.6666666666666665,3.1653811446399573
audio_166.wav,3.0,3.079772742202733,2.9149606435003523,2.9661927245512794,2.986249380457051,3.1678382160580174,3.0849063137929367,3.209387579344817,3.0325277455779904,3.296306733929125,3.225643277707493,3.062161522838244,3.1280482405043792,2.877351875610819,2.952096566249724,2.5509754486754743,2.5863746590404144,2.615104650484574,2.7027382080901448,2.719514779608282,2.7671223428629284,2.6250518440287007,2.7971532243894295,2.9316187221353798,2.972193132186431,2.9756238594708986,3.2814824331520973,2.9756238594708986,3.2814824331520973,3.1999617821776933,3.345407928466218,3.3147603437958963,3.1310797089726194,3.3803825146351816,3.300101831519657,3.3763087778240295,3.2820170650242115,3.0,2.7714768003833345
audio_94.wav,2.0,2.4480989274791334,3.1852109190460243,3.9746511616165745,3.0489989315758046,3.8714141405721065,2.9633599538639035,3.910135554780295,3.2090803500362255,3.626575984886303,3.2716933360091978,3.5588777227402963,3.2871167475310776,3.500378163087863,3.3376098745588307,3.1983888505248026,3.189386362243648,3.488712402582133,3.372866854824784,3.510581795040007,3.390004393404357,3.1103322584965762,2.938068346287798,3.2303598797720645,2.9735005879625285,2.99346180180842,2.8409014743972762,2.99346180180842,2.8409014743972762,2.455729198064929,2.5733882357199604,2.1038172770659536,2.8713137141982634,2.0168064879153658,2.6824237434252454,1.9181055807768406,2.936454550029256,3.0,2.167811693865483
audio_108.wav,1.0,2.8795691651968585,2.586029128043122,2.3346862119446445,2.5262871441316186,2.64315470107995,2.63958102379414,3.06397153653389,2.9590590251652444,2.859447484945543,2.9644289468557585,3.1654148556389266,3.0920227420654256,2.856655910005355,2.829895394476818,3.2529631837867297,2.8111071262326752,3.417506444937812,3.0276789940627613,2.9207744516855865,2.7079963662512925,2.9897103249048436,2.695632671770929,3.0816622487462877,2.555010459989028,2.949153765188232,2.6712838902364964,2.949153765188232,2.6712838902364964,2.7474744751558036,2.5589282540814513,2.826549114425467,3.045625089334932,2.5599410500634234,2.799400284365301,2.753194017725653,2.841266652644547,3.0,2.8977484638423356
audio_511.wav,4.0,3.369690207161527,3.226812891523539,3.3983466149821724,3.310647980570952,3.1621071359674637,3.18260138267989,3.3406001460241073,3.1421748800921185,3.0262227501581784,2.9024622796466466,2.974234750799051,3.1130103098057114,3.1165937149186878,3.1077430399275876,3.2466997212044952,3.0442157799545324,3.1075382440905464,3.066297422930976,3.2617893246787975,3.222250927943188,3.266452185588614,3.184173371326803,3.001369950574707,3.1042762654375196,3.082005565080074,3.0469733804131214,3.082005565080074,3.0469733804131214,3.1691645454589783,3.1868963321352557,3.795798777413698,3.531765631216937,3.9029675680325515,3.5159658951518185,3.783424922782981,3.5100594060782124,3.5,2.9963886114469234
audio_5059.wav,0.0,0.0,0.0,0.0,0.0,0.015458571114090288,0.0,0.007225420335605766,0.005261518180739018,0.2567816381579872,0.0,0.3634658897750949,0.011459009414337787,0.366377113243578,0.0,0.021796589260217363,0.0,0.21881614217578807,0.0,0.28877000200690245,0.0,0.17846924303363862,0.0,0.08641505015480444,0.0006052325885918345,0.13582297083756747,0.0,0.13582297083756747,0.0,0.11697982969601961,0.0,0.0,0.0,0.10405029571054276,0.025782262457553592,0.05803125486003077,0.023572700398170176,0.0,0.0
audio_310.wav,5.0,4.948074698260214,4.789689348770614,4.984729199436081,4.682934327810373,4.831029918846402,4.62237140878947,4.450545952420049,4.555402934590865,4.6060177505318896,4.58161693102498,4.4249150943236115,4.506066769639656,4.469462806633612,4.875965155098103,4.477285659267128,4.784196541412078,4.592662616645674,4.897256512668087,4.46048710550645,4.921254202170254,4.567760617914453,4.90813768298306,4.5664579008418755,4.945110414666032,4.50008238644653,4.990308378962445,4.50008238644653,4.990308378962445,4.401661951089744,4.628295914087686,3.65118339505014,4.17776017673236,3.588267561955913,4.1690083102781745,3.773339605452419,4.280552055986614,4.0,4.026858605792142
audio_50.wav,3.0,2.8026203708862645,2.6675416066504307,2.478383486854072,2.717168978710504,2.7085173695518883,2.7459288021467834,2.6601490138125876,2.4132419036360377,3.0179169011798055,2.955892154813928,3.057266561487317,2.8652349028078454,3.188979897991946,2.8851556061839556,2.912853184412276,2.821353076218722,3.229955042283221,3.1846489943867984,3.1917705394994793,2.990785115346752,3.022804423046761,2.729558423603786,3.082410994206097,2.814147891030151,2.894325725869811,2.704516558564476,2.894325725869811,2.704516558564476,2.925955434092547,2.759402949348488,3.1157371122121194,3.0613639207420626,3.2058336471228075,3.059540665168569,3.204557126218227,2.938874119692759,3.0,2.989828132532603
audio_6.wav,3.0,3.1751184683304126,3.252961429309573,2.992730517224692,3.0130406873369164,2.9294276803881054,3.201951982154442,3.395753191904639,3.1639986274992893,2.849366961167298,2.882398480109051,2.8382424025030843,2.965739180428628,3.0156553055675537,3.258102866409072,3.0442385632304307,3.098306023774023,3.089619708437644,3.184612923432151,2.8725044081233158,2.925662528620221,3.249654100655468,3.2451110333148985,3.056443810395219,3.087837283226461,3.1679083169231705,3.3019374952289127,3.1679083169231705,3.3019374952289127,2.9094723221577588,3.054285358293663,2.9545260750651736,3.303432813050677,3.134539989498037,3.522812282830117,2.859120921832836,3.273501619110295,3.6666666666666665,3.473591650966243
audio_515.wav,2.5,3.816114863582032,3.53299187844839,3.3744044557633592,3.306525562454867,2.9977045112693514,3.17682498929547,2.6613610613057346,2.839751862062569,2.7342260197390993,2.730334534583633,2.331122115564282,2.3071607772408584,2.693284110351995,2.42455980659638,2.741899347746917,2.5422863559763207,2.7800979704504187,2.6339877704770167,2.8956988868551563,2.7304457972936356,2.6525585785721115,2.462081205128467,2.717052331000215,2.6302810276131416,2.688706833784641,2.636336570106571,2.688706833784641,2.636336570106571,2.502459052607733,2.6375843162651544,3.1803730532495877,2.878019011668355,3.205045950070794,2.8898238618036793,3.1354453856464723,2.8093165218318306,3.0,3.97228738906931
audio_742.wav,4.5,4.1931229958362985,4.358785570666684,4.348951701782901,4.065776513061776,4.741317249802402,4.270167029572915,4.403319400256408,4.117658484090534,4.982832937071339,4.468297248147234,4.863543893515158,4.4715906527450695,4.520952353674751,4.330184707227789,4.358584178096065,4.224585484326816,4.386147874123724,4.179565052019723,4.537914622998989,4.341543250345436,4.224170017973104,4.198660730541659,4.437322924706462,4.180877832773722,4.583788921099054,4.473896787504832,4.583788921099054,4.473896787504832,4.391531303680217,4.3382218401500126,4.1554338752381526,4.2492155214224105,4.064379107944121,4.260207854616148,4.113283128357032,4.270586144717619,4.0,4.179429952075632
audio_545.wav,2.5,2.6781704321201474,2.8856562393331586,2.790358453314653,2.8542522588753236,3.0301652434706927,2.825388567914772,3.2271703407267602,2.853470862244835,2.896658859689372,2.7195905583455016,3.0020013399325833,2.8800576068989527,2.9280357832238626,2.7787832389255285,2.63945606554515,2.7299052528444583,2.696013714622206,2.830152088989952,2.6414750744024413,2.7195424648936632,2.9507501191322505,2.9158580318549236,2.585102085885783,2.6690750361747733,2.657312297746302,2.8016152788606283,2.657312297746302,2.8016152788606283,2.8824925123372283,2.944972701030409,3.1826090364915824,2.947745019681427,2.997215675897626,2.846257526835395,3.112654618840811,2.863313571108632,3.0,3.1423449668539747
audio_489.wav,3.0,3.0603027291862044,2.8418985413774807,2.77536870988502,2.8024800504242258,3.156001541490903,2.9946194481527777,2.7198465391356463,2.8499670299360447,3.08369832955762,2.9875542801012283,3.745135208317048,3.357644522510815,3.3360266196422312,3.2568800535626075,3.293709810469314,3.197953550397427,3.2192328327759054,3.124655318073137,3.2863142415839524,3.184753102226574,3.108795536119009,3.054758947140829,3.2471344970223233,3.141105468853775,3.1405250016885127,2.9733295736319985,3.1405250016885127,2.9733295736319985,2.9223604503796046,2.80921400459956,2.6859507920618793,2.6866581642845335,2.6978805241602317,2.7142816792971254,2.691598848533232,2.660037942497023,3.0,3.0439460611564297
audio_697.wav,5.0,4.787352950023183,4.974383085796906,4.983138478322469,4.992488414625341,4.872678385866557,4.943293329995746,4.994705446439351,5.0,5.0,5.0,5.0,5.0,5.0,5.0,5.0,5.0,5.0,5.0,5.0,5.0,5.0,5.0,5.0,5.0,5.0,5.0,5.0,5.0,5.0,5.0,4.929319801021271,5.0,4.969614685763318,5.0,4.919642931503542,5.0,5.0,4.543902319340935
audio_225.wav,3.0,3.334548986726249,3.3741933198525103,3.36980287541637,3.3896053378086335,3.6070812203595324,3.6260204575520647,3.967711279154847,3.777125054260068,3.143268171149883,3.3165229129573373,3.3042024927277964,3.264361723951611,3.4469129355194554,3.466010311589367,3.3849754151162705,3.3852559393527475,3.108004278550507,3.325630797031302,3.0024501732796405,3.06125460591212,3.0621492830209953,3.09591558278629,3.1256805725630126,3.1934748113605917,3.287489621388607,3.3558398891672496,3.287489621388607,3.3558398891672496,3.194331047476837,3.360699434659955,3.570724367780913,3.446077249459434,3.4296992186185755,3.430783613173492,3.4967891937048923,3.4944556157786457,3.3333333333333335,3.6948182817051336
audio_553.wav,2.0,3.0507747222619344,2.3449151944620983,2.993881666427725,2.4007053690980955,2.701945160475431,2.2340734948833965,2.7960735167520596,2.2498413955575294,2.7651312461942035,2.2791653092719106,2.9823989158691435,2.571945580010965,3.0151633982747064,2.48613718776716,2.9193999257097047,2.4556543345831723,2.912483700892056,2.520177861212359,2.84726837659872,2.538108372666336,2.938397234793321,2.5084530069714117,2.939002527878131,2.3608224818404255,2.8783564659005507,2.1964054807593363,2.8783564659005507,2.1964054807593363,2.740539887827662,2.1375958806247297,3.153161130226731,2.726286520933821,3.134011207243369,2.91222837453987,3.130696441191327,2.745608779395825,2.8333333333333335,2.865073023889432
audio_237.wav,3.0,3.234493371186241,3.0181443657113363,3.139736784747093,3.0122323589676383,3.1400418738432125,3.0153028210659314,3.5221911266511015,3.0625474708826075,3.2561553068820133,2.998967127135643,3.6312622356990136,3.0535165553957646,3.436551125204532,3.061880095608828,3.4666055295296037,3.1440956127636546,3.111817569038943,3.030234189914871,3.3317476533051185,3.161087445166979,3.4494181613536696,3.1247621289256937,3.3983160973418953,3.135490583606373,3.4894324526132183,3.0401564713520166,3.4894324526132183,3.0401564713520166,3.431194367581592,3.177369677535674,3.277400005388717,3.144301302470079,3.3057630894034253,3.24916700038933,3.276131493266959,3.189961991636658,3.0,3.4878628996969514
audio_197.wav,4.5,3.7491009500881174,3.226809037411756,4.007469440637409,3.401792084003023,4.818797645213795,3.736041841830436,4.749729954706806,4.245411716690806,4.888939064377354,4.576367416987874,4.912291908218716,4.834848003748079,4.745079484885216,4.785631325436815,4.794906540063298,4.844081630892798,5.0,5.0,4.96456749436214,4.944724544867678,4.788273242671932,4.829903669132621,4.839673943881258,4.849493085721195,4.888474927085611,4.894914156602401,4.888474927085611,4.894914156602401,5.0,5.0,4.070637833001781,4.769168893438857,3.917054699032033,4.543589100953911,4.118470769876427,4.662853105730818,4.333333333333333,3.125241333580442
audio_449.wav,4.0,3.7637954320839224,3.2987197198934246,3.3501679505668203,3.3960475754575996,3.639436669745431,3.356010252579876,3.178421380878413,3.1612645857098234,3.0915920448900245,3.112437469519893,3.201387504860706,3.2823150184197374,3.263192225363646,3.249175121577941,3.6641049683087723,3.6663754302801568,3.450626193231623,3.6841428249585157,3.3815577656142417,3.390010475468298,3.5319042026444123,3.628494962741193,3.4127555867246016,3.3963084141900937,3.098530381517366,3.100774270468771,3.098530381517366,3.100774270468771,3.4071291942960227,3.214348960610367,4.22823094639681,3.552148235433009,4.120478544738796,3.2545457875964665,4.304723497078566,3.420986925952676,3.3333333333333335,3.7610845950259546
audio_567.wav,3.0,2.004079225424119,2.044425125284621,2.294840872136788,2.4683572783511036,2.2244319495732245,2.3146406144472604,2.0610107799367214,2.1891242659297867,2.0373849878689767,2.2951592155070806,2.196150287120152,2.2153963640080443,2.5265683072589495,2.52287689733275,2.3159733309149146,2.222490527320766,2.492145678611427,2.2545567083371374,2.529045897713224,2.2255925395320073,2.545220559156291,2.2045281315540977,2.3824222588770803,2.0681833412633046,2.083713743739698,1.9504811315558281,2.083713743739698,1.9504811315558281,2.081582802196523,2.0951247313027803,2.7008856134097408,2.516853057604292,2.5861749617830054,2.6882255322056636,2.7313740493018948,2.516947071480829,2.6666666666666665,2.7098491645045346
audio_477.wav,2.0,3.412509935666236,3.080558393877165,2.8506624171144987,2.8321580056364635,2.504598469101701,2.55614106512515,2.4231177177060874,2.5844353863049134,2.262435574101825,2.343452598760388,2.325655191908757,2.2101727281877985,2.366252479726659,2.253878870493949,2.5527605642593643,2.351043982289704,2.370473416985248,2.176248932254818,2.573319569656901,2.4254319703584333,2.603844593517951,2.4817009179725975,2.4200468307226957,2.379571597109978,2.7317159809673455,2.4367089970864804,2.7317159809673455,2.4367089970864804,2.841482650049008,2.575013759679176,3.7146252014720793,2.618571214297308,3.578540764157159,2.8458692664023864,3.6691991255646457,2.6636188543089214,3.0,3.8781492687137202
audio_728.wav,3.0,4.013434101880826,4.260600113191418,3.925246704152603,4.308014313993817,3.947445087205954,4.160883546299224,3.9206941381067804,4.185311271282941,3.8300297711603535,4.207871048074487,3.5872293094941123,3.8508118932446407,3.6337526541690526,3.9059331538094724,3.5311067765160655,3.536536040566872,3.7426538811916683,3.710996806165561,3.4471877999587535,3.716996605760507,3.7186581136398402,3.8677410097554605,3.5950791042831405,3.678890758874387,3.6972009571221385,3.7884498598453455,3.6972009571221385,3.7884498598453455,3.779135861068596,3.8364411243402636,3.916207894922401,3.759244807515909,3.7119484042586457,3.815622839705475,3.873296593520496,3.829682033951602,4.0,4.114565144382328
audio_377.wav,4.0,3.833526515217803,3.5906121716829467,3.806575396450367,3.8385623071294455,4.121065442745032,3.9389410968486573,4.663996436851399,4.082298538481065,4.946866766219558,4.249602999981977,4.3204445931975455,4.0499208107615,4.440995376564094,4.107691768200339,4.233345703332816,4.065969641697454,4.408953570923324,4.0116800593635435,4.445968247117853,3.873599761969796,4.370774019212825,3.8601599667471906,4.47794023250773,3.973976587011111,4.229639332852131,3.9562473722379212,4.229639332852131,3.9562473722379212,4.433363612894162,3.9820819964693115,3.6022868960254963,3.835647955031961,3.3542534921381275,3.6910472774125025,3.5798847519960773,3.8927531679325362,3.5,3.522872935847824
audio_633.wav,5.0,3.9127425538389176,4.042087361414924,3.902296296677003,3.936860490751831,3.687158640481831,3.7875965388511545,3.366736213292287,3.765000526960842,3.3162530580403717,3.6566581900410653,3.546534784780242,3.8348299526984957,3.2311592458262317,3.626361536436931,3.3944191237467725,3.5473321011894483,3.187709539925478,3.562116003479334,3.2347885890785544,3.753244824298679,3.2019850954506013,3.5978266378659285,3.3071799884357347,3.5864763111046654,3.258070940826382,3.473017678907206,3.258070940826382,3.473017678907206,3.2011139863161,3.4130131503369223,3.6454511714393196,3.446839540318519,3.858963385114091,3.5621556242723584,3.6485446784621813,3.4943882580207486,3.5,3.7180473978653374
audio_690.wav,4.0,2.6315231257650944,2.898391525469494,3.1840373426979647,3.1368754518536406,2.5967282710309236,2.8777592798622513,2.7374657078821536,2.9473106513698824,3.2207845489834814,3.1019708363391345,3.3985606469341274,2.998170175016559,3.4694097179681993,3.1686967925364975,3.3144355156120735,2.9889373725940254,3.454723021273022,3.1077676436015493,3.5520913376402006,3.1928459898264006,3.526054252091761,3.2123273500929375,3.37959512557577,3.067090963408505,3.332418861549661,3.1705641420628634,3.332418861549661,3.1705641420628634,3.358161219328968,3.086303458061499,3.2448806112415554,3.127677478716134,3.100519845540351,3.1060336876913426,3.1115601802855353,3.078381771067105,3.0,3.203348610435316
audio_525.wav,4.5,3.8440356641494517,4.440971304054455,3.8608923579601218,4.1323847000490455,4.321393192408698,4.242005667880501,4.079752900042757,4.392967312401764,4.221516129707092,4.307517833963281,4.1517076224816885,4.132838673793455,3.969980881699733,4.123648640349826,3.9588306601986414,4.243515726905313,4.100423075798829,4.3914602302696,4.039186248063957,4.324001053123532,4.102178731213439,4.368801293860766,3.846605672126657,3.996671272039322,3.853242508578797,4.12271270985224,3.853242508578797,4.12271270985224,4.07715311054077,4.373913755713072,4.453200367688408,3.90604972969937,4.563517247279062,3.5855475943465938,4.590841428690801,3.8816699660694947,3.5,4.045027599104973
audio_31.wav,3.0,3.6384617470664815,3.059796601373158,3.1494420095854943,3.154558991240158,2.8544336697238513,3.006241504372403,2.880941188839097,3.1174623030680646,2.8437809719469134,3.120810767403848,2.7093328152169653,2.774457073947332,2.6989785153075174,2.6918848110756692,2.814685059789515,2.958452915730875,3.0068939584327805,3.1902336481566085,2.7097015700369567,2.9960784315636744,2.4582272571272354,2.6625220409547032,2.416435985049183,2.618566011386021,2.423639774220396,2.4596368301461884,2.423639774220396,2.4596368301461884,2.4108528746835796,2.539980879452518,3.6427286167105954,2.801611912360093,3.7014362125962434,3.0886960648411215,3.5826708533862086,2.8543113763255685,3.0,3.3838241422139976
audio_676.wav,4.0,3.98115064455576,3.9322718168672424,4.347379378383058,4.0741471750449945,4.280480566245459,4.016608868357456,3.8362274608708,3.7786931378902864,3.9173846318814007,3.7998406806835985,3.777241268280589,3.7765842788407498,3.492121495291876,3.524783457885917,3.6495306452442677,3.6266221689698113,3.5789389948778356,3.6686309883006913,3.842491470111875,3.946542218061902,3.905433142038824,3.9932463696894103,3.805336625217722,3.831478627476691,3.7611793972147303,3.715183429140771,3.7611793972147303,3.715183429140771,3.825612871085076,3.933493963301902,4.213536212854588,4.14539396165981,4.2003510052460555,4.309195754495102,4.21879519581033,4.2754268971739515,4.0,3.7075614925959477
audio_263.wav,4.0,2.8554800776700877,2.9923002246649912,3.1327798346786166,3.0404241962629768,3.1406488890588693,3.1360876809453484,3.3547337310282956,3.1601998570076795,3.2300044051489643,3.1462513455096635,3.3883528153567255,3.263121638154697,3.3128585890155833,3.217532037589823,3.4542728989260287,3.3384945628015985,3.250540852132977,2.9625125932097647,3.294117862975811,3.263810576880734,3.193203876184224,3.0647325040868405,3.282748115193057,3.0979977475262417,3.176458276367859,3.082205781094709,3.176458276367859,3.082205781094709,3.2865831749768204,3.205121182769743,3.485133718602926,3.4496287253735503,3.5550688943156303,3.2761515218716517,3.522899346546365,3.3491641783941417,3.3333333333333335,3.6234515046208746
audio_5070.wav,0.0,0.0,0.0,0.0,0.0,0.0,0.0,0.0,0.15150071962602865,0.0,0.10854827643572855,0.0,0.07810477376042242,0.0019410607869061458,0.14169503012704934,0.0019708644675808054,0.11918018011680702,0.008745435156779427,0.16361299743450242,0.025152537890024067,0.0,0.15345573744210558,0.021876217061810827,0.0,0.04228988321797411,0.00225126054055913,0.1878117288640074,0.00225126054055913,0.1878117288640074,0.0,1.526770084510126,0.005947887108691923,0.0,0.05205974887237818,0.016350485560901,0.0,0.0007235304972692721,0.0,0.055619756068187275
audio_510.wav,3.0,3.1566498792452733,3.162897245940167,3.088259647698393,3.2259532262882096,3.5049472574656924,3.4113296941311915,3.5536258159682936,3.6181749791573705,3.5689112089796247,3.5502246245155216,3.157036702172394,3.270900398219966,3.1477446175402686,3.3801365223163855,3.185039161714053,3.1570638112394214,2.911947324605386,2.957946030387752,3.280768437919873,3.09390711450022,3.4913821648111196,3.3972181358981417,3.1216928859286432,3.100291510660464,3.0162644247393033,3.1221386719797444,3.0162644247393033,3.1221386719797444,3.0503088141677654,3.097691682247055,3.73310139026276,3.4879248001647567,3.7184358439136598,3.533863833964275,3.823410117438358,3.462097283907891,3.5,3.119823042606166
audio_577.wav,4.0,2.9497023306936527,3.236241093168155,3.7212817812420744,3.5332752892850734,4.834280441344551,3.536492046056941,4.089054414668127,3.574719384188363,4.22163118653371,3.4586693734743506,4.481114779246581,3.682109673550704,4.275629695028589,3.4877765387057145,4.320464767978419,3.374707959267415,4.348081076444455,3.478361724264843,4.475546826107096,3.389312692429034,4.1083605025014895,3.4398886651338807,4.042425702401926,3.363103029379953,3.8705749632000543,3.3308533751805367,3.8705749632000543,3.3308533751805367,3.9023998607454207,3.3547260933964522,3.34869277546516,3.0725497981156664,3.095552080175626,3.032587194450432,3.3024083271076883,3.10555686858174,2.5,3.2015721288983188
audio_230.wav,4.5,4.693855504104834,4.077962355908121,4.598289306541572,4.300635064082075,4.638938965989988,4.412579027182577,4.488865052825834,4.428393667655189,4.943479006079385,4.745688156647273,4.712886577151003,4.703040979921628,4.3155655220777325,4.447794934076149,4.464743356387524,4.6880030304580425,4.593611221100718,4.754113028819326,4.372764700312337,4.416280142186976,4.6519860304170795,4.795502421098694,4.8388224803161215,4.934563534457694,4.550011061706917,4.763647896152579,4.550011061706917,4.763647896152579,4.606690075535103,4.813531028190478,4.796000684283755,4.500511124252674,4.815325488016879,4.337142251366328,4.811912596973967,4.46413381197122,4.166666666666667,4.161921952888306
audio_314.wav,3.5,3.5990097298717134,4.126848626747261,3.6156575776348716,3.834001771651455,3.932045529173658,3.8867913241300065,3.430238686304584,3.395112533206319,3.5390813125421654,3.4350510491436297,3.389972053493907,3.5167594152729897,3.4438900079621724,3.625299704653557,3.5604093579447897,3.492815783747885,3.4888021831085188,3.5992116286782605,3.5159913313706546,3.4750355190406403,3.513909517119838,3.55053468852292,3.308715655678213,3.4591547717885125,3.6088248813807913,3.6942386336206883,3.6088248813807913,3.6942386336206883,3.5893965568408572,3.5991822117257417,3.2630567400955317,3.1234399839607145,3.384058434789584,3.314329544130269,3.400807306910449,3.245700526782071,3.0,3.8999282235686894
audio_641.wav,4.0,2.919704687247638,2.8872276191947024,3.3719682371338457,2.83602382862019,3.6241346877043075,3.121677934527458,2.8910613178882727,2.9688787111113784,3.354248406609649,3.1389989511769443,3.3510624139199003,3.0919674332979405,3.1822894146198166,3.2208214704371856,3.1592610134553936,3.248449107245635,3.1195375446222635,2.934950422323501,3.178350698393789,3.0360974308198103,3.1021519861759566,3.103308683302295,3.316058700914565,3.0107175626442104,3.1932424453975154,2.918713782861571,3.1932424453975154,2.918713782861571,3.0385695527556336,2.8051342860009534,2.629026708767436,2.7027945737553662,2.7625332002142287,2.496324504201334,2.6522942555660296,2.731883441427929,2.8333333333333335,2.7594943910405596
audio_689.wav,4.0,4.189683094931104,4.071607899189467,4.182374483103757,4.0421187500212215,4.0723737071642185,3.865343490412762,4.077486812849081,4.090308715540538,3.939895237128271,3.934017244536626,4.379176396278318,4.040102424530305,4.056331989365006,3.784739943655882,4.258219737461794,4.0601719898920265,4.149255544022736,4.392816975891646,4.257855301872284,4.353422760681675,4.298982409769522,4.218816400258532,3.8910559455880893,4.130952889852769,3.774729122639929,4.0214116683928856,3.774729122639929,4.0214116683928856,3.8600151906613713,3.934410099344197,3.536736303379278,3.6849038231181788,3.627806668635712,3.5351767259684563,3.5825177202964116,3.5559114870326525,3.5,3.636727154413531
audio_352.wav,4.5,4.896410253513721,4.935856027461496,4.869813633382717,4.9449139724861295,4.884098904102598,4.925461974260337,4.368711282067003,4.761185701211236,4.483428634336221,4.740582471459665,4.707264827239199,4.633891704994994,4.602724110843845,4.845632949942466,4.593699787956884,4.739441086217786,4.044925179060771,4.249475469824941,4.165340377897113,4.178440920548962,4.019065065053596,3.975844298964219,4.186369740121857,4.21053775200437,4.330386817603965,4.26003498296943,4.330386817603965,4.26003498296943,4.201274437346473,4.170836659400618,4.04185989170687,4.0727472330140895,4.098995806606031,4.058057958284646,3.993577313651182,3.965233914481012,4.0,4.142729391852004
audio_193.wav,4.0,4.66551729914909,4.180617395985622,4.2476088759792825,4.062874256923885,3.6553265180708556,3.8559020688375747,4.010961101204007,3.912101749877124,3.7584280490735913,3.8470437764037535,4.029066678784663,3.9591266648591152,4.148574851565306,4.165066864224687,3.9539628072855266,4.004256722856122,4.138448547930196,4.111244367870082,4.198523331011045,4.03881538357155,4.204019559503652,4.000249361626386,4.076445148706202,3.9482001802856708,4.157018390943265,3.950292833303635,4.157018390943265,3.950292833303635,3.827422544693501,3.7928327974666938,3.9021070989090068,4.018406719869312,3.5531259974422973,3.87054552646249,3.788196131919502,3.8981626052336114,4.0,3.576364740835628
audio_5049.wav,0.0,0.0,0.13652746212645525,0.06565430316317873,0.14165073734825043,0.09802111731681092,0.2347461263560565,0.09650516870861796,0.2969317939975665,0.0,0.23214142619934833,0.07857285228968373,0.1319449156377638,0.040678770545870734,0.20941263814870417,0.02820961613611776,0.23702066243750153,0.08800582520815858,0.2467061613666969,0.0808468616250478,0.1919330460627915,0.22482231653287968,0.26111057011573635,0.07280089482892471,0.2059957321800033,0.011513640139290793,0.1419608338830972,0.011513640139290793,0.1419608338830972,0.015930570574535913,0.368126788191067,0.0,0.004391009928647612,0.005722312366358257,0.052123716623217776,0.0020297392007383613,0.005196019248143809,0.0,0.013640087936916442
audio_300.wav,5.0,4.177594121688974,4.1453301403474105,4.055447157100421,4.0506154026557315,4.152603556718721,4.155313278640614,4.61623212453982,4.699767641738649,4.910755988397746,4.948549163050266,4.900315035546888,5.0,4.967057516714611,5.0,4.915892211172722,4.9677573058932785,5.0,4.9836407731989985,5.0,4.942295715871514,5.0,5.0,5.0,4.971749648492559,4.876060162524975,4.8260418855517555,4.876060162524975,4.8260418855517555,4.997606139284202,4.94084339212655,4.74871395194415,4.931353382141922,4.647413058474181,4.9179528939203685,4.727876086538368,4.929822616618638,5.0,4.321370860757459
audio_581.wav,1.5,2.3282974642778904,2.289604054335568,2.13568060771488,2.7550323213294665,1.976563933563467,2.7476660908647195,1.821022517305036,2.590189267643688,1.8628617163105463,2.6786595092555667,2.0809723769844393,2.5465402924865512,2.09583982069198,2.4684451161712224,2.187028101639219,2.4605853567498475,2.05501666803971,2.5004281643595565,2.0229466046734665,2.3910547342178905,1.9900818729722969,2.2823637944794797,2.4235182126555244,2.347404041397976,2.462639829249898,2.641297399671823,2.462639829249898,2.641297399671823,2.2462018486065625,2.5537427777436412,2.3495975644770453,2.3977555158866526,2.4176380602458973,2.482164142705127,2.378600883618837,2.5192349167296357,2.5,2.799317638025164
audio_164.wav,2.5,2.0656774129833515,2.198228066830388,2.5444385219302856,2.345416844062726,2.4497858155531835,2.3161441550100617,2.4414700332692334,2.2330756970289016,2.5014472815305404,2.2441075178862895,2.267133315900685,2.2565542331875794,2.2035113399308965,2.146604567747462,1.99333960343711,2.1109303322585733,2.215273198507655,2.0551192620834158,2.4497883194506507,2.2439895787672817,2.377613080739908,2.3893115582357907,2.234258640438778,2.2629805594096806,2.0482910039364497,2.1101300097871674,2.0482910039364497,2.1101300097871674,2.066975531335855,2.190036353270352,2.2600628500316358,2.443389519289448,2.3460142584801664,2.4286803488341264,2.3076109624635412,2.4223575566926216,2.5,2.9805649920465123
audio_502.wav,3.0,3.121699832624515,2.8935708703427925,3.1050327301717076,2.954937020945293,2.7089473453230255,2.7635703264177582,2.187321372868837,2.442150827990514,2.406495607518107,2.4951254199464956,2.1651745495145907,2.4641795872539904,2.59415291845159,2.605210838266285,2.7207833524066456,2.6415221908118363,2.7930399669154347,2.8642974036896427,2.812656130621962,3.0285318412284066,2.801503374882033,3.0244203291720737,2.9834154774977897,3.00221123590473,2.7721468739591213,2.8185182595897604,2.7721468739591213,2.8185182595897604,3.2176161456657213,3.2166471523742204,3.229138513071391,2.9382700472564025,3.3064044178746985,2.8899539177176243,3.2729621258019894,2.9599150624103103,3.0,3.229127584262573
audio_380.wav,4.0,2.95172415793853,3.25330427622559,3.756696983639678,3.7317751938483,3.7355546315419104,3.5266594167208005,3.4702860518372485,3.479573044714653,3.5951117020709433,3.5904912907379014,3.223208267774048,3.3773534355483683,3.4533266088055936,3.4869370089284604,3.3983852635984646,3.522388228115618,3.5089337880528664,3.6302166442774735,3.4770605323923114,3.566296304301344,3.5151318912116913,3.450055314319602,3.4409823533572372,3.4444450751653553,3.1900776438538165,3.246637814946233,3.1900776438538165,3.246637814946233,3.317018832913974,3.50124914476722,4.173813242758718,3.8774572135084795,4.156980277227213,3.8064249445535374,4.237753578342887,3.911930145241017,3.8333333333333335,3.5845650529128665
audio_15.wav,2.0,3.4555498583000968,3.008349121554907,2.962881431413918,3.1342217754818793,2.7603691220530266,2.928958149768302,3.501771917430039,3.349041109643153,3.318748466767125,3.3945172639838836,3.4031882141791914,3.382601082620516,3.0585738184196445,3.1208387171072354,3.008869011024235,3.2018250934019967,3.044915816113688,3.13199043677697,3.024481994558537,3.188645107729228,3.0054673354413333,3.1236670226428784,2.7595770105786337,2.9714902812961754,2.7310080291926098,3.0180724773289307,2.7310080291926098,3.0180724773289307,3.00220686297313,3.2073919875309316,3.3655200976942283,3.10069472474756,3.4376291915145507,3.1895219850818513,3.420283155264196,3.164947157951623,3.6666666666666665,3.465198328572202
audio_238.wav,4.0,3.54698310447969,3.115281883772486,3.363867876803838,3.1815421209409678,2.109011094761362,2.741191688371034,2.3424287966947666,2.521763751178209,2.307180355929518,2.578790255995339,2.629323947201135,2.7334356281295307,2.3607134374132523,2.4908643386521963,2.2330646421531513,2.3104468514719705,2.424960929013036,2.2187042377298223,2.36113741501841,2.13408308156258,2.1664688734302193,2.011253706821769,2.2744132477774337,2.2156065190891034,2.702749388920207,2.481911460531087,2.702749388920207,2.481911460531087,3.10787400084439,2.641001761714323,3.2392121875412294,2.9556746821173534,3.307269990110387,3.001207022680376,3.305807864015758,2.910820034860046,2.6666666666666665,4.273803092599418
audio_53.wav,3.0,2.654994584260001,3.294155858884517,3.3153660307618487,3.296692039849128,3.254052564797755,3.3454964958601665,3.1962687713867837,3.131555054947468,2.350916926237486,2.5983453427164456,2.9874433484060106,2.8214655838875164,3.150243540607533,2.9390579913083914,3.1127211641464405,2.959731768168909,3.1798366303358563,3.0701250127943767,3.1537790980700926,3.0039454254474776,3.143620099000952,3.032622605888578,3.0231311329157307,3.0941309899344476,3.1559552534419453,3.14282271873617,3.1559552534419453,3.14282271873617,2.7306417743010596,2.7855620821616482,2.5296826262830723,2.7035881135657838,2.625010434609995,2.8113442412573213,2.4886493076289966,2.6648815990744716,3.0,2.8053180431475044
audio_283.wav,4.0,3.8289404880616367,4.020503190638389,3.663720303722517,4.133667489788489,3.7013650437913923,4.205989158468744,3.903013932943566,4.07324316311956,3.9714073088788866,4.149024544598039,4.1850015496098765,4.218763575221651,4.234728615434139,3.9790233877488603,4.447240127997326,4.221705166274973,4.177280443649455,3.989314984556773,4.324394913878144,4.0159503568860755,4.079125635071237,3.83450663934609,3.9360183344266164,3.735521667539814,3.8837744990796126,3.753377555044525,3.8837744990796126,3.753377555044525,3.7756673120461066,3.6795125901719943,3.2186779190842985,3.7411862631716506,3.1893237729284287,3.716620182758249,3.3061239631841985,3.786629954830573,4.0,3.6323230253631107
audio_614.wav,4.5,4.76873362549122,4.5668142861113585,4.522174292461822,4.597177387138909,4.575853165204859,4.484285933711635,4.437629721662561,4.497322051240373,4.099852866253883,4.11317549276288,4.25214143299278,4.1660520088278625,4.208342332460551,4.14296999141559,4.071100936954018,3.983215944757901,4.040295827839759,4.037553215781247,3.8149815557333304,3.8911365901508517,3.983755933035693,3.9693809156248574,4.039349136268547,4.01187888765887,4.114767261163569,4.058090407860286,4.114767261163569,4.058090407860286,4.348427163896972,4.274001505764656,4.56134680934728,4.531263897160808,4.62783936327441,4.544668648954585,4.5765025818406135,4.595494800385704,4.333333333333333,4.218256347831287
audio_121.wav,2.5,4.034972157605833,3.490125289757404,3.180841278115853,3.180022436053033,2.6146143259853125,3.011141053169195,3.1483242420133757,3.2887084644927937,3.376560188091121,3.2256768785849084,3.0324211413317825,3.023018183375124,3.0272698869707164,3.097347384529105,3.001833380941415,2.9963305648813936,3.028952140160378,2.9027571716750096,3.0390773528113733,2.8874309720692715,3.232011694191168,3.0584836197137295,3.1001636698300854,2.922809751593915,3.175593622788987,3.216143035953106,3.175593622788987,3.216143035953106,3.3744889858666487,3.1052408394333857,3.0217488628501243,2.962956849537811,3.1350283332933793,2.9943338052545876,3.147802467156516,2.9356822000746026,3.0,3.3360582977181026
audio_216.wav,4.0,3.5687764504394957,3.9166548808618793,3.5268982951450236,3.8689120454316064,3.7373088388408924,3.774461520909588,3.4867607380478964,3.6693438452007854,3.424353634919745,3.617826782770415,3.698944032080952,3.6700281980307334,3.862137457665988,3.9465816613043483,3.9708739860629687,4.0641262492909815,4.022403617165854,4.025132045128115,4.006658014783095,4.223961066849636,3.889815305089551,4.092045130897414,3.862251394359161,4.009724140054009,4.03457469845343,4.068574403622676,4.03457469845343,4.068574403622676,3.656900549458475,3.756440706192002,3.5111241138331195,3.792080083457171,3.2642260052437835,3.689926204899822,3.4411898495033633,3.6348143729802214,3.6666666666666665,3.428361202972145
audio_552.wav,2.0,3.4997899293494155,2.8667878712838317,2.910451734276785,2.759102289062774,3.2523217326854508,3.1520595035242773,3.3966844968442564,3.2211578957575018,2.9176671825236666,2.8352184047196403,2.878431270991436,2.7589623401769092,3.087235677597493,3.0139748323340734,3.123836209855128,2.955959722007145,3.003880126542899,2.8568584439167606,2.9805032087819625,2.806573398673011,3.2573121610455207,3.1611020772072584,3.2344648654050485,3.320222759212351,3.2302500777627716,3.3378281049407548,3.2302500777627716,3.3378281049407548,3.319931505212255,3.570833082553772,3.5144361820818495,3.5218426011717043,3.351191323648829,3.3008907987016953,3.494798651328919,3.466650059996249,3.5,2.727330323207889
audio_514.wav,2.5,2.9255227261167582,3.0537205774705694,3.17007110472008,3.2823218008347634,2.7146655622689067,3.0538912455261538,2.8956338561137756,3.0010503407057953,2.7093585722218365,2.9713828767059347,2.889486687888263,2.885262887160424,2.8665385959059333,2.9346206996457256,2.9872426143280797,2.7153554044224997,2.845943890529247,2.580059070375485,2.8905582862703816,2.631494733853348,2.6133032141193318,2.53619598500398,2.4242173585241624,2.383812123197216,2.362919516729708,2.382994886796691,2.362919516729708,2.382994886796691,2.4610706600617394,2.4520628374894744,2.731521013583027,2.788531846535547,2.717484563442065,2.6853667839764186,2.725109814755367,2.6754352409362254,3.0,2.7465668479527245
audio_593.wav,5.0,4.5206057431523305,4.653592834079583,4.2470770536426175,4.462521573522852,4.298698780610019,4.4233548329910315,4.0897115231856445,4.3190019595737645,4.4612318972897285,4.431483399847208,4.464394990010464,4.473902339049487,4.641275507864013,4.696365176638193,4.788830144463556,4.785831609039948,4.792228719913893,4.914621342738253,4.850785787075631,4.979610409882704,4.577464047342797,4.6797955614823,4.600745428897361,4.699139755748499,4.426230949768984,4.555629612597363,4.426230949768984,4.555629612597363,4.566086663025711,4.621000053508975,4.063815201754633,4.071267278484913,3.8431096579777364,3.8256314586072886,4.170035967429965,4.021106393482397,3.6666666666666665,3.7259970517859116
audio_565.wav,3.0,1.8871266345246303,2.4125868641745316,2.2389261766054953,2.3836614686037767,2.43816709471414,2.3406744760147142,2.0124363555061815,2.120992761069417,2.2359113614616013,2.5221318920345457,2.1948220772357847,2.512013653273758,2.561597936149729,2.65674055283846,2.6783554672588608,2.741607885207328,2.5448940694510136,2.5342170451521704,2.4794504901504997,2.562974952741009,2.5252631681368882,2.744812923563295,2.563417525403447,2.843354347791511,2.497469224687876,2.528511086959,2.497469224687876,2.528511086959,2.341179566834015,2.493102392572498,2.50675568681662,2.383419816061623,2.4546161450273636,2.29479139263406,2.5562795071164106,2.352161661350648,2.5,2.92272975860427
audio_140.wav,3.0,2.9935556623452615,3.171837574255378,2.9815439889982827,3.285186162872879,3.1901806466226517,3.4929523995329155,2.73401115519361,2.9774009972432296,3.1289464815929287,3.1377820544033526,3.041233403166355,3.1919202060462246,3.3816309780399023,3.292155230408494,3.2080718686438323,3.251371899246871,2.9715822117088533,3.1507272667752475,2.9964156987324695,3.2143079273871114,2.977524153520316,3.073040554397577,2.923136656702852,3.1077964911334255,2.9193845704413923,3.053015518576455,2.9193845704413923,3.053015518576455,3.0339753916862535,3.049608612960809,3.1700666104504323,3.0243540437507352,3.326176964251289,2.9582335778882913,3.228492110377301,2.8892901189352247,3.1666666666666665,3.430550400543009
audio_117.wav,2.5,2.675124756864996,3.2397952145704743,2.647073583567867,2.9047353848583257,2.1402235799982243,2.734352098519062,2.152114729038756,2.5380837017616273,2.790269399440214,2.5958788549097602,2.6776662834241627,2.321254691763864,2.3808939774728883,2.4792630165302496,2.5111577143289403,2.5078721281792693,2.7828974789401,2.5209688574574,2.5976557455659774,2.4932042886706114,2.7879707364418205,2.6145333184617137,2.621132571779732,2.704555391266949,2.747897376663799,2.8724666819536218,2.747897376663799,2.8724666819536218,2.4821405256975644,2.7012785184974852,2.8945178884540237,2.8672029522993943,2.9105000670815913,2.9151274629846156,2.8532873718982965,2.8322465510816244,3.0,3.1349856358359234
audio_495.wav,4.0,3.5137494642652327,3.4918238752424933,3.538428244403154,3.6846975749205035,3.982098327548878,3.9165853555633015,3.48564784820571,3.695649018532126,3.213053298768648,3.590881489552993,3.434699353234462,3.624761410265782,2.97929100723854,3.462481233167774,3.202927286243554,3.511517562634898,3.296219595286749,3.644612617628873,3.4157659967275094,3.6849390763913914,3.4298342009111416,3.6603500185063225,3.277034330741022,3.5976658895682427,2.959198821261461,3.2813312220307793,2.959198821261461,3.2813312220307793,3.3480574512702312,3.4653513176151307,3.5768522337215,3.12167247963591,3.3389889065480127,3.040413408924204,3.494195273992023,2.995030058616513,3.1666666666666665,3.4679595824698186
audio_652.wav,3.0,2.7724260089324217,2.766620984026103,3.0146328958643522,3.0695179631716685,2.9327848749935286,3.1668321656739535,3.6582034724838355,3.4778828175407486,3.927689162372854,3.7345807728287106,3.6171840507235165,3.57653615749066,3.817248928191288,3.539575874604239,3.455275736623348,3.4704140418447964,3.3773002994351145,3.711945534593701,3.458645843474567,3.7238393497391917,3.2426310198548136,3.5886615023795465,3.289258116422552,3.707285245006718,3.3216875162188715,3.812607424864589,3.3216875162188715,3.812607424864589,3.5185287284076847,3.7198151196277323,3.1070349210221004,3.2363391011809632,3.1713657258772554,3.2435756569930576,3.090788090824367,3.2068357148575752,3.0,3.349348212733353
audio_645.wav,3.0,3.74806464933868,3.5901620838412884,3.7044892344047162,3.5998254073313043,3.3749693892974517,3.5110037714906315,3.1318594255852195,3.3491695303540525,3.405598808960923,3.3632762744262212,3.362656782516453,3.45533230494933,3.575253203400253,3.573528764155426,3.776550814134731,3.7508731439293364,3.457142312449393,3.5092451943210343,3.35714554647299,3.5478678217018143,3.295938959991832,3.290736495258599,3.581865165213156,3.4591467248504153,3.4025559275038995,3.171785320918312,3.4025559275038995,3.171785320918312,3.34184411978314,3.1763971329717022,3.589522969650627,3.6810117574509476,3.663456243104186,3.6549799168072,3.6542916264489413,3.802479039369899,3.8333333333333335,4.057411216080129
audio_242.wav,2.0,2.8415733104025964,3.3088330220384994,3.029318803499548,2.8671995957237066,2.3760935566091805,2.7784877447913243,2.89799209311631,2.652227793114958,2.9190875655383195,2.6659929425327795,2.4173512181879384,2.70626216146191,2.780928695668596,2.678858579453152,2.2001590559757944,2.6305674503979772,2.6888282942337813,2.71128469078268,2.759798016067087,2.862987308344762,2.6882735205060473,2.7904586818935506,2.635930269163061,2.8175615172362907,2.473938883109525,2.867703227948231,2.473938883109525,2.867703227948231,2.6108858153960863,2.837609235842026,2.5758773014383887,2.8747068628618915,2.6388554866346223,2.72471690099483,2.5425636940561245,2.803472827290014,2.5,3.019833099294262
audio_4.wav,2.5,3.8048703490380418,3.5778951564886072,4.310698934067285,3.6947354631192257,3.434630253616135,3.4847943013801816,2.7343173092811504,3.2014691519556937,2.720400796589099,2.885177515324708,2.7835237613660184,2.8224026936386366,3.117407003872357,3.019221643397445,3.7675823892242133,3.4979029965195516,3.908640421480598,3.629805308924116,3.663535344895814,3.4796575481991874,3.379220846117272,3.237822264901261,3.2283910208091053,3.1113540369968256,3.4090189091359377,3.2160169483736123,3.4090189091359377,3.2160169483736123,3.1362393002077957,3.045753113917719,2.7331361720848926,3.261707700675345,2.9361843350259327,3.499789778985754,2.7073195290082466,3.4292975764839304,4.0,2.7232163135709313
audio_93.wav,2.0,3.3761639907607113,3.1305526041270575,3.119284022388826,3.199647216831163,2.6768669802822025,3.0266214013823824,3.2527392039677636,3.159382700406365,3.7042058834603693,3.5397500395351567,3.581575778053201,3.3768645836849465,3.7760833077021565,3.541718295361021,3.7362303852657544,3.537914478711643,3.3907905943131578,3.1858601729949725,3.287880853501369,3.215445639343985,3.3597301425536457,3.265577078056799,3.4562997150271264,3.348548234178118,3.3814582215021214,3.137814180149563,3.3814582215021214,3.137814180149563,3.184227652457277,3.0553396991862347,3.0849631561390987,3.0430567482470514,3.0608336592610903,3.1764885175150845,3.169869236044938,3.0123176747820626,3.5,3.6357954367478165
audio_582.wav,2.0,1.9609533583325813,2.4789615714369626,2.4786265987386504,2.26935908397035,2.1225689640170047,2.4170543929795922,1.837455552473078,2.231786132835645,1.5924404948066873,2.0134280098236674,2.273428738789267,2.0285012020666713,1.4413494864879608,1.9000617710012895,1.6416774526217963,1.846590158542454,1.5559535469141705,1.8035368976460833,2.1870802309629855,2.048593894497633,1.9060452192618895,1.9344348284892217,2.0153969785711214,1.9677207536687515,2.5065560686025568,1.7315818508620733,2.5065560686025568,1.7315818508620733,2.2551184365083046,1.862330025699758,1.8299018455568028,1.810501677931411,1.8397799778570272,2.3128769515319925,1.843771257205776,1.9840215804241987,1.5,2.4075160687532695
audio_222.wav,5.0,4.394243792909095,4.885112183173981,4.686475875205557,4.928646049101922,4.635772875622539,4.887701157911338,4.851668705032476,4.980451574373165,4.748461145187367,4.953857923630661,4.845498514538588,5.0,4.964205022069824,5.0,4.979673910778096,5.0,5.0,5.0,5.0,5.0,5.0,5.0,4.939594507382938,5.0,5.0,5.0,5.0,5.0,4.968400345604042,5.0,4.707695804835733,4.970040667369005,4.6620658810249465,4.896892468186556,4.7594070907518935,4.960029244124825,4.5,4.533355400808904
audio_5042.wav,0.0,0.20061237415534508,0.06629711231236968,0.0,0.1471277013839356,0.05775344651106747,0.34223678695515164,0.2867870704507762,0.258372868447377,0.3186219298368062,0.24583628898715304,0.1805950781247264,0.16689511044649144,0.06935483150292059,0.26857255573392996,0.0,0.2234409363309083,0.0,0.19671229528186415,0.08388465711572761,0.2537923313525147,0.09204372194725223,0.33251377491467,0.3221011210534261,0.42529760032432495,0.3775558897556766,0.4656697408211968,0.3775558897556766,0.4656697408211968,0.3208720498266195,0.4344251146649079,0.1989843391725534,0.10919967839058442,0.21910777787421132,0.13056976186926691,0.15740859256706272,0.04311436834611746,0.0,0.10937727098877148
audio_253.wav,3.5,3.2588210553877963,3.5098077968768693,3.1328422653588057,3.5236519563846542,3.1958280597845623,3.3207991382222306,3.2520859309330326,3.4075355572012733,3.298710333300623,3.473650657349943,3.680269351251764,3.522819278139346,3.282236535634519,3.420829031916803,3.4378173421389078,3.320732686887387,3.1537267684353743,3.2483782505065726,3.1941245560386773,3.203539904808929,3.205063103404864,3.173273626175792,3.1695822344268763,3.13328704301942,3.516206738119801,3.4696104740383045,3.516206738119801,3.4696104740383045,3.327917473647689,3.3772168255888744,2.9877927311761017,3.278391250994965,2.911100312740947,3.233037718168403,3.0082465075940754,3.3382534220061175,3.1666666666666665,3.1172726935811315
audio_167.wav,3.0,3.3861948175710257,3.1042067086689826,3.497421492023291,3.2770254530618246,3.484405154558244,3.3473105678727104,3.6724764435192854,3.5729364713956016,3.3595774476123013,3.3839955705946814,3.223859680094561,3.0161152776152247,3.0841116085433433,3.216091211686086,2.713082742341967,3.052136277632222,2.698804542072967,2.9671605385516138,2.733866974712368,3.0813257631384885,2.6687111967763903,2.9621061806699998,2.7910550599880097,3.0637327699672845,2.7956705480565667,2.9917247730369163,2.7956705480565667,2.9917247730369163,2.77532463363852,2.8845803152461222,3.667849407641986,3.1359315198527185,3.464833524401914,3.2566770725003953,3.539206071056718,3.1375880981047377,3.0,3.238051571930235
audio_583.wav,3.0,2.6336622148405744,2.9397511173409185,3.3935691814300477,3.1849494129196176,3.083456128004514,3.0712546727307153,3.1511709939250623,3.079189038379217,3.034889026414874,3.0294452315619096,2.8629551872527284,2.884582555541456,3.2056929232406044,3.0619495037376474,2.8313083435532156,2.755431421164585,2.93887668627017,2.838205415637274,2.977617678265544,2.94922612131526,3.0269359881512456,2.9374879525382425,2.8889508658485177,2.8824012755221577,3.197961383834812,3.130220742291286,3.197961383834812,3.130220742291286,2.8315026273179718,2.804777464822037,2.7634217808340984,2.665971792718525,2.8912262171946583,2.9785213234780645,2.7981153447311953,2.714592119648689,3.0,3.1711694921095934
audio_682.wav,5.0,4.207678128750228,3.8521095872827864,4.461122311763103,4.354983495175701,4.152502584958584,3.8505171767621484,4.5032562424804015,4.226672346760261,4.682617123468784,4.468409687442754,4.92531908066409,4.664366716156368,4.798156960605063,4.783252584112879,5.0,5.0,4.992916511829936,4.961015656254884,4.946471069508339,4.972574056395598,4.7835205802083935,4.903730847513262,4.955649157072982,4.8033306353208385,4.83252861054257,4.763252440557179,4.83252861054257,4.763252440557179,4.739928621376781,4.8074644386577035,4.132254932034118,4.645464967144027,4.034414908254438,4.479768314185624,4.160411141298215,4.595125755462383,4.833333333333333,3.7466783676252464
audio_5045.wav,0.0,0.31313223395929296,0.014319490454681283,0.0042681944046430624,0.3126642734056702,0.01643455623558528,0.6952762752877205,0.1877885150834211,0.47452942686405475,0.20446232445868726,0.5556124571572517,0.13625960793721292,0.6188209284681816,0.11712087963660804,0.7204289956915818,0.4168053343750593,0.6531341548233015,0.6322806981141,0.7041057167714203,0.05256993322326187,0.7534407231401371,0.030600671137393398,0.8132933057352117,0.0,0.6413419497114751,0.5450023447222093,0.5647457839152201,0.5450023447222093,0.5647457839152201,0.4156851476451335,0.5535144414548827,0.2820936001413739,0.09500704912592561,0.19993052178654014,0.10399504339851097,0.10796974407390873,0.05269322973694989,0.0,0.0025716957730429193
audio_173.wav,3.0,3.298043672429103,3.127399365665374,2.85509379563384,2.880899813175199,2.964784872667778,2.708318492669323,2.7597524259800728,2.6432394038148472,3.0653155041934634,2.842642145367495,2.717258002928096,2.4926590910397914,2.7960832657152213,2.5746184383325947,2.691194793294421,2.699065893678441,2.6362980875655855,2.5158160335742417,2.654402856834133,2.632449851358599,2.9240917608587864,2.6866394422743887,2.8519067034505796,2.6732865396366052,2.9360170241145447,2.7279649125690155,2.9360170241145447,2.7279649125690155,2.85058460531398,2.694818888014511,3.0615973806696517,2.883320612609229,3.1396069860584284,2.7741969490158103,2.9982272514794936,2.9395321241656664,3.0,2.977961106793629
audio_338.wav,5.0,4.144485546897122,4.624478375071948,4.2396705171512705,4.6741730199027485,4.470923614466061,4.637033682916921,4.623168088859537,4.724912232035465,5.0,4.994930990984034,5.0,4.952494386405015,4.835744234312777,4.7296010338355945,5.0,4.973317361580009,5.0,4.95537528713215,5.0,4.862917718514888,5.0,4.95894695767596,5.0,4.88848297447246,5.0,4.99670051161842,5.0,4.99670051161842,5.0,5.0,4.601658386834501,4.9075072711318155,4.657372470315512,4.894608178785066,4.63995190815822,4.869963788401819,5.0,3.944799499143718
audio_188.wav,5.0,5.0,4.561831015847048,4.740526583299433,4.50562135584558,4.878995801099095,4.653850396705368,5.0,4.98354046267132,4.82974633400573,4.716244052489878,5.0,4.831347557044142,5.0,5.0,4.98905165078401,5.0,4.980941317177178,4.993694379154092,4.98421370934651,4.957154730381062,4.9192913165496845,4.970506716755158,4.972546622345084,4.940690477556106,4.987931148389485,4.928666469411333,4.987931148389485,4.928666469411333,4.772739582382203,4.744704719738513,4.73681982656094,4.9257716506278415,4.73371642466138,4.91449215076909,4.773947296731082,4.8800246280906725,5.0,3.8231082222869364
audio_59.wav,3.0,3.7694116289308037,3.351975723831696,2.9112194922320622,3.075635336480668,2.4318248460939613,2.774746116893445,2.7725624894929806,2.890754101253479,2.8534277177371092,2.8938304001732402,2.9646130915113615,2.875931855938621,2.7752101199798744,2.636751772646218,2.7813424360986754,2.802215181968766,2.6995702221326745,2.64674616809393,2.9327539381663974,2.9908395870475677,2.9117050057269367,2.928011150365553,2.6541548201092287,2.6935961257014296,2.6871739678487656,2.666650707032154,2.6871739678487656,2.666650707032154,2.518265366491705,2.615996278894173,2.5192573440393518,2.4186681518173923,2.886085219404317,2.6698951004627864,2.6503774334612342,2.528163205443549,3.0,3.158589421745459
audio_318.wav,5.0,3.908146173908507,3.8643407024747423,3.64354881522584,3.6285692039053026,4.270749859579461,3.5630292222020685,3.0821736989939565,3.342671093774792,3.456103884712111,3.4980046960947306,3.989110328306594,4.0551196188402905,4.040681695500546,3.9971715306390814,4.187352412336569,4.175886904318886,4.227951935270917,4.388938822935173,4.472539577894591,4.570006574157642,4.447151763946285,4.65575291376915,4.042557529385312,4.105589667194311,4.199031050761353,4.247373565944227,4.199031050761353,4.247373565944227,4.403044606494406,4.443132817412267,4.455849012750122,4.3570681257166575,4.271798033113853,4.271768250907233,4.474709457000972,4.469918151899097,3.8333333333333335,3.9820396505455853
audio_17.wav,2.0,4.004589328631918,4.028340724021466,4.122486570566779,3.886678288370897,4.0339806473429,3.710571481712193,3.490034999329158,3.288637716832733,3.3298072523887416,3.3186702990333283,2.9324745995735273,3.335841583938178,3.460413002297873,3.479094515821322,2.890352352914207,3.0859839310797965,2.7025176737129244,2.908535353084151,2.7137161976890454,2.749526730428413,2.7717462518921763,2.8632295215125936,2.7251837028818446,2.8512395602647818,3.0441773570066766,2.852894709154507,3.0441773570066766,2.852894709154507,3.407028850344855,3.1627648190318562,2.81711584093958,2.949738217283865,2.7872906048050674,2.9929577252932464,2.7670188073385003,2.92623086980103,3.0,3.1354371365082883
audio_551.wav,2.0,2.883988444577865,2.2240225164360137,2.5136510616831926,2.2721547814574072,2.4433048626919773,2.2453532584031373,2.5571266672095248,2.202478117366653,2.3183118133086027,2.1604446414877896,2.482320553901058,2.029323146370333,2.8011036606601656,2.190566735795081,2.8345022975637,2.3019129174552564,2.595263867475382,2.1182762531004866,2.8742201035155617,2.4528537728994606,3.006127847251049,2.2476304483861536,3.092833770717862,2.439194777246895,3.0602155967165188,2.4467165154207358,3.0602155967165188,2.4467165154207358,2.947964891358789,2.423021837763734,3.187775437014112,3.0313108316962256,3.0778746679288687,3.0368429578787968,3.0975965313918543,2.9156367708374398,3.0,2.776646669017094
audio_275.wav,4.0,3.4296222165650563,3.109264586440094,3.324720134010839,3.1966414811024215,3.120988852567725,3.1430433583338018,3.2969031016264343,3.1809086808670792,3.1746133583235263,3.1142649586677975,3.188503229972158,3.113804591102484,3.033616749333845,3.102418089347387,3.1090603414303737,3.1525930877231816,3.089712259592844,3.1582603259672304,3.3841396559722186,3.259905409150529,3.3641848844757902,3.1785768048358976,3.120676445958759,3.0592715966523727,3.1254961759205266,3.1797965193597135,3.1254961759205266,3.1797965193597135,3.024934870935708,3.038440763639793,2.680248706339754,3.216251565189431,2.6602461794982624,3.06210385421919,2.649271040733367,3.117821023499117,3.0,2.868155149757582
audio_368.wav,5.0,4.362687520150231,4.389840669557212,4.557407413394954,4.705993220674373,4.678576953607112,4.725111601517852,4.823999925370618,4.970924897688511,5.0,5.0,4.912748319695527,4.856264939495726,4.787439866801004,4.754391682888446,4.806139793263914,4.498137581579228,4.94743890047898,4.815774755339791,4.789068172628268,4.573291325050685,4.814608220967098,4.659608971465842,4.7746501717219605,4.733752847511103,4.578636905799317,4.5187946542891755,4.578636905799317,4.5187946542891755,4.527690079902634,4.350849987840832,4.786481526638483,4.788519645463913,4.905580686569898,4.810053198397854,4.852852987101619,4.82778899988317,5.0,4.420509194957113
audio_730.wav,3.0,2.125575104652535,2.383705777510668,2.599137290455823,2.4012094121308056,2.476141686657445,2.4981071242935173,2.5830808102898097,2.5545409237205594,2.414327919112893,2.5454303276066375,2.5415377460987183,2.5838386264763353,2.62439204933752,2.602174058066721,2.8731471381998426,2.7206741084706505,2.756177063724248,2.7051180933697316,2.8254698852313065,2.789093852466132,2.801603833333484,2.855102694801872,2.79558916215335,2.7505180335555703,2.869808268052038,2.813269127867995,2.869808268052038,2.813269127867995,3.0646980973178266,2.901102031418062,3.4393373354877492,2.981401730193163,3.3287552699818352,3.0887419835100274,3.460709998302537,2.9757398613750063,3.0,2.8953104931888354
audio_5060.wav,0.0,0.0,0.34724035071349074,0.3784651621497792,0.27414655325381904,0.05753199769845837,0.3554115448994784,0.5271922036008124,0.3427158496432175,0.03549826389078629,0.25676587663284006,0.3362449254262754,0.2961438251032176,0.13547549279307555,0.31766248575219275,0.0,0.28066158937763513,0.0,0.28848228889521516,0.0,0.24537830208743752,0.01442112553682584,0.3075821527250097,0.03782008446896734,0.1807632169727836,0.0,0.1157149279361261,0.0,0.1157149279361261,0.0,0.11541037686355231,0.1372800376901626,0.003714480675980831,0.023241170083992808,0.02416377793078898,0.03646994480878679,0.008697827023053552,0.0,0.16598264913433555
audio_685.wav,3.0,3.0509204292023977,3.3278823318890947,3.4283449076933916,3.3333689837370266,3.3124710371076347,3.2428338335873605,3.65442437390243,3.3949532969981866,3.3739579696940414,3.2755286431025445,2.825832652051865,3.10390147853497,2.9596761042358017,3.112159687606033,2.817231808272981,2.936941973231646,2.927666602758579,3.0124385076441826,2.8649038813319323,2.9538588559339445,2.7205928652898783,2.9429732244609177,2.6628950645503777,2.9135930347510164,2.8958721028670755,3.0924586289973486,2.8958721028670755,3.0924586289973486,2.7683785956756624,2.9977350074887075,3.1217033778424033,3.1519614559721116,3.197958695502009,3.3520500223260945,3.067839738309124,3.231671497416389,3.1666666666666665,3.1928812533412523
audio_7.wav,3.0,3.358921225156191,3.751510615084282,3.208027602464259,3.216242338766453,2.8204703549848404,2.7396487162906666,2.437110850196323,2.4616033452794537,2.655615752270173,2.6529889636811377,2.986063360866486,2.7291253039917773,2.909406260357832,2.720846565692897,2.6718907332063764,2.5210247768333467,2.574114551054041,2.542575215559363,2.8313783942925017,2.661889427108313,2.8558420643113007,2.734043985391114,2.8415164799219883,2.7507175395204477,2.9244184412376693,2.709295583391256,2.9244184412376693,2.709295583391256,2.786875987022834,2.6931155015076897,2.909676762278325,2.890840590524743,2.9130193527258506,2.984012129343156,2.871327436205265,2.85695851185816,3.0,3.1631962745273383
audio_204.wav,5.0,4.470208428816149,4.777139206675391,4.333275506876778,4.501713868051164,4.6032038050279676,4.752960191975976,4.548185385316887,4.777340115129635,4.758629411177137,4.8139423891670665,4.821357994596185,4.958923980018363,4.945448901911795,4.946518543308574,4.695952664936383,4.999531368559569,4.514224751586602,4.850794690705457,4.761074308148006,4.958766764244534,4.756330432761896,4.960971291796137,4.597405180258477,4.8738417622272285,4.589218042304663,4.949691528622268,4.589218042304663,4.949691528622268,4.566141021909089,4.9065245840530505,4.80985764779992,4.801153246475066,4.845382568139166,4.777465611453202,4.760631249947326,4.786358058795636,5.0,4.892738520825619
audio_5064.wav,0.0,0.22744951710760133,0.0,0.32213101987658393,0.0,0.0431480092594955,0.0,0.03883661667338023,0.0,0.0,0.0,0.0,0.2805171142144059,0.10260414854088869,0.135256743511448,0.09722854175030893,0.0,0.004146951682945173,0.0,0.0,0.0,0.12628049903469055,0.0,0.02470303531706186,0.0,0.06545686567807489,0.0029371828410941583,0.06545686567807489,0.0029371828410941583,0.07797062474794784,0.023482714851011572,0.03579610582516485,0.016704750651768477,0.08903545386581924,0.019492977787423416,0.041385782726307184,0.03720194322389506,0.0,0.004568483465159239
audio_127.wav,3.5,1.9505211654564416,2.6682654812825866,3.7160578306518697,3.366175364500093,3.7840596811162577,3.638296403834407,3.5808927316528263,3.5317273173974564,4.358244833787463,3.731016763905277,3.2890161069898993,3.1794174249299605,3.5145438123363744,3.1723200780599683,3.0841183174582123,2.798556147107725,3.275687454063396,2.908815064116151,3.350595357684231,3.063587523034903,3.499038150880961,3.191612422351236,3.1756313480793,2.996750745866869,3.2803877768402123,3.026170093069723,3.2803877768402123,3.026170093069723,3.17787365792927,3.096232184063427,3.4021524155567864,3.597849568706168,3.3176596784174825,3.4575777175435625,3.454361830577502,3.4970887266353583,3.8333333333333335,3.3919600950987863
audio_412.wav,2.0,3.3991834277213187,2.529745789719143,2.9679329866759603,2.626971916533609,2.7634737015288926,2.6888480180499124,3.0235333710459984,2.8677553867590837,3.2498577022953583,2.953301745047019,2.8421939807952334,2.8538489344389366,2.897869781475432,2.9176149018703863,2.8783858046085498,2.803124590545771,2.8107471833395823,2.9372677572598156,2.8133705011775505,2.9797712430163252,2.737866739831713,2.870506654466609,2.8874808537173333,3.113524949547679,2.7867331053924658,3.101344025493038,2.7867331053924658,3.101344025493038,2.899191790891734,3.1554947672167146,2.4058605542064324,2.994742783705778,2.385458861139077,2.96878831035662,2.3466559467879557,3.0815742474847223,3.0,2.7434452320440457
audio_132.wav,2.0,2.1366519372615334,3.2148720508831166,3.041220090312559,3.232158829939474,2.2285154159323906,2.984368249034248,2.621388819477092,2.8043998837520134,2.1538285716590324,2.531290778886008,1.9901367263706604,2.377654416936052,2.1005683595441464,2.480149465000092,2.514880053884076,2.756424004330835,2.4051588996492916,2.9788833464853997,2.392335889693227,2.606476905048669,2.5275140550738917,2.5846337957410417,2.548931440539112,2.4489733047414757,2.5006059838681245,2.488059807128062,2.5006059838681245,2.488059807128062,2.310850620671468,2.5172306159527307,2.0988454593638766,2.3777081311322785,2.1871229657553783,2.4132635699306575,2.0851591847388087,2.50010096416196,2.8333333333333335,2.2629597510678088
audio_156.wav,3.5,3.5400066694042214,3.4709261807444207,3.8985844461175514,3.6121631445959426,3.512475108839679,3.44966914837955,3.582827176446779,3.3895342463564684,3.429735363014977,3.2931638771110436,3.2819018751306284,3.1871404512775627,3.8774149015369197,3.5525931521206027,3.8064684922066903,3.5480166481222475,3.6329657462388005,3.571013224344078,3.795178728898166,3.4954431208984658,3.8779899241726885,3.4599907628537103,3.9407631085010366,3.6394876102784774,3.9822712130496343,3.6499930216876115,3.9822712130496343,3.6499930216876115,3.8887761415671136,3.613577260200205,3.7409218932984767,3.7388886205547665,3.7877456355407264,3.676212809723164,3.799920939460728,3.6108274266812805,3.8333333333333335,3.5802608695085154
audio_426.wav,2.0,2.6346255419401845,2.5220517132574556,2.6930694366338854,2.600464425775048,2.4310968322070363,2.265200113535347,2.428559915601983,2.3591548763603867,2.730376731950542,2.5864958676969323,2.491192594261024,2.4261788110852156,2.3060080856501384,2.3849414185084385,2.4612516923438488,2.5542260204229437,2.555664462254964,2.6002603637409454,2.646853874467846,2.6270245077822585,2.453336967080577,2.467716683627669,2.6308873408593363,2.732775017688729,2.6106232992639717,2.8473226206147437,2.6106232992639717,2.8473226206147437,2.4405698352904133,2.504568049285981,2.5467334910118526,2.5547174347743873,2.7931825254566607,2.7279996945631844,2.557850567124323,2.458923936238789,2.6666666666666665,2.7425689608573762
audio_709.wav,4.0,3.899562563233644,3.95959372184234,3.790199856926703,3.901375405658225,3.5514918568031715,3.7360354644435287,3.638021892255365,3.87542164384666,3.7011438293701464,3.83512252541397,3.787831183689613,3.7019576264907177,3.554456270147561,3.6445739263922228,3.5499559414313917,3.5773099108651727,3.6199756974669994,3.6690393811644704,3.7328906326812272,3.71830547621054,3.8893285066322147,4.023887116845496,3.891501493783926,3.869882029117352,3.8829328668469905,3.854843908914162,3.8829328668469905,3.854843908914162,4.009102621903179,3.888181672161822,4.063686482509373,3.856946203078119,4.083904422759615,3.879516181254368,4.120711998562592,3.8750359175801994,3.8333333333333335,4.138348523932357
audio_291.wav,5.0,4.354310586094183,4.4761557097247815,4.269877773920707,4.232823307713949,4.856382187223381,4.589156279238646,5.0,4.542118052703746,4.9848670447153305,4.5023783793013905,4.525033842139467,4.523227654424782,4.596278770197968,4.565332919651381,4.487084218732741,4.366513732799442,4.77304365580283,4.740475425856077,4.60988957394259,4.751464879855652,4.534238746367033,4.493830850219513,4.628894480783085,4.5116737125382365,4.362704897554543,4.293077096253212,4.362704897554543,4.293077096253212,4.623124798642132,4.674454154453098,4.308068298674326,4.267535005817788,4.064819075095414,4.30977504203635,4.212602164041087,4.2247635519695015,4.0,4.44187928230762
audio_523.wav,3.5,3.602145927330959,3.1758573844508784,2.7893539316982987,3.2816688829659193,2.4448096705718716,2.870089085399723,2.562790799397295,2.743682790415143,2.658043692184593,2.7089452449061073,2.7524826618739517,2.806711639369651,3.1184029311741708,3.124624966074604,2.982168815225256,2.913183197215513,3.1910898176613505,3.06116634003917,3.226931905651172,3.1791129075464704,3.141083510894926,3.0159602267600327,2.8813496921358723,2.7502804959532994,2.8787839068729624,2.8213616523134135,2.8787839068729624,2.8213616523134135,2.8043217249885157,2.6391393281044624,3.9463185920219654,3.268233449845027,3.8953042323955813,3.130839781920829,3.9498754316910785,3.1496840660254937,3.3333333333333335,3.0416358962762686
audio_632.wav,4.5,3.9695844442755117,4.350454048977937,4.452947813233333,4.574024351228879,3.8511321803122733,4.408141341877137,3.7729231689134313,4.390491594814803,3.785506900647604,4.464642201975534,3.5613887040516166,3.9991821043690776,3.347470284689105,4.04808416972314,3.7282242647110118,4.217266475762575,3.7504853395125544,4.261224550392034,3.5984584265797754,4.109683497939753,3.4678724059762995,4.085365976439715,3.3274020568135505,3.9542920076595593,3.194700036429079,3.753831863163528,3.194700036429079,3.753831863163528,3.5298612360600963,4.037816583370186,4.220215314938637,3.7366592405372976,4.306772895982608,3.4872290820427665,4.372423636213352,3.7070739493339087,3.5,3.7833063339583846
audio_684.wav,3.0,3.4465326603299267,3.352857425492506,3.350760529737839,3.3338351226240857,3.5492946222931807,3.5875120197025416,3.5148324439281797,3.5492940599875773,3.5818291894044427,3.56842466807665,3.2160964729374513,3.250510670364726,2.8171355488399077,2.914161953889099,2.8426084770630378,3.019582515063405,3.0137499663186964,3.188973085644374,3.0794827136978067,3.3407939185659608,3.0304164426336193,3.1054365039944476,2.937863648252551,3.1383773900187895,3.0173017366912465,3.050117846546858,3.0173017366912465,3.050117846546858,3.095504794378577,3.243696191694726,3.555857752322838,3.680946713678981,3.4960357530449078,3.736017721437055,3.594615688938571,3.7846552883456286,3.5,3.809317406176311
audio_512.wav,2.5,2.648121109197022,2.58334498544847,2.7083330984248253,2.4372224750619664,2.6751918420094114,2.460950810470565,2.5540363150262437,2.6573058086671595,2.429985217917009,2.516588172907684,2.8415022297594894,2.6423544013689155,2.4633010614705166,2.504855561368712,2.603054329947795,2.3470255412716283,2.417495526510743,2.511436159966671,2.74678653171885,2.7888906999381775,2.6124752346891182,2.635591344937806,2.585218711861683,2.5158365330010812,2.4646779853795424,2.294522495270483,2.4646779853795424,2.294522495270483,2.244824729448822,2.2894730955812457,2.77761024482041,2.862970498522735,2.878027453686455,2.7349501563620753,2.8008810316879096,2.834388153896226,2.8333333333333335,3.0586830231129123
audio_764.wav,5.0,4.281779292244027,4.267381517700676,4.848691080950586,4.613750962839242,4.343698054685538,4.074817208431003,4.014382918751373,4.18823823917658,4.9483234611421585,4.708271503614656,4.86105299518574,4.5239527407330336,4.528207569804583,4.473939330020559,4.559365640899979,4.538901644409579,4.638603714070634,4.516768212045033,4.708660982403036,4.60884021339667,4.838301811590372,4.667526870702033,4.798007992226849,4.544640130421145,4.790366961058413,4.678259465526881,4.790366961058413,4.678259465526881,4.613043797735809,4.592083093942497,4.091768610021071,4.279936761813463,4.158967961280649,4.098308011494365,4.121136127552837,4.165095294021719,4.333333333333333,4.279070347263899
audio_585.wav,3.0,2.8720273461037515,3.4207581305645967,3.117613374102142,3.237292090232628,3.078206581051082,3.276325434095004,3.057894136180774,3.0452533879798374,2.939241496494788,3.0188468966617474,3.0247485388610014,2.8973668984927277,2.8728980982679424,2.945672256217256,2.638290329423232,2.77430931748748,2.3546191695668335,2.4835995953162997,2.438291673135977,2.534528192551529,2.4957842470109903,2.5313543754870875,2.6145314299395452,2.682073364426863,2.6866860773544183,2.62545239882534,2.6866860773544183,2.62545239882534,2.5068956143418384,2.626006830456229,3.279947411568683,2.909617893818662,3.403554993926338,3.0720862309027512,3.453762387853373,2.9708086180955675,3.0,3.5752412021476885
audio_562.wav,2.0,3.1656093473904803,3.041148308562212,2.7849459457789805,2.8005877385283484,2.885174801696358,2.8700234284497887,2.734575139417767,2.690735095022783,2.6744416649752947,2.611973868835497,2.5658028044229253,2.4228379637269195,2.5055839204785064,2.5294864123958183,2.4342324713503425,2.4087583134243156,2.535660620350421,2.5671693200681243,2.446662683296326,2.496060004419021,2.2136666204806863,2.402321881075793,2.5434491358474722,2.545355112679637,2.7891358394030568,2.7677976597610603,2.7891358394030568,2.7677976597610603,2.536456425630575,2.607678793409589,2.954916147285345,2.4714343450356173,2.87052502070787,2.8290832250519116,3.0321981407491116,2.695118427893155,3.0,3.701025767566726
audio_465.wav,3.5,2.542663802754254,2.8576162862750487,3.0312246396236504,2.9260565172967077,2.752103858569632,2.7306692144811895,2.8429534617241394,2.8376834086403115,3.201336695212444,3.1673582436629757,2.692184303870777,2.9116719534759454,2.7854296021735436,2.89021285684994,3.0302811427521057,3.1147040000546,2.845519961686387,2.9937668156940114,2.959296245210917,2.9707949738286863,2.976403529355268,2.9924016476609268,2.8795698343800673,2.942295404342689,2.7328787577537237,2.9288133757022075,2.7328787577537237,2.9288133757022075,2.901607999922367,3.016182202179927,3.2435595428809183,3.1722213414629032,3.014447205472614,3.128963087213122,3.209740005172302,3.1583430774834027,3.0,2.879359234784488
audio_37.wav,3.0,2.6611094843436116,2.628554909481736,2.8504900878658184,2.8350067443761993,2.857800659999754,3.1215100328747867,3.0787074493316386,3.1134608218240416,3.284487849604244,3.0590148543167324,2.988933197194146,2.926965869511877,3.0877910541923943,2.942196336013932,3.709281722336302,3.665663816886499,3.603489269634602,3.413310255005738,3.8255612028420116,3.5715058060740823,3.630844760104866,3.353696151272094,3.5247000774366413,3.458574907720657,3.264700520075163,2.969377586580484,3.264700520075163,2.969377586580484,3.4312309596850064,3.1414480470948867,3.3071102391752105,3.1941341656483146,3.4525043811912943,3.4451368400463274,3.3152617566771347,3.1259073641158985,3.8333333333333335,3.1301522510607254
audio_47.wav,3.0,3.9380482119083826,3.9423223867784665,4.035489411743225,3.9099845171621186,3.579717663632625,3.6157169673185074,3.29638530038441,3.4007675832456283,3.602429593512493,3.401512971104674,3.7508185060160684,3.613673905599606,4.20261534950242,3.9794582841924586,3.969966085213042,3.7526805700244075,3.923540419564111,3.597874552657552,3.9861505975839506,3.791816544809297,3.8970116852173553,3.700051628206639,4.014192863308119,3.8378812118603762,3.9714847437108083,3.8394713759629115,3.9714847437108083,3.8394713759629115,4.099169544350371,3.9584670852412267,3.9381407215209694,3.706037389801631,4.0891706339844704,3.5602121034397207,3.917809372047595,3.5053736632669676,3.8333333333333335,3.986882301269166
audio_233.wav,3.0,3.426058273491186,3.250652992916392,3.274345187515133,3.2762986657297475,3.258029379276134,3.1227416351568986,3.2676293651217407,3.21353118377379,3.380636869677408,3.328145092081554,3.187656055033488,3.146837344508478,3.3588233086821724,3.1551879948969543,3.365823483149048,3.2816024129372807,3.3703549678881903,3.142617863974158,3.185947736389824,2.9837254322659823,3.219765428735132,2.8975356324877684,3.2441903175823845,2.9686616402370505,3.4228628209363148,3.1035126047068573,3.4228628209363148,3.1035126047068573,3.096875132493587,3.0353528695330154,3.0172697026882402,3.1351460135957576,2.9940174583614847,3.19288066605314,2.970183127382425,3.100018904492796,3.0,3.260418638222468
audio_621.wav,5.0,3.9117488327434384,3.2586811265306896,4.200571510197206,3.7763820447252887,4.510320542263421,4.13013231877111,4.288827281837204,4.0653206765262135,4.559611576421315,4.409418222354414,4.386154630663802,4.472649955998615,4.4328852587577945,4.628299884857614,4.616228799308201,4.620724979224622,4.315692959978843,4.52487288147396,4.453374197093296,4.63241967283362,4.304372221092264,4.484294250848604,4.198989699924975,4.341832717952588,4.35353586278009,4.41598749805897,4.35353586278009,4.41598749805897,4.121676887248044,4.229220963274677,4.438878448228722,4.18616992386329,4.370535376451478,4.18901375861057,4.475502262135673,4.213938614945324,4.166666666666667,4.1308843707821765
audio_590.wav,3.0,3.071102079860107,2.933762240965482,2.7054686951335394,3.0183248326831698,2.4248691366400417,2.998208075327076,2.0605633964746186,2.6892431723425774,2.385780753897817,2.6498164721140287,2.4953121873056308,2.5774659007806657,2.647826964507287,2.5714349867801807,2.523631405382126,2.6870635564337895,2.5479236157470004,2.6204072387273665,2.6468827893229183,2.5805769173036457,2.4622174680227005,2.5814246968829484,2.4822793070123192,2.4913001199990625,2.4707780818702596,2.406676005978293,2.4707780818702596,2.406676005978293,2.286992678987161,2.411378967908374,2.8930876667759002,2.1926729397506186,2.7616475222177725,2.134264182789536,2.864337522794836,1.9717230835751192,2.5,3.7015454619446166
audio_349.wav,3.5,3.3392705533511786,3.369006991013075,3.5269851065084556,3.533964591201533,3.231221451099593,3.451500417201075,3.3301858389587244,3.332722633840881,3.5309545045098325,3.417075376884588,3.4114649018104184,3.4003535592189427,3.478384865234853,3.1790181797371346,3.6475930766934774,3.143741561716793,3.4013059281664675,3.2408138863107325,3.5031304524704,3.390974513953671,3.2676536982176034,3.0973222691523823,3.351495493335747,3.138513119891005,3.0537806066923134,3.101857593936431,3.0537806066923134,3.101857593936431,2.894016798394419,3.019144942061201,2.938000402947471,3.092529161171786,2.9875675629177785,2.938373595148042,2.9589957684836405,3.0115844345880256,2.8333333333333335,3.7273756962011064
audio_387.wav,5.0,4.388616344675403,4.862363681890753,4.811532959442389,4.9211851260919435,5.0,5.0,4.947438566379772,5.0,4.553487487107822,4.90753125931009,4.638929296259328,4.90403865899234,4.460873289751739,4.779404774121418,4.246129313205413,4.756044490351425,4.2217470043933965,4.589518246054653,3.8693443513550787,4.15122125884406,4.1400077138306814,4.377138325435998,4.453600701770378,4.792320017650458,4.252491032745897,4.760121043461009,4.252491032745897,4.760121043461009,4.4215554401014705,4.85116566927109,4.802278122571209,4.5545458448420035,4.776059088624403,4.374367438942241,4.849831941682435,4.468790893811176,4.5,4.70519437208925
audio_630.wav,3.5,2.849416198264681,2.794183972395798,4.02038677303941,3.9337887224845822,3.758428335642686,3.96210749843002,4.387032226808334,4.243311533998983,4.000060378533578,3.7329897937891445,3.707249210425994,3.7528176494909538,3.678931011766357,3.552513354603059,3.620371929169347,3.3477799527820893,3.4854616877032605,3.391420683630099,3.399561201423445,3.327256587749258,3.448444182572587,3.4578486584859713,3.3965993974810043,3.1724333064770245,3.5782617573469984,3.4142210486199716,3.5782617573469984,3.4142210486199716,3.4230039851927963,3.3702407800315144,2.9967212593471984,3.530215592716601,3.0770688861720927,3.543476034171288,3.041621687273088,3.5577920781899848,3.6666666666666665,3.1207369006324783
audio_5046.wav,0.0,0.0,0.17066738605302176,0.0,0.13895601493955803,0.04652224412745524,0.37848393875307657,0.13323397637062348,0.47310441686436633,0.0,0.5027481582968991,0.2848431690630999,0.62577888216074,0.0,0.6384985811230126,0.0,0.5056454119413146,0.0,0.5175851523861575,0.0,0.5093715336578001,0.0,0.7937681546830108,0.0,0.6564878105377522,0.0,0.6109417065040591,0.0,0.6109417065040591,0.13821564249755078,0.611413880252626,0.1373221254958986,0.023085304698361005,0.12787909798893024,0.0661330044165336,0.16240060058079017,0.07732371831873344,0.0,0.07589896378792661
audio_183.wav,3.0,3.088245785264963,2.916158954394658,2.8744569821141748,2.8511062555611537,2.678131549103051,2.829700140901507,2.633201299688665,2.8181854952966705,2.883808959740629,2.9642666979283887,3.058247369624962,3.0609895139166157,3.154068505530906,3.1034778547407513,2.952067770565131,2.916046525651138,3.18712480488224,3.060020654177779,2.870893884603969,2.925335147605536,2.9986560242100815,2.8307413179778123,2.9967111243810405,2.833059229629232,2.9370430637017226,2.815335710826916,2.9370430637017226,2.815335710826916,3.1104348655449106,2.921960629895569,3.5672363027978022,3.216341697406292,3.413326542324332,3.116383251750675,3.5353623250372466,3.240571178083826,3.0,3.168272530022467
audio_607.wav,4.0,3.825361382733259,3.966898685000986,3.8731501113456352,3.8511696690893977,4.171246909927626,3.792342301800003,3.4009386421191095,3.22778333681568,3.2228512371132205,3.2693351630203,3.3706099900002258,3.4431825044143003,3.783784828185835,3.683386091350887,3.510547621172717,3.388332699445867,3.48772123448452,3.4145485434985865,3.638154572395532,3.5789863173000467,3.46981902947943,3.3155559751590076,3.6490681250062917,3.3584144399066425,3.741747436512329,3.3918431126290094,3.741747436512329,3.3918431126290094,3.1746163402446026,3.097679969232575,2.7601793107784434,3.508305103347109,2.7538389860538746,3.515165874421907,2.8288010320616195,3.596910322400412,3.5,3.156636496649274
audio_133.wav,3.0,1.8638105400257254,3.0795863233492375,2.366657943235452,2.86415713320856,3.1781688743661625,2.958641365201418,2.92237565864381,2.968209498318121,2.5057959847871007,2.5492187963283564,2.2880699441462404,2.538321375066845,2.382983259201135,2.3869720462795785,2.422898449801585,2.2046470890922976,2.8607645073540175,2.51464276693241,2.804907890923348,2.4367398999508274,2.7664642852182073,2.2117994038498705,2.613268027491828,2.0954405784076595,2.4516121455612296,2.0105269162314467,2.4516121455612296,2.0105269162314467,2.2589477408209424,1.9463844841251567,1.9237150595319363,2.271098925033897,1.9469293471743772,2.334734981521647,1.9718632111427128,2.3499622539509706,2.5,1.9901758445143116
audio_443.wav,3.0,3.8455445872901226,3.3655469135172673,2.8743436613655873,2.983779557012962,2.9828659478936594,3.135917657236533,2.8405181150709677,2.98091711518072,2.5093149825309102,2.6942693146433174,2.678146643808757,2.9340301158058018,2.922614742006921,3.041316160315059,2.844206416345148,2.9176791617513156,2.9009091073212208,2.9959793354936006,2.8065729985648673,2.656469541740873,2.7093326935361737,2.7855257898724815,2.8947557792591883,3.079240687598999,2.915311252081096,2.8851233515832804,2.915311252081096,2.8851233515832804,3.083038298721401,2.974464560386915,2.7093394784650147,2.6930433386281734,2.7571900076666034,2.6617536740747565,2.756264686616072,2.6635084989565723,3.0,2.9679610244525434
audio_55.wav,2.0,2.9294079979086924,3.069625211612658,3.1654345097189487,3.301367852407021,3.6102316838781725,3.7675468283760964,3.06569709924466,3.251478561667889,2.8679572207754873,3.1153141977472942,3.43343089128773,3.5263242125446497,3.4186973636915745,3.5689576433947447,3.6007975830991072,3.7411968269617675,3.54170445150746,3.7682219467528046,3.52541050198599,3.498403145562815,3.6973780730480112,3.5470514673881888,3.530856252879756,3.52967687925768,3.5427471899913185,3.4775276148687553,3.5427471899913185,3.4775276148687553,3.5192935224528603,3.2842510464408012,3.5873299258201405,3.659924525085406,3.7370956202402605,3.6365639643567214,3.5786860612298006,3.6659830321731506,3.5,3.526082169535685
audio_686.wav,3.0,3.46368970152704,3.3238532896192474,3.3152780869675187,3.132479927681185,3.5831822959093445,3.204747388607857,3.3085309348665266,3.068353289761513,3.4138519751797776,3.2746420461732604,3.5061214753029346,3.2859197348092324,3.3326147782265427,3.2946304028526954,3.3623143756138787,3.0951313988737894,3.1676241373514125,3.064060712954047,3.3920595940901137,3.220654446075392,3.331653273473967,3.2648764548919935,3.44997044218156,3.3191554439534854,2.984584713227934,3.0439001713139455,2.984584713227934,3.0439001713139455,3.019685400528177,3.027870786030886,3.012779614236629,2.9575847569589855,2.9524918827336344,3.0153859769729485,3.090817668533514,2.974554309053884,3.0,3.5579407235663005
audio_740.wav,4.0,3.513614797572538,3.9456076378400198,3.390901059934459,3.6688708507524095,4.236646711353217,3.9851890071625053,3.7836861522746177,3.8349560513219774,3.83511448575296,3.812350699418412,3.90645523696411,4.047582515623304,3.7636449377232197,4.099573664161944,3.5539506088530177,3.78109037829482,3.8400146478794404,4.047098487708143,3.9432628269763903,4.021904320930072,3.8588113716338817,4.01391298390736,3.9289866011732157,3.9606644138961613,3.8642961134775597,3.8937876273708576,3.8642961134775597,3.8937876273708576,3.8706065415905004,3.817626450161729,3.78731184824829,3.8774355534489024,3.823000897201245,4.014203779122258,3.8780264395921087,3.8869486812633753,3.8333333333333335,3.326543264076134
audio_699.wav,2.5,2.6200727638948798,2.6478689253994188,2.8489757058217577,2.7145999436659594,2.2811325789340677,2.5896331739207867,2.610838610139728,2.5348106854503243,2.301752194685408,2.4121823617972247,2.6315970665673185,2.613700674075428,2.53698451011194,2.566277555682843,2.685198707604812,2.579569382939535,2.769901996055227,2.560299379985049,2.7352724201630125,2.664299113360738,2.7840266688777615,2.777921194971192,2.810125881129443,2.755166968430286,2.744076897704113,2.859604151698918,2.744076897704113,2.859604151698918,2.78483764353325,2.8863738650582587,2.9471720160389014,2.62235825495705,2.9796283940178285,2.7588864109712037,2.949563380844889,2.739689146953653,2.5,2.836359130728098
audio_44.wav,4.0,3.6342687939673546,3.395904194134571,4.0175737068933906,3.712005513111246,3.7531763694692075,3.6570327561318052,3.7226832946143547,3.592265029693454,3.4936305934953915,3.5568337297958017,3.862546830147277,3.830712632501666,3.772566484805953,3.9788349769694,3.787449367163364,3.9839725017151983,4.06827199733804,4.073711795376369,4.04723949749056,3.9774483451538756,3.800709048784425,3.950166957924228,3.3536306410450307,3.5075956609836,3.5257418717706184,3.5301444553401162,3.5257418717706184,3.5301444553401162,3.7802853141299004,3.712053297077921,4.044850564625599,4.058228609333038,4.064180267512029,3.945794395380674,4.023753726475017,4.0271170794795115,4.166666666666667,3.0829508460099846
audio_500.wav,3.5,2.9053330981505625,3.3893903333143967,3.9264252253434235,3.602332200137356,3.417113039283528,3.434596352262791,3.125320224422616,3.3221594804979553,3.2594904429570923,3.3510598386866732,3.2572323270657577,3.2971761729563815,3.0500021625167064,3.157926731843686,2.7159151893498508,2.9372792502930696,2.9041440547344854,3.1604366279070106,2.836282295197998,3.067600165331452,2.7980246697717295,3.021225427619822,2.919451935013205,3.184199681202836,3.0424967703524666,3.398191470569223,3.0424967703524666,3.398191470569223,2.7581839667198764,3.109655989558796,2.534551068616795,2.892719951851905,2.6930588445788994,2.8559286563907382,2.5606750584524334,2.93745203135148,3.0,2.9160977912466595
audio_265.wav,2.5,3.274213375184003,3.4292778618972015,2.6557747882416844,3.2253112797260743,2.203902540373279,2.74860497236868,2.640770879511795,2.7087113955139315,3.119769443081347,2.8418082686452375,3.1489410785665215,2.9467130529638865,2.856016598057724,2.7880409323624042,3.0275084170333373,2.945495331903404,3.2327640634971773,3.2025445177778002,3.133142370732278,2.9748058249981395,3.1089504105868984,3.000574153932359,3.0379777476859853,2.8387869856615406,2.8672189428224826,2.5637647519465836,2.8672189428224826,2.5637647519465836,2.7693009678443326,2.7356659132375643,3.12539723394145,2.9976211229253606,3.054135307480679,3.1077849305689838,3.154330598677523,3.0001535876180285,3.0,3.532782458599705
audio_125.wav,2.0,3.361181633770226,3.319418637810164,3.5755721437326997,3.264273344136814,3.3063994935557974,3.280676555830603,2.9120593584017045,3.078832335050086,3.038696956217026,2.8711774065635773,3.095862790636738,2.8255224984001415,2.607721260143539,2.533037003489916,2.4712779272250143,2.266514928243241,2.2594931034727854,2.087673624448289,1.9828969501379132,1.9155066135353698,1.9083241695365398,1.8665490054280427,1.899864014448167,1.731819914313382,2.1190146503127463,1.7353069210994352,2.1190146503127463,1.7353069210994352,1.7252084189059838,1.5131675580632127,2.627866966809155,2.4864432861150956,2.8532103040736474,2.7876748020036515,2.6660388544486424,2.5445764129393798,3.0,2.9073085511436343
audio_413.wav,4.0,3.4322329027331016,3.728638703321124,3.369478615045567,3.5560946322289126,3.2387714768858396,3.4647258529922844,3.1712290730344335,3.5087401992241953,3.07901151817488,3.450146429939018,2.9775687643505946,3.0991238610059413,3.0828260644815404,3.377541869481648,3.2162647642949618,3.553158646240979,3.5495004581321403,3.8813648907141265,3.425335773020161,3.8071030907088517,3.410385308825799,3.5728540201021097,3.160358246781256,3.3473025432102297,3.1607364529721838,3.5598297359274724,3.1607364529721838,3.5598297359274724,3.2724232455005122,3.6985090557664626,3.7696038013133824,3.2785770665815885,3.8268181192005386,3.384506535395795,3.7592006200634294,3.4194116558236938,3.0,3.7154249481566164
audio_256.wav,4.5,3.3575914555655495,4.131248221955855,3.8223581698847298,4.194880309231515,3.752207935604098,3.989460966983536,3.805280388252129,3.9609427922200235,3.9276534223805064,3.9406969865887453,3.962383727424411,4.079061855759345,3.8863532335254427,3.947046673046339,3.6996807380306715,3.7448462866973675,4.041965159306515,3.983386708639357,3.884946896524409,3.8758224759929516,3.7104380959266194,3.720893647787958,3.733494723611381,3.8162015005690804,3.6608362276696127,3.7094458053698265,3.6608362276696127,3.7094458053698265,3.6900241518400905,3.599911438900186,3.761125538128635,3.414648215932509,3.7650187699157023,3.5853616885504187,3.6700438524146506,3.509152863091707,3.5,3.5059134305346173
audio_350.wav,4.5,4.236049230948614,4.325527087962608,3.8737248360382583,4.099788741608045,3.725810664226902,3.949731973117643,3.5100749766190593,3.8671272962004513,3.4951105515609595,3.6363166836540537,3.580855123403859,3.605260154556671,3.376990942806357,3.479851874497728,3.782437777750667,3.769164340543824,4.048625391798082,4.028643197995467,3.831447907905368,3.9509388172645887,3.7227710930241806,3.659049249343165,3.8251851781898076,3.7507947248357514,3.5377648056021958,3.512580427216372,3.5377648056021958,3.512580427216372,3.6964530758489276,3.760155210051922,4.60040349088208,4.199875817452053,4.479967871255734,4.264931219104917,4.594895443391952,4.191415964087852,4.333333333333333,4.417416387996003
audio_364.wav,5.0,4.483449386658448,4.0476871497045686,4.6592514608423325,4.164148047033273,4.836955166699211,4.4110595103757335,4.8838450277468235,4.715041033874981,4.959040154481898,5.0,5.0,5.0,4.8547399858492115,4.9573296988926785,4.684305175483392,4.85354748254979,4.994888757170717,5.0,4.950018146134204,4.997818303523325,5.0,5.0,5.0,4.993762327291809,5.0,4.952612061019295,5.0,4.952612061019295,5.0,4.8393185629410125,4.623464302036369,4.791708318554008,4.496237917740547,4.751097195175731,4.650164509346535,4.84108986933613,4.666666666666667,4.065528939470279
audio_131.wav,2.5,1.8991425155579815,2.7709662100992976,1.782546372221408,2.5876446598118217,2.3237838696869884,2.5885401015814753,1.7207156905103662,2.3511543686091154,1.757985084372036,2.0659188368079686,2.1028102348622393,2.1484925240298303,2.571751517137302,2.472694587106798,2.473135563383726,2.590328019638345,2.4781057792912544,2.411021514467402,2.0782613058898507,2.2866407545527374,2.1377792889126233,2.0994299930402893,2.191878421662099,2.176741380805091,1.951019599372066,2.20979958105842,1.951019599372066,2.20979958105842,2.0738463607886333,2.3637485207804363,2.6339509155721417,2.2963564920711863,2.5392626434767744,2.4072409246111257,2.600616285377882,2.3297264628350245,2.6666666666666665,2.875408828572997
audio_168.wav,3.5,3.372289031760086,3.3531676748815613,3.408241313068005,3.367364690594355,3.3270919492618525,3.118498927601794,2.8676047214194096,2.763186673128635,3.0301586740846864,2.8997594861577345,2.6791972128343176,2.8657031505261243,2.7334674320812753,2.7150922080914768,2.6775720987751988,2.64240635975183,2.7477592910453814,2.7605154735919064,2.988996435984909,2.9366611381387187,2.930066369790308,2.8373414980809937,2.7977383738384773,2.52063605087807,2.763081521397217,2.5524165901794906,2.763081521397217,2.5524165901794906,3.0319754843612827,2.8289413049884193,3.270718553134056,3.1054064970840956,3.3772123981455873,3.0634196863851564,3.2938703061681083,3.1182425880006956,3.0,3.4171849056743038
audio_557.wav,3.5,3.3558302401353726,3.684200988980885,3.1711283560306724,3.3994131074748033,3.051494542171826,3.3429690068193607,3.4821029084707575,3.351244468331218,3.471517477780217,3.418701560991257,3.34424667414144,3.4129405803098734,3.1779330755035358,3.0711573262838336,3.0600139613760824,2.928424992252497,3.0301488115147013,2.8965342487758003,2.97290964245375,2.888820826598326,3.0609974966651894,2.957363987929345,3.132319548057517,2.823312306833032,3.0756268684765913,2.7929883023397246,3.0756268684765913,2.7929883023397246,3.1412113376492283,3.087970710105031,3.2983126072338234,2.994775367341713,3.458326674440267,3.425199840166624,3.461829299179295,3.120147652981506,3.1666666666666665,3.04454453662329
audio_670.wav,3.0,2.680257039306896,2.7787497103922925,2.8928201619157536,2.908196927136576,2.7679886595637275,3.0215015283850586,3.30992440874081,3.300207208429463,3.4907078234865865,3.523198979261607,3.320419738779473,3.377154769939143,3.3812876755607384,3.440712389393346,3.1832329403968624,3.246627875013251,3.4445957593987067,3.369477162502662,3.3624995138076046,3.349341518506048,3.311595559594091,3.3725512725314353,3.336705680924035,3.483892287119383,3.5363251967531433,3.5920113973492147,3.5363251967531433,3.5920113973492147,3.660136040493457,3.727686299452136,3.1613648067711533,3.5950500643385315,3.071404585394602,3.4366932024060532,3.14691911622576,3.541852360042721,3.5,2.5212764469927693
audio_342.wav,4.5,4.877334044339558,4.3082274785591315,4.262507823246025,4.2062134346067,4.369685321873804,4.361450643100768,3.9776401252772913,4.407912281192491,4.927342339017392,4.851408011649831,4.544284593753029,4.58049021826558,4.553126716849319,4.690945793290052,4.511062950241047,4.450287567227307,4.707591881944686,4.543399318681896,5.0,5.0,5.0,4.955129316731854,5.0,4.784158702841824,4.992496719510544,4.866603469171606,4.992496719510544,4.866603469171606,5.0,4.8679549684382675,4.464002389539245,4.658658767465293,4.397696705857293,4.613311914965944,4.473375018135364,4.713177598950378,4.333333333333333,3.7942625054544457
audio_2.wav,2.5,3.0413204092502206,2.834062639578098,3.056651189377027,2.844273518667157,3.025657265918953,2.8811995706277087,3.0912843777716748,2.955690107183262,2.931315585168359,2.734641436243487,2.8404897486216885,2.7992961232336295,2.3912755773140097,2.396691367840447,2.5281142654116477,2.5382828108900544,2.633731523678167,2.748927081735205,2.5197097661961396,2.513670072766211,2.441673448232588,2.435370143369448,2.484239571843281,2.488906735746889,2.5608069689449606,2.487364101798803,2.5608069689449606,2.487364101798803,2.665833842987031,2.571904007183932,1.9039780957512642,2.8382636014835367,2.3346607488424156,2.912380257867287,1.7617707797241664,2.869930761489883,3.0,2.076026064868407
audio_5048.wav,0.0,0.13551761391805636,0.05066743343153327,0.15367608100104033,0.0,0.027879239558102824,0.015798260544162595,0.02139873878245731,0.00024191487673400994,0.0,0.0009195324666816754,0.015815804180931686,0.0,0.031448135464021774,0.02886587345506782,0.2624246488817425,0.09358210978242039,0.010996149331922389,0.11065998841852642,0.0,0.08816094798418399,0.15640377846467635,0.04172023986325598,0.1600117601705439,0.11972930323039839,0.01664792112170721,0.12639657422559605,0.01664792112170721,0.12639657422559605,0.5834225651570333,0.04248514576014865,0.018150897784005637,0.000980747026883693,0.18763039659561953,0.06011415986687404,0.1355570675965588,0.05383646452409186,0.0,0.01404584262730895
audio_741.wav,4.0,2.9635856106244494,3.2618451681613227,3.1686002402941384,3.3869723103421556,3.75408436500417,3.5149655193740266,3.0316216003891383,3.2295101661596477,3.5150630391910824,3.499957777646118,3.2285719312822856,3.413698451392585,3.207397499458685,3.3732468846497787,2.9418929853366933,3.190053245128553,3.0340655009062387,3.075135250730115,2.8787305669228425,3.008520241604676,2.8983451033006453,3.2370083045267464,2.9643899370087525,3.405713051803843,3.098312001761687,3.3594337109462806,3.098312001761687,3.3594337109462806,3.0319734803800276,3.2902883955223756,2.9088927515421266,3.0980881228374564,2.8412011800790165,3.0849811723007874,2.745919514500932,3.118579581354453,3.0,3.2757762475924417
audio_294.wav,4.0,3.2309989805857575,3.5430575246772995,3.4011728772427046,3.4396690779243517,3.8106869018997833,3.6580617357558673,3.4065626572575507,3.4164959391390095,3.253736241136739,3.5011962598519317,3.3829612972387557,3.4699234021634986,3.566808139221219,3.575886900005534,3.8495423136117632,3.6105152785226906,3.7559129219501344,3.7030752505537996,3.554255751388311,3.5369740304733526,3.509752735688408,3.432543333885334,3.6968203916853803,3.4877742293863925,3.585347128029294,3.3556717758593813,3.585347128029294,3.3556717758593813,3.6249969832572675,3.4489723500372684,3.9231003196654615,4.127284646913188,3.83491978586423,4.128990157596646,3.933915760376355,4.0415807132102115,4.0,3.861285781560582
audio_370.wav,5.0,4.307047235055516,4.188566692198549,4.145224854453763,4.452216073422555,4.103020809345582,4.189303139462038,4.048106035310347,4.096064780712229,3.988250927874226,4.122582090885698,4.131611363425686,4.226991951152058,4.0526158086635835,4.274176308091364,4.250423825416314,4.559327313909212,4.108919276299555,4.228238237746983,4.051534353812155,4.183999396962517,4.180008530468061,4.324505079008758,4.0511170169875355,4.360534405177826,3.9276134089687615,4.057516529233233,3.9276134089687615,4.057516529233233,4.128207595163313,4.343600799012365,4.852904599240797,4.239346437321759,4.899830073291313,4.189930982123662,4.852479758203105,4.4380343759506715,4.5,4.71048341848374
audio_417.wav,3.5,3.806939622434736,3.7096568891814,3.4110680339825366,3.6981747845672586,3.7655274056738826,3.536511192457572,3.5965592844210126,3.5747446625414145,3.455193854289227,3.486819903421815,3.188149684725928,3.2728777379391976,2.822633146672183,3.194614323362627,2.8337134754835565,3.1801124663104354,2.5940375600087773,2.8847269363404116,2.450862312131354,2.864808630919832,2.6160547349179617,2.9143376847706866,2.955851995369485,3.158100833997313,2.8670444792076206,3.164826518951975,2.8670444792076206,3.164826518951975,2.8506860496808706,2.968902389637685,3.5429647710467855,3.2164284564470704,3.389208626182059,2.928509567762982,3.488612345594086,3.1293839652196396,3.0,3.762745046824723
audio_753.wav,4.0,3.995072962859704,4.192239235462324,4.320078828883196,4.163434496886569,4.022561055438519,4.106538149613153,3.85615792103444,4.02069590611305,3.987007969823471,4.045184034976464,4.0964608663297595,3.9400233676333056,4.074238715754118,3.979549476489408,4.061944555182861,3.9049455796278205,3.9062645108710434,3.8244441912460228,4.055811292437436,3.9588712411138753,3.9017635197533678,3.8616063645961476,3.802979276278771,3.7626432883031184,3.7848459734569104,3.631357231244081,3.7848459734569104,3.631357231244081,3.913806476933363,3.773559126032747,4.269873256951642,4.1841587939289875,4.308282530352938,4.372565550779464,4.265796829352319,4.257848382673741,4.0,4.021742060750978
audio_533.wav,3.0,3.390202435647995,3.0937847345561447,3.497761130111152,3.211395918514878,3.52210604302859,3.1170406068648977,3.3169047735597683,3.231786945575312,3.514963035077861,3.439338128427122,3.5773458349646874,3.6792576006930715,3.4075387176277343,3.5765151877423436,3.5794172265099626,3.5776354766945055,3.770551265037195,3.6488934164757016,3.4025752482571896,3.5247964283114133,3.5258017429878126,3.6368534422599446,3.6674940549143025,3.6290196329299196,3.5478077386681703,3.692451694265852,3.5478077386681703,3.692451694265852,3.6516806109603634,3.672474006794104,3.508111617744001,3.3772686004472834,3.507996904629936,3.292515027067856,3.53036726782095,3.364812250914857,3.3333333333333335,3.2833877851426116
audio_239.wav,4.5,3.612654982430588,3.9488491502629515,3.878448537292304,4.054761780279743,3.9106160359199986,3.8964439232487966,3.6110929170666872,3.7752082139509198,3.6341154890203655,3.703638962046579,3.685965135009462,3.813807025490655,3.865366173126956,4.00123190001034,4.02789078670827,4.072744316169534,3.927839995079818,4.101794466596159,3.969494167365717,4.119409756094551,4.079464177117624,4.146333284960112,4.166036109407801,4.288423230849738,3.9290307339139736,3.8485905808515644,3.9290307339139736,3.8485905808515644,3.8593611262134235,3.770003883378043,4.227741958970743,3.9934876397620567,4.395697012376397,3.9136308335396435,4.1352429261955415,4.059854266105386,4.0,3.871669306564494
audio_566.wav,3.0,2.041584269291795,2.531671068778667,2.296322108203806,2.411233419676778,2.3774050174780252,2.263457866610995,1.867794118467671,2.02346619429401,1.7562962276823362,2.126772549648147,2.0614203796010084,2.3089631364692753,2.406118802023409,2.6552174291345323,2.1454188664582285,2.3799706871513755,2.3081103332319874,2.366530480073367,2.362158271175652,2.4860332283025146,2.051468127912195,2.4953295105075926,2.235031703387169,2.574457294518737,1.904553264722306,2.112639199491304,1.904553264722306,2.112639199491304,1.9351945015050578,2.142761738420036,2.371260535325383,2.3004723089211656,2.439634352185568,2.3786280572705727,2.4284289827472194,2.2597689781556,2.5,2.6285860681829347
audio_736.wav,4.0,4.0000663520421105,3.5749484893263754,3.517933953558842,3.7203030742418677,4.14863623988816,3.8296965376343266,3.753874813239482,3.720392056465164,3.6173817773898165,3.541430283315794,3.089806135451717,3.2553108201832703,3.239367511913164,3.120270297477673,3.240464218185179,3.3329077347116454,3.2386607326917676,3.199512349535856,3.224148512144984,3.192450188872765,3.0757663137228164,2.9998207431137023,3.2413621777273938,3.140753643348198,3.019326820929235,2.7734472018819987,3.019326820929235,2.7734472018819987,3.3454660122146236,3.223641638776458,3.8625016221086566,3.106450661785722,3.5723398679454834,3.2683805376141564,3.6842441142135254,3.117542794828209,3.1666666666666665,4.397687041385719
audio_541.wav,2.0,2.32136155870894,2.556778179891694,2.6211379558114913,2.773393395991304,2.2892782995954883,2.517408964663943,2.4684135601230532,2.34095562314659,2.6692273771787973,2.496711721748046,2.2173687990713513,2.261338211814206,2.396150443096354,2.1983422704906217,2.319723168900046,2.251228589908163,2.309458632819794,2.2454886688919067,2.299953328126931,2.2045560606350576,2.515551052965218,2.457757512091527,2.448386778261283,2.4723694769145763,2.5976227556083873,2.6505982404575987,2.5976227556083873,2.6505982404575987,2.4442623103851218,2.3522018001285843,2.4633540984823195,2.7061951719188904,2.630086245426867,2.847369412292739,2.528271245397374,2.708198517850912,3.0,2.786024110005241
audio_531.wav,3.5,2.3103610820854605,2.5857131134776874,2.7936503614999015,2.7852147276958266,2.850435430217901,2.5153600577654736,3.049750310417423,2.6827100141723292,2.9332275368547,2.770862946308552,2.405120349597935,2.471395827217051,2.7554786795190296,2.732485055499366,2.8376871029566715,3.0258409089041627,2.6711395648521665,2.93707169502799,2.784255286222036,2.832451135012107,2.6807581427466025,2.732684281872111,2.6526178263947364,2.7335942227364085,2.786491340315607,2.713194961278693,2.786491340315607,2.713194961278693,2.719361558395143,2.7118354250514876,2.3591652549354216,2.4853216100546853,2.663560109415414,2.7666872015232573,2.6079593872659466,2.651644786616839,2.5,2.3163113106320514
audio_280.wav,5.0,4.4716533523782775,4.1581645590537,3.977109592367672,4.2280105140692275,4.8161584328219895,4.489305405345706,4.721232583159643,4.726432690099367,5.0,4.747452294837167,5.0,4.881156249581577,5.0,4.893236886180589,4.987811070174722,4.830378715168103,4.729830645319872,4.603950618421755,4.826653311971288,4.662407278743346,4.813090117481214,4.73696548043677,4.906192709881322,4.78354581812654,4.8199421661259265,4.700073178573109,4.8199421661259265,4.700073178573109,4.987068292034099,4.906219268862814,4.962831602862814,4.794095485661708,4.938358453249041,4.71273183677132,4.953103245617995,4.799688804874458,4.5,4.6338097584459454
audio_33.wav,4.0,3.804489674701396,3.5525290194168946,3.5737783475594664,3.414929090981208,3.4317423430679335,3.488261387269233,3.3898798865077873,3.4859642453497535,3.7491846844069143,3.295400397188679,3.175788937814984,2.900889708520323,3.5038288466363867,3.1709649037770533,3.4841199883748857,3.351383467666047,3.457004053664605,3.323845842449648,3.9213671131942154,3.8541954170361046,3.9640596671107295,3.689187859808739,3.9433523091113507,3.5328361113551785,3.919186057992679,3.5488455099389298,3.919186057992679,3.5488455099389298,4.044601906267506,3.920867295620512,4.364332239783381,4.039854344862646,4.4566491877789565,3.977340248239777,4.346505243559315,3.9324093147732246,4.0,4.121780678073992
audio_307.wav,5.0,4.89701935609943,4.7655176308042355,4.8799268835763785,4.721596899469533,4.996877138461915,4.98095409225934,4.879848134381753,4.986194962470698,5.0,5.0,4.856978669508747,4.92829835532891,4.791021236533165,4.991850246483627,4.810577656413042,5.0,4.91680868885115,5.0,4.792924747824876,4.996203316004567,4.877577899825313,5.0,4.834375792525205,5.0,4.693207826812764,4.981438288504228,4.693207826812764,4.981438288504228,4.938288885973497,4.967853747855157,4.7433985480711565,4.927054202948138,4.824044350173858,4.922212803462816,4.743354063947716,4.950909443708522,5.0,4.30646716828794
audio_617.wav,4.5,3.4853967660957115,3.764064977690199,3.864548629577602,3.8044114668175886,3.4711944407535587,3.6799281842005516,3.75066319682219,3.745627560617322,3.4000807055367894,3.7213019665675975,3.584658437397953,3.623483893307517,3.4322879908933808,3.3516981963135817,3.543428688721887,3.5144792977150954,3.511386710387129,3.4557778785130364,3.451951938179043,3.4539553758251684,3.4346301579365797,3.3860131473164192,3.4804831316431106,3.438291240968475,3.566892578261378,3.5669148871893483,3.566892578261378,3.5669148871893483,3.5329575732803336,3.4490089044079824,3.3910209109943086,3.386765151545923,3.1386074832481135,3.2613949130868143,3.375035701447714,3.312791900665125,3.0,3.5443111148762974
audio_613.wav,5.0,4.33827012125892,4.094454842878625,4.295498457034502,4.300624558834749,5.0,4.733231232013668,4.647175282826111,4.535319112195789,4.601735695426929,4.6794515023010055,4.606276427030362,4.558858381420074,4.388111217677849,4.403970177860484,4.528492763972175,4.460517787115587,4.587280255963312,4.639418971419572,4.445578497241988,4.476302327929955,4.291903495902681,4.405724220081709,4.487201319617396,4.534319716838065,4.52190831103189,4.796452692962675,4.52190831103189,4.796452692962675,4.723735449949756,4.808797280235628,4.34310939559609,4.475303334467585,4.446648573057328,4.490555174483766,4.436156877888849,4.5418857651694715,4.5,4.0436205617831185
audio_472.wav,2.5,3.2209072703143513,3.1410605853611853,3.06242059790747,3.2750988681097764,3.6450444777565516,3.646538955428101,3.482177753034714,3.6169048692724832,3.2235605088844843,3.536764388658066,2.914510685288731,2.966264900699768,2.9170405191656026,3.0723045954725703,2.7433663671132127,2.970183724581169,2.9151158606338363,3.257164036927572,3.14641216469416,3.319770921714721,2.8904364310087938,3.2604096335572117,2.78086189247448,3.1426318613817608,3.0054104093094978,3.2779736594674347,3.0054104093094978,3.2779736594674347,3.438063643373539,3.195509452048274,2.911687138864012,3.443302762457136,2.922062024370599,3.1150384363633683,2.96303276453687,3.289023448719315,3.5,3.1047803060570245
audio_568.wav,3.0,2.4116857953982547,2.7632930346945934,2.25666190461782,2.5012174828345093,2.3168267113096905,2.294472427195984,2.03153427056345,2.3089188305897683,2.467621139761312,2.473754195210565,2.147887007004101,2.290128471259551,1.7826849760165342,2.170460637091264,1.7663159020847299,2.147192235696537,1.5402278746599123,2.120279664072116,1.7543314203728881,2.3670057006312053,1.9045353346955587,2.4977276518742593,2.2214149133620613,2.5008328761443432,2.1808987482943025,2.37804415480186,2.1808987482943025,2.37804415480186,2.2232456933261417,2.347686343324587,2.483641145466845,2.392912431577231,2.74225101381332,2.5017274238292315,2.5585964172232596,2.3567083196625784,2.3333333333333335,2.5672530745457895
audio_521.wav,4.0,3.229182044940263,3.2035492461806414,2.9486756725740264,3.127697159719767,3.3703797387930234,3.4754697721377803,3.3189157123134705,3.596991276393292,3.6359177911878073,3.7066887554166037,3.2748569140981694,3.29509531604494,3.1635929664973155,3.254377298743701,3.3679299236234925,3.423411330273897,3.230314092692105,3.404955019360782,3.5697846961451423,3.4178128865770945,3.7456105293818727,3.6815109564480992,3.6397358398168786,3.5664750746506946,3.3749891857185568,3.4248139322404936,3.3749891857185568,3.4248139322404936,3.2166232223716875,3.2426156094656258,3.895572530223936,3.435607196534647,3.935923452259026,3.416701013771213,3.905112731738607,3.487937091441085,3.6666666666666665,3.1956329434551836
audio_401.wav,5.0,4.823645749620334,4.856815085559105,4.906902307867269,4.846332908074156,4.898689620352655,4.9340522011470025,4.377616546853932,4.618233635340785,4.156336764048462,4.374349626849249,4.298667424346972,4.318698128185461,3.947105790313513,4.0882344453621,4.092415186682611,4.22986529093991,4.104990360911043,4.284334367917438,3.987123747177904,4.182810206658329,4.154093425019112,4.456036679965084,4.1422051078565945,4.2373651526275085,3.9472181218520297,4.090229441301503,3.9472181218520297,4.090229441301503,4.0956553438495185,4.223315006849496,4.873053651298222,4.518269228568504,4.855704363536592,4.406244178019826,4.911460237119669,4.4874676586694155,4.666666666666667,4.642952159609883
audio_573.wav,2.5,2.0856677273706934,2.10927531366033,2.1005955422179636,2.0948779644742297,2.1984811501775687,2.2225427197568615,2.0648881151355982,1.9892991405310667,2.2491147237399898,1.8483039720092547,2.12410030649249,1.9197117308928775,2.5348327063279243,2.391311943350783,2.4854346230389397,2.3604412251942146,2.3557700722439123,2.199158933416889,2.351561855122979,2.2916925589467216,2.30136072191668,2.194767320120548,2.2601669943565224,2.236161145922919,2.241660767555705,2.2283489009038333,2.241660767555705,2.2283489009038333,2.3681765742438077,2.394771895506564,2.7148319327415376,2.341912453696378,2.877053632661591,2.4981712435746157,2.838837881959826,2.386732520277669,2.8333333333333335,3.4568980639948967
audio_180.wav,3.0,3.2285916776505714,3.234085828184078,3.5371196119661192,3.3518714593294128,2.856776591372576,3.062266491881051,3.371830239196344,3.294120993379906,3.282286260407819,3.287706307454789,3.3614477018356994,3.1369973449903985,3.295958340825596,3.193908789866363,3.407942994839214,3.28946187975743,3.028088236307312,3.2959984295700644,3.2337717331394793,3.383871338192183,3.0645719080962937,3.196419559727215,3.1033316901722845,3.208634421840497,3.258841457693078,3.3135437005445776,3.258841457693078,3.3135437005445776,3.0038756736758736,3.1285773777401893,2.7926482010014433,2.7951707756123647,2.826794599835098,2.997919964466691,2.8036538762769694,2.8632936810471605,3.0,3.4928835070401756
audio_320.wav,3.5,4.075985136504577,4.215032086037424,3.6549960578132885,4.034752038017408,4.219925159046747,4.334514941623868,3.8970808934136048,4.071128524830812,3.6021564465745226,3.9723771258214824,4.155699799826008,4.257149997532227,3.8279431166003075,4.155195096602079,3.8333461880923703,4.334069724651499,4.0012852003085175,4.324980674961329,4.05674117484032,4.447847061502849,4.335940567337327,4.610038995335921,4.228767016073424,4.548801776556473,4.086692871381225,4.358883588837791,4.086692871381225,4.358883588837791,4.005064634906209,4.242203595109782,3.497280796359341,4.212270273960634,3.3757280956648787,4.164142892300181,3.548463632977821,4.1978323604598415,4.0,3.657336604826369
audio_85.wav,3.0,3.3873650573842533,3.438048562085862,3.5908376139026656,3.653885377366226,3.805167657235882,3.596509534777862,3.334648110917614,3.643882334081198,3.5534787401497887,3.6125993079172853,3.4224519201980184,3.625358426894874,3.419386612459787,3.6312050774051023,3.386069564918545,3.705656763814447,3.360220081507878,3.4240337513012595,3.141300801936437,3.0613290242794284,3.156525417561552,3.202841811067689,3.37569536439308,3.5383307201090517,3.515172014000014,3.6177591006624623,3.515172014000014,3.6177591006624623,3.5193540526747866,3.702923157687435,3.9242610034913263,3.649123779924531,3.923658542256618,3.8219264356298575,3.9385582672574144,3.670922629959275,4.0,3.9340497809122006
audio_296.wav,2.0,2.478480781339392,2.645999124853805,2.1444841010143327,2.3113294712154384,2.3327467535083897,2.332934011014857,2.2030827355066953,2.092161724393876,2.2192917877443468,2.1985944668765853,2.1682335533505523,1.9491102045654856,2.2000527951742774,2.1812863426740003,2.2769274401239303,2.2229242896716372,2.304500470349818,2.297228761719383,2.384932269967852,2.530477131973322,2.5589791823364094,2.671463536857748,2.263918254104527,2.1909832482356735,2.2282539344988836,2.1606463703390326,2.2282539344988836,2.1606463703390326,2.3057617369276073,2.244639114041838,2.7025454642409064,2.4925500979866677,2.7526852928316674,2.6562196416408668,2.7127227318723866,2.55912523283661,2.8333333333333335,3.2742317703473542
audio_250.wav,3.0,1.5548324038236625,2.2763077251322237,1.7657250777850806,2.3858639271240905,1.6523318101827538,2.3933528814063547,1.5165156792021062,2.2456649992014888,1.453319577763816,2.17976706252639,2.3167380841205145,2.283754235601797,2.5907070935107703,2.3600529299162063,3.65975552802729,2.743278736230709,3.0382286870130493,2.7008146234215524,3.1598117111063417,2.6250231099081933,3.401363766220873,2.926108361581098,3.340339547538356,2.8565426743756235,3.6095907700198766,2.988742518021983,3.6095907700198766,2.988742518021983,3.7797451456671585,3.0231038533102397,3.1138677086797686,3.4275075021068795,3.1654315712792758,3.40474563071192,3.1407390476584234,3.4264129840988673,3.0,2.8291572901921227
audio_346.wav,5.0,4.687113894686613,4.508063858139294,4.381055524763996,4.517209962475983,4.780378836997892,4.664204816419223,4.810177513843587,4.660088815089999,4.537805110878751,4.671265459101502,4.846715878330911,4.820299700727565,4.748007626271527,4.759787757264147,4.6280054028782756,4.738155987643824,4.75639639275198,4.694648629628664,4.979276087181616,4.920672823815312,5.0,4.7396743345138335,4.989808485662635,4.685501050755076,4.747107525121556,4.54636194221555,4.747107525121556,4.54636194221555,4.947355339069824,4.571120739076215,4.384638721174553,4.629215773641733,4.365105434422528,4.668242593462303,4.4581995571601984,4.639073686871012,4.666666666666667,4.05094557928886
audio_335.wav,4.0,3.2726708270104172,3.1935185757462308,3.0506575361536687,3.282145689785921,3.4973822534662067,3.671728217187685,3.7617090921549674,3.81534888705368,3.445695375831008,3.4508488168509763,3.274576829153719,3.5027860505645685,3.818351644365835,3.739898088931508,3.5348097013892654,3.428145017710662,3.67262524380851,3.4519650643338555,3.559105825214054,3.4300275597393814,3.2471939778923087,3.089902080981002,3.1858340871523354,3.1327285674476517,3.4807155084360506,3.325947222853324,3.4807155084360506,3.325947222853324,3.3607162260319257,3.30365626397438,3.239631997069612,3.6453663006838375,3.19958432696018,3.6784568720963455,3.2377512031103124,3.6728604137713794,4.0,3.2820054672429797
audio_20.wav,2.0,1.9799884850694796,2.654099174411138,2.225079037088761,2.779032458513244,3.0040524063631557,2.810706375155496,2.536617393271847,2.826632417303088,2.269448636117889,2.6238662552599625,2.1459141952718888,2.3571416008763406,2.5476777770234507,2.281737631847333,2.2729368784720942,2.0939000537550356,2.3020590975370645,2.1455287038154114,2.1848294146019143,1.8588709888470636,1.9379652266524445,1.6547684537333387,2.2751057225981226,2.0306037856680024,2.5501103806531993,2.489529733494358,2.5501103806531993,2.489529733494358,2.6689693519051754,2.4768966437673847,2.7054592440094005,2.519725897546087,2.861159546219039,2.7875428522526584,2.7288045312145175,2.663195066891767,3.0,3.2019984346754065
audio_5071.wav,0.0,0.0885947892253293,0.0,0.30594047094662696,0.0,0.0,0.0,0.0,0.0,0.0,0.0,0.0,0.0,0.0,0.0,0.0,0.0,0.0062509382816176755,0.0,0.0,0.0,0.0,0.0,0.0,0.0,0.0,0.021906539847792967,0.0,0.021906539847792967,0.021277304047613892,0.0,0.014846745381786895,0.0,0.0013031986571951796,0.0005161779390780333,0.0,0.003532057139095442,0.0,0.0004508729176449116
audio_558.wav,4.0,3.0765068116794594,2.9374932865619954,3.1379090413400306,3.023926107278154,3.6694286231065405,3.2481651399332168,3.2052451468699243,3.300418189569059,3.5528329743967255,3.3863956266376523,3.6973349735323784,3.2800326692231376,4.04077307207188,3.7564989208954764,3.6542396478148222,3.7685813409652815,3.6211716967891427,3.6731522657613653,3.5832150086475814,3.925347759785288,3.553923505106271,3.643581098995412,3.7785806066649443,3.704372402923107,3.658789099502243,3.570925038953554,3.658789099502243,3.570925038953554,3.6092781181792977,3.552603630462805,3.2505161534403597,3.4694675688490846,3.264216624109659,3.385026335811501,3.3143787193414944,3.4901853344093046,3.1666666666666665,3.066238191806851
audio_289.wav,2.5,2.5754174861703163,2.6928087765252626,2.946162575979219,2.9218675086038446,2.631594892819281,3.1430304770205026,3.0010372563441625,3.019307049828853,3.3121421286810615,2.9721021582550047,2.5184695275179245,2.742698808118901,2.4766272231006607,2.6440215229237967,2.5465013835933097,2.771762020895815,2.883149378848334,2.745720426154833,2.7602590928835737,2.679374651944363,2.5005781884352314,2.717321222507959,2.4637467955229684,2.8480425740895954,2.591855113265235,2.851965244153035,2.591855113265235,2.851965244153035,2.801140037142055,2.9409552704654813,3.239283563583881,2.9106106883817042,3.080161198451989,2.7049866472188904,3.198762631184097,2.892796782521072,3.0,2.9811885751885456
audio_620.wav,5.0,3.932199273923717,3.613280802415819,3.851152698499728,3.8364163960063915,4.129784917617194,4.052771218058099,4.366531338200612,4.158063093668807,4.832370128855821,4.425211474303953,5.0,4.841882642573033,5.0,4.976486010261233,5.0,4.992727646565186,5.0,4.968523742077893,4.892598931878172,4.796689033092951,4.864228364571783,4.71422664132907,4.992588511008218,4.978913784708532,4.771884980170047,4.790983563543933,4.771884980170047,4.790983563543933,4.8912411283924975,4.894150936572788,4.849047440094426,4.946694158984771,4.8177005635841885,4.903486943031832,4.8594255903446735,4.917980783974663,5.0,4.415293693010125
audio_665.wav,3.0,3.762177614293082,3.535816118926949,3.9184629921928504,3.5981294470011504,3.5522949073949923,3.488201226921132,3.634594169636299,3.5600314387496277,2.608887774858608,3.0518547229226933,3.156309856375182,2.88840475412564,2.8908002482106223,2.79716667043512,2.696272195767181,2.6597110990634447,2.823229864311527,2.7196576379489983,2.868185509116637,2.8068563164591844,3.078796133754871,2.7851872130964708,3.109406565614616,2.763525257957438,3.2145803482791684,2.7278141008547667,3.2145803482791684,2.7278141008547667,3.261472340445531,2.82469262780512,3.0034702830619824,3.167826669874792,3.238483365969214,3.203905926200011,3.095413562082936,3.167660972612474,3.0,3.787201383637234
audio_751.wav,4.0,3.5737726891188157,3.8788331002647425,3.9128765947647715,3.8341746176978773,4.164708596303249,4.020782658241591,4.095568082823059,4.170579377599823,4.183307765411305,4.191570972346399,4.138349045662868,4.302128451378724,4.0167323444559555,4.094854219073731,4.171321109918967,4.088379100449023,3.96159546127067,3.7969381550989874,4.092198688778002,3.967099959347294,4.116610701202532,4.087073435988468,3.9091671456446733,4.023072452079259,4.019541602395573,4.023314248963573,4.019541602395573,4.023314248963573,4.039493973254074,4.05591566841861,3.706784314125797,3.9974144217422523,3.6098249684416897,3.84742534677781,3.6587078889724296,3.967845930570986,4.0,3.730324448238651
audio_442.wav,2.0,2.1097388520160663,2.1081566629160617,2.328597283127758,2.161199491473839,1.8917715119730147,2.1138634791968482,1.9109686144289395,1.960541798359042,1.9057367300417531,2.1825890140382334,1.9814398179534545,2.0787469855375456,2.1613210655782646,2.1081127361365737,2.222875616090636,2.1151000602710694,2.015322981250405,2.014686967453127,2.3000709564045168,2.2613178311854307,2.2067215601315446,2.195639357694278,2.6957460859726745,2.35109071233213,2.7511630596461765,2.466005938217932,2.7511630596461765,2.466005938217932,2.6048091445845984,2.446245291926118,2.558422153149511,2.3829754400066676,2.6629982732386908,2.4383565813897836,2.504673509542826,2.468935692802359,2.5,2.6956595543605584
audio_362.wav,5.0,4.485726823441115,4.7759651738110875,4.92025068124048,4.851528203559874,4.44395933491482,4.590815619216602,4.722294638210403,4.847004417013522,4.8353573016436595,4.823102243068635,4.879612260917194,4.817875979943985,5.0,5.0,4.9698045679106455,4.922933073973603,5.0,4.9500594947505485,5.0,4.9740083098329855,5.0,5.0,5.0,4.996964044990296,5.0,4.927120717095623,5.0,4.927120717095623,5.0,4.907416455210551,4.864765128729,4.5876469508872555,4.8132247358021685,4.409927630078312,4.862299542718507,4.451856128313069,5.0,4.004238014686699
audio_311.wav,3.5,3.8571054094278723,4.548839312861834,4.507294136785071,4.451447968730741,3.877885597534496,4.175997301791294,4.231386661321259,4.101426814576637,4.025024943454316,3.8573499748564513,3.2951815900488826,3.61851607900455,3.476665360760052,3.686690542151341,3.717572234702192,3.6647361606337743,3.8627275040857665,3.9704417984212887,3.885616637949186,3.8967937183832624,3.8271588261327962,3.8750436467002345,3.9512034743648066,3.942200586062485,3.5859545030749835,3.827341249609996,3.5859545030749835,3.827341249609996,3.481359828709245,3.742702647668985,3.6708736851778467,3.5331538779361686,3.5026617739519605,3.6586221278715647,3.6386280137533356,3.5776725036246426,3.1666666666666665,4.196956181189742
audio_724.wav,5.0,4.792655998048622,4.95171772618623,4.622574134965574,4.782221703153044,4.5738822406878095,4.75284089841177,4.850352016811908,4.98556065064619,4.957524128808699,4.9913765009820565,4.9687917057801485,4.947371104502742,4.86972003264345,4.736030677077571,4.806801522505626,4.789253663202356,4.886100206033705,4.955883085303892,4.7128833933589105,4.808931523733405,4.896280875041115,4.849418118347111,4.9663833293393,4.752666350522538,4.9354530888465264,4.920513088667245,4.9354530888465264,4.920513088667245,4.846857095307098,4.852264685676065,4.860268196623956,4.822042364663083,4.863833509352848,4.953746531939264,4.8957013977734904,4.837901123684986,5.0,4.3488880876494775
audio_39.wav,3.0,3.142979563385225,2.8929304104790883,2.542366346505206,2.8981230694429443,3.004151173158682,3.0710667895592887,3.014578712400302,3.020280563845216,3.417966928993815,3.1652935995871077,3.2536117252685153,3.245543839761119,3.3827494511623315,3.2803996825749593,3.187707880221705,3.297604457701793,3.1623885295799945,3.252828147115718,3.0727654309319106,3.1394903219520356,2.912574432218412,2.97471040997871,3.1865296788417425,3.008076445840643,3.3510527547925784,2.9735906157657404,3.3510527547925784,2.9735906157657404,3.1331620859207105,2.736438080667894,2.879989547713872,2.909105399761078,3.0741321405865185,3.056010520560178,2.946802941867611,2.816151839424627,3.0,2.626139396166501
audio_290.wav,2.0,1.9842561263412524,3.018694009864767,2.18093759314854,2.6198145210426165,2.4171039794485334,2.7690185139310746,2.293812253328455,2.7073928371878337,2.3170504373291823,2.6326761246955885,2.711065770425838,2.524508559409242,1.9228671434027909,2.4870768566297112,2.0731427071443957,2.4074184097924136,1.7319388092388917,2.3921392513009216,2.3128977671311914,2.586765575074039,2.132886350397914,2.3521491348519903,1.88866056440882,2.4624597212150645,1.7466755163926007,2.4730110326330457,1.7466755163926007,2.4730110326330457,2.1168530537558605,2.5085144057168995,2.4904358809922624,2.4104398387783057,2.4246246114116814,2.340849663405164,3.0420255295449805,2.552748716337014,2.8333333333333335,1.9723208509442467
audio_23.wav,2.5,2.2417867212956266,2.611270836986005,3.099965109074459,3.0839301282365796,3.082518912242437,2.917165149876831,3.1425744349788576,2.939746043781851,3.1678254766991976,3.169685913550785,3.285358686504802,3.412027702033368,3.5856869696778286,3.6001286304709375,3.275371034201489,3.380774724876444,3.282645569069215,3.3912823778379604,3.159826116005226,3.2892342919590356,3.3645102751866496,3.4885478861900876,3.417762026765155,3.620514583385765,3.083627140864928,3.2378158154886965,3.083627140864928,3.2378158154886965,2.73589309639623,2.947927251394028,2.585519799278915,3.2516586598752695,2.631726839304364,3.2760234235599612,2.6099042822107763,3.2258592610242434,3.3333333333333335,3.167705861177387
audio_624.wav,3.0,3.440693118487531,2.884675504271533,3.6380423345996284,3.062255679106507,3.164109075886907,2.9807621173344416,3.45308486953623,3.070392574663425,3.2174820176504766,3.0189708166498916,3.1932333040096554,2.971325896280078,3.0133162067247556,2.802586607787719,3.132922042017683,2.979044689793517,3.016934095253687,2.837729421615007,3.0508089231792916,2.971137932091762,3.141219412506897,3.049820394665234,3.152588455484923,3.0364814286718627,2.982068451220613,3.0295318955575112,2.982068451220613,3.0295318955575112,2.9591891727429487,2.9729401785886416,3.1266103974276835,3.0591513999288167,3.2075250743875774,3.3008599973946713,3.191340773112506,3.146833160124848,3.5,4.09111980193262
audio_206.wav,5.0,4.805651433235963,4.97314874420995,4.983961184919932,5.0,4.856888947745536,4.874318449489312,4.5331357909601735,4.761762615309947,4.532086339037195,4.65378020250299,4.381364270003914,4.385836572293788,4.536158032893206,4.50633287711162,4.37147517557301,4.407685489532204,4.534234400315148,4.495760288597377,4.472427061157411,4.436417661047203,4.548217614028345,4.555761954553175,4.3967429277107,4.545936342340263,4.160934887047014,4.331055952692421,4.160934887047014,4.331055952692421,4.239120068581197,4.363133640480268,4.283076044338148,4.24994801604208,4.388192842795672,4.298371390404835,4.298763431909069,4.350335524019438,4.333333333333333,4.766562720352196
audio_288.wav,4.5,4.603334607859574,4.4182810262692955,4.6955882030090415,4.297539913301139,4.332712106486571,4.2693863251463755,4.384307809300129,4.3720076427232,4.266224097617718,4.051658021499769,4.70257548335302,4.335337961159638,4.423397099070072,4.3399002514737735,4.204555449055282,4.201251340854526,3.9470187329730977,4.115379801280617,3.6780099338082874,3.9940681448163713,3.6144817217641587,4.0483689681917,3.8220257737839436,4.069772613252066,3.9893747720479804,4.202947941788114,3.9893747720479804,4.202947941788114,3.8760639145717892,4.107919888120642,3.142207662588458,3.708373906139137,3.2399562107230877,3.5328482152219713,3.104932189168711,3.650783149124932,3.3333333333333335,3.8389539121420344
audio_60.wav,3.0,3.0488752565141795,3.396497988708623,3.3107366371712565,3.609221121927528,3.089713593864324,3.4533218933685745,3.203784282102305,3.0682482253222663,3.0652813619043955,3.0369153531880815,3.4108040934846016,3.3736716339755155,3.0762826789784725,2.9612938543950307,2.8480323407466535,2.9141535532944896,3.1881936329411666,3.2444971367748994,3.0615616581447043,3.1499190778169894,3.40304307016016,3.205146084761175,3.1463373507597825,2.89630422866269,3.170903290890615,3.032231483594373,3.170903290890615,3.032231483594373,3.0321964530111813,2.97536234569426,3.0784636843252957,3.3374951737737177,3.0183520139863433,3.207672926742314,3.103054320494934,3.1908745671722687,3.5,3.203629417991165
audio_80.wav,2.0,2.576519733484635,2.9039017651383054,2.3595212093298183,3.064241886670729,3.2433890451304968,3.2161895496164346,2.764146662099295,2.9182908928517564,2.22346593259461,2.7354458882140253,2.166863015558897,2.2921590417323388,2.6757876916098944,2.7248769758854614,2.854078827901984,2.8371658871866767,2.5322627730083602,2.564618892789252,2.856828524320788,2.5502139785945537,2.625039855117286,2.4780685032577403,2.661744224096335,2.6018589668313474,2.562972385408574,2.6086982788516906,2.562972385408574,2.6086982788516906,2.319507380113962,2.2310243876351934,3.1367931905596422,2.9445783739022446,3.0099716502015847,2.896075590537858,3.399253312471114,2.930388553469856,2.8333333333333335,2.737806228420881
audio_214.wav,4.0,4.254789708237694,4.062707157022193,4.196400624294654,4.081317722638385,3.917830078853742,4.052907807463009,4.281428940967445,4.236134417606447,4.296407487864217,4.149996684445738,4.0165810335221295,4.0630523368514355,3.7899245903352656,4.022807997912161,4.111315084794765,4.176217227267288,4.047238869384643,4.063279233210974,4.041573746173458,4.142033558714279,3.9946362218483924,4.089230739859938,4.0066613125969175,4.066707063348593,4.02531708418356,4.063837454403854,4.02531708418356,4.063837454403854,4.153721132594478,4.1791626856121,4.591553404534458,4.225240655954539,4.675372831760213,4.315958679627627,4.6534057953054235,4.239896497803602,4.166666666666667,3.8213418316331875
audio_599.wav,2.0,2.294025506500111,2.152744238523431,2.1700172717535753,2.236665852219453,2.20440489713252,2.2985664657949965,2.3414248237131687,2.2347850531213327,2.266452449486703,2.0132126190387205,2.3050815392745765,1.9496419589257663,2.237960354665149,1.7967269551941973,2.350560951478592,1.955065984523354,2.2892489314852535,1.8257367994719393,2.5310402423771827,2.134665681343513,2.4261353541224158,2.0257282619289527,2.6929766201497647,2.406886019519408,2.458562977086347,2.1046346244321135,2.458562977086347,2.1046346244321135,2.278805536723594,2.068495857908738,2.562543540548603,2.436578977217267,2.785823101041348,2.7106889503283207,2.707657165950353,2.4301625450647673,2.5,2.465180537520487
audio_5063.wav,0.0,0.3416856262457337,0.04694362023647436,0.0027005800753687006,0.07134082221458267,0.0,0.09730578227163604,0.0,0.21584883666654667,0.0,0.3107087546646574,0.06676473664677414,0.18840424343527676,0.0,0.031473876727131124,0.05349294314054983,0.006354414601031551,0.20177060411844291,0.06088499916056992,0.06230812358982515,0.03866015653504418,0.0,0.038928551710501726,0.014403747225942917,0.08617437460287765,0.0,0.3989986201010904,0.0,0.3989986201010904,0.0,0.41433699029414833,0.062358089092118985,0.005932690817833672,0.08941412615366727,0.03473954494692893,0.0,0.014729141200164816,0.0,0.0010689381955055518
audio_207.wav,4.0,4.013708045085557,4.158255510950238,4.269393785701902,4.175756424397022,3.7422134232392437,3.833816037477817,4.195555806059472,4.096548871880942,4.230968291434498,4.332214401915489,4.006991382768587,4.077697085672422,3.957883981847266,3.9181253826507216,3.92469606292259,3.9797907663087684,3.6390222232853513,3.6671437855355404,3.759215687542268,3.5598669209509524,3.682067802748879,3.6976906521160893,3.7353028442595106,3.8522334860740277,3.8451345457111814,3.9072630755442663,3.8451345457111814,3.9072630755442663,3.9216882728852362,3.8532815888308325,4.141978007131875,4.044973796565276,4.313587185633879,3.9903426702066844,4.2020236472690815,4.0282289553094985,4.0,4.065693133468392
audio_438.wav,3.0,2.892531026763594,2.861393039305686,2.9739209003112173,2.988712224499293,2.989600618875965,2.87192723391516,2.5603813385305934,2.769228801662347,2.6354964892074517,2.722566643705625,2.8165541242317134,2.8285107933799067,2.702712594792418,2.9979698142165154,2.844518262797648,2.8756863090874063,3.072134342165146,3.048542423440606,2.847209976996227,2.8307515741786666,2.8408204325479987,2.87954520423095,2.512873315729365,2.7233647074920593,2.608112546516183,2.961582523613392,2.608112546516183,2.961582523613392,2.8794543430328496,2.9869559180695924,3.5942814656147326,3.0983726972498418,3.4275912346571213,3.008191634559772,3.4762762818405197,3.0743888760147295,3.0,3.1233181451517846
audio_332.wav,5.0,4.201239892861609,4.3689467930631976,4.189813192261201,4.291689551032139,4.175757809863387,4.469991731715666,4.781392865074304,4.843946877044227,4.9044176219102935,4.820275318120973,4.92813711812791,4.846711478930078,4.737018433948467,4.856948673429078,4.669515970218991,4.624993042525789,4.7466018836037795,4.854747073604106,4.609253320431236,4.630970448456208,4.897468098361393,4.874051805446684,4.933419097062384,4.995916736499848,4.592621768374742,4.693035749935543,4.592621768374742,4.693035749935543,4.4955656875121015,4.564726210090107,4.6587642147266175,4.647117001967594,4.757960069036234,4.771518392638842,4.742261975600447,4.713667989503162,5.0,4.503745353608604
audio_159.wav,5.0,3.254048914634191,3.338170112720947,3.440128863595594,3.4805233170265004,3.438610879104169,3.470372286442954,3.4987342287342122,3.5186921972109495,3.4031766187279104,3.3428270228466666,3.0451198938462323,3.0325785256710436,3.4736921553670808,3.3852597897383614,3.5971934424267915,3.6871757950060733,3.732972578437826,3.751856662749868,3.75995328712332,3.851023639522635,3.8178398637566033,3.865282419633397,4.011796948155037,4.017990911103979,4.167947210547411,4.164011643816404,4.167947210547411,4.164011643816404,3.9889064147903777,4.007435366310982,3.296633953312412,3.7289570174630384,3.253868232709298,3.7836145753700943,3.281610725513275,3.7663482513603106,3.8333333333333335,3.478532466162856
audio_478.wav,2.0,2.508532041216887,2.2276783436535275,2.5456767111659815,2.3434004234500954,2.697708706422503,2.461817450963865,2.4018539533580925,2.5011479956613836,2.5203388010547783,2.5966944843714623,2.5554042382032893,2.3787517434949543,2.738675294856337,2.331322635679655,2.6373782241272354,2.337262609088628,2.580040362637938,2.4116962357672755,2.738870336769427,2.5194162831140967,2.5819197266320515,2.2809735299698546,2.8407682399142615,2.396914057629758,2.8084025535095187,2.373004951756585,2.8084025535095187,2.373004951756585,2.8131794890490576,2.446967667943585,2.850418433619127,2.6216075094915596,2.944711962919771,2.8481200723815436,2.830225801638147,2.5786696646798766,2.5,3.4668643638341705
audio_46.wav,3.0,3.683859883262682,3.2799288448871606,3.47575633289587,3.6157542124494477,3.4015790242502173,3.774161420129644,3.513047771884116,3.8100264069709495,3.1655700690945796,3.6420543773285026,3.787248670219654,3.8260987864152027,3.696334558343359,3.720095510243222,3.6147650281598565,3.76139814634392,3.5024782026052743,3.64565194664878,3.6484369821461278,3.8163014574248777,3.602271476808209,3.7074028888824038,3.670769443458601,3.635177336084889,3.6377577693913707,3.682519976362492,3.6377577693913707,3.682519976362492,3.827376774259052,3.7939403037106505,3.2433385101228835,3.767075471167983,3.294483284070544,3.624098788366316,3.3244172759782287,3.6202257116568615,4.0,2.7314142030438426
audio_130.wav,3.0,3.15592704638026,3.5986262042139607,3.156711570360713,3.575897851529252,3.108339028911399,3.4583817129659713,3.370909271332803,3.247963176477034,3.4641877145147295,3.180860197677211,3.303051122230528,3.062411749575572,3.506591398626769,3.146832524165028,3.028773902309054,3.0400055283705973,2.842865257143767,2.7269421804325167,2.4232404759220905,2.507606362713474,3.090641500549017,2.8521071019686026,3.2997009822226766,2.9732164653392394,3.3805108129442103,2.9868898800967614,3.3805108129442103,2.9868898800967614,3.0094543946364496,2.885796503978025,2.915965233691685,3.0058654810853516,2.900828581723843,3.0789935106592483,2.9024891221026174,3.0256737591962537,3.1666666666666665,3.598740223855334
audio_437.wav,2.5,2.200815933738283,2.9704000497237426,2.5494431477257202,2.9128147377681795,2.7651920475006873,3.0606527073509935,2.6362941284981525,2.9908968460361955,2.723086542234609,2.8882927297774366,3.152010219719821,3.000260627222797,2.7953377156225376,2.8171204139518005,2.7404871424483583,2.8858491394500274,2.616187990139519,2.7321593746749873,2.5943190183818547,2.774185626072583,2.608750168472012,2.897674859143996,2.5915230586730016,2.849829073728315,2.2023274227735037,2.7100240760784478,2.2023274227735037,2.7100240760784478,2.1209299262756365,2.601377903091672,2.76184427391056,2.645788698008971,2.9189820560183257,2.6050005378475247,2.7744759052727352,2.6642189991412284,2.6666666666666665,3.059895415433409
audio_771.wav,5.0,4.204100767908661,4.439283506075944,3.814893659823021,4.294853501959787,3.9978367048947745,4.130360672285442,4.26821034819852,4.336316158949654,4.332768728181075,4.447716222079047,4.530749564708074,4.530518519482314,4.355590329305207,4.490786309160442,4.380248663428337,4.52909004115756,4.619454011970142,4.630236187344362,4.68851485112057,4.666060154367584,4.5628934266397865,4.675033103375317,4.627320841188892,4.573788121953693,4.606120638619243,4.528864508650382,4.606120638619243,4.528864508650382,4.692731010983928,4.435009077408778,4.39741046185717,4.675001474101791,4.526612909904048,4.456979668771922,4.471751599930592,4.635711138553142,4.5,4.10569337169136
audio_759.wav,4.0,4.233655193050324,4.256258751923773,4.202344972279356,4.0445028041117554,4.2063907097537045,4.1259908874337645,4.186423900229654,4.110305212723626,3.8772544081960834,4.041209677090922,4.08723859350432,4.244226560697103,3.9372087660784985,4.191096791679911,3.8752101594265898,4.096121248299662,3.950997776972404,4.097955642779341,3.8504371248281632,4.003005320789136,3.9675789432290305,4.0606083074933945,3.6293087630041847,3.8598737026812096,3.923700970992011,4.008956933707703,3.923700970992011,4.008956933707703,4.0275393475267975,4.156419599473528,4.693548111747957,4.190603529137523,4.487336733636511,4.2634675635744745,4.645114724017404,4.2416144632600385,4.0,4.189749669250435
audio_25.wav,3.0,2.414766925120134,2.7027227521033867,2.897011067317662,2.801478875808924,2.1393989922252934,2.750373148446428,3.153298058805303,3.1548116212015125,3.7758992266486593,3.483625654359424,3.807987211424995,3.4104949871476293,3.320855450268983,3.117018084903002,3.2970695696834027,2.9110542346145714,3.2689752784891506,2.848367872012974,3.528957162170844,3.0646779588911564,3.6348177221848634,3.5085595546462662,3.567689139124864,3.230745468162615,3.374461969326106,2.865416206717935,3.374461969326106,2.865416206717935,2.9116949056618786,2.5354021658286627,2.694728185503571,2.812931194597695,2.8328983339872926,3.0291657045561173,2.711099309618541,2.9121972445371225,3.0,2.7958533013488167
audio_191.wav,3.0,3.4122347217447597,3.311915252779697,2.9280220092428446,3.1720250348431343,3.114335066994803,3.1754039193178882,3.0394289751731365,3.037634465041086,2.423681077925564,2.707361011411866,2.663480474887638,2.647883984360148,2.493059124421279,2.4830915396635915,2.4216156766971597,2.3622483242644248,2.789903015351365,2.2794825965813152,2.876157647288333,2.4355384435751617,2.9619316445627564,2.4406538914173637,2.8509632322289797,2.4656760108114457,2.695014734982441,2.4094210265675033,2.695014734982441,2.4094210265675033,2.456926914023035,2.4830332328352696,2.9254363073226357,2.4707302138284466,2.773120648139295,2.3747796003948576,2.893984071555867,2.2534008876701996,3.0,3.510929810500654
audio_182.wav,3.0,2.541728367951673,3.060637211231628,2.2157152282015002,2.877270906586902,2.5888302795058227,2.895029514290748,2.8232425042249747,2.7225597711214724,3.126816576213221,2.9142826814803082,2.895115404717163,2.807717189888498,3.2327729785369255,3.0275921142838347,3.2359659529993223,2.9609044003256693,2.842531360409312,2.659946847404467,2.7902415086593,2.7877705931844985,2.6767659144328095,2.6698136011651776,2.7591142030571802,2.7333779808059107,2.656148718665906,2.7484182758574143,2.656148718665906,2.7484182758574143,2.915968873909023,2.688782774394454,3.158924432080243,2.9874386225175367,3.0644416566903954,2.697568613549953,3.158841096537253,2.8902839369138307,3.0,3.2293774702137044
audio_236.wav,3.0,3.146290886636587,2.973488829579273,3.4769522785606704,2.9559604561218094,2.6902039528864123,2.8542501439817616,2.8379653980282638,2.8189347382592764,2.5786979815437383,2.802766136232966,2.9697721496724654,2.9631612221002057,2.746411763044902,2.9671842984893844,3.171995770441022,3.0822955136217343,3.41423933479826,3.2131454250718847,3.2173381988924077,3.2585284792708453,3.034741696088942,3.093318791924114,3.151118762241253,3.1112995326879207,3.07110699858069,3.1740057266860227,3.07110699858069,3.1740057266860227,3.09161481015659,3.123722182296493,3.4643918412551167,3.185813885437559,3.47829534569783,3.187074601521783,3.485046397135631,3.1571968258333527,3.0,3.645790032761278
audio_24.wav,3.0,3.4713097701636673,3.158332154908311,2.1442697608445394,3.1035241121686674,1.97884534075192,2.909560565585556,2.280023589467667,2.7600543697852946,2.6925691697225247,3.180951532027114,2.826904602433231,3.028750839052808,2.5305679041679072,2.9376488244557257,2.40556383355352,2.66527121082471,2.485994671281395,2.713619874146165,2.4207041605466166,2.633393732214523,2.382742878673314,2.492944702230154,2.2085675068399775,2.4208174831767106,1.9707396443267002,2.0428905527506527,1.9707396443267002,2.0428905527506527,2.192090428959531,2.3408028720190868,3.6160278223316844,2.561580958855912,3.56833139020346,2.702424378413491,3.6419586128061012,2.6144179692574006,3.0,3.8022065032313392
audio_428.wav,3.0,2.876110262055176,3.224796510833611,3.207445013053782,3.482406664096237,3.2707040120109903,3.6915545921164905,3.6333188795522964,3.855260691973444,3.30267865763989,3.469450671872231,3.4755023163828493,3.511860546845599,3.4895224704198426,3.5925172662946756,3.7727008729756606,3.7301228608944057,3.7273412372621126,3.644192741845045,3.6862664543351076,3.609489742799409,3.6714527195079967,3.7234641984389465,3.8203889684651497,3.7714583718575567,3.76086578296078,3.681863432141428,3.76086578296078,3.681863432141428,3.808430345543698,3.6070133589072735,3.107587998810812,3.320270219025447,3.1222837633800666,3.2451038671996226,3.1319233560721806,3.2700085800777217,3.0,3.666902108888826
audio_678.wav,5.0,3.794897393072478,4.046379584009592,4.918853976226757,4.548348584149941,4.614630200352659,4.389427330555388,4.641300920971744,4.530833327465922,4.67183317112607,4.585968734726673,4.687239864049267,4.721193660784349,4.971867495114281,4.869934311362781,4.936691012272529,4.981009544290827,4.91943770370107,4.887379795396922,5.0,4.9150553115685645,4.998667991374923,4.901652620520195,4.957796823036655,4.947189814964742,4.8934735947018915,4.851502960799519,4.8934735947018915,4.851502960799519,4.92509248510039,4.691569069524784,4.740733542704581,4.809063078549369,4.8009470908511505,4.817876597900749,4.77401891427097,4.8047907656883515,5.0,4.277052481885213
audio_591.wav,2.0,2.535675033534467,2.6739726915660214,2.526042507829708,2.7482146088722033,2.765233723559003,2.605545878721921,2.887547990178351,2.7015451852857844,2.87374208426969,2.6473675560345336,2.5133572286282893,2.599237707813606,2.614846092345593,2.559437506331792,2.5487273957391268,2.615494830904311,2.571853642952173,2.5263496276967823,2.441210773104579,2.4845994846687196,2.749038467881666,2.555500182175242,2.697644172261812,2.4201545678129417,2.383750874253522,2.3274131542874508,2.383750874253522,2.3274131542874508,2.5646033309159844,2.449633283674017,3.3134744658085977,2.6020370571872395,3.2407391393510268,2.6752867003477525,3.2008887165655406,2.6265075320575555,2.6666666666666665,3.4991313538638606
audio_597.wav,2.0,2.5874495107617106,2.3074059839882084,2.516325647065076,2.1959644874064232,2.3755973844747076,2.19475267848319,2.716052995038639,2.431231509775864,2.6047615538445577,2.601577029420408,2.4447161658125,2.633044551950396,2.859850044756678,2.830044702930308,2.7605872575802195,2.6310446503872416,2.5723380468137487,2.4412645826511477,2.8159740669372457,2.637695910906975,2.623712653703351,2.526810715679496,2.359080464088626,2.27707569634215,2.5969347507587166,2.4923093840633297,2.5969347507587166,2.4923093840633297,2.667495146200386,2.6001578692924325,3.0516554072274444,2.745977570047795,2.913803601152295,2.7499091611698585,3.066529930571376,2.725935071151296,3.0,2.601575353514674
audio_580.wav,1.5,2.5235605500725335,2.870947755543987,2.4844144586860493,2.8760370798010904,2.926199677315116,2.9030903170174422,2.2739581526927886,2.7207096875715386,2.43414941924236,2.4192074637183816,2.344460615870474,2.3947680396270417,2.230281768810053,2.222297381973529,2.3473376957034104,2.4314025012547646,2.4925010075988436,2.5379414067559014,2.508743966698234,2.316315712750095,2.4098788913842557,2.4208281306904826,2.2427162440640287,2.396446608230461,2.1287032226341878,2.3544003504642714,2.1287032226341878,2.3544003504642714,2.1382412955515053,2.3421513996388414,2.786958136631178,2.542521472313487,2.814211514587356,2.5970932635535178,2.828047791976534,2.4916488187091423,2.6666666666666665,3.241618439179648
audio_19.wav,3.0,3.6831840465217347,3.7162303720133862,4.016772113957479,3.7687496386824155,3.8939541964525453,3.6213519297347116,3.6950940365927543,3.3562839086427707,3.2091255169673283,3.100646271611691,3.4211596725411924,3.4186793042399928,3.7089574268971197,3.640828390044289,3.822519139428312,3.6778415053644324,3.6240505085028345,3.5383706944557303,3.537037444479994,3.4618018880652364,3.8153798161358075,3.6017648940266453,3.862679234079021,3.533254081600205,3.798669136094473,3.5876672917008157,3.798669136094473,3.5876672917008157,3.7694581569857264,3.485708662631064,3.294099429418219,3.7896384577567104,3.2356766706567712,3.792016811713475,3.2691136456392087,3.8308768110781046,4.0,3.304010543225973
audio_476.wav,2.0,3.282186590924775,2.7229384688867917,3.0249021162779237,2.523760132912683,3.064929799230118,2.7005423556510135,2.7801361280595507,2.762460957131758,2.7802872137864334,2.758345695200352,2.745561026988249,2.4173604099782424,2.8298631731742567,2.2656071810834764,2.8584693969867043,2.5021818157708,2.7352113820343766,2.5430652332139143,2.8035432102500715,2.7752302973355767,2.6267120710265544,2.5325295429131773,2.859005369926036,2.618059271755936,3.131781594497625,2.8694475799933645,3.131781594497625,2.8694475799933645,3.021089589069059,2.849010502853466,3.2931356971722043,3.023327806572017,3.2080919266764947,3.2097460855391056,3.230585860902012,3.180753343779894,3.0,3.3339708665390115
audio_375.wav,3.5,3.731340229909924,3.4185270779793995,3.825741572823244,3.5516222313196333,3.2323707445374605,3.5075624866554747,3.886198052970812,3.2929793742124454,3.3767816822906713,3.409694550577358,3.3566542813544653,3.142164416985882,3.7227587899114063,3.4210428836695344,3.4736602532781773,3.3548996520819307,3.4841035533177176,3.2297944118018904,3.475439723972842,3.1920073776507754,3.3773623118284917,3.3090712570174325,3.3405536386172607,3.1701978352222433,3.2192621029376514,3.336383945318517,3.2192621029376514,3.336383945318517,3.374698660846949,3.2562068125402255,2.9977127969814976,3.3731054041643773,3.1806484530225916,3.1220977248049624,3.042846023297931,3.3332995598990984,3.0,3.4256072310521453
audio_642.wav,3.0,3.0776232095889604,3.422574727609346,3.552183993945148,3.5590078371560736,3.036627142554115,3.3736465308847756,3.0576538904463035,3.1986763928893986,2.394818596295757,2.968068955830574,2.521050906363477,2.986887547324153,2.4277840572079086,3.0002904047029553,2.1766160143170903,2.859545355247985,2.7380773566289225,2.852819669060954,2.1417896901651106,2.822792780158043,2.427179380323418,2.8632170224320794,2.926639755752578,2.7880523556806067,2.678148802133101,2.672250821657944,2.678148802133101,2.672250821657944,2.9462019586757306,2.7551215948508343,3.5990889318919295,2.734076621328287,3.32226650064777,2.482678915359172,3.496043162247045,2.7933664596510304,2.5,3.1429334850204627
audio_66.wav,2.0,3.0829584630020563,2.901787823402998,2.1132397555381934,2.726007346203652,1.976882787521447,2.7183764945154376,1.9353443350584136,2.688929756693534,2.3881818096803236,2.657675949997542,2.121414517061133,2.2737632924249724,2.177385162613765,2.4690278389681657,2.293720875303229,2.3566685647906525,2.41310197041934,2.3715459533290617,2.520942080613595,2.4353895004794945,2.585892124249516,2.5898337287050515,2.57403888856154,2.4338324472384785,2.6269700245254595,2.4988997802672452,2.6269700245254595,2.4988997802672452,2.7737559482454497,2.6483835468529087,2.804899601218976,2.9412774491659532,2.9538449302915843,2.909858814503861,2.8707933949939872,2.8131986892156147,3.0,2.6683908305475437
audio_186.wav,5.0,5.0,4.94479720617161,5.0,5.0,5.0,4.969374100341928,4.947239027899703,4.9142010153544335,4.9776530019330165,4.880774733658875,5.0,4.988694099603455,4.963173384391736,4.867706001894409,4.994978646491945,4.735793929678224,4.944539647383842,4.736392642110881,5.0,4.851069409320284,4.969938121476023,4.9012531412406135,4.883943342724701,4.948038454709607,4.875881858217883,4.8187081227711355,4.875881858217883,4.8187081227711355,4.848299251804812,4.74965573744733,4.200005824161884,4.533316363332944,4.3496448017816185,4.531082527619879,4.2542391111217555,4.6649306463471225,5.0,4.607366000068608
audio_713.wav,4.0,4.256744761860578,3.8641129534392515,4.229901304585046,4.20745070258241,3.8048019949142193,4.011766227661453,4.424789780405931,4.098223836402568,4.104419097877405,4.189445506754939,4.311898278437412,4.203706718416414,4.565807029945341,4.492806487118855,4.44947114040743,4.313182805747995,4.330593090596287,4.361712091766999,4.312090240819696,4.344103667134655,4.325567150320598,4.2887943340852175,4.3344194437553085,4.472645206153132,4.387567663723835,4.262019759844995,4.387567663723835,4.262019759844995,4.380638355726138,4.325124065955916,4.404180053269504,4.617046222242545,4.462195767589666,4.661353427627392,4.417916786550829,4.582412943755063,4.333333333333333,3.7263010256337856
audio_354.wav,3.5,3.024335957299249,3.384034179510954,3.4490003125615067,3.685450964244153,3.271580054572899,3.5512522437513616,3.7278949119451235,3.714379356920691,3.5876417235028177,3.7320506476024597,3.180838589079818,3.3035469556735984,3.176018602315716,3.2645436628912647,3.5295195106419914,3.3923973880475224,3.5301257328384543,3.2840764238453475,3.2938147848001713,3.0433168263334545,3.3558549937650057,3.2379808563659918,3.427860822161991,3.509892002650073,3.591158910183905,3.6195180183656177,3.591158910183905,3.6195180183656177,3.7299571625515218,3.72988170713541,3.9436472525756288,3.5172301153435144,3.8727352455532955,3.690983254939638,3.9839781585638137,3.5931132427408135,3.5,3.8052202537429163
audio_768.wav,5.0,3.873966121795316,4.205782416198885,4.002089610179472,4.402258737671068,4.362232562679066,4.481197598915121,4.4143488643002975,4.613909810788944,4.239859099913615,4.557625885324649,4.346564034288892,4.651025621110759,4.375000855749909,4.559530061486263,4.519639452785263,4.677666571768823,4.661140764183474,4.798321008774217,4.413970514459855,4.489391313597944,4.210409640746323,4.316615581704075,4.428753056255833,4.565288276408086,4.663444218480634,4.790122840029178,4.663444218480634,4.790122840029178,4.729186471914386,4.84361092221107,4.915287787752212,4.8554554249410335,4.935561763729747,4.8009714249973925,4.8639354245739765,4.8798299935667,4.833333333333333,4.254138512557888
audio_14.wav,3.5,3.193124920437251,2.947111030430856,2.6964744261922653,2.6702801001777217,3.505552531540505,2.984778064099107,3.5197822862431494,3.2572650662794636,3.5559353343769025,3.238291980624407,3.3882745505229273,3.193548271367311,3.6340740782188945,3.453777107861915,3.925926712186174,3.6782184673568175,4.007849501583959,3.828071324244064,4.261951965096707,3.9384235284062306,3.999592266283409,3.90227060871349,3.8215425121704336,3.725434105005071,3.8933322933895034,3.7339337650627678,3.8933322933895034,3.7339337650627678,4.054118498267019,3.969479615211751,3.6636297264474,3.841287104736138,3.8026756539935165,3.887191902759015,3.7106985512109145,4.03486574872823,4.0,2.94166882640425
audio_208.wav,4.0,4.474993118520296,4.263703415550878,4.553892925271807,4.184070797083584,4.4168024142916105,4.094022756827667,4.174339502217744,3.9326165385948895,3.6297363196254557,3.783915540262978,3.5112973126578346,3.792316126417711,3.670119517868492,3.9098170731914696,3.9423035456371998,4.038822362710732,3.799436203820203,4.0341875116441885,3.9892457510360875,4.080240596293614,3.7757145658538716,3.9925031916017226,3.7423500132532355,4.013973168990436,3.7845020034255126,4.136680834552748,3.7845020034255126,4.136680834552748,3.7477223000914353,4.092101555569798,4.065828513280734,4.1134243110247874,3.9546796547938,4.0833611694848315,3.965013246453872,4.167041024500882,4.0,4.270203641182797
audio_418.wav,2.5,3.97065200170122,3.1331675728939032,3.6318473821673147,3.2284583275208707,3.211522549890732,3.334231741495207,3.386351453041172,3.4606022306820563,3.785545385655457,3.7902596658522647,3.2534625303000717,3.3815517191930073,3.2726379198793576,3.3110692488992797,3.079532941160847,3.1988990896099843,3.1547625168417652,3.155838639708028,3.1044757946819472,2.963169452255638,2.8990024143106226,2.957191607034319,3.2743903398691354,3.2138729966794792,3.2299516641658124,3.07235172787462,3.2299516641658124,3.07235172787462,3.496056933585965,3.2938014628819317,3.6775430835747884,3.4256792842611326,3.6592586033255063,3.3002524248655214,3.6260231802243297,3.470629793836967,3.0,3.669368793335139
audio_212.wav,5.0,4.764114134173373,4.8424797064609235,5.0,4.996911808085523,5.0,4.854668131116942,5.0,4.99187394242061,4.9812051595850635,4.988037107988654,5.0,5.0,5.0,5.0,5.0,5.0,4.991039472528368,5.0,4.668458663140633,4.655250097654913,4.790471582844819,4.731831808861466,4.824302115204944,4.713084053964992,4.9817425389101135,4.862467862424746,4.9817425389101135,4.862467862424746,5.0,4.886319005317515,4.319533985564071,4.529056736054706,4.373189076336447,4.457732999841436,4.391540019900816,4.571987605557404,4.333333333333333,4.346986142040006
audio_177.wav,2.0,2.6751907183599264,3.1231717812618105,3.3542270530578424,3.2438595378141457,3.117626018045533,3.023071644220559,2.970368867520632,2.750830949588746,3.3117714532861764,3.1108477419261362,3.4845719417837224,3.327320793994014,2.9415533144397616,3.0157491842029476,3.2532756525898114,3.051560558811374,3.66931055374541,3.336757596834104,3.168424138054594,3.0316198797147145,2.9814738480561496,2.772083404680757,3.160203929217071,3.0424774045612444,3.3264790045624526,3.2124886926482397,3.3264790045624526,3.2124886926482397,3.1554506735299714,3.1403759499746813,3.4221116905267217,3.238214633486598,3.421198149972149,3.2209229450861336,3.507498665795459,3.326808247287563,3.0,2.9500323892679323
audio_503.wav,2.5,2.1970309431978783,2.3452836562295447,2.540075181434791,2.5368500457246475,2.731618240017194,2.7867584893812043,2.6014565793882696,2.693814039147562,3.05430630735076,2.898236549718496,2.9846252350225484,2.6417865543463575,3.0624623688015333,2.8187826468238626,2.9703583798100723,2.96271367826457,2.893586809515657,2.931335951834498,2.6208426665806157,2.616973029135138,2.7234604959471014,2.684293417637607,2.5736121788332276,2.5671455365415743,2.6140551077521867,2.6842220314815353,2.6140551077521867,2.6842220314815353,2.6312291117755415,2.6913107532640628,2.647648704967587,2.759260948603026,2.908506643272711,2.7811140644165526,2.703647001942214,2.790921792797132,3.0,2.525858289605886
audio_564.wav,2.0,2.1858902070057984,2.6354168914376124,2.345767960050434,3.085277639906875,2.487828633639523,3.0994460169974225,2.5821238411771823,3.0036327539311274,2.00710163043063,3.0997113025266185,2.080107740502233,2.7952416609150057,2.5070895469067698,2.8112105512627887,2.596635511077683,2.8794473130810623,2.6250270412187344,2.990912550689226,2.6838825754174462,3.0959881391513164,2.0445889782506246,2.921207698037634,2.356919526159251,2.932407610332818,2.1384679567242233,2.846622329665834,2.1384679567242233,2.846622329665834,1.937202687949955,2.8502527991770124,2.672476044889606,2.434109303000588,2.476050678244197,2.5740181701637432,2.5236371680676974,2.5848395164718867,2.3333333333333335,2.994791822447921
audio_257.wav,4.5,4.327377309023196,4.647451699756712,4.5192020681680765,4.546440572972877,4.42234433894874,4.438250437762406,4.4964072125560195,4.4135543093040885,4.5603004174953945,4.4615034782902745,4.61444546968954,4.52279897932827,4.231635068551677,4.551394320363637,4.20531516494375,4.562327097314495,4.203995100134678,4.4728666495928895,4.180958349092635,4.492946727902614,4.14874267488144,4.589327525221039,4.2108887868851115,4.595310373942718,4.211238736229362,4.714543311154267,4.211238736229362,4.714543311154267,4.463961086124623,4.824214226307046,4.196816969979285,4.222718151004968,4.192456906631032,3.902290863486941,4.115677682486985,4.118966191808122,4.166666666666667,4.362245989540699
audio_408.wav,4.0,3.4312777167909005,3.745762691826189,4.046075826440522,3.985477836599339,4.26304456179968,4.109041391780949,3.8163243622271668,4.101514982127683,3.458462356830682,3.708942529477316,3.8744149686744396,3.833951313247317,3.6688746989634904,3.795817693583126,3.411372437436444,3.5577015862826564,3.639306413047981,3.7158014019258303,3.825152692635772,3.748486629107371,3.5763345012879686,3.497929166270533,3.6810539562397353,3.6308999564742077,3.813914932678832,3.9121636429518887,3.813914932678832,3.9121636429518887,3.8134489333606894,3.7027029601415067,3.532552452357463,3.69453488350428,3.525877282833753,3.647140290098287,3.4764596229543585,3.652832196539327,3.8333333333333335,3.664996179060027
audio_468.wav,2.5,3.1270222569043686,2.9903076682526426,2.4136271867861128,2.700857615460785,2.666374741544158,2.568341984756126,2.878561368991322,2.7008321069349885,2.7426455887429264,2.592554433144487,1.951720870007015,2.47541155157553,2.2059191693936238,2.5220928360766677,2.2875436270287968,2.5308575347342117,2.321571104310862,2.584971193470856,2.6487263827906236,2.7752776927609335,2.503215822148421,2.645569545364057,2.5220846196537643,2.585613312668026,2.5717747903625816,2.4390885425347153,2.5717747903625816,2.4390885425347153,2.4372701427162693,2.278061298725394,2.9364343677758344,2.9136318610889638,2.792449268865809,2.905735938150913,2.9041300123607563,2.889733860065141,2.8333333333333335,3.5541721610623527
audio_574.wav,2.5,3.253391622254899,2.6312289755939466,2.9233189641822626,2.5636535375382703,2.1243856723609778,2.430974110616549,2.328477677134534,2.390755274870701,2.7180668513298847,2.6306611458355706,2.6616726484145805,2.5825917767242124,2.7056907443477094,2.4146669811458286,2.690531956680157,2.4635636374189938,2.8706023892358563,2.5597603176088213,2.9824641078230094,2.6666188264192727,2.81678999367686,2.468673341687456,2.9440949439619413,2.4865266356078837,2.988938880133638,2.5411426869046205,2.988938880133638,2.5411426869046205,2.6631540243244745,2.2202762246016805,2.0533692277004554,2.3560590451254066,2.2949223091085567,2.511309729152718,2.0991628718646336,2.389912261253596,2.8333333333333335,2.410045465594903
audio_26.wav,4.0,2.1375782121706752,2.3584230422485697,2.392870013393568,2.495320318062787,2.614459433000762,2.905304508843463,2.691401174036502,2.9043912349777714,3.3899316169866225,3.171305206791503,3.5869916936819153,3.469446775754827,3.652209959061762,3.6374836414241702,4.018719091696919,3.994276355685719,3.6638221122896604,3.6517639088667853,3.709844879851967,3.53164425726481,3.4650097709973386,3.4619371959166396,3.6581790762893074,3.6743013063227346,3.5160135516442375,3.5635486587421075,3.5160135516442375,3.5635486587421075,3.5110389506733792,3.419916419603089,3.273807796823012,3.838475485098868,3.255866554644293,3.9120125367097045,3.3556897533946404,3.939983723166344,3.8333333333333335,3.085736472016908
audio_480.wav,3.0,2.4816568894914126,2.1816055354161707,2.501551782151237,2.2843809400386577,2.293790582314147,2.0593626586554046,2.1879670015266877,2.0653047416441854,2.220268157084952,2.082459107397718,2.3383089419323877,2.1157246045638507,2.323308359887937,2.013528573766299,2.569263428516265,2.0773999383306703,2.6315468492803507,2.20981265208776,2.5160288474348036,2.2520985265734,2.498710372231256,2.296440910679211,2.602068097227525,2.389414092325604,2.589171531423574,2.322085612285491,2.589171531423574,2.322085612285491,2.5477053144452033,2.3447860802466725,2.7488449177065237,2.472805410765012,2.9270284497361896,2.7137166157738783,2.8012065350491007,2.5434555428006473,3.0,3.02003053041993
audio_706.wav,3.0,3.276880890661648,3.2653951003407187,3.306700356843192,3.2598070126609318,3.054499961313726,3.147431781578083,3.1900466886616314,3.2652287708253525,3.0757398425331512,3.0963776506260188,2.9643742342479853,2.989915213743231,3.0524029742343135,3.1233263466844647,3.12975169889546,3.1845418611582867,3.2157774002468096,3.2108886367626925,3.2363858635306424,3.1236018247477655,3.009537024633697,2.795250717950617,2.9380377752983073,2.7252998544546556,2.992957444895557,2.7131450590263793,2.992957444895557,2.7131450590263793,3.1220506411546425,2.8294434672954942,3.4352488357693898,3.1425948610431553,3.498835984383474,3.331577539143959,3.394207710140843,3.132740610500718,3.0,4.228284321968256
audio_57.wav,2.5,2.9887512413413737,2.5802011065302977,2.1187479082151772,2.826548987648143,3.023929633845791,2.912851726872446,2.9515601083300127,3.011977083721614,3.2333838764652385,3.321911670036593,3.5754899117082135,3.403102517635974,3.6879367100093816,3.4605471852576426,3.108605644728078,2.9581183696884685,3.4445577443955444,3.3750441385925414,3.2622253831137598,3.0335149032210342,3.339301569379888,3.2667017282434743,3.4706993900777605,3.218165167536475,3.307623790419118,3.1739396263925577,3.307623790419118,3.1739396263925577,3.211399892708138,3.3169127978242283,3.3539996559153185,3.431846777949642,3.2813311685627315,3.4935362699347565,3.430557997019639,3.4095654843773957,3.6666666666666665,2.82946273675357
audio_209.wav,5.0,4.789852095234598,4.694108493322404,4.85223379337715,4.760665733592684,4.4686071898376305,4.812097799542529,4.0801584735329905,4.614142966503578,4.596370183428761,4.8225276863699245,4.584744591726368,4.831909518829582,4.604113207893963,4.931376616718224,4.648666590721219,4.978677603762833,4.8053465402430176,4.916218148207888,4.520570549751217,4.626808677017692,4.556125749355948,4.7316064867478955,4.486978588520068,4.737415045209936,4.450443993102064,4.728349254383773,4.450443993102064,4.728349254383773,4.486747723039643,4.719345014000804,4.256834870067087,4.727906350647789,4.325019592954301,4.652080543910034,4.3390220774927775,4.766806709960161,5.0,4.09996547623962
audio_712.wav,4.0,4.615656968901839,4.090965404277635,4.39626103338674,4.045011676163052,4.218629305494292,3.9756463465349743,4.285010863245031,4.093445569562585,4.257676987810266,3.9997506829489247,4.360225642751305,4.234357638366784,4.3976970635638395,4.205669525002306,4.5558077558598695,4.420617338089313,4.440189356575101,4.237240684773309,4.36146889722749,4.067221182707377,4.125684247453296,3.9825878709108693,4.205773011075345,3.855913660231168,4.389373039975717,3.8676756781838293,4.389373039975717,3.8676756781838293,4.560153471825649,4.079408515140101,3.8122256360779,4.11936082462539,4.024962382253477,4.315958292949005,3.9104524422879074,4.214884885231629,4.5,3.7453846647420073
audio_353.wav,3.0,3.3218348832440654,3.1952350352404895,3.1594314378403516,3.1724529614964077,2.8888114379367393,3.12568830730372,3.3502191158984442,3.388822743053016,3.305822425956922,3.2408105783666223,3.020476842736771,3.0624373541920726,3.0717059632941317,3.0245050195357557,3.222303194348498,3.0982973186871834,3.147869830512127,3.128357924804335,3.1603405883543405,2.9925852229276537,3.4144993252912776,3.3714351338120885,3.6183851529235738,3.4533141942891046,3.5272461529284986,3.2255821969787757,3.5272461529284986,3.2255821969787757,3.3478076123629505,3.1016357559840277,2.6673490881895234,3.1294252575962695,2.8557791712538703,3.3231908259536325,2.737698717644985,3.209627932165039,3.5,3.3847756851196356
audio_575.wav,2.0,2.534315960934689,2.291068091047805,2.494709747550113,2.2861346664720426,2.360371488824468,2.342910797363739,2.479523058717877,2.300362208167343,2.5527004596915606,2.4349259042443756,2.6456598218504617,2.622687406076856,2.8488367363796754,2.9066468908404595,2.8481341251998025,2.763012471969555,2.8887290968472623,2.74679554032031,3.0033650266046106,2.735313469174741,2.7766669385797624,2.6520291482007727,3.017973712328205,2.817610433672909,3.0326114252756966,2.8771660006494666,3.0326114252756966,2.8771660006494666,2.9891961517825756,2.7879296680274166,2.7875314669187716,2.8470680953640692,2.6694961986225123,2.7386584709079713,2.793774127661069,2.775277638319307,3.0,2.9005512172008903
audio_383.wav,3.5,3.62225764628953,3.7038032388320636,3.5715694420395434,3.83407870743383,3.8548950150323633,3.8615097656814186,4.241877598536418,4.037215261728293,3.7457116101179673,3.910278065462409,3.9802038368068273,4.006248896208657,4.037629496384219,4.109395762324362,4.083865807454149,4.042332503689676,3.9583971395047723,3.9414919803776356,3.9040080791399885,3.9198001256494686,4.103720007849149,4.0286201463973965,4.32679647213778,3.964982045700326,4.245170535388049,4.106807358354175,4.245170535388049,4.106807358354175,3.9663183375326754,3.856454399205808,3.477336195600437,4.073888312004923,3.3093709663363433,3.975920890020333,3.446375053534325,4.041373668948997,4.0,3.6882719681341043
audio_781.wav,5.0,4.211175451547062,4.329401296716724,4.255218319606828,4.318246451888482,4.371032112682623,4.443871428745894,4.508726579799155,4.419874909957329,4.333226943707554,4.4357002640132945,4.474930428780037,4.626768626577723,4.854262369217269,4.716259719654005,4.643901804412323,4.639589258634618,4.518683333361212,4.3999484134169835,4.963485021074376,4.75221784391589,4.930606865051508,4.785881659690714,4.7949620854834185,4.727983148433069,4.923440891684689,4.8980937002195635,4.923440891684689,4.8980937002195635,4.87574911075973,4.802280690488758,4.2581267399261735,4.537540927059947,4.042799561730671,4.471658138889144,4.223237470327096,4.527381305323574,4.0,3.783876135221306
audio_118.wav,4.5,2.322826699420317,2.63141166617244,2.1042829675530736,2.604392859423293,3.1885984391763667,2.9202923027987375,3.024494237325353,2.886938072145952,2.678604127944933,2.78586226967408,2.7500336477320246,2.688866225012782,2.9474670751405267,2.9266521997127555,3.04067134420683,3.145982623398058,2.978184773500852,3.072090337838114,3.0237692441170587,3.030753862986107,3.0839888370598576,3.2975273177871043,2.711425767690225,3.1426796224958786,2.8602214918080837,3.35084169504832,2.8602214918080837,3.35084169504832,3.138088501838773,3.4940703970158187,3.6291281641339963,3.0907402302825964,3.466269099459708,3.189604868875471,3.6568076935587484,3.1206698640546673,3.0,2.657939548524592
audio_337.wav,5.0,5.0,4.935992781664949,5.0,4.8744904104361275,4.959946551865884,4.866129859111228,5.0,4.822862386447528,4.902701196120875,4.803412139833316,4.708367788313886,4.6586047442590806,4.696947900773302,4.637864925984051,4.716821583558077,4.777747039223004,4.984701805341515,4.9922900838480375,5.0,4.907447433967214,5.0,5.0,4.9323481541654175,4.973766165957174,4.798383696115342,4.9665673904914724,4.798383696115342,4.9665673904914724,5.0,5.0,4.955634579687038,4.880281911920789,4.982951151745012,4.956992553116838,4.894882600878564,4.912637393402437,5.0,4.537162400951464
audio_715.wav,3.0,4.3687734528245645,4.005896529889025,3.8535214754906604,3.3512904121858984,4.195649193688243,3.650248925691231,4.577934994657819,3.9077123649689534,4.725016956838274,4.134118164570414,4.7950366748678315,4.264875802379522,4.531462442060093,4.316151305867973,4.424245697393559,4.154976669549115,4.080964711356057,3.976428117492184,3.862510553851483,3.8071739479044084,3.9791717232088213,3.94104958857476,3.889683269417166,3.8145897526072203,4.145222615752377,4.084802205008389,4.145222615752377,4.084802205008389,4.118000036744843,4.000289316540435,3.925940294973391,3.9617703650668905,3.9773530352361597,3.821444821299867,3.8714798509826753,3.9717716377044923,3.8333333333333335,3.89715384097352
audio_323.wav,3.5,4.611456748138795,4.549531341479072,4.373924228400225,4.432555384903252,4.564513009694352,4.392782470506245,4.10012975466169,4.3465283319813945,3.6150238988487615,4.081267045853163,3.6709102006036027,4.185804224458479,3.7422300936269526,4.040405593418318,3.7012508805022613,3.8937067419769797,3.6082997421515457,3.7863393673915837,3.568067443020674,3.8479313752497153,3.581426719198898,3.8851048571940083,3.547647304346935,3.9633376643765033,3.613260603172884,3.975518941183136,3.613260603172884,3.975518941183136,3.6352394106646577,3.9537642161149003,3.1156152316613976,3.247315244084812,3.117560884363588,3.323203589620866,3.1245195092791924,3.3777386278037462,3.5,4.013924663222798
audio_374.wav,4.0,3.749526114762924,3.707136596797847,3.6438632127370822,3.778963525909047,3.838604575905857,3.8906099911478456,3.875026419972732,3.8294294765453856,4.087485431906386,3.9946046867514924,3.9098857967225698,3.7758862306487964,4.028068265196186,3.8200258646916994,4.032121371249967,3.7405810045843997,3.963471957925252,3.913737921651142,3.849392036152203,3.6663313903494434,3.7733214734923775,3.6811523298037,3.8473450319343185,3.603546128173827,3.7989023069772645,3.588653241262317,3.7989023069772645,3.588653241262317,3.7523596643790023,3.6611504313361203,3.110237127316342,3.2846596509728747,3.0771340543625847,3.430211587742914,3.1836865912390633,3.3854412450913203,3.0,3.8832377418399218
audio_348.wav,3.5,3.145493463336044,3.3422697610259475,3.1839724140540056,3.3797062937003997,3.1851596424970405,3.2556297536076726,3.2138327020668433,3.2178792994708907,3.370601450404863,3.2626320427872684,3.5494004467524634,3.5213808687825803,3.4548677048252956,3.320989101407093,3.8212300162781303,3.431629940010161,3.5022755446371883,3.3874586565324374,3.2326875798164543,3.309595256677095,3.4181177268559906,3.3299506510863566,3.3948684584098565,3.327528636320586,3.091301803854814,3.264534027905922,3.091301803854814,3.264534027905922,3.410870005578712,3.4961251158887223,4.00081287655706,3.427053139285736,3.934301291419804,3.300650862488213,4.012793242127758,3.3733078011992297,3.0,3.651857316233537
audio_547.wav,3.0,2.4317053872892473,2.4252891232525933,2.3488507393358273,2.477935481708821,2.5793810457968758,2.369398231286491,2.4280340543170875,2.2467573117805575,2.731485668220446,2.522207309538187,2.4468318673938243,2.2136247160133506,2.693696809876999,2.3561823629496863,2.5748512610242007,2.4103020004080613,2.7005708309163308,2.5384090684893224,2.683184688053583,2.5745627192099314,2.5922029924756296,2.3656721771597744,2.54885977278551,2.4172539593086513,2.7313009026338566,2.5014556377629584,2.7313009026338566,2.5014556377629584,2.964731509072456,2.655490852792321,3.2171550594074017,2.8923110306459723,3.1583303123325934,2.726632177819752,3.136635589491826,2.7945853161041008,3.0,3.0109226037255667
audio_41.wav,4.0,4.474693314264738,3.3826488015550553,4.291235142216316,3.034726732731483,3.1866339245964816,3.079260308766101,3.3200725597422736,3.142450146492352,4.0089587688373465,3.654298620385236,3.8665634319513846,3.6924861546190875,3.348757666343772,3.3803953166141536,3.5169071764624515,3.581100406139832,3.92954470047591,3.8685699780030496,3.8353547770942913,3.8076019760526982,3.741709804566451,3.6606842231839667,3.797396077052001,3.5996856764606484,3.536432936765358,3.597474853697454,3.536432936765358,3.597474853697454,3.178669722087003,3.219643879780587,3.056495910919954,3.414220699078206,3.1109474009499833,3.612535935822358,3.1378600535788888,3.5472413023508693,3.5,3.124993794283506
audio_284.wav,4.5,3.9592134021129737,4.409329582957759,4.031247948906469,4.646361018237702,4.185905535114367,4.603891455262462,4.337819916408502,4.483014494233463,4.686188479068247,4.596097202412578,4.85531151992763,4.6049712676494,4.533573210390114,4.498749526514559,4.44934785065188,4.649763895750482,4.547222540748807,4.789333715221754,4.497536809755895,4.761427442989498,4.63252583635276,4.925595488460709,4.639260177549423,4.804528705526434,4.335276383310509,4.570813834419498,4.335276383310509,4.570813834419498,4.305444388872315,4.505559302814546,3.8664178817609725,4.067812856903848,3.7333828648811256,3.948354633282403,3.8883142984604007,4.015918311833903,3.6666666666666665,3.631923615974427
audio_13.wav,3.0,3.2923877829459998,3.3612069931953816,3.2234469833072734,3.3188580325326575,3.360267890252746,3.491234839469414,3.422735117045683,3.3852686145408395,3.1763703150244225,3.1152825950825136,2.978575949118955,3.0323048834800574,2.975529085470102,2.9579542209873324,2.970295776530763,2.8126319480089332,2.98804541708629,2.8911733206671,3.0402716461331685,2.9965245466978367,2.890485538036415,2.9923364827359884,2.9569863066111566,3.0911932950020806,2.902138977320948,2.92044988609225,2.902138977320948,2.92044988609225,3.075871312501237,3.033014013089313,3.5372500865228,3.317000477479484,3.6875328322094845,3.3793964595625066,3.634450033458601,3.3272501104601844,3.6666666666666665,3.4100206316786266
audio_548.wav,3.5,3.015865412188241,3.187978249578608,2.9813311383773473,3.0892347473388138,3.143439302826936,3.262583615735623,3.449524103788241,3.5073947436763873,3.392773614388481,3.4948829829933086,2.986469005979688,3.037350356526879,2.8342045984811173,3.181649281835515,2.7446166545910486,3.0331910365664796,3.0320991433391846,3.218348662191079,3.0888229435657286,3.1748037420056026,2.6320271928059387,2.926694049657891,2.448344543217796,2.9656353116691707,2.375927823767891,2.848999357363437,2.375927823767891,2.848999357363437,2.5678746353788013,2.952833585527381,3.4647405175235524,3.1708700782940107,3.43232457944641,3.0978906854495825,3.3691202788070886,3.0545446397505205,3.0,3.1538808002720047
audio_687.wav,4.5,4.10086839367307,4.233753396368033,4.1635584190319825,4.424156661318068,4.008741544309984,4.463565477811604,4.285423534438376,4.465025311782545,4.644639332512377,4.553708474492466,4.700458459223925,4.831272250903251,4.487653332756495,4.727781162602777,4.363548452741331,4.625851259899867,4.436599677676149,4.703830226925323,4.444489756397137,4.4764926658112945,4.616083408036029,4.87962572312299,4.494407904922666,4.656696242859141,4.621873254769428,4.812224716596819,4.621873254769428,4.812224716596819,4.456170565004195,4.731700548670576,4.542654361878486,4.704285548320435,4.5957177673955805,4.591256365041787,4.549882096212916,4.643252949466922,4.833333333333333,3.641098266012231
audio_104.wav,2.5,2.5158764424603732,2.3893513438899583,2.3637539400304863,2.3615869574925887,2.308847706339616,2.462897259892649,2.0554738232673295,2.2491393231549828,2.2176497630504355,2.13599544040044,2.3356871889862822,2.350357876579815,2.4733572498810923,2.4432070487706414,2.326522351879761,2.3874580663307428,2.1640483207127383,2.1729288578807293,2.1967671953868853,2.2625874821197187,2.3102501649021616,2.2555684287369515,2.1824523838127394,2.2195017026497292,2.211636242492188,2.1288280342083916,2.211636242492188,2.1288280342083916,2.2439991540380517,2.1608623860802525,2.876752915620699,2.3958713582590927,2.9586920773138736,2.5380108755874873,2.914291316832838,2.527395406142594,3.0,2.4338759349656223
audio_181.wav,3.0,3.1704229031454356,3.4855507257670677,3.6685525946967665,3.44607322456851,3.4889554706509287,3.4599320631638446,3.818142038461064,3.6854224960959017,3.678328659930267,3.5960626610036637,3.6848173490859417,3.5814224712685814,3.69771336617343,3.636854635016799,3.6428353888010334,3.622673802315166,3.435331576769107,3.451255415825244,3.2993054043201897,3.299126557492837,3.329175121843928,3.3939348325955705,3.4097059228390676,3.527083556091421,3.3943571257700555,3.6055697702395304,3.3943571257700555,3.6055697702395304,3.45007752511127,3.533269691571982,3.469647389973936,3.486588079325234,3.4043988322933347,3.372813505309568,3.460682903130825,3.412234488893567,3.3333333333333335,3.9789684655317803
audio_755.wav,4.0,3.4397311885462414,3.806574034710159,3.842468143876268,3.8815238093768065,4.214160670532123,4.075625514564638,4.4857511957022735,4.364634904524806,3.933315759711548,3.9347697525131173,3.937031028509903,3.9483685856286037,4.083894945756614,3.86548652729376,3.994288081403391,3.801047865653386,3.9739143213135644,3.998052439581137,4.245227818067204,4.3492214894630905,4.289246650046711,4.344066172423453,4.419889044938766,4.385969453620489,4.204376170043013,4.14562999054792,4.204376170043013,4.14562999054792,4.022029276085085,4.012403545204553,3.469752515803016,3.929056213423488,3.297776646665555,3.8930783484458726,3.480330218272334,3.8200160747095153,4.0,3.9889970830090618
audio_733.wav,5.0,3.8973729092808935,4.102774879259478,4.392012951927484,4.432241591915509,4.2216503654670445,4.244230589144681,4.095598660743678,4.361824153226817,3.834561958969839,4.232359549720431,4.63832450420394,4.626805733774728,4.2633401005980955,4.55427110847598,4.0787823047908525,4.33208600257258,3.793762758607819,4.262336039636897,3.9211067278006517,4.2042885844596585,3.845843792064766,4.2449587112869205,4.038222418423854,4.311586865945733,4.05619657735084,4.292549504028885,4.05619657735084,4.292549504028885,4.197672907654257,4.348478035637654,4.046790649372345,3.7699001680812585,3.923097839593615,3.963468988964479,4.101209585215725,3.8143624410538837,3.8333333333333335,3.789363691390434
audio_5072.wav,0.0,0.023301447168548577,0.13568006521831263,0.0,0.28064199237563486,0.00543937579279552,0.4925287561079054,0.08416136070711004,0.5898600335389665,0.5200720593552842,0.518973756309757,0.07368368242484487,0.6423939079494477,0.0,0.7255541066782337,0.0,0.4549892552230033,0.0,0.46160319580581194,0.07954768638445782,0.35636401897386305,0.2916595713688528,0.3189213310423589,0.1835825546250449,0.42788290878564045,0.04648054941661176,0.5413058418686653,0.04648054941661176,0.5413058418686653,0.10013608377306078,0.50775233560762,0.019413680838978927,0.11306556916874248,0.0835852790495573,0.2643082102289421,0.06269381947904622,0.059533216768659226,0.0,0.0922040336272351
audio_776.wav,4.5,4.11211256835368,4.244770874077474,4.5946218131428305,4.220897996171897,4.567728798687844,4.379706791271337,4.184209140399427,4.115065327191414,4.62195700030662,4.458171677700975,4.753101402720485,4.517328616811995,4.656283052365754,4.419069606892369,4.488598088314604,4.328068240781401,4.477415833850661,4.375557692139469,4.627067829975136,4.419787689589103,4.6636636933157325,4.445686776648775,4.68422820715617,4.345930460217225,4.555277382387401,4.279233815733221,4.555277382387401,4.279233815733221,4.71638720355904,4.435102539031277,4.284054304986501,4.70349084316135,4.111319297730181,4.706282966995374,4.231703508573751,4.687677960456939,4.166666666666667,3.8822392819234697
audio_70.wav,2.0,2.599862477640053,2.7146000298609727,2.2226453549040817,2.5482815042023845,2.4089787188522425,2.353132029056414,2.0411143339807087,2.212472556928973,1.981395190594223,2.251780498198314,1.7883712268000753,2.343071916415561,2.5547860416899515,2.7417786194840956,2.620051838311818,2.6424436709957133,2.7285059802567933,2.8942780283767786,2.96978260061122,2.902225137922494,2.6328520752186573,2.62214130613854,2.3071989457956326,2.617451896204885,2.2478110745061737,2.680875910775084,2.2478110745061737,2.680875910775084,2.235032640171673,2.3917975217821748,2.347997702244637,2.436018383512874,2.4365585889698744,2.5175142387056764,2.300530861245365,2.3978993913823845,2.5,2.534992901057896
audio_49.wav,3.0,2.5877595186097118,2.7397590099406783,3.2562624934568487,3.119046552975511,3.397774381348475,3.1667908174990393,3.111539685323504,3.012505662627588,3.286792485154868,3.11009817109097,2.9501657207681475,3.007016343798228,2.9543798537611923,2.92916201650844,3.1337764450019385,3.06859309922676,3.1441973200999933,3.070298237329133,3.1167886396330218,3.0862779461737877,2.8288122878000546,2.842775514292439,3.188113496415397,3.0572033543901007,3.326090734993359,3.17244924911974,3.326090734993359,3.17244924911974,3.256525058369299,3.005784368038025,2.7256026759450944,2.784020266370856,2.7428330509295527,2.736606219317687,2.771967974486886,2.6961732081970204,3.0,2.857705415239652
audio_527.wav,5.0,4.3111308872663185,4.230672739207713,4.070594671360299,4.273857642831914,4.592693406398322,4.1518439227680775,4.565731754164465,4.317256462163167,4.633974069331786,4.407841479678104,4.183629366727042,4.057962266923872,4.029232558794651,4.1909538917051075,4.360036677684575,4.411449356826105,4.217126578528238,4.192643490101066,4.1273527587481835,4.25282190308544,4.13659567435833,4.278057658795962,3.9712673725689798,4.187686733486776,3.879814715755313,4.176562931242409,3.879814715755313,4.176562931242409,3.929468986505109,4.137997297157412,4.466785155030451,4.10597329664133,4.4929689955962715,4.088966839482393,4.511318136384734,4.093289390236365,4.0,3.827724290188263
audio_273.wav,3.5,3.273795602012846,3.3403818194646404,3.8796256145003265,3.6339023991555557,3.6321187662956436,3.719185533581592,3.3585625304846864,3.4532966903874027,3.2573938507494162,3.3695308962652883,3.115349142230454,3.391875006456742,3.000175013732464,3.1529423729490262,3.056250422474774,3.106383606014976,3.057581679691161,3.28566938403797,3.1701780196567326,3.418177807500488,3.127407746648503,3.2950031876879637,3.234699339695434,3.356602680030283,3.330772972125997,3.4049796127264025,3.330772972125997,3.4049796127264025,3.396862742693575,3.4262759614479337,3.4937695227310446,3.4322881450920217,3.4841004946430068,3.5314209094086224,3.519639507562673,3.520612478736139,3.5,3.891883355441441
audio_139.wav,4.0,3.9202735369337347,4.154763235273339,4.364673655166948,3.9785430602517144,3.7965930744934604,3.384413217015702,3.892296305836052,3.31587562264991,3.444567567952707,3.4268539367105935,4.095893155314076,3.779622723124829,3.9411907671378237,3.793886023899231,4.64291132354838,4.081033011013241,3.93771478535324,3.893754272589527,4.043835815213519,3.9648167896498037,3.925036415821117,4.011006287952742,3.876911630247491,3.749528385832157,4.102490428382157,3.9835069804253656,4.102490428382157,3.9835069804253656,4.235709892761608,3.880378120151041,4.238748000098494,4.06220144343611,4.154512147701902,3.8522896976785854,4.258983857009606,4.056471321162388,3.6666666666666665,3.630404027911245
audio_467.wav,3.0,3.082299643899064,3.2738415052605894,2.966822306134923,3.040964807542759,2.8672974774617916,3.0961547872891697,3.7305147559877034,3.4950748052841454,3.2647254551019578,3.302725287983481,3.4220037755655146,3.448520750330323,3.4719057835692175,3.565537711783577,3.13103440191029,3.1840828299652237,3.0349494712666463,3.17832121904627,3.1698147736538336,3.370852463681963,3.124795002417305,3.36862500025679,2.876886750977839,3.114268586741899,2.787057170473812,3.1802976830085377,2.787057170473812,3.1802976830085377,3.1811484263779857,3.2937259771146103,3.472806378543448,3.0873877056586845,3.289260609706803,2.949207680942436,3.4260922927214836,3.1244088847573046,3.0,3.3601812192838274
audio_407.wav,4.5,4.228509936963813,4.037366630213997,4.311102345340093,4.032096171821588,4.0924050717842695,4.0534456093797155,4.069840506310123,4.154164890492049,3.962760744904425,3.915597101984607,4.443847946032954,4.280848447552651,4.000823479084221,4.101624058833707,3.6763704064063965,3.5655754237368242,3.763120385833582,3.759591219995496,3.862353167355133,3.87122297091294,3.8040488598525926,3.824074240274444,3.7232729533007984,3.861860256329731,4.1051313110416805,4.1444219055643785,4.1051313110416805,4.1444219055643785,4.075281091199894,4.132740164914019,3.7957683792066508,4.235443266073024,3.680551908244324,4.3170762463592975,3.776605757989713,4.266183132987897,4.666666666666667,3.637343802282705
audio_404.wav,4.5,4.393833456745354,4.131358967818322,4.603442568297409,4.18093365755407,4.537367173217059,4.253859945826968,4.125940257240308,4.1607843389156125,4.3581308085602375,4.215244050843845,4.232186527337421,4.0619376683631,4.13481512712837,3.9913013691920596,4.242672701255153,4.009701518429726,4.236571392767613,4.101580349882363,4.264364234189983,4.050347022787295,4.169250216822271,3.9659232587101996,3.9388268199547496,3.8379301325734616,4.311875933179237,3.8612823464221715,4.311875933179237,3.8612823464221715,4.27091566194463,4.002591170773167,4.466560291959365,4.470961839843638,4.406372559434302,4.528623429261918,4.363413130160722,4.588415254280389,4.5,3.6850228879206397
audio_534.wav,3.0,3.2021170867145052,3.243332895190201,3.363632089538965,3.245554940341901,3.0517846448097337,3.3160843537451217,3.278110050475874,3.3006372740597563,3.051537580593037,3.1765615705863763,3.189072965184625,3.0484439139606256,2.933885208104646,3.034509391240544,3.196822522925313,3.081156500755686,3.097790906487179,3.179877626375351,2.9867067107061,3.2364799524240855,3.0065155485438724,3.1715213208616206,3.128812583719603,3.3758363303554355,3.1874372728473053,3.257735844843855,3.1874372728473053,3.257735844843855,3.284708147113434,3.3504569263016264,3.3125495947472454,3.4471980324476768,3.430935261502201,3.4627222564150735,3.330144732072167,3.39495020539359,3.3333333333333335,3.1956037219832143
audio_96.wav,3.0,3.2607420674016567,3.3445657612128237,4.031266053653965,3.440349994681592,3.834116147916005,3.398333885743881,3.902473795208493,3.5189698959684903,3.1102200206653507,3.1900660743134286,3.4006911497999393,2.9853856707820228,3.269566918428158,3.206889704581171,3.295153435205234,3.327332538158212,3.462890926050093,3.5073419338810274,3.3568500486830826,3.5868259447315345,3.4875198577821536,3.4323316283080167,3.692144378421501,3.6518919039295277,3.548135501168463,3.4872783302340338,3.548135501168463,3.4872783302340338,3.5222282228606687,3.548095807432596,3.570433647365192,3.4710469752012636,3.5359168239711036,3.658745807585913,3.539792865595382,3.5103921471960846,3.6666666666666665,3.1295966435218467
audio_137.wav,2.5,3.3004213190753817,2.7951310268058442,3.1668897814856973,2.929859292686165,2.592421413194806,2.5323384400888416,2.621363628518036,2.852022990731918,2.972987899038675,3.0595264471167583,2.6668931508895795,2.5901163896642654,2.641788699475319,2.4260718939070642,2.7022176918513536,2.6404767423505415,2.7721821020694666,2.6724785203256007,2.8352118431592466,2.7044822771741246,2.7287982221939853,2.7077645445992005,2.657162987591932,2.7278740720998234,2.9576772012477677,2.8180476341141776,2.9576772012477677,2.8180476341141776,2.9741631704694966,2.74163184745751,2.786241992187177,2.7681564003712125,2.5785560921603023,3.013923679399643,2.7680992214368914,2.751946678286842,3.0,2.851050133577948
audio_150.wav,2.5,2.5033025300187344,2.6246031135151484,2.7675007549954245,2.734975556708181,2.7113256889641875,2.7816152734714876,2.7172494356579064,2.7278706343236414,2.639591534217075,2.6464578369868326,2.306692624439919,2.4467305276750997,2.476223111673511,2.4919894658606916,2.6970553649870035,2.600080655634374,2.6156552643865725,2.6399640317994204,2.5916838456072155,2.6531591003054893,2.700713566899085,2.7637608559582483,2.994551391168345,2.9647005721469775,2.8343286276891,2.932382708217286,2.8343286276891,2.932382708217286,2.682045705169674,2.92922145046861,2.5513414800268186,2.728979724776624,2.7852961111062355,2.819539009358594,2.536944489311104,2.719681976097745,2.6666666666666665,2.7735939515105024
audio_339.wav,5.0,4.252582044255452,4.049686898634308,4.141567766189709,4.239812853956885,4.4795459890673115,4.265816706587673,4.151637979317218,4.2210687548188695,4.202069442968491,4.435248618472829,4.396899245978294,4.645597951281165,4.465598148133265,4.7248712869075025,5.0,5.0,4.9965848029241835,5.0,5.0,4.9859678942168015,5.0,4.952782692799978,4.991179122985876,5.0,4.948821093169252,4.9867848463805435,4.948821093169252,4.9867848463805435,5.0,5.0,4.814502228017234,4.9309829943308365,4.813037281197874,4.872477609447189,4.882493106114439,4.90502433721407,4.666666666666667,4.340257870089104
audio_409.wav,5.0,5.0,5.0,5.0,5.0,5.0,5.0,5.0,5.0,4.981565820934476,5.0,4.997902690435352,5.0,5.0,5.0,4.989944134413528,5.0,4.9921781106513246,4.999238032585967,4.852614926013312,4.989180508978484,4.824394257207347,4.9998458898222795,4.953563487167689,5.0,4.9110254004161975,5.0,4.9110254004161975,5.0,4.923116626203486,5.0,4.250521990057934,4.6312308106291225,4.045531184722903,4.464153921354616,4.291253438450183,4.69731264087456,4.5,4.0872461815164245
audio_78.wav,2.0,3.8116551865780224,3.9291986493206625,3.8888109693455193,3.975398043327408,3.87600569461015,3.656374938273333,3.545885872662346,3.7354483396629807,3.3741847837144334,3.3825968088572953,2.9918014804946496,2.9561698311940954,3.377828828562155,3.4837920380900282,3.281785491934317,3.3946544225527835,3.186775963604544,3.2079085420117193,3.1941085107955245,3.027711743605998,3.189132063442486,3.167984613004292,3.3430820686628215,3.3700688880502643,3.6280903050231736,3.7455889135087816,3.6280903050231736,3.7455889135087816,3.3421713714006533,3.579365377103978,3.06035638767352,2.9667359674980758,3.0045302686138684,3.2135206252439823,3.0793507408379015,2.976995940942995,3.3333333333333335,4.003977654544578
audio_244.wav,3.5,3.36443003049623,3.293641605819586,3.399116306486674,3.3066273794946004,3.5525428691224703,3.5731095170413476,3.8712054923268777,3.6857810063011804,3.8016212105196154,3.6750853361973994,3.895661081548257,3.66573913925447,3.592776520407688,3.449821847465732,3.4944337009649664,3.3085947908937032,3.8969053630399575,3.688395717357043,3.837503150010549,3.6841809956412974,3.8582906849333347,3.6362288107708665,3.853469635242513,3.6249144182336637,3.9620117817112424,3.808388462494999,3.9620117817112424,3.808388462494999,3.901848196306142,3.982995801472754,4.025956200535056,4.050677940955448,3.993695450492803,4.028662369825466,4.0298887083936,4.097866315652857,4.0,4.3419037291689415
audio_752.wav,4.0,4.736489366947286,4.114685954570709,4.582973287290727,4.3456483001663875,4.737024560151507,4.3170114642465665,4.137593249851611,4.294452459214642,4.027816653403467,4.200846503743968,4.132410321255385,4.340114677722505,4.2483821273338345,4.45001592837321,4.558500234621562,4.567184588744894,4.2073876894328315,4.295798992051467,4.301719039314068,4.36605629685877,4.44796836828796,4.489093396227553,4.274835341414988,4.366260747020328,4.390810189948362,4.401903922782858,4.390810189948362,4.401903922782858,4.664541113524378,4.631685609091092,4.222203879803608,4.152596484336444,4.182402035260577,4.372625588121885,4.176682192087978,4.083265395719144,4.0,4.187195718770589
audio_508.wav,3.0,3.405116567799347,3.3377496367800354,3.1891875445756273,3.373164168311059,3.149391872285831,3.2666010471088764,3.196248113247055,3.3963020188218764,3.028999923023452,3.2909865792994317,3.350553916640777,3.542015805432637,3.3345947072376254,3.4515765595194754,3.1355860243448532,3.192302807885971,3.2911226688363002,3.193215003522147,3.644536257595496,3.781364239801236,3.3920438486141684,3.458343220768061,3.2307419112446873,3.401990836929233,3.1576491006283898,3.323514780889628,3.1576491006283898,3.323514780889628,3.3602218743875,3.4069160902199216,3.713461464914122,3.3802838923429372,3.7185876877201967,3.4211285877528304,3.7303556352250915,3.2541552291409133,3.1666666666666665,3.883519208195223
audio_664.wav,2.5,3.53511866693378,3.3008751368537084,3.567798934737585,3.3279116288773416,3.824468596365687,3.5504029852500243,3.750971583606036,3.5816312741787293,2.9953968052653135,3.252950064765562,3.320723283810132,3.2091189691214743,3.1625729611238658,3.0423972298799318,3.045686988371411,2.868489358203123,3.261090873213718,3.256020360333285,3.325946178195638,3.260988991041407,3.483957935261767,3.340111278305585,3.6513236572763255,3.3758627333889755,3.6072219103046037,3.3167409094354974,3.6072219103046037,3.3167409094354974,3.7248144282243953,3.484687522661917,3.1665417729436647,3.3307281061352865,3.1573774233396628,3.4316592400624955,3.152677805308431,3.216662111145517,3.0,3.4803163990557486
audio_701.wav,2.5,2.8374059286380877,2.7338664339082683,2.6190191629362687,2.6155759601968094,2.639294740429532,2.7160121221393148,2.4902164000033835,2.548307159394765,2.307957915410183,2.7187898891443845,2.6372348335090887,2.707872805829733,2.5061099786322223,2.7680173885060584,2.6315466375946492,2.660273619507329,2.895417425714893,2.5992110264891686,2.807917578926862,2.6085332988056855,2.623065453957136,2.5472188116455587,2.684930478751425,2.689288388926957,2.6598652411202486,2.6735374007787507,2.6598652411202486,2.6735374007787507,2.5363961183442405,2.60896354764616,2.6398148096663965,2.637621483044677,2.488870100141533,2.692167803833898,2.681107849483169,2.599495509904126,2.6666666666666665,3.0241816924322484
audio_5044.wav,0.0,0.0,0.3753577513380284,0.1271160799342237,0.24940476145588075,0.0,0.35155577739047494,0.0,0.40787441543696473,0.0,0.43363092990591623,0.21336269123234874,0.8390138628588226,0.0,0.743374636407947,0.0,0.5234620315184427,0.0,0.9251664037157058,0.05987818299340564,0.5795955113387795,0.2712796684273311,0.6090961005082282,0.24530287610618076,0.6471670370382078,0.328226536115744,0.8692149490020006,0.328226536115744,0.8692149490020006,0.40009961219722695,0.9443716104155083,0.6426413320158911,0.3296769783805209,1.4822917221205774,0.694679393663642,0.8626347526471871,0.5450989455657743,0.0,0.12105271720359621
audio_734.wav,4.5,3.8129920121111134,4.52352015670898,3.88465417686438,4.220689946386771,3.695059636566245,4.104231501742941,3.6174618047683302,3.8245432164116426,4.029614133389193,4.324142383030719,3.929074341550328,4.217052485564866,3.8365837282753112,4.099279899760592,3.8263757000429215,4.080750723129444,3.6700383109741583,3.9457835960829635,3.664891069353112,3.905236566986788,3.81048940910456,4.154786222443239,3.860776091854953,4.209937022695995,3.698004022229778,4.1284399821603115,3.698004022229778,4.1284399821603115,3.704398423139929,4.038828763510215,3.3596897789854627,3.4944255791270478,3.4125409965484366,3.5038784770752454,3.368387063327057,3.494112568181636,3.5,4.110563151551404
audio_51.wav,3.0,3.1660514361558216,3.7264290764689583,3.473368230648535,3.4434595396336207,3.6190467486814417,3.5107119822394046,3.511184794601181,3.7168702274691032,2.5907281144840426,3.223808850258557,2.5474072147319298,2.8397860180890206,2.9795225380692205,3.0384743677955774,3.191692205041918,3.1212241915572263,2.902786692516027,2.946425787184131,2.8249335349517106,2.783730335429644,2.9910831599145062,2.926198189265749,3.119836111417103,3.076913270288203,2.9365044654570163,2.937540085458028,2.9365044654570163,2.937540085458028,3.476916173185477,3.1737170438425646,3.120046415442477,3.101165324278805,3.0834792833004534,3.128914821714082,3.0644950084233606,3.123668422083601,3.0,3.198201827502192
audio_704.wav,2.0,2.9303620428233583,2.8182859572334045,3.032308940103658,2.929601875310448,2.822877305039087,2.735336088394192,3.2099325429871524,2.6723225975879017,3.057819749564749,2.7362099396748687,3.304485136732296,2.7090391874995476,3.353365652939186,2.7771205578585203,3.0956130998794418,2.926909210629468,3.127525457986126,2.7078891163572867,3.1214711238711814,2.6767194429551466,2.8949807400853995,2.6002333055902453,2.9845829512459576,2.812106306951968,3.033178955953155,3.0607644157168017,3.033178955953155,3.0607644157168017,3.1980647380416944,3.036556279875599,3.1624201774453624,2.9354309709825586,3.0856904502257017,3.1019713184509903,3.2146528130267953,3.0083339750245073,3.0,3.146109445352879
audio_129.wav,3.5,2.580255556003674,2.979748658935227,2.6491797334868945,2.9229957539369473,2.582984494819559,3.1466089366286183,2.5697748008334815,2.8465472500379843,2.2866785485530223,2.6130809061401674,2.5797201594984585,2.9602945615300396,2.540259879933475,2.7637190942036853,2.5188094509391408,2.9224374871824126,2.8001850469139753,3.3024780402298286,3.1365450002906687,3.533752510725904,2.906867526540728,3.251178267713648,2.9516650920662078,3.249107443991688,2.7402197472719627,3.0976395221250463,2.7402197472719627,3.0976395221250463,3.2730377506527026,3.5411134518299803,3.8999419533244795,3.3800126989968042,3.570822325239982,3.226210533998996,3.8586366357371347,3.3577322798085247,3.0,3.637211837101153
audio_107.wav,4.0,2.605797365846756,2.753717564101015,2.434979839987881,2.553034524529052,3.120021129883106,2.7757373587547485,3.1149217558390703,2.7938529919272566,2.0898267679737237,2.2226125950932354,2.2530161420660497,2.4085170273462517,2.780328561413891,2.766725791311014,2.8608651145142034,2.7157291856641144,2.871854965148536,2.550633905124844,3.134426325058572,2.7775594994713475,2.9994371725975735,2.93497855491227,3.072314388866628,2.861016453003959,2.9284195447753025,2.7799603440604996,2.9284195447753025,2.7799603440604996,2.709884896438974,2.618850950594273,3.273439571345102,2.6558677061849494,3.174723854326993,2.706112253476217,3.399280586467244,2.63461084887865,3.0,3.350603880988334
audio_143.wav,5.0,4.408090345834124,4.7196546679413585,4.752301159914183,4.540882431239914,4.331631442342126,4.337452995469136,3.997978311131267,4.140133019911746,3.8589216757759224,4.161124519890343,4.1541060954532725,4.352271696974999,3.8348655078465925,3.971163020346822,3.9415684049447393,4.051412977135441,3.8850517839799075,4.039834107543581,3.970906036886198,4.177521113076433,3.913998018869272,3.998263298589477,3.721839909450942,3.725611819812388,3.798802851476997,3.8321782586730424,3.798802851476997,3.8321782586730424,4.130646336373041,4.030151795234839,4.040703625738398,3.8112267640712676,3.9472430023774163,3.7194971220607407,4.015737638737132,3.8294384426176116,3.6666666666666665,3.897415019356481
audio_458.wav,3.0,4.557366921980755,4.271767568989827,4.395383004161914,4.053971214967375,4.963619673513553,4.088574146458363,4.783968286497758,4.0469581663377765,4.308730464197255,4.353058201417229,4.274753716424522,4.415428138628619,4.408464769089859,4.216437869100301,4.03524515869026,4.0376934217052325,4.332515622703191,4.160409825709729,4.377658275562857,4.131046531807187,4.39738813210401,4.2381999031806465,4.453726901205212,4.112547982468218,4.167092036184591,4.077037420764486,4.167092036184591,4.077037420764486,4.569829522029868,4.3385506353254,4.744712174948646,4.386213251923479,4.687383971250206,4.24247934562662,4.71847192032229,4.35038789588219,4.166666666666667,4.210907908666926
audio_424.wav,3.0,3.0199759102733417,3.0042559694380864,2.9451469698444392,2.806642681486809,2.34701398658379,2.3877679787860244,2.6223275521090095,2.5483761506069964,2.5004001024882685,2.3363106511076084,2.72254666323008,2.5830994441053288,2.3110193957466403,2.3668589202745545,2.6804218547578267,2.6065763014818817,2.5401446758995476,2.4666603552994815,2.516047369003145,2.4223569798555054,2.647811485886073,2.5410625554203503,2.6163177909910247,2.6044465208590197,2.7015205294958906,2.793066679430204,2.7015205294958906,2.793066679430204,2.8247002125898164,2.830608689773063,2.4865211986213054,2.6094828126540883,2.5093590658075207,2.7218144724096773,2.4146941883117274,2.537497832615687,3.0,2.793708031376261
audio_563.wav,2.0,2.787714542568395,2.5978798599034723,2.9943990135553578,2.6901787655808644,2.346206220348695,2.4383481521010784,2.694906833976221,2.4261034069605305,2.275286880915124,2.199777143174033,2.4821128229530594,2.2583427521191415,2.341312642489913,2.195408625097604,2.42897512695152,2.267796528871083,2.644568708770736,2.5325268624734636,2.4606153187080575,2.4785972320027567,2.479858594378774,2.5044437589427315,2.7071429896341344,2.7243318025081553,2.752780310566392,2.725637769740245,2.752780310566392,2.725637769740245,2.4511323128203117,2.607744373607624,2.6334609647350393,2.613048649812285,2.725046338922071,2.6324290312843464,2.6473910630595245,2.5096377442399085,3.0,3.3099555807849064
audio_625.wav,2.5,3.478337499995693,3.414204027396911,3.644889058294474,3.2659150776577377,3.3378874357093338,3.1993553669710373,3.5202626548443896,3.250278271150098,3.456610198138124,3.318836467781272,3.2075223442945364,3.2408087292803542,3.1345671759622764,3.0797954905998672,2.992560761639495,2.859726712837991,2.9404005307506025,2.830225054875205,2.6716720590794396,2.648841458775419,2.9407565094848565,3.007222017022091,3.1164442110630204,2.9689766818478334,3.2129645954348067,3.056919939507747,3.2129645954348067,3.056919939507747,3.2972439095861272,3.0819693724769017,3.186873839755862,3.164283235528489,3.2598115663905296,3.1599339121478027,3.1901543574937796,3.1138583037350696,3.3333333333333335,4.3783321521106835
audio_302.wav,5.0,3.894282466158051,4.44811600443234,4.26321306449337,4.233112425288857,4.537803101878656,4.60139719849971,4.216885680968512,4.408459674154113,4.162357399919494,4.603929392068582,4.243060750836779,4.594946884661936,4.259581759917959,4.602275094641164,3.956683776076524,4.487812266693635,4.230721203385078,4.7603126810308005,4.233047450824181,4.863240673863253,4.270925423565719,4.750978263615815,4.565906767120411,4.921475376578923,4.520426365983433,5.0,4.520426365983433,5.0,4.46023767445076,4.804198550277668,3.2755085745382395,3.8127649879570327,3.2058122742218393,3.8857436000208403,3.1745923419563447,3.7303123391702275,3.6666666666666665,4.270015185803144
audio_154.wav,3.0,2.7390295124092936,2.9805091515799145,2.8311123232461632,2.7755131150157744,2.6365119984053056,2.5159891082990797,2.8729653595510194,2.783437345210208,3.1587953773288393,2.965846077444036,2.8247342986168165,2.7197726453728244,2.712989727402128,2.697836413886687,2.7744344632760662,2.749718110030044,2.9417058444586908,2.6665451470725663,2.984627782143086,2.809363729734857,2.922049805955514,2.9493494443245574,3.04026890264721,2.793715620535704,3.0828919520843114,2.7570371715870903,3.0828919520843114,2.7570371715870903,2.9921836150144316,2.8857509779532937,3.1089360791933784,3.0554317909067343,3.198327949280888,2.968735692242669,3.2047144065500976,3.0195578694928717,3.0,2.7941594024515086
audio_754.wav,4.0,3.374749693675976,3.2508085196916845,3.3534448331702644,3.201828237957694,3.151825886129261,3.333024652008325,3.166755591748116,3.331095824396019,3.17914387811024,3.2491472662563226,3.5181146236458467,3.617880862361371,3.4622893835154804,3.698703144758183,3.7716677315756137,3.962370776806196,3.956932580973195,4.206280971672655,4.1029545561809675,4.419101362393311,4.217548683253566,4.464893016497831,4.140577157773971,4.350090305390278,4.110752044103893,4.2864314906416565,4.110752044103893,4.2864314906416565,4.011811643372468,4.07889032818376,3.2888059005761785,3.7384468425260073,3.292848199952413,3.906046415772622,3.2896895483957813,3.796107737218897,4.0,3.848223073393841
audio_749.wav,3.0,3.261000907769615,3.0654186437090494,3.145057218962883,3.134075359521011,3.629803800298078,3.2623932292685875,3.0915870642973036,2.8398627212000753,2.738585212382221,2.6803569542092105,2.852168834353023,2.9266033979087336,3.1105028774877055,3.2396051361528877,2.7106984476214193,2.846357562113163,2.7237890948328025,2.7448178194713493,2.8579694684808374,2.99104282124339,2.7936325157951516,2.7148440780241323,2.7684639444522596,2.8521368391853805,2.6547360339296975,2.703528812608244,2.6547360339296975,2.703528812608244,2.547798195675167,2.6799829485896542,2.673141601941142,2.663901423275499,2.5676000423490364,2.785579770256264,2.6465923099440634,2.65724422306181,3.0,3.3763957239925575
audio_366.wav,5.0,4.307434821884254,4.800961830985658,4.282313637786891,4.626487334132386,4.600439330599815,4.538407175078288,4.422105049020829,4.586398593726899,4.744586621867178,4.719280948578577,4.782218144858409,4.760921418634046,4.820936380324173,4.814642019626865,5.0,5.0,5.0,5.0,5.0,5.0,4.948981774074444,4.731849835564554,4.745299753844309,4.818430066304416,4.782343257448007,4.871864899996851,4.782343257448007,4.871864899996851,4.642546404982126,4.757720121246439,4.425525459473999,4.705165591400136,4.48167870770845,4.401172236044249,4.413982779803643,4.766428792302068,4.833333333333333,3.839228550815482
audio_693.wav,3.0,3.4079791247169524,3.8016110847881177,3.839229732772756,3.8881219066606847,3.793940373061133,3.7150535458737886,3.956450662765112,3.870385320352287,4.089278092848949,4.03614229953142,3.786389995519926,3.952609896930259,3.985398575021383,3.994946738800344,3.827172369197605,4.092620529397473,4.118901077133491,3.9813355532607346,4.071226710966432,4.045742604126377,3.9201358422408816,4.091761712805975,3.8741245823584998,3.7672492667198085,3.86422561884871,3.605972167673661,3.86422561884871,3.605972167673661,3.4326156122109595,3.4542807153256234,3.0546716846251045,3.315076877647197,3.0419876479677446,3.5272368236722964,3.0941566307815456,3.335315400223095,3.5,3.377492425125611
audio_608.wav,5.0,4.901325741176502,5.0,4.974867135094048,4.729549955301663,4.834828176309352,4.577113181966507,4.526452388708168,4.601479403905901,4.74721241891411,4.578132944780142,4.93561582691774,4.789286299779908,4.214692960859456,4.550389663526242,4.2674220217867385,4.495581269153876,4.081298918060391,4.363181739582058,4.210414512137209,4.384945553106779,4.288821031259933,4.562087009720201,4.436990372715784,4.747339866737097,4.349110270341419,4.685105024404973,4.349110270341419,4.685105024404973,4.33878608402798,4.65939745112187,4.736758555546086,4.70761613834362,4.8418696213861425,4.696898822408911,4.754672008773864,4.722808620931313,4.666666666666667,4.907967886342731
audio_220.wav,4.0,4.218238695134027,4.153778123817226,4.374675167762168,4.223472630452277,4.2864662088763295,4.0669584129824194,4.5094883391331875,4.267863865730891,4.141873044229786,4.1020998198515795,3.800179442366949,4.008354527264648,4.111453607095338,4.071465428519983,4.070463303832878,4.043691516696673,4.0467969984041465,4.220641718747416,4.118604218426589,4.294356298073272,4.04827232240673,4.2657093567866955,4.065639278182794,4.165186917346019,4.0205072704124625,4.032836680156362,4.0205072704124625,4.032836680156362,4.161003161657502,4.09919659419352,4.523245447267384,4.302060399080159,4.608258091351619,4.497731417139462,4.520826473317241,4.448154584917507,4.5,4.234369521144717
audio_761.wav,4.0,4.312455537264163,4.264749903797809,3.9663568135629395,3.953897790364342,4.227159453139003,4.089794456632826,4.131137905340359,4.013563518214238,4.062971829548064,3.7836664635542405,3.8229649907432957,3.993606994794668,4.169369113909114,4.142766699923673,3.8459806860312375,3.7390352179003266,3.749977312942162,3.619938329595302,3.6780933084967664,3.6445996736655704,3.4891709588836815,3.4779209171000383,3.6436563025284907,3.39686922732638,3.816040572074997,3.5934534116790107,3.816040572074997,3.5934534116790107,3.7885737936715302,3.654358223647558,4.708035680277313,4.028501508372107,4.6162925355016275,3.845946831270494,4.694182017647008,3.9109892515473494,4.0,4.295651329884831
audio_640.wav,3.0,2.3295018047359055,2.87256683435176,2.691085387505252,2.864455800873255,2.447160271712337,2.7967930410965973,2.798442117564354,2.718140651668723,2.6399660019410303,2.5531466379533763,2.5559372360375923,2.527825280284967,3.1418214604203887,2.676191737408814,3.0412309654792087,2.734323461542582,3.054217861871452,2.611771063963957,3.544080747970575,2.8975148900203984,3.310919852764082,2.916603354727242,3.152993145553637,2.6926819958858013,3.014172823620761,2.7238750391597564,3.014172823620761,2.7238750391597564,2.912985994343783,2.766900475345015,2.8610638468478764,2.8154717379802108,2.4968037640204623,2.8875701897029784,2.7398377612640368,2.8206799442386123,3.0,3.0168502746974553
audio_67.wav,4.0,3.283721714032156,2.870571856403767,2.7342401165430723,2.6070621053331156,3.2922110631322874,2.900066383027246,2.9847837141216775,2.8463942452087507,2.9943883338737667,2.994621661263379,2.821431831791518,2.796345759510661,2.7301071628682627,2.6716281221306133,3.0251405867202332,2.8140974567536525,2.863541949902006,2.768048427364422,3.1373980765608125,2.894042187677781,3.1379119122746615,2.917468266212186,2.8764002988242403,2.832754556033354,2.8231686001746574,2.722268157275581,2.8231686001746574,2.722268157275581,2.916116842365701,2.8320259837198907,3.726043833160645,3.5956851797384073,3.6039301384165303,3.453850600747101,3.670931857461582,3.4589092291753922,3.5,3.1776531143131166
audio_299.wav,4.0,3.5247171170968628,3.9832198095325158,4.334872455984704,4.40042650569588,3.996700825469785,4.21818842786293,4.00887544041553,4.057623354371436,3.8769026756000025,3.857629456383632,3.81284800811342,3.6203569702550156,3.861926936109992,3.8559997039707437,3.802932017817788,3.851501154522932,3.9145743364487764,3.8828734634315225,3.892695206890025,3.8938996454352712,3.81723573686574,3.8044444850248915,3.805393006444787,3.7369964842082832,4.010638582333271,4.075305487442754,4.010638582333271,4.075305487442754,3.969710916402064,4.003219037666686,4.155226853656555,4.044222175234335,4.2637072722277365,4.227581191192736,4.192827578574453,4.149288737575855,4.0,3.705627139120178
audio_102.wav,2.0,3.9370769384306255,3.4867322512026533,4.2596437437793435,3.553044684860866,3.6125397139527116,3.56559029373386,3.8131568921493275,3.7509163922410322,3.872059154052893,3.6099531623641474,3.602533868474829,3.4507248304198552,3.4007753946044783,3.37894725203148,3.4499975613727707,3.4479666208348707,3.3367862502010355,3.28804930357814,3.367837344284563,3.258546890760116,3.5066596327486095,3.3814205791976275,3.4438467456513373,3.1677243941904742,3.6432533091437005,3.400906357464429,3.6432533091437005,3.400906357464429,3.0179346785748677,2.8931879144352415,3.084012964020761,3.2477489716432473,3.1244238358841163,3.342918301592134,3.047890506786023,3.2102124832269214,3.6666666666666665,3.402892503637416
audio_258.wav,3.5,3.4593497327118787,3.7626134452720734,3.3179830818340013,3.4261491233412733,4.003779312465938,3.5155086020091333,4.1711413753890545,3.4234198716344615,3.0333286577823384,3.2285902961388793,3.4024985165102457,3.46487556582143,2.9331996745551763,3.365748677399312,3.465739226511897,3.342084036577811,3.4470967119399174,3.2738627860920815,3.4380290408551537,3.478905826313355,3.492542147973722,3.376795555109536,3.311262345111961,3.4932177993751985,3.061670307038352,3.4111067694484176,3.061670307038352,3.4111067694484176,3.2018251453588515,3.50683143695955,2.9922054542148966,3.0451540722969916,3.104587580061479,2.945962367090202,3.0328693939222844,3.054404715169769,3.0,3.4043210700576405
audio_679.wav,4.5,4.3611535675442425,4.678307362929894,4.823051290782009,4.764769092204186,4.912582657586449,4.74158066786057,5.0,4.966310593634851,4.853263492770873,4.738347742834294,4.927659378992538,4.878215955823397,4.928235384145159,4.972105818150577,4.90347792987825,4.7568844477254935,4.763451660148426,4.927220032051854,4.810912932625097,4.772785288010986,4.832119317654694,4.7523443021123795,4.835591827064423,4.894159188779473,4.677902932191963,4.824643805748489,4.677902932191963,4.824643805748489,4.840462452390224,4.846776146082364,4.996009000507294,4.980068788913961,4.987288398360785,4.945411038426858,4.996195424721685,4.993515672058614,5.0,4.603161253275135
audio_82.wav,4.0,3.818665706601101,3.561561429633126,3.6825247178490534,3.3763483480132988,3.8561849106689006,3.418478335407404,4.364295191228833,4.096950805323024,4.441473395402707,4.3491576402379835,4.141425511179324,4.2518006085450155,4.145975046040809,4.399715020720719,4.00443667004066,4.398172451827965,4.292049204473362,4.603461134857166,4.21349421117766,4.725708301133747,4.157912343959641,4.595676302974661,4.279970180023157,4.619045677913934,4.221803434469418,4.26885245569783,4.221803434469418,4.26885245569783,4.295354330418108,4.362168972703301,3.830447196760091,4.082713486880138,3.6444039719832007,4.106969562414853,3.8452439123534483,4.1678247452875326,4.0,3.5266492868658177
audio_325.wav,5.0,5.0,4.7330289250003865,5.0,4.588278172992783,5.0,4.837788920838858,4.845163501915356,4.852478112767873,4.899509381423122,4.91546036847042,4.908107243800443,4.921522351719603,4.891886267403901,4.983862458349188,4.843411789028141,4.914975240162608,4.815154989989317,4.9788287876115165,4.758995037529598,4.912057430402601,4.771206682699209,4.979543649069801,4.918300309806,4.997386929151413,4.986137618653314,5.0,4.986137618653314,5.0,4.765542501705445,4.8402306352852635,4.208896692355615,4.57883789135018,3.9790379803438056,4.517240253850619,4.154168081675019,4.665845397442635,4.333333333333333,4.18830690881846
audio_399.wav,3.0,3.165360093315094,3.0547259233767883,3.097093684774666,3.041876277939599,2.7832108688536956,3.034700609282528,2.93084360059604,3.1624147859084513,3.2516473443634943,3.2496919402291105,2.877596569390395,2.866579484965562,3.0283769072020417,2.7807905313084373,2.9093347846811533,2.6384033513971583,2.7473762085314455,2.516041503159825,2.8298989006682227,2.5112848599716497,2.873717312784187,2.4116682279978496,2.8290527448087777,2.6999262266656046,2.7643298918997044,2.5734607383156285,2.7643298918997044,2.5734607383156285,2.470469164412315,2.34973852673396,2.9730583397262875,2.7743895214248595,3.232897413967496,2.974824022483247,3.1111518502514,2.937595788274406,3.0,2.912196809084018
audio_285.wav,4.0,4.3339792447044205,4.254870299326712,4.691600996761113,4.547514675114412,4.644395195573417,4.563939351918746,4.458250485945711,4.343716963309329,4.149660783976406,4.21695563945862,4.295462715661816,4.0435271682529095,4.1472309880034635,4.026659509818237,4.215054328498321,3.8972821727072726,4.589146570461648,4.053134925761866,4.335463728807792,3.800928291552104,4.433102458050193,3.856686023461067,4.350952988608856,3.717625032567911,4.25583447056453,3.7343245235632616,4.25583447056453,3.7343245235632616,4.217168494773448,3.757512501226025,3.7098139588618757,4.0367065971408085,3.697516689566472,4.0007734433807896,3.7163238539730687,4.037837829766921,4.0,3.4692386849226513
audio_784.wav,4.5,4.706499735441008,4.665548483018426,4.5228535731059525,4.7288395570890644,4.965150292994907,4.830179470326323,4.873062293348673,4.8177778194041965,4.355020842603789,4.682427209562019,4.387916870946261,4.78270497273554,4.86016081551256,4.874965533919511,4.620987055814012,4.672240187479097,4.401262319976605,4.574923862861151,4.570102843707783,4.428854776839835,4.512984305649835,4.455362984344339,4.581076361902006,4.622913978078596,4.739148630986063,4.780840577951736,4.739148630986063,4.780840577951736,4.741337611976902,4.637986054536952,4.0883953889835825,4.626407661542985,4.07779763065356,4.777161270731976,4.094656165130733,4.638560448256593,4.5,3.798888956312201
audio_0.wav,3.0,3.0227480363876347,2.79367686256341,3.6823712882198696,3.402461254680239,3.349416792412009,3.530540580519696,2.7089273654667543,3.0827593192186256,2.7732491348202886,2.9727855117434925,2.5041085367229097,2.725732469148204,2.7068964623610285,2.7554419877070693,3.0144473654737403,2.857401764047536,3.005248821744648,2.7096276185212056,2.874393553914239,2.7031367879534023,2.9806262253075695,2.934996565867048,2.918176687587439,2.8861182363848816,2.81950665056431,2.701054728828718,2.81950665056431,2.701054728828718,2.8303204784723146,2.8527475588414646,2.6767020734323563,2.9351231363098598,2.8429116814354374,2.926252136604154,2.7471776752711037,3.019815743746435,3.0,2.7074559114522727
audio_435.wav,3.5,3.1122855908613225,3.688708407931744,3.2515956804574446,3.297904252132248,3.6481763209650384,3.6496844974036122,3.3393428385479056,3.561698139702376,3.297821148336459,3.4841009459066754,3.3816050309636783,3.422276636638912,3.2145575157230932,3.3378162958413817,3.3599213040644016,3.4861197814859874,3.5252937791722663,3.507911245276316,3.6781801167397306,3.6234359801587313,3.5157458765674128,3.4323687082699794,3.433953157625107,3.4004931976067794,3.298657395462264,3.4306263472853566,3.298657395462264,3.4306263472853566,3.3890302495603586,3.541884187357031,3.8477740028453824,3.3700501067260653,3.732715290463759,3.4072223983322747,3.829259625725809,3.373269664546236,3.1666666666666665,3.5110766193868908
audio_91.wav,5.0,3.005001750291971,2.792955863958266,2.847164551307215,2.858246775388667,2.61658163095746,2.6799318104073966,2.8948418335093664,2.996843610206742,2.8797140474265874,3.164872817919411,3.256420519843838,3.102634484522764,3.0822930918227676,3.1373273181081633,3.185134272131807,3.1919594047550315,3.5489171949584084,3.6414497126959997,3.437446771503934,3.400259051810566,3.6783391921045485,3.5856484254217844,3.6133113844402054,3.597941884294666,3.459606503225865,3.56454811508047,3.459606503225865,3.56454811508047,3.3873758199567088,3.5455283770289405,3.5773708125494736,3.3265837609613373,3.866255797536627,3.5116185216821703,3.596056531851645,3.482659505860586,3.6666666666666665,2.7776612997059065
audio_109.wav,2.0,2.032163084971827,2.204102172414231,2.309665470552684,2.317549411158279,1.8850894051992195,2.2809982923318586,1.607954844531138,2.0044755531973135,1.9150404268795567,2.0205141457142783,1.5570511166416587,1.7528143688780922,2.2168224450601763,2.0274631198083957,1.8193601516237095,1.868158881813919,1.924521189580873,2.080905118329961,1.943084075778357,2.187695615805787,2.2005304098411647,2.287275296960518,2.3796488861282943,2.304831553489391,2.161093301143127,2.1683572038181986,2.161093301143127,2.1683572038181986,2.2486460944466216,2.480891243109428,2.4722904472836027,2.4260672212481795,2.4392523672611093,2.345205675931764,2.538798368102434,2.329269781197019,2.8333333333333335,2.3498693119395804
audio_772.wav,3.0,1.7724755655769704,2.95827925752909,1.3717890612005992,2.6320050341294436,2.493794709814322,2.730062772361384,3.6934199672640085,2.667184553830435,3.4112603861705217,2.709162622346305,2.121102878690667,2.571341672659188,2.5500347108162464,2.6231354352659366,2.671282675077451,2.437425270477089,2.886270927219805,2.266372678005231,3.336292576861234,2.575621596988753,3.174805368604007,2.386610918278444,3.2685950530456505,2.326324192815218,3.3692248999705012,2.1599159744824985,3.3692248999705012,2.1599159744824985,3.3291970371710597,2.319583916673882,2.635490475027741,2.735728489983743,2.621145000985965,2.715657655228848,2.7525560213188194,2.682615806597596,2.6666666666666665,3.2253368048400737
audio_270.wav,3.5,4.3597690129898305,4.108114590526515,3.858174397057296,3.9171767463978675,3.296212471184731,3.6393102713752867,3.9872425440228993,4.052247178952361,4.130841660703417,4.35954292611196,3.42046163828554,3.6613687460336606,3.5676797097041786,3.8794498503831196,3.627382961625525,3.674677347441453,3.4946489823780253,3.727874869530685,3.2232081033854647,3.4232473958163037,3.3516277140881723,3.6023986201051676,3.2444086303114,3.4928238512935548,3.146345106774278,3.4334059291633987,3.146345106774278,3.4334059291633987,3.347211549699088,3.667819840852248,3.414607217398345,3.1017255440980196,3.260576767840383,3.3333438242346056,3.4364968997231604,3.2690578506123047,3.0,4.083265164194317
audio_528.wav,2.5,3.8697720511695235,3.7972163032457478,3.4495998956774696,3.474002462467652,3.0952323309722867,3.4313015209792135,2.6567181572697303,2.907551793575452,3.092176320050376,2.9204386399486815,2.0256798977941375,2.372250349825259,2.8194418267922265,2.6095371429091156,2.5462731031589363,2.4202886775652686,2.7592103563049353,2.737309929154296,2.7346502332824554,2.833462497398371,2.401174581498918,2.6877882850180357,2.440355867312853,2.6164078325944633,2.4900233590908574,2.4745778801591922,2.4900233590908574,2.4745778801591922,2.5948952739647293,2.6172835219573645,3.1604448906000733,2.888597636315737,3.0902691815010708,3.015523981150006,3.0086258333169194,2.8060855660199207,3.0,3.533908319462856
audio_441.wav,2.0,2.348834738256669,2.236397070587913,2.0147330551033917,2.2097336227168483,2.5413807182583583,2.363291290950667,2.468959495595591,2.370535525339141,2.5852429816760845,2.4822491517385257,2.5465938616213992,2.539371641702946,2.624186757503031,2.5971438122961072,2.39382034480304,2.5816663250300596,2.5121227584581605,2.6171454594323653,2.605829128618655,2.6773527162575657,2.4334733327034255,2.6680932978382117,2.525583506526882,2.6808785342123493,2.6170018222157325,2.716672640002084,2.6170018222157325,2.716672640002084,2.6391089331908413,2.6695792040623374,2.6520628712900733,2.624545452804945,2.6395279144007664,2.540146638504538,2.695395215053965,2.521684918367679,2.5,2.715734284068077
audio_381.wav,5.0,5.0,4.997684507189836,4.9236717700078625,4.830000926056493,4.869281815827335,4.77901861432492,4.923539052313692,4.8896621681308785,4.8449844134125355,4.7553175358593425,4.556821866003564,4.528252137222986,4.731198191580487,4.906549167148225,4.738924800629742,4.917934101223054,4.708856419709469,4.908307411410131,4.878344448555471,5.0,4.818169298858611,4.89604608230385,4.766123140194453,4.921990717127947,4.712311123301394,4.8809419316132905,4.712311123301394,4.8809419316132905,4.527421570554101,4.764669263703307,3.8722000361942164,4.494362467395903,3.7371598237028696,4.400255995551803,3.7375384691786544,4.426719180693074,5.0,4.365400793675614
audio_86.wav,2.0,2.4053354913200375,2.722683473353546,2.3281737204536403,2.9618207383136492,2.101386340074836,2.697791960267832,2.5769515836181713,2.6781133179549084,2.8063470684598557,2.799051639171573,3.1131692514862053,3.007189064866408,3.3054431232383354,3.1035734207593486,3.273546251504745,3.2436472503012634,3.255185697194967,3.1380190072266756,2.996631081047314,2.924553244399435,3.0767222647815125,2.9830131749712208,3.0073052631594313,3.1266442707494853,3.2248759534947333,3.327751127189863,3.2248759534947333,3.327751127189863,2.7176499666818095,2.837982224428329,2.443517037528112,2.9546742662457834,2.750218694733005,2.8741914534748383,2.5337887190264228,2.9393857192547324,3.0,3.3802769991042005
audio_101.wav,4.0,3.422150223710402,3.3483601646974215,3.3605476548710533,3.5816465753233597,3.565244930836805,3.6612435447894476,3.9461046860885376,4.007778349857116,3.5206538845100313,3.95325028115988,3.800226672936749,4.080891325335748,3.640235344108486,3.7050657575940615,3.7605715274095552,3.7524044627252593,3.5362440298796582,3.5117950767108614,3.651719238050866,3.606466875032235,3.693930931988573,3.6608061034351813,3.4331097386396414,3.6072503696922147,3.5412023037043134,3.544316585690129,3.5412023037043134,3.544316585690129,3.3824400608538294,3.249088370055336,3.123360462581454,3.129438704085839,3.3148525883571787,3.3017841766991545,3.1713447669981236,3.1637445877409576,3.3333333333333335,2.8683643726867634
audio_333.wav,4.5,4.485213325321824,3.7202959900982218,4.296798539780744,3.826268519494167,3.7780692672427505,3.6825599043117916,3.873818544427651,3.626461129627058,3.6139491002899966,3.5314630632515596,3.561394399278477,3.4907126749427966,3.705381054884949,3.4501573734251,3.707689223257276,3.4446725030295755,3.8682417818223054,3.637344643781102,3.9351716324819175,3.729448103300708,3.820807333979708,3.556032555006189,3.622836822724057,3.3726684459544978,3.808140781875201,3.456744786030733,3.808140781875201,3.456744786030733,3.6755668235947128,3.439264968327084,3.6265250957971378,3.631553036873592,3.689076039775658,3.5646964239884853,3.546333452498112,3.499184285383769,3.5,3.95316529887165
audio_149.wav,2.5,2.4018963181639275,2.4327743017127172,2.4397473449777523,2.4242848382168183,2.314876140490884,2.5065565835092163,2.47129420978997,2.5675569629691775,2.8321975945246116,2.702052936668462,2.447364481881596,2.485327753220639,2.3977227162475034,2.3342044379350306,2.4626860241405875,2.4507265621995256,2.40396777469286,2.428405905682069,2.196945695992027,2.4241048268922736,2.3061933573431355,2.3673608168726052,2.313948246331377,2.4126031842394173,2.5777842814114695,2.576124850094462,2.5777842814114695,2.576124850094462,2.2347440849636278,2.497223162735859,2.3664368281039705,2.6820427466218706,2.4286158267290108,2.775912857289588,2.4342025507198524,2.6426283657077447,2.8333333333333335,3.048191094135635
audio_719.wav,3.0,2.8811018990869735,2.898660894131041,2.9356511371441507,2.9267762860991158,2.777904333336553,2.8385320847006406,2.8668911138403836,2.7697055782497295,3.1502670322091064,3.0440988900145034,3.2670054485773883,3.198788542271872,2.819284514235404,2.80161550810239,2.9737480923637434,2.964895840060258,3.1957562118890954,3.186260632343292,3.4978054444543454,3.475897133048585,3.4068748699841103,3.354838198386879,3.342255917349904,3.243591149805416,3.2733631251611635,3.1613256325481074,3.2733631251611635,3.1613256325481074,3.2339642845328407,3.1822237268879796,3.6715948733931967,3.467666413175533,3.5740322003357594,3.420344329933092,3.558492766518503,3.59424748157436,3.5,3.455432234981238
audio_638.wav,3.0,2.423326742507339,2.912152074868171,2.3575273194498405,2.6682431171461585,2.1236553008874686,2.5252696353322444,2.566119211825875,2.591607182740793,3.069863354256293,2.766594718788271,3.1870559600444097,2.7857063906370176,3.2623343415520374,2.7680014772815524,3.7731418040504607,2.993649354797551,3.7035086128845855,2.8971055740513276,3.6314898518410046,3.0026911240334875,3.492722470658124,2.9093583883649035,3.185412359464945,2.783133883550198,3.1288721961354162,2.8072208677607278,3.1288721961354162,2.8072208677607278,3.107171881097957,2.86508811001776,2.9037496617948286,3.0240438301123316,3.0024447074661786,2.8680945625844587,2.930727081044189,2.981489857853388,3.0,3.4373800463465365
audio_147.wav,3.0,3.087423931186875,2.955162385832152,3.0058094934353847,2.9791952156946366,3.4759723617371168,3.114406143474877,3.2976738650323303,3.1669278320104346,3.315793389210535,3.220818522808056,3.507196245261468,3.2949561283006865,3.6912151050816124,3.448445211341998,3.4619407065902337,3.3338064618610113,3.5138666287402365,3.436403802388211,3.1985366629954624,3.052292259295038,3.307222973142918,3.2427566836920927,3.249409529614411,3.0037670402742465,3.6433304084242177,3.4245050346130554,3.6433304084242177,3.4245050346130554,3.4968811495128294,3.4775350100567266,3.3066794029206013,3.2069316064049436,3.348724474283985,3.404226054060505,3.3192147417408093,3.215011372137976,3.5,3.680028526571485
audio_62.wav,4.0,3.691960332835452,2.7274050550757014,3.027206130896577,2.7124786486745602,3.387113035491867,3.0688395112690237,3.803893874336488,3.5445143658775007,3.325224209123439,3.547294736316882,4.318594795022169,3.897678694947585,4.512138581576529,4.260039621487194,4.300843630574871,4.165382715391949,4.060775973407018,3.9208106024280265,3.7876042694589533,3.8414641553442923,3.744222354152193,3.8274359930493964,3.9003168983219196,3.9466050337585785,3.779531698602888,3.825844768020002,3.779531698602888,3.825844768020002,3.702233650330823,3.7654248913184567,2.8878038379824464,3.64456389580859,2.769816718139674,3.622377841387312,2.8785551079231033,3.598503663271094,3.3333333333333335,2.7653025603957917
audio_763.wav,5.0,4.629571928086236,4.782870407537902,4.727695597186693,4.725593135623657,4.891782758118419,4.8153218503215065,4.6549564324533055,4.763340665954557,4.8283660258859085,4.7466145617240025,5.0,5.0,4.850061191030995,4.915080944681175,4.992026422482653,4.9795792328493205,4.982931920004874,4.950479682315988,5.0,5.0,5.0,5.0,4.774929866921571,4.909247388836449,4.86046628149075,5.0,4.86046628149075,5.0,4.999439742263983,5.0,4.7073820131025235,4.89283295140437,4.854816771299509,4.870389483514971,4.747104739891147,4.9005265090179195,5.0,4.470876840571052
audio_498.wav,2.0,2.4594386151297734,2.547247462330869,2.6891803745646143,2.5434785499854313,2.453843845198111,2.4581863964307096,2.053214136895786,2.2836251698810233,2.012174396478927,2.243284212732879,2.181014534258884,2.3812821203058814,1.9340285614229915,2.150015431264001,1.9443681269871218,2.26989382946266,1.9126832939129201,2.2767867986039536,2.431606524224659,2.3253667297307956,2.5006732724314276,2.492277682790442,2.4605395075506795,2.5432983320545954,2.439522643934872,2.4174168819921302,2.439522643934872,2.4174168819921302,2.3396642927838536,2.30973529985153,2.3079346819365667,2.2614159286579696,2.3309133074065254,2.461871941867455,2.359477986328472,2.3353005945844534,2.5,2.6619673306007887
audio_1.wav,3.5,3.228779842255886,3.2864947511085894,4.015370509181485,3.6299613692812307,3.6333313022355553,3.3845864836971393,3.443270495897821,3.3772194143585117,3.0877030770161933,3.0690448645168273,3.425698607696976,3.3879979191643046,3.5318207224247353,3.459795343742249,3.7429639309002414,3.6674640840330337,3.6197978945127787,3.606534053062125,3.390402498485844,3.2856571271829638,3.3105136077704125,3.4507465688419336,3.299418973883842,3.23671157606314,3.3845160208412763,3.209051943038395,3.3845160208412763,3.209051943038395,3.0970217173766375,2.971617186431725,3.1363298785685774,3.772389880876851,3.2462749779924853,3.750968603770388,3.2073559132638003,3.8130701587717417,3.8333333333333335,3.0622574081769898
audio_304.wav,5.0,4.981200536648016,4.922750473968599,4.9123253178979684,4.961449822787614,4.979646217796046,4.9913489867297445,4.873198695023759,4.928794920080399,4.894060755225954,4.9709902218408475,4.777314956993785,4.97091713172917,4.659418264390205,4.86453138543436,4.57099033188025,4.673094229097636,4.6735763135913775,4.728022392022721,4.886051919971748,4.949724030705331,4.976631480862794,4.965829557954966,4.757142092007957,4.740854303896812,4.561945793544745,4.644055231339979,4.561945793544745,4.644055231339979,4.687992983113276,4.818267105715203,4.664776206856316,4.683860872152902,4.681835434205998,4.6467728039356935,4.679205669207625,4.7545141061895,5.0,4.827703738268647
audio_347.wav,5.0,4.527320394462269,4.610739732733765,4.048172898460089,4.242719158102054,4.153039123291599,4.227414952569667,4.401608298881111,4.355440759209205,4.219740755349371,4.153560536832431,3.8632191857066314,4.126152810195477,4.166284347990076,4.50709185862967,4.0265270139623714,4.324403677687067,4.214730867075501,4.36542772748049,4.336551899469108,4.54234598469544,4.474766838128037,4.653878123174377,4.490647460191165,4.522558578715196,4.290020366740992,4.253768685046463,4.290020366740992,4.253768685046463,3.8081367117643974,3.7801334888232376,2.8987376255868664,3.7151173770262056,3.0119353799587913,3.803346237105321,2.967684299897471,3.5821079355703644,3.8333333333333335,3.8153587122784796
audio_560.wav,4.0,3.468062869937949,3.5324465987464397,3.6605690218301823,3.9955600366937642,3.543193591990993,3.8054697339245904,3.4061556345369834,3.6894547619156755,3.4210274031259438,3.596949635707807,3.1953851722341677,3.481784428511126,3.271769989416048,3.6179491384602938,3.404358563268996,3.6717383554944525,3.306796372606259,3.7255789864502358,3.4507200540354988,3.801070911702523,3.3718291756493706,3.694267505249209,3.1758636347593625,3.42372030174767,3.5504716354061956,3.6664765869091833,3.5504716354061956,3.6664765869091833,3.5824970482899174,3.7009939617411134,3.5228518644237377,3.466342715817022,3.459400547009107,3.4311793776490873,3.4907834171000585,3.4409450534783783,3.0,3.1198450167966825
audio_452.wav,3.5,3.7783756401009327,3.7862274280819217,3.215810886738421,3.157362849416581,2.698020808399667,3.0542037091191667,2.806285770976215,2.9516045251053353,2.5235961721599787,2.858844019209856,2.280418299715509,2.6438069996642675,2.5214635454281975,2.625800006822484,2.49940802915808,2.5294076091091147,2.818982162577786,2.8232260192925476,2.7596894569557406,2.909835554045999,2.949131185862365,3.057318889855921,2.8785773706897224,3.0788449034522274,3.0008872545673024,3.1735699997100433,3.0008872545673024,3.1735699997100433,2.851112481363628,2.8821658903330056,2.72761191757756,2.6908725526535355,2.7586049018340373,2.799103830389349,2.614080163025235,2.6853078243823787,3.0,2.751997656260708
audio_716.wav,4.5,4.041770127707783,4.325607314040089,3.7896737515904455,4.175017113133147,3.839360959571804,3.9195035877503472,3.8042709794907306,3.9782928398704964,3.9417956653145843,4.16460526673747,3.871590733798266,4.139909783840955,4.035278252615632,4.220688982943851,3.4224416740383545,3.9214958948385275,3.8071234142970307,4.1096206085032705,3.7348002443023476,3.9599289975088348,3.6028608713273127,3.913643708591652,3.7612584529195723,4.007989629157624,3.700771608750442,3.997910488520223,3.700771608750442,3.997910488520223,3.6836561664419456,4.088889746497391,3.818052724595743,4.07921919057485,3.7057822735342554,3.959493547527279,3.8430413199799496,4.0212778646645315,4.0,3.8016944285042897
audio_473.wav,2.0,2.9259863018160517,2.4471205408965395,2.643823647789365,2.5963147307846373,2.5828693571559205,2.5772260385155916,2.6964035756922686,2.6203383644472202,2.692720739960403,2.5284260842988875,2.4143690685030568,2.4373534512144324,2.499085078528234,2.376677305088869,2.469349207506213,2.388725704830411,2.2715947227944513,2.368640942161069,2.259499882097868,2.3853366903503677,2.3232598602790513,2.3250453779702758,2.3281196444962737,2.3930269867229654,2.625514154887146,2.505070934834358,2.625514154887146,2.505070934834358,2.4566202531293357,2.3227558250686418,2.6248106717442483,2.4624882398689185,2.4593288385046375,2.3631850151140608,2.6001067091126746,2.439504522868301,2.5,2.753568105193892
audio_95.wav,4.0,2.5960672762265533,3.1591476453113216,3.0056447861195026,2.8703596010190573,3.271408943477651,3.0914563002096203,2.9212270082565586,3.0318632975180058,3.546389548632039,3.4183860600418705,3.2503780580825037,3.4866792751329907,3.3195920242257198,3.3382580367088917,3.8349526495258495,3.8246414044185157,3.6797479920453284,3.9664315017492267,3.9031809710986,3.918576730665682,3.808949353364172,3.7699109249762857,3.734820091515223,3.816174080683922,3.853138375301008,3.904320801602403,3.853138375301008,3.904320801602403,3.6258806690842036,3.838800661872366,3.1639406956695253,3.572980783966406,3.134591571727286,3.543063627448758,3.303510274817249,3.6743757761744154,3.8333333333333335,2.5234865070325854
audio_732.wav,4.0,3.012361634847174,3.426811227896097,4.088786535954216,3.4994902444632388,3.5879335812347306,3.617048358343631,3.4893340548900924,3.770495053868934,3.3969160328983805,3.622222721954438,3.291555939065639,3.4800699319604114,3.244348762472699,3.3465146249547035,3.3135250599188057,3.2778403800378615,3.6699328841224848,3.4502123243592755,3.8315141174047973,3.691029348706977,3.691085724552274,3.5217472711651183,3.707948490744877,3.5071086087384384,3.6337609139963054,3.586361766032319,3.6337609139963054,3.586361766032319,3.455784424133899,3.4227750802030923,3.047866331075577,2.9220698624301384,3.0896031779204947,3.007600544742022,3.0796260336497814,3.0055806325316645,3.0,3.3547695433447338
audio_292.wav,5.0,4.685919650576284,4.711955164648283,4.899233462417289,4.824489411190046,5.0,4.914151733246374,5.0,5.0,4.9700318985224605,5.0,4.977565209019732,4.911671136997562,4.968659023009878,4.988926797479388,4.9341932152137975,5.0,5.0,5.0,4.973383403273234,4.899711485013828,5.0,5.0,4.982685545487722,4.948971973387185,5.0,4.9424000425428956,5.0,4.9424000425428956,4.996603304262778,5.0,4.9979064364022285,4.9891646338656,4.806431137594355,4.904800422143759,4.993492875464047,4.934333793511881,5.0,4.934223958567755
audio_469.wav,2.5,2.922163568395819,2.895557050607211,2.684958037837044,2.8072701933739825,3.0718075677634427,3.079549654431594,2.827243059619795,2.873082246552665,2.824517527224254,2.7915888198503986,2.914985495237748,2.7764247865277536,2.6427347408046113,2.692686800255006,2.9292635889003926,2.8506799889969066,2.851221680227663,2.7115910796005456,2.608586299403586,2.5017515434107946,2.756647407784065,2.6607036909949056,2.998204264827456,2.8727722349839246,2.832783697814722,2.7401258039267566,2.832783697814722,2.7401258039267566,2.9526969797148723,2.937852264244905,2.854133509437218,2.7364201215654766,2.714231136699764,2.709340870808495,2.9300329335929898,2.7674778454965403,3.0,3.5149875503996593
audio_329.wav,2.0,2.163544362919929,2.179791886743564,2.384169979698722,2.3251187565882714,2.714339679556302,2.382730602467169,2.7444769475509436,2.380296688459394,2.4514132225222727,2.3041270706885832,2.391813260005172,2.2435732089763225,2.6276345947936037,2.351908454271265,2.9015083948154263,2.7385814447808468,3.098962993019743,2.802233441617074,2.7702910432730388,2.635492822679949,2.753328263218846,2.586897573474482,2.6013984809057615,2.410544366220873,2.5683623562077296,2.431664095597244,2.5683623562077296,2.431664095597244,2.8819126401069752,2.7295164435745884,3.2684839560604027,2.8809401438479703,3.3371324651070666,3.0683882889141945,3.1927247923487205,2.9695703867326864,2.8333333333333335,3.2180853165937724
audio_169.wav,2.0,3.0013813635770146,2.4416385093346054,2.245088631368599,2.187876791871193,2.447475868498079,2.493115829971121,2.2745376982464474,2.3702536522877082,2.8657030189403794,2.6607362638268763,2.546590212933936,2.546779056492125,3.072135267104867,2.6488441170179855,3.3351537109010163,2.999243017082461,3.282551919750738,3.1836168555733164,3.1934976289110613,3.014784389995812,3.1957842974814743,3.0011228905209393,2.9385256150882335,2.642661126637088,2.825950807682066,2.732388468736834,2.825950807682066,2.732388468736834,2.8756187590434377,2.783229233379577,2.9541815396268274,2.8432067085022514,3.129505964396932,2.9809149410499156,2.944535000678419,2.792974479905054,3.0,3.349128747346749
audio_174.wav,2.5,3.403465762111587,3.31246065037538,2.991569860169546,3.1073912941738846,3.089512950225252,3.143273895892243,3.2895158932489053,3.1945219774797846,3.1910920521482127,3.3607676529971777,3.1439519372534277,3.2667797430579593,2.919193100039427,2.9548496430163222,2.802400536324047,3.0037335706972503,2.851737506633706,3.0274350020814786,2.71679934296778,2.8531831305732287,2.822426296835856,2.9421161939259637,2.867097356016682,2.9896403047715623,2.846859854992026,2.948262243280985,2.846859854992026,2.948262243280985,2.723323626749261,2.792745018027924,3.2353540858089374,2.8376686198028835,3.2885208025698476,2.9540979483890912,3.2137087839971525,2.919983416429556,3.0,3.40025575395337
audio_513.wav,2.5,3.458451343045988,2.594439644688186,2.540017218929675,2.4994096336355427,2.9448668852769853,2.768215818516527,3.0007387556144436,2.6670331829534386,2.960863313548573,2.760865905293612,2.7485508505786442,2.8393805263050935,2.895942157671166,2.862597126561225,3.1401731661840997,3.0472682909029682,2.930635558849275,2.876140927019751,3.2945282003197742,3.1245890264890455,2.7677599864055904,2.8328706116874742,2.690616807095976,2.5891906707875676,2.6320625919397314,2.5406429339256222,2.6320625919397314,2.5406429339256222,2.6455185805934334,2.599936284627604,2.782089011245222,2.8567325447592467,2.7892165518441914,2.872216039023987,2.7781066158903793,2.8419047697598536,3.0,2.6410373541297107
audio_584.wav,3.0,2.7483892052198144,2.9489615073242867,3.543131767715078,3.3709790088101834,3.2070377779672463,3.3640496389873884,3.1158323608811656,3.248433021285717,3.0783462816820557,3.0514162975092494,3.0856003883766703,2.892373081154982,3.04859478717281,2.9246096626827636,2.702499946818326,2.69855816400498,2.592843650237351,2.68024582376108,2.8431222258950353,2.833889140709303,2.8746875789012543,2.833175795741169,2.816972532817033,2.697468381340211,2.998360278765072,2.7904100020798555,2.998360278765072,2.7904100020798555,2.784666696670154,2.5177723495081943,2.969884608152792,2.552974223255358,3.0377698598486815,2.8180794082749236,3.035371074886175,2.6480311841884805,3.0,3.440197887377322
audio_345.wav,5.0,4.548850877778685,4.786892329219106,4.9714531062539535,4.845190220662882,5.0,4.957523968839605,4.610978350274303,4.740068570300827,4.723326508153382,4.906397514296388,4.6862291419791875,4.758080217628087,4.901350174651049,4.768898044248289,4.939341735586135,4.79732878276191,5.0,4.88303913805307,4.880274335270708,4.7735577801950635,4.750478494330752,4.7669544574261495,4.886602216684262,4.853748333723103,4.797232517101524,4.693864711861253,4.797232517101524,4.693864711861253,4.761264987758814,4.70376489720252,4.95623328747646,4.932690828651999,4.853123488249824,4.904205146794058,5.0,4.89873814780355,4.833333333333333,4.218306217898383
audio_750.wav,4.0,3.9101111219270557,4.127940346032708,3.8894796656627535,3.9063821775679677,3.9917129140369916,3.828979052720999,3.7020351488855066,3.84738544767454,3.9251480903877822,3.9385201944576456,3.91583184305111,3.915979606413689,4.048183850079236,4.015397491897567,4.065852509189648,3.9659324107002,4.03864754133997,4.048227427166432,4.17346327138953,4.071397771420581,3.835623008890972,3.7637780845888558,3.7963262312027752,3.7475283473192174,3.940168767736654,3.8515612883070207,3.940168767736654,3.8515612883070207,4.058828123054325,3.9118271697647047,3.654606895036073,3.780790169631306,3.5216879646651216,3.8341365782400074,3.564974080837595,3.6147915374275414,3.6666666666666665,3.5188537178298147
audio_116.wav,3.0,3.2247665902539073,3.301475806077228,3.8670761034384835,3.5187454486434717,3.7056820406627913,3.5930943105023325,3.179112776943846,3.2574483519587787,3.549198090942736,3.5311390216066214,3.3270355901609334,3.5373755466163312,3.620055452723305,3.7193110257869932,3.4175205641094952,3.5602059903361685,3.221289096695704,3.4183304537732706,3.2311966614642595,3.4354079643370152,3.5058258794500734,3.6438609176745245,3.4216725877989362,3.5976397365385075,3.2670223939553247,3.7452399235247813,3.2670223939553247,3.7452399235247813,3.2199738652144245,3.3854046024725775,3.4235922657182596,3.112347773384174,3.40101251391277,3.2256726872980903,3.3569697999741916,3.1136722007708415,3.0,3.6598589446908236
audio_114.wav,2.5,3.260045273444303,3.465662071917148,3.0305586204370107,3.329327651300695,2.9591655171885574,3.204125702149542,2.967973625811702,2.8708713884324446,2.5514228379145547,2.709163616013741,2.922306119609974,2.928214836425177,2.9680119595551577,2.964153330875242,2.999914585338594,2.909996342520424,3.066070768363367,3.055353887380855,2.7809628504393245,2.825651463594371,2.882946415315524,2.9434344935730508,2.664769462423935,2.761340747006558,2.8614897590196606,2.9038388382438,2.8614897590196606,2.9038388382438,2.9545575480675166,2.8763844152680242,3.164752677819745,2.7928243176142833,3.358744830110485,3.072969772972353,3.2607787232354917,2.7928130819209698,3.0,3.4935161559907892
audio_157.wav,3.0,3.7863444905072217,3.656245570906499,3.344304546702815,3.4286531913473772,2.908541434255229,3.030158590670517,3.1555818167739176,3.1233459830545134,3.1175175664076273,3.148412566621212,3.281452929824304,3.2338657112031535,3.508508307174502,3.5546356011894638,3.6936593488666833,3.606089495606424,3.473809643132549,3.4737135682513904,3.7310367290266235,3.5329807525882573,3.582220613424985,3.4130622782736744,3.712175671794219,3.341303707949816,3.5612987160514256,3.332597156829845,3.5612987160514256,3.332597156829845,3.6485478696709333,3.4773459202430543,3.1899961557852485,3.1939792851223907,2.9149532105802707,3.274498248868609,3.188853940903561,3.299145891490115,3.1666666666666665,3.9280959892131637
audio_385.wav,4.5,4.279071530742274,4.445356374443303,4.4639911123385785,4.430056095117501,4.414276701401017,4.269504353481279,4.33804823919376,4.308933195610011,4.455846967153287,4.579715761976092,4.623083091404371,4.602705250035295,4.385347658237719,4.316657729543503,4.375279305484203,4.168446971884541,4.499238737385514,4.150151951163282,4.325033829199853,4.130343468107841,4.17015204469433,4.145156800301761,4.090774694008348,4.120007898363585,4.293471758342206,4.185504298876983,4.293471758342206,4.185504298876983,4.44314757044246,4.222130875156694,4.02838815977814,4.21915802630114,3.890352311604253,4.024887309768067,4.08188800901235,4.322827769342244,3.8333333333333335,3.4429116040455265
audio_264.wav,2.5,3.2594276533562048,3.539852489658743,3.37774590617229,3.5818735470665133,3.7422655456784972,3.5227725457951036,4.232285843670863,3.3764573209562214,3.6335590022289614,3.344382442767523,3.381810563354796,3.2971435414759007,3.645781694831675,3.290994311016158,3.743669412494537,3.3356292233799416,3.340588591264634,3.1999058795786532,2.8875995588110084,3.115359503137526,3.179553558254938,3.183429626113272,2.521282323297131,3.169849332401963,2.159180057485577,3.1909720796793657,2.159180057485577,3.1909720796793657,2.2405119773130937,3.158709465975217,2.6137039303402703,2.594485255874131,2.5679841660273195,2.8082742830144487,2.5790885969548394,2.871121402270974,2.6666666666666665,2.871862526959356
audio_390.wav,5.0,4.942939822377713,4.927422239734823,4.862940704893073,4.897025917735668,4.937561620242874,4.795400049209488,4.823478924304214,4.933560782525558,4.8180798255821005,5.0,4.891884311104865,4.952495760921324,4.714449607683789,4.970308853332436,4.5633963799714286,4.81452350147702,4.796349550483356,4.765460432618973,4.825873193684894,4.648053794918564,4.660360679855709,4.634922570529931,4.6619444645840575,4.793647407542479,4.498091367462172,4.651954081923777,4.498091367462172,4.651954081923777,4.826535071209459,4.912807901197743,4.667405684008512,4.568217508174526,4.741860067465294,4.6689752326176315,4.663774350590619,4.566455897255772,5.0,4.775994809025292
audio_766.wav,4.5,3.761866323408544,3.1990814912090415,3.466335305006163,3.2852063558643994,3.5161700419475803,3.352412506087069,3.381886057871673,3.2561066567208425,3.5937343343820394,3.316307066734774,3.431020050825159,3.3991301322732768,3.506804192558173,3.457078987142792,3.466921490349955,3.429690656222307,3.646241446720312,3.6842186413186155,3.867189668153086,3.7196253213877974,3.7507839757559083,3.5276713362374674,3.7141139950150652,3.4912347061496916,3.7103356919893877,3.5850413006513295,3.7103356919893877,3.5850413006513295,3.6303273358799792,3.564975623395777,3.5805997469270108,3.6243871556905183,3.47445301709265,3.5233553518637337,3.565113348820798,3.533513767836601,3.6666666666666665,3.971659095686675
audio_571.wav,2.0,2.198564912231944,2.2247364047073153,2.449643866252829,2.4397978393423565,2.380471310571277,2.2610258612100234,2.664102891879214,2.342433107953371,2.773098521360874,2.4581297151940826,2.2888494874513197,2.3480109357768506,2.435546278461507,2.236271757909508,2.532999105801001,2.3633580369424476,2.495211255679059,2.5042627333337824,2.2505323261650587,2.1672184079803056,2.273374882571662,2.23937521147684,2.403918425638171,2.367666249648033,2.5261400517283294,2.5870612787343226,2.5261400517283294,2.5870612787343226,2.5371633624362047,2.4755032344525474,2.712329119991131,2.499752267562822,2.84576506489795,2.685065881378238,2.675111277335411,2.5479397921339766,2.6666666666666665,3.3618846317401565
audio_393.wav,4.5,4.0955318613250755,4.425288873056725,4.3022968351511865,4.405749632703089,4.599106827852321,4.462299375468449,4.551003577868784,4.457250828322212,4.4345873375880345,4.51845396698718,4.7033672812680205,4.707027888838999,4.785223640763915,4.927556014888664,4.763560650825262,4.769856763699789,4.447404804719728,4.621612790584353,4.46781026583709,4.6859854159725485,4.399270229775412,4.790439129192895,4.372391141037956,4.769557592882855,4.532851301881011,4.788302379497959,4.532851301881011,4.788302379497959,4.6485435258531,4.802907202789142,3.4379188868320854,4.160421742376418,3.27429238745709,4.049942337171453,3.3342202061248654,4.0610872761941526,3.6666666666666665,3.428901008064125
audio_691.wav,4.0,3.7195603051174273,3.6596805519502524,3.834820866894009,3.5422934287915093,3.718528652561458,3.6162012779497292,3.71432272864844,3.675319402589409,3.4891951104140353,3.4473195626048234,3.4889885973567427,3.552775648837026,3.6326082530761297,3.3808169941169144,3.7612578528592397,3.574174170637449,3.999689419117537,3.779268513150029,3.829381829132153,3.6255948410191228,4.016181967107928,3.6683493502347844,3.752316115343026,3.6204257551824406,3.7636941204433256,3.6838576793672324,3.7636941204433256,3.6838576793672324,3.8009123802673748,3.8467218391397537,4.14092761275867,3.990186737320304,3.7360204853559758,3.59962803038017,3.9470450020475485,3.7994735257204177,3.6666666666666665,3.5154605948814432
