filename,label,oof_acoustic_Ridge,oof_acoustic_ExtraTrees,oof_acoustic_RandomForest,oof_acoustic_HistGradientBoosting,oof_acoustic_LightGBM,oof_acoustic+language_Ridge,oof_acoustic+language_ExtraTrees,oof_acoustic+language_RandomForest,oof_acoustic+language_HistGradientBoosting,oof_acoustic+language_LightGBM
audio_192.wav,3.0,3.488015670642485,3.118325396825398,3.1952858807858804,3.3303137689663203,3.324790813128438,3.544985446671181,3.1520714285714284,3.018090936840938,3.2238241438415547,3.070163364366971
audio_436.wav,3.0,3.408997840654479,3.8239523809523805,3.8969050825717493,3.899482783151692,3.8857325903870206,2.56430807254746,3.0901269841269845,3.099650804442471,3.2804520368047174,3.2065049190141397
audio_447.wav,3.5,3.413490114532306,3.6100476190476187,3.598645046311713,3.6122895068239775,3.5799866291135802,4.10080329701581,4.316642857142856,4.398640792849126,4.601119683136996,4.622346524871653
audio_126.wav,2.0,3.056037508927742,3.5120476190476198,3.559469123469123,3.311130956862487,3.3768965238670723,1.6891852980293252,2.918071428571429,2.9687632675966014,2.8762621660015077,2.8765239202482635
audio_61.wav,2.0,3.219792959756735,3.313777777777777,3.43195455932956,3.312926606670566,3.227499633587469,2.980107999257408,3.294150793650793,3.2370113405113408,3.140178198192076,3.133771001716983
audio_639.wav,2.5,3.1207275760367708,2.8648253968253967,2.9528234049900717,3.117889015536935,2.947651006096843,2.361216312785721,2.9938412698412704,2.942723995140662,2.757945608896035,2.726871408270806
audio_703.wav,2.0,3.75012794115379,3.6570476190476207,3.6127918177501512,3.701300686610526,3.630626880615099,1.9029874917410143,2.720261904761905,2.818345043845044,2.3643411150349194,2.3939831724378173
audio_509.wav,3.0,2.8287320958667865,3.0485158730158735,3.1165666786916795,3.139616118462502,3.03563955082835,3.7522037398880808,3.6780793650793644,3.8002066436649766,3.735264300836265,3.8173468825630112
audio_672.wav,4.0,3.9401614266656044,3.7728095238095243,3.8736320808820808,3.945780993354011,4.039430967825722,4.1201953372708955,4.326674603174605,4.402721741221742,4.42351634660066,4.393963986211484
audio_344.wav,4.0,3.5629275280134345,3.5531984126984124,3.5882857189107185,3.597365874703256,3.592553921414382,3.839305474913445,4.018984126984126,4.089825271950272,4.275134721616997,4.13032250233715
audio_592.wav,5.0,4.405771429065833,3.985301587301587,3.9348624307790985,4.418109593020269,4.370112847502589,4.67513174644011,4.098920634920634,3.920121142292711,4.122466372470297,4.24371399646716
audio_705.wav,3.0,4.086781876087696,3.7536349206349193,3.7423513754763746,3.8034852135771104,3.852693254030315,3.4574208850700914,3.357761904761905,3.2596983695317037,3.2444944456647167,3.346237834387457
audio_497.wav,2.0,2.5938166623429173,2.4710079365079354,2.54082197355114,2.4636300449383093,2.463329574236953,2.904518075335266,2.868023809523809,2.7547939360022693,2.9834498145509643,3.0041932317834674
audio_702.wav,3.0,3.8012070066357695,3.1794365079365092,3.3305851956685295,3.2631109325816126,3.3542468555025624,3.630492903909037,3.692301587301586,3.8027361558194888,4.186838861265854,3.984475776889262
audio_598.wav,2.0,3.046691254172647,2.901944444444444,2.9217200885534216,2.8491247354287474,2.8381901656425508,2.5585552296752603,2.8196904761904755,2.8881208128291456,2.5168887865531233,2.632703078021161
audio_99.wav,3.5,3.154196325043902,3.2201984126984127,3.496403725903725,3.400259484424279,3.392742955836257,2.7174193338365082,2.7542380952380956,2.6854740984324317,2.3720886030563446,2.4465222916084017
audio_194.wav,4.0,3.5296642116704624,3.6242142857142845,3.6631863676447023,3.91698501706162,3.819522090900976,3.2814134131138553,3.362285714285715,3.308910825285825,3.1830966662026907,3.177093862566055
audio_5055.wav,0.0,0.6569273587977666,0.05607936507936508,0.0624104938271605,0.0,0.0017994431409945643,2.137290452515946e-05,0.08632539682539682,0.058860830527497195,0.04427267955409764,0.018527389371364413
audio_178.wav,3.0,2.718467387621351,2.6148333333333333,2.6656493583576917,2.566917365857712,2.522981883166386,2.1682452918837605,2.6026746031746026,2.6093270464103804,2.286357048935163,2.351572569563224
audio_609.wav,5.0,4.688213403440993,4.585619047619049,4.569239855823189,4.7865108766516515,4.859774866778552,4.671600349081166,4.657984126984126,4.669914825189335,4.823793901417415,4.883644211898864
audio_77.wav,4.0,3.383527123139457,3.5304761904761883,3.639693582651916,3.648730438802687,3.7799016181033918,3.441710125675644,3.6543095238095233,3.6575524028440705,3.6806437637198965,3.7119778441766225
audio_18.wav,4.0,3.498303097937543,4.224619047619048,4.060097122013789,4.0308341983707905,4.235127194744906,3.592404469660806,4.172333333333332,3.962820727112396,3.94311095041668,3.987914003758507
audio_9.wav,4.0,3.1789037574889067,3.572761904761905,3.505373282581617,3.671868691761691,3.684260668218329,2.529424399605595,3.052182539682541,3.2839446371529704,2.958403737522366,2.9958862195444644
audio_138.wav,2.0,2.558246705741448,2.75629365079365,2.675320636153968,2.456102609776354,2.410517395807861,2.2792890048066146,2.7074444444444445,2.523892675996842,2.5247904648263044,2.3331272227692126
audio_269.wav,4.0,3.0207440681132454,3.570650793650794,3.5048488533071875,3.280585912356631,3.2880899865154922,2.9340676571270756,3.115722222222223,3.017875226625227,3.0643395945336422,3.0772876891254497
audio_717.wav,4.5,3.6915995536645716,3.7670317460317473,3.67298314339981,3.9606193808810275,3.936348282807762,3.9550967454782415,3.7371428571428584,3.607525485317153,3.983288189753893,3.94807526256956
audio_529.wav,3.0,2.7331633986764565,2.931079365079364,2.922205057288391,2.929264172969578,2.7721629790949955,3.090943387861495,3.384563492063491,3.400973142598143,3.225349221276307,2.982952669646863
audio_578.wav,4.0,3.61561382085046,3.659896825396826,3.6650547338464015,3.4707430359167546,3.459189215109994,3.7855632035032136,3.6960793650793633,3.6377960342127014,3.552664808996338,3.6696361633908965
audio_171.wav,2.0,3.354279071561313,3.4262460317460324,3.4554057069473743,3.1053495410179512,3.261216352763711,1.4257347583496969,2.719523809523809,2.823628974420641,2.349694328695159,2.3632453247900926
audio_596.wav,3.0,3.017049083045366,2.9894206349206343,2.923289975456642,2.7606932034764675,2.8505097014578076,3.5635962440644158,3.696103174603175,3.7291394500561172,3.7196534908442547,3.7294046459430543
audio_5066.wav,0.0,0.0,0.007301587301587302,0.008888888888888889,0.08617235319134275,0.029410051209171107,0.0,0.003492063492063492,0.012404761904761905,0.005085285287287188,0.007146566742199545
audio_501.wav,3.0,3.431692962660135,3.6525714285714272,3.746175765592433,3.682236503308625,3.5893413445597226,3.05244118704408,3.2793095238095233,3.543269157539991,3.260649857571162,3.221388317755475
audio_8.wav,2.0,3.420572677624452,3.6296269841269844,3.6401666897916893,3.856356907978744,3.7140258978683236,2.2463523184187997,2.796492063492064,2.8294045337378666,2.7906709657516764,2.7659986336575257
audio_84.wav,2.5,2.5486645663994625,3.0297222222222238,2.929245590828924,2.68279527853518,2.714518088357481,2.7029260105914994,2.9374126984126985,2.709919119460786,2.734054936909896,2.714123556086067
audio_11.wav,3.0,2.9800951469863546,3.0186666666666664,2.933003778628778,2.9993592295424123,3.119437370563912,2.516903279124415,2.597460317460317,2.844733024691358,2.668997849842406,2.6743539016974527
audio_142.wav,2.5,3.0510602337305492,2.943880952380953,3.0460174748091418,3.064968585001593,3.1431344365336273,2.6925305929445305,3.1650079365079367,3.321412747746083,3.260563894161925,3.203110415956786
audio_610.wav,5.0,4.580888713899091,4.339357142857144,4.24960339506173,4.139259769633327,4.177540165674155,4.680890506235884,4.578626984126983,4.666008237133236,4.671601067142794,4.806454437193615
audio_654.wav,3.0,2.9912347246290625,3.6278888888888887,3.5710141895141896,3.4818004300879437,3.4072589110920988,2.7485637472174425,3.0097619047619055,2.9867965367965366,2.764082495821493,2.868875658414846
audio_170.wav,2.5,4.060208475297249,4.32831746031746,4.303739037197371,4.159260327325748,4.318745619002276,4.337185739382758,4.450349206349206,4.517276977651977,4.611853694978755,4.585494721825386
audio_255.wav,4.5,3.5750069186652067,3.7990158730158723,3.60518266918267,3.5218238436921037,3.643416626978406,3.8008023521663667,4.012626984126984,3.8126432903516236,3.7591482682788175,3.921290972364973
audio_162.wav,3.0,3.884186562504572,3.702825396825398,3.708733016983016,3.6593150098346023,3.822743743503542,3.592885264153349,3.6569603174603187,3.726527136443803,3.8384156859247263,3.9849708288369228
audio_5069.wav,0.0,0.2989424327221881,0.045293650793650796,0.012751322751322751,0.012918895050003603,0.001768920832861623,0.0,0.038269841269841266,0.016018518518518515,0.0,0.0
audio_769.wav,3.0,3.8850877168875066,3.9719126984126967,3.9305669423169434,4.15302475093073,4.122499283310539,3.8560456297606627,3.9641269841269815,4.01064639064639,4.323246177362537,4.1969435376665825
audio_720.wav,3.0,3.236713708024476,3.4438809523809515,3.544530434072101,3.6048178593393505,3.4248265667129245,3.5912352045529587,3.5520317460317457,3.6649140612473943,3.395364603405143,3.45142824690665
audio_623.wav,3.0,4.3934780692557505,4.159547619047619,4.23483093603927,4.143838725944906,4.183914227443782,3.799668704608998,3.416055555555556,3.2429489939073264,3.110157399114048,3.1161548926487725
audio_718.wav,4.5,3.3458239190051953,3.6964285714285707,3.5608942862692845,3.681067217705079,3.471111317608637,3.533237096310152,3.4150873015873024,3.1849202680036,3.502664294905955,3.399266542110308
audio_136.wav,3.5,1.6523286764050618,1.723063492063492,1.3746253607503605,1.1747030848301876,0.9933807747204219,3.009859323318775,1.9155158730158732,1.308101763976764,1.573654055228556,1.3483053774962246
audio_119.wav,2.0,2.8617215581859896,2.96470634920635,3.0154553301636633,2.983099436456273,2.9715112480905392,2.9621679293926597,2.8633968253968263,2.858830727914061,2.666617465579326,2.874009838616106
audio_542.wav,3.0,2.4609192005243425,2.823769841269843,2.862808361391695,2.4467014948565833,2.5449194886266038,2.284752609432671,2.7858571428571417,2.972832291165624,2.6356314255756983,2.5600348897124876
audio_5073.wav,0.0,0.0,0.013333333333333336,0.0045370370370370365,0.10032223639123401,0.05686165532455941,0.0,0.003333333333333334,0.006941798941798941,0.020476589012843074,0.008205402769075476
audio_322.wav,4.0,4.242217446999327,3.7810079365079363,3.7373998686498697,3.6767215394683403,3.9459428752046217,3.3704905913245238,3.298484126984125,3.15144849286516,3.2851015849778435,3.225020639041477
audio_5039.wav,0.0,0.46073756689295225,0.2850714285714286,0.3519074074074074,0.8984448719820713,0.2746334022274819,0.1761654189436809,0.31124603174603177,0.4047898182064849,0.9017118457021883,0.33760505279931485
audio_707.wav,3.0,4.546117952679863,3.976007936507937,3.8931476378559715,3.8888969390353822,3.7811687479663534,4.158505514647939,3.3716904761904765,3.2260851833351842,3.2576545847908562,3.2676004768998013
audio_148.wav,3.5,4.377484186909029,3.910777777777779,3.9795385725385715,4.114936317344399,4.109497599827141,4.000718636826942,3.7893015873015883,3.8509053415720085,4.008009396360552,3.9472713078805235
audio_316.wav,2.0,3.304367865013175,3.2599365079365086,3.4510372667456006,3.062862756422195,2.990179990620223,2.5445418268907796,2.9033174603174596,2.7366121841121838,2.6221117774946827,2.451327042885392
audio_647.wav,4.5,4.364477400064904,4.105904761904761,3.985062389770724,4.2749528242835035,4.195866645497959,4.796389638680162,4.373269841269842,4.3165072165488825,4.600753317756695,4.613834791317511
audio_286.wav,5.0,3.7585181779491097,3.7581666666666655,3.751966370049703,4.001204291751114,3.941779418950052,4.074714422693069,4.242222222222222,4.343655743947411,4.430833649787669,4.479499580330189
audio_92.wav,4.0,4.525368169557698,4.356182539682539,4.2173895533478865,4.078298539931514,4.2339038461957825,3.691637397159466,3.2052777777777783,3.216768900852235,3.1775249422866216,3.40633654283379
audio_462.wav,3.5,3.021217940527233,2.999738095238095,2.8836574536574537,2.882838071646644,2.9099985407793114,3.414508620967981,3.3144206349206353,3.180721264846264,3.251879274163102,3.2487904913031618
audio_376.wav,5.0,4.441306777613662,4.10836507936508,4.066550485008818,4.3131893324071955,4.404967890110327,4.912877806964256,4.435761904761905,4.523129497046163,4.983412363402119,4.9216617462300025
audio_76.wav,4.0,4.116078881564444,3.278992063492064,3.3695054806304796,3.3216920968161863,3.011751182123661,3.6791506024798912,3.4941269841269835,3.5702744030660702,3.72451004001052,3.4915909115981463
audio_105.wav,2.0,2.2218849673661256,2.7807698412698407,2.770911984620317,2.3463801950016916,2.3751744185960155,1.6920317846982247,2.53468253968254,2.4519656685906686,2.224262427868188,2.0915243016748764
audio_355.wav,3.0,2.5596559996677835,2.9676349206349215,3.086835730627398,2.6346140833021354,2.787356273469367,2.5311383288294578,2.7446825396825396,2.9733739377906048,2.5095658990587335,2.534636924627831
audio_663.wav,3.0,3.3322393685233767,3.6933809523809518,3.633789241622575,3.5639131885611657,3.5833126311480483,2.9755941753676587,3.3031507936507936,3.2251276855860183,3.3461811254550415,3.3364315563936415
audio_767.wav,4.5,3.5180313976517894,3.7599206349206344,3.8344922176588843,3.6294181297382604,3.6994926843999174,3.2133647110534445,3.534150793650795,3.5318737049987043,3.532564061527838,3.440527567900435
audio_655.wav,5.0,4.0716948777881585,4.121190476190476,4.0231163774497105,3.9063602878211916,4.09787348105996,4.40152640489111,4.296015873015873,4.32036409732243,4.463396344205328,4.3538607449426765
audio_372.wav,5.0,4.102331516373423,4.282365079365079,4.387310445727113,4.44157540030709,4.520126767450637,4.423533071445763,4.702928571428571,4.776237498612499,4.8078411068758955,4.918705653646026
audio_667.wav,5.0,4.807690849905254,4.597849206349206,4.374854958313292,4.411151754056296,4.569748356420646,5.0,4.76547619047619,4.625440756774089,4.604167161347335,4.679130097764858
audio_517.wav,2.5,2.5477466327223817,2.6708253968253968,2.686936387686387,2.755397682493276,2.7645239317815524,2.9734966855591636,2.6639285714285705,2.649573959990626,2.7652337381574625,2.779898348061234
audio_765.wav,5.0,4.256279117858691,4.367626984126984,4.27961981074481,4.353457198987137,4.462671005763423,4.357967869644811,4.567555555555555,4.64144757094757,4.483829063950586,4.566599807162556
audio_38.wav,4.0,3.0101640382378663,3.4188015873015876,3.3731358148024806,3.500902769526761,3.3472804545136197,3.099664823106542,3.1125396825396834,3.165033115033116,3.2579488593803916,3.2303562198724207
audio_371.wav,5.0,4.6597395071254875,4.435531746031746,4.495140154598488,4.74088421097174,4.780286653769719,4.946792280566135,4.804507936507936,4.833197490780823,4.895589986648197,4.991643516348673
audio_507.wav,3.0,3.9377980516849114,3.553238095238097,3.591668128168127,3.582857151027428,3.5126578138827074,3.5698349657279045,3.116198412698413,3.343557920474588,3.161662897612173,3.2165313633531465
audio_5056.wav,0.0,0.513300457296982,0.04433333333333333,0.046374338624338624,0.027211933528991133,0.014917768051094264,0.0,0.032388888888888884,0.08130892255892255,0.005715307285274529,0.012326977947257671
audio_282.wav,5.0,3.823341987683177,3.7980793650793636,3.7209492544492555,3.834556570062189,3.8989625877507756,4.1342346317392815,4.028619047619046,3.858219454927788,4.03291918894156,4.052702647013126
audio_459.wav,3.0,3.3119581205667554,3.3875238095238096,3.3098967352092346,3.4074930586120264,3.228291386576879,3.680186276098798,3.715603174603175,3.7557788677372006,3.720226314278809,3.8217027022904233
audio_303.wav,5.0,4.332908976453751,4.364920634920634,4.283771470813137,4.462525067961426,4.580038121898617,4.398333164898453,4.282523809523811,4.205851084101084,4.77018372753953,4.820825892597324
audio_297.wav,4.5,4.406862664377674,4.113992063492064,3.993457651915986,4.151103922328919,4.212438342909857,4.409142881589754,4.076793650793653,4.026970440053774,4.106413855087656,4.256040121670181
audio_432.wav,3.5,3.6770141379137518,3.6234047619047605,3.6418331190414523,3.707065766335751,3.6978480384818524,2.9114237993950027,3.292103174603175,3.3318918951418954,3.3187663699062306,3.2190550622109995
audio_454.wav,3.5,3.559312581071795,3.0135793650793654,3.055102031048109,2.8914330470706866,2.9112018301853397,3.4081342619856225,2.960928571428571,2.905498429040096,2.8223928479018396,2.7752576520906973
audio_482.wav,2.0,3.1759603483989474,2.84781746031746,2.8983084631417966,2.6162193185759643,2.6836870676993265,2.888845555090471,2.945166666666666,3.0271468315634986,2.73349872993869,2.703487089753492
audio_484.wav,2.0,2.2407124154406075,2.6096507936507938,2.6043611835695173,2.4779677439658623,2.4751415183805263,2.4990615464086114,2.98586507936508,2.8669557248307256,2.7178669865740592,2.728143157293007
audio_757.wav,4.0,4.294803590761306,4.116428571428571,4.197742251575586,4.093535713795853,4.12511157643567,3.9590296795347193,3.7743888888888892,3.831469396344397,3.9147480178611365,3.8150580069032025
audio_773.wav,3.0,2.7405783801901378,3.0172142857142865,3.0428434543851215,3.154931546063024,3.133945847476696,2.838055575450376,2.9745555555555554,2.872352847769514,2.770205303263285,2.8212517767316663
audio_668.wav,5.0,4.285846187016832,4.192063492063492,4.149263668430334,4.102771771528334,4.150228511144741,4.465530223833958,4.417507936507936,4.488820526695525,4.340189492046735,4.459494079316194
audio_240.wav,5.0,3.3438011857885876,3.0412539682539683,3.0412434232434227,2.9520541774411755,2.929310217539592,3.846452090523797,3.5332460317460317,3.71387616241783,3.6732064462122396,3.581732298204889
audio_163.wav,2.0,3.299840028138522,2.9490714285714286,3.0258688425771756,2.851062516944656,2.750620919550107,2.146303205883927,2.704388888888889,2.744221701138367,2.5096494179729443,2.4504221676276163
audio_659.wav,5.0,3.8987340318465193,4.028412698412699,3.805710849335849,3.9615038538839507,3.9105453226498246,3.846640873397726,4.308682539682541,4.413411260036262,4.327169025670022,4.404872029579793
audio_532.wav,3.5,3.2245479620787982,3.3895476190476206,3.388281875531875,3.2542512166971314,3.2112992716084303,3.6856112915225983,3.5231666666666666,3.6929838510255184,3.385831347073372,3.5786045940105793
audio_464.wav,2.0,3.334901433664523,2.9957619047619044,2.899867536784203,3.065965003750302,3.1290211236287546,2.6738919930014604,2.670198412698413,2.5748467612634283,2.5576706564563616,2.496749916114964
audio_5.wav,2.5,3.526211511031113,3.1442460317460323,3.139668788002121,3.170172264063679,3.1121913619666173,3.0776237212901676,3.1038730158730155,3.0005724167807504,3.045043351289253,2.960732135946308
audio_231.wav,3.5,3.167415384251926,3.360357142857142,3.3644385583552254,3.15765017831624,3.234010747040829,3.0626874099891928,3.2913095238095234,3.285319991736658,3.2905543554553627,3.246322224752722
audio_384.wav,5.0,4.905407019355322,4.44847619047619,4.381030277728807,4.605968879352422,4.813011112377345,5.0,4.663563492063492,4.7113666950333615,4.8550640119203505,4.960234640682089
audio_54.wav,4.0,2.7227996663465786,2.9450000000000003,2.8477166043832702,3.0102583050554146,2.92019340450136,2.714490338469915,2.924349206349207,2.9830228228561566,2.8362333906385664,2.8664442159692918
audio_656.wav,5.0,4.11144494405086,4.093087301587302,4.055250286750286,3.932847393362468,3.9756921228914197,3.9997690147867737,3.752476190476191,3.771517539559206,3.988621469628562,3.917959761948824
audio_444.wav,3.0,3.951131534681157,3.027317460317461,3.097535139243473,3.3420544887397536,3.263020032798456,3.4343909596024385,2.940738095238096,2.980285247160248,3.0229910570129412,2.9811632773713552
audio_5062.wav,0.0,0.07967574129008659,0.004603174603174603,0.0041005291005291,0.03744198537557141,0.009987158461447427,0.612621741056779,0.015555555555555559,0.012584656084656082,0.0040017054629395915,0.024811011641244617
audio_312.wav,4.5,3.2721328609981364,3.681944444444445,3.6522843314093314,3.7937697223876916,3.6766673149078746,3.7517952569325863,3.934349206349206,3.989176545676546,4.188494056699703,4.270655394564059
audio_120.wav,2.5,2.3969233609498115,2.7589126984126975,2.8036568385318392,2.7770170947796813,2.8189095220813702,2.598971083447119,2.5966984126984127,2.5341411243077907,2.5146491811877847,2.4821076911704885
audio_446.wav,3.0,2.5619384113986543,2.881674603174604,2.964668334751668,2.552395651165047,2.668914423466829,2.588802864246534,3.076174603174605,3.1506294184210866,2.962853545925182,2.7966865604197912
audio_546.wav,2.5,3.1928593368320164,3.140777777777778,3.220542308000642,3.0796640129612705,3.140512749819861,3.3366701118563484,3.2342460317460318,3.1815815897065893,3.10042823007163,3.1527048366418975
audio_430.wav,4.0,2.9213226727301786,2.5683492063492053,2.5773500982042656,2.3981188082540856,2.446887528649226,3.295453470174628,2.8766190476190467,3.149121973705307,3.249599642577062,3.208853431605341
audio_179.wav,2.0,2.877442941278557,3.0640158730158724,3.0656005368088697,2.879932491653337,2.941354553647699,2.358712437192935,2.704706349206349,2.6611599187849193,2.537964179489378,2.592959908617551
audio_674.wav,4.0,4.293566512047393,4.20042857142857,4.252891434183101,4.223855245441392,4.3305707818881745,3.9212121878759554,4.276873015873015,4.387547037838705,4.247933509591422,4.320070101085174
audio_737.wav,3.5,3.14078308188943,3.7066666666666674,3.765010349218683,3.4628603154910675,3.378747536797731,3.2659291252044027,3.2645317460317465,3.1188862649695985,3.0893679410854507,3.0900102679234567
audio_669.wav,3.0,3.0656950380916865,3.2322460317460315,3.196544870253204,3.3645487038342328,3.301470311899644,3.3910892118316966,3.1717380952380947,3.216347812681146,3.268292319244131,3.307583089994131
audio_540.wav,4.0,4.115392848861078,3.096595238095237,3.124832832291165,3.2895539649103847,3.392602971959233,4.296664121204747,3.651563492063492,3.704934682601348,3.705593163131173,3.627868476886421
audio_692.wav,4.0,3.1185063197550247,3.2294603174603176,3.0002194009694008,3.177297712813248,3.024506169209481,3.0222091870117187,2.9851666666666663,2.954686427769761,3.0610476115713294,2.880284623713903
audio_572.wav,2.0,4.284926917646829,3.8385476190476204,3.908618403201737,3.804995265765568,3.7516133293643237,3.1454720305269617,3.1823412698412703,3.14556034397701,3.007693178185758,3.0361341410762557
audio_479.wav,2.0,3.7642303125951884,3.3082301587301592,3.3882922278338934,3.1072515139638206,2.929947114604719,3.2755584299239007,3.316476190476191,3.404869291202625,2.8840183308370477,2.9523259969563402
audio_419.wav,3.0,3.0572779046719294,3.19397619047619,3.3836865079365075,3.274090929845468,3.17423426638677,2.7709524670574215,2.8084047619047623,2.9990679675263014,2.715260652492539,2.8096550647086853
audio_5037.wav,0.0,0.0038957060220115025,0.02303174603174603,0.013415343915343915,0.07234986997214629,0.15053685502366976,0.0,0.010000000000000002,0.01939153439153439,0.0014045827905907109,0.015448327438005722
audio_433.wav,3.0,2.915252366145348,3.3213253968253973,3.3751224531641206,3.1540059760912627,3.0796976216335055,3.024989697462651,3.333492063492063,3.271334799459799,3.345708598966379,3.2908683577813798
audio_405.wav,5.0,3.555871143952811,4.037706349206349,3.961621904330237,4.099932695798832,4.193925016030543,3.7324603717132896,4.067269841269842,4.087231856106857,4.136150368480499,4.018579966219872
audio_267.wav,4.0,3.7791003155788876,3.717380952380953,3.721430019055019,3.833299505277592,3.9131479821951003,4.081239427366859,3.8596746031746036,3.9013001843835178,4.3632521798860076,4.265986883627383
audio_358.wav,5.0,4.528673474629719,4.01047619047619,4.025170274170274,4.22853656100373,3.9165537151944885,4.424117180983688,4.506063492063492,4.597203643578644,4.386743612880032,4.409661372581478
audio_331.wav,5.0,4.42198534710754,4.299531746031746,4.267303952220618,4.401575922391987,4.501937255883586,5.0,4.707222222222221,4.813277557319225,4.905544859929698,4.975394013326612
audio_487.wav,2.5,2.785988644006831,3.09854761904762,3.233620561537228,2.667954023538234,2.6587306634050143,2.103306434167401,2.902603174603175,2.876608666025333,2.4894586268408645,2.4617289229872097
audio_494.wav,3.0,2.81736247117805,3.6554047619047623,3.6043843085926413,3.55332464899972,3.541458286043897,2.8782096313787604,3.178349206349205,3.003095378387046,2.928225645841996,2.982966913634104
audio_536.wav,2.5,3.113853755073158,3.04536507936508,3.079690443815443,2.869084094491852,3.1285140633425677,3.920656150572183,3.775873015873016,3.876102934102935,3.7670574387197675,3.884950457530054
audio_634.wav,4.0,4.7794505395297096,4.318285714285714,4.203565840024173,4.068038185087826,4.089632800619074,4.2483594954424,3.7872936507936514,3.4877377329460657,3.7232466182222974,3.736453978571396
audio_317.wav,3.5,5.0,4.335103174603176,4.407407487574154,4.356947407117391,4.560339299339294,5.0,4.754388888888887,4.791373236331569,4.976229221005775,4.953342451035987
audio_5054.wav,0.0,0.0,0.010476190476190477,0.005537037037037037,0.053633292776946125,0.03061837194758195,0.15656337299429168,0.002857142857142857,0.005518518518518519,0.027751934907194572,0.008279466174131554
audio_723.wav,5.0,4.190768000040216,4.546174603174602,4.446763842638842,4.616903174924555,4.8046717157477845,4.667897237776105,4.797277777777777,4.823171109754445,4.931315317544345,5.0
audio_155.wav,3.5,4.441927846211608,3.947166666666669,3.9427119315869317,4.345954479318453,4.35364981427907,4.900633607809654,4.393349206349208,4.222297518839185,4.2451190162518655,4.324686823924266
audio_410.wav,2.0,2.845872637949572,2.9848412698412705,3.0479132934966273,2.9827791758836533,2.9554463210609208,2.6361786606945614,2.8465873015873018,2.8681183662016996,2.758619251109753,2.8557113007265698
audio_251.wav,2.0,3.331407605984513,3.0749126984126978,3.1281528348195007,3.143990701653669,3.14748787182952,3.3078656496559895,2.9593571428571424,3.001064087147421,3.142061559412996,3.208960602782968
audio_779.wav,5.0,3.578160357353063,3.8025952380952384,3.873185197518532,3.827467583655288,3.8418213893416766,3.642940573128943,4.303730158730159,4.370353775853776,4.139177843030624,4.204854978423902
audio_382.wav,4.0,4.443835471076948,4.252507936507937,4.227530683822349,4.29837071319066,4.43392492903698,4.806945451257576,4.591563492063492,4.664405804072472,4.776239899209047,4.834090874523156
audio_559.wav,3.0,3.3541236754481623,3.0203650793650794,3.0219046694046683,3.3699508148504425,3.2088765624817923,3.3411813998342783,2.6426111111111115,2.5020310245310244,2.7275195087025907,2.8484914576928797
audio_161.wav,3.0,3.390108945952542,3.0719206349206356,3.120917087542089,2.7269682440397127,2.7993955222864972,3.62094327164623,3.2086031746031742,3.0453753160419836,3.0028164534498973,2.9912637307638614
audio_535.wav,2.5,3.214375753860452,2.9222460317460315,2.9816082651915985,3.3854733787496856,3.097273899585351,3.629602363337925,3.5073492063492053,3.5231831162664498,3.306660777680825,3.2707717756171917
audio_363.wav,5.0,3.785416014205921,3.774880952380953,3.8015205627705644,4.003847903635605,4.037721731475143,4.4415822866780434,3.948841269841271,3.892319865319866,3.994664024242507,4.031243966761987
audio_5057.wav,0.0,0.03558541430036607,0.0038095238095238095,0.005314814814814815,0.06939340355219535,0.04907414481891181,0.0,0.004761904761904762,0.0028703703703703703,0.052921291699438634,0.06552505962901592
audio_660.wav,4.5,4.184227256624071,4.2119841269841265,3.9383737974987962,3.9985592580890477,3.8421288298178395,4.5477802761087105,4.419126984126986,4.3317854537437865,4.271354799801932,4.246920813024481
audio_293.wav,5.0,3.1832165106372963,3.838436507936507,3.769078383036716,3.8467925291935443,3.7891009855197324,3.8424734883533413,4.5050793650793635,4.596909177242509,4.588260095131269,4.546990147098064
audio_74.wav,4.0,3.1590896462012927,3.7414285714285698,3.82179629321296,3.3356088118619205,3.3386051054268324,3.110113967225176,3.425206349206347,3.5235767149517154,3.679860958250836,3.583865662042985
audio_215.wav,4.0,3.8039872884574506,3.8807936507936485,3.908214991798325,3.957358232477903,3.9046976320178834,4.4230037925066314,4.473468253968253,4.461236980611982,4.438573271757002,4.477118119286913
audio_228.wav,3.0,3.2344560023226427,3.1681507936507938,3.2557244576411244,3.2895786895731796,3.279747927986209,2.810458493754776,2.819777777777778,2.858781132447799,2.7822102811512823,2.647402286671944
audio_602.wav,2.0,2.5521707426465334,2.4978968253968254,2.5734724904724913,2.5462049732023697,2.514056405717588,2.9936628475506937,2.712849206349206,2.621987276612277,2.725320594689409,2.678057715414013
audio_396.wav,2.0,4.269183422051444,3.622952380952382,3.7992734086900746,3.7511533048708827,3.834747598793139,3.582243025984571,3.1801349206349223,3.0945121360121366,2.9236059456525307,3.1384704341702303
audio_576.wav,2.0,2.9078818793699113,2.701880952380952,2.8178370795870795,2.7604159296656214,2.7923767123303165,2.888992684938193,2.6526666666666663,2.61178695687029,2.518158766354268,2.6052785031998815
audio_5040.wav,0.0,0.5329665542765408,0.08055555555555555,0.1346843434343434,0.019466897978469164,0.0258017134560877,1.6812430491156674,0.09609523809523811,0.13659171075837742,0.410089570045679,0.42850758036488545
audio_198.wav,4.0,3.7635980842469388,3.5610555555555536,3.5506427908511236,3.5218772681567736,3.536799462438706,3.287555680078532,3.1256587301587295,2.998318129401462,2.9419621013916166,3.034110561530143
audio_600.wav,2.0,2.730544854921795,2.4838492063492064,2.5914507776174442,2.7566463340187846,2.643512223399104,2.734770027533735,2.578714285714285,2.5346023606023613,2.579914437141239,2.6395938918288095
audio_710.wav,4.0,3.3614056423017966,3.553999999999999,3.4715601651434986,3.4197986140069325,3.43377719849314,3.9094618404378494,3.4149365079365084,3.375529293237627,3.5783146868739504,3.5633706697413294
audio_246.wav,3.0,4.135357465294168,3.943460317460316,3.935356967106968,3.775127685603577,3.8135161459859304,3.9437176003594736,3.2402619047619043,3.131833485958486,2.979573378170459,3.0752516356890633
audio_490.wav,2.5,3.2866260354255417,2.8591269841269837,2.907214586339586,2.6189690779011556,2.580003082002093,3.0135561403604636,2.988261904761904,3.059593008843009,3.044342132448406,3.033940008298485
audio_657.wav,5.0,4.471908398038274,4.468595238095237,4.401335298960299,4.786186952911502,4.682119391087538,4.837725465249626,4.409380952380953,4.233887145262146,4.5603208432488325,4.542842776160967
audio_688.wav,5.0,3.5401964427877197,3.5320396825396827,3.4491306995473665,3.3365425432040348,3.3132488832583866,3.93753213081458,3.227404761904762,3.382373877665545,3.238571626254299,3.25184172552443
audio_698.wav,5.0,3.8430840797710757,3.930912698412698,3.9005434981685005,4.122116086547826,4.145085198051799,4.0619160718154275,3.664007936507936,3.682328520245187,3.9824992000596033,4.075252001388388
audio_499.wav,2.5,3.2787304973014813,3.3825555555555553,3.350680876222544,3.1704393030017974,3.19697156757079,2.422122628254255,2.9888809523809523,2.9859863115279777,2.912925377046651,2.9898605954872814
audio_463.wav,4.0,3.414136281359528,2.944333333333334,2.8381359628026295,2.9732425428476024,2.9472496652317353,3.828773820371644,3.487849206349205,3.3677487913321245,3.3791145572631858,3.377581268004512
audio_604.wav,4.5,3.5915671791241017,3.609690476190476,3.5986099486932814,3.341633434564939,3.4497077529810842,3.790062174029764,3.8301825396825393,3.995469001677336,3.692984185121849,3.8793941347703336
audio_97.wav,4.0,3.335946017740074,3.607674603174603,3.8354013964430638,3.82165846972928,3.8323341365669354,3.2723873953775353,3.8143888888888884,3.897521298146298,3.9767162194618795,3.7775265320439835
audio_234.wav,3.0,3.018098255280107,3.250785714285714,3.186628627545294,2.91736411778176,3.098411186963212,3.512851296468902,3.3472301587301594,3.3657072048322036,3.1459798214457013,3.1854243338213593
audio_782.wav,5.0,4.194255061466014,4.164650793650794,4.069498524623526,4.173194910003189,4.097120515798775,4.096023212389933,4.3861269841269825,4.409131373256375,4.518199838665095,4.551383293546958
audio_758.wav,4.0,3.872496708081528,3.734547619047621,3.851264248097582,3.9142910630665164,3.815091851230807,3.971917378036705,3.5249682539682534,3.2714043086543083,3.228638015234145,3.450088643068119
audio_727.wav,4.5,4.177887526869395,3.909246031746031,3.8669666567999905,3.908002099706796,3.9066295228976102,4.225955749735313,4.105095238095239,4.163971540804873,4.132955861525399,4.2188315279022675
audio_643.wav,4.0,2.5609934002638943,2.814309523809525,2.9241762959262965,2.8130953431296324,2.9624027304208607,2.970653770590689,2.9578253968253967,2.918824434280316,3.088229351840951,3.1245961097294326
audio_261.wav,3.0,3.7712228934563203,3.7320952380952384,3.670029052737386,3.7318587265262866,3.6276398135243384,3.5621193236222553,3.7428015873015874,3.492933981142315,3.395655602255801,3.442435597966778
audio_205.wav,4.0,3.7412454112242517,4.100841269841268,4.108898635315302,4.11558934385017,4.050164452328015,3.601408320247773,3.673714285714286,3.697328480161812,3.608970053155982,3.6706750201028533
audio_128.wav,2.0,2.6818110245125966,2.915420634920635,2.9194433930267265,2.9633309707908526,2.9824113430747468,3.4616887277562065,3.590944444444444,3.6302517420850755,3.533892750327647,3.6225168406194013
audio_650.wav,5.0,3.879204969781192,3.880261904761905,3.7165967073050403,4.0661642089803935,4.019852967563618,4.140724546596491,3.943293650793651,4.209381974506974,4.366554336100843,4.181392999323429
audio_35.wav,2.0,4.448374613362655,3.9943968253968243,3.88760700873201,4.086192071479661,4.074601398546167,3.3886007535865494,3.268658730158729,3.0243418973002307,3.0083661243208213,3.134780749049641
audio_141.wav,3.0,3.602794658943909,3.345206349206349,3.4184467554050904,3.4269794496764643,3.3259031536875554,3.858108180806205,3.51211111111111,3.31158782883783,3.335891192599109,3.4563430148339545
audio_260.wav,3.5,3.584226684715444,3.5115079365079374,3.4314156645823313,3.496642408614638,3.311623533270545,3.61028660951245,3.500087301587302,3.1762101370851377,3.173681579923541,3.2225367064301267
audio_722.wav,5.0,4.297101087175714,4.45979365079365,4.3927960557960555,4.734113592193252,4.73944307354438,4.6580070330077765,4.772103174603173,4.840458183791518,4.967322795906131,4.968499903818989
audio_5047.wav,0.0,0.049528818575228804,0.004444444444444445,0.0021296296296296298,0.02865835756781071,0.008706364816399042,0.0,0.001746031746031746,0.0,0.018321278157013714,0.0005082044882991913
audio_324.wav,5.0,3.7643490215627877,4.087992063492063,3.9763083213083212,3.820954819036649,3.902521696507959,4.440068406497728,4.513619047619048,4.521226693060027,4.73481137002885,4.656751356756222
audio_279.wav,5.0,4.537509209528415,4.39484126984127,4.365313331729998,4.8061735568441035,4.798653374735536,4.9839877715599235,4.69638888888889,4.681486992945326,4.884873267632641,4.8200880625408
audio_450.wav,3.0,3.082057638341546,3.0449603174603173,3.0486484233359215,3.102234226396156,3.1324046986710594,2.9977536899738784,2.787428571428572,2.94335934744268,2.8946072531866816,2.7309279468744205
audio_32.wav,2.5,3.398580552312471,2.9341190476190477,3.009466115674449,3.0088022146046747,3.1019516802043103,3.9367699421650677,3.601396825396826,3.911335117043451,3.7581877555471075,3.811316010209905
audio_254.wav,3.5,3.6031346598090117,3.2714603174603187,3.1805478441311785,3.370377385669729,3.462762247941692,3.3979926521445414,3.2258888888888895,3.2525292809042803,3.4944789074563523,3.432906390057079
audio_544.wav,2.0,2.5690223866113446,2.909007936507937,2.952695779529114,2.778902553051527,2.820239004348005,1.8710962199763195,2.6502222222222227,2.6379726230559566,2.276302068777099,2.2459082340097862
audio_176.wav,4.5,3.8491490708903293,3.7272222222222218,3.8284232788816115,3.582555154973671,3.665521175421926,4.400394804564538,4.301230158730158,4.272945947570947,3.9565655413234855,4.1098864900520695
audio_301.wav,4.5,3.0453273753739674,3.6641111111111115,3.6750843354176688,3.817767298354307,3.7993309473534347,3.3872897983323322,3.6881666666666653,3.5483473424723435,3.7177701131209298,3.834951836607298
audio_213.wav,5.0,4.603503714715341,4.454142857142857,4.272879498587832,4.536470921035392,4.410356455938978,4.802863899677429,4.354031746031746,4.196015071348405,4.492091438855021,4.584896636444687
audio_295.wav,5.0,4.4584210135662525,4.120412698412697,4.033909171075837,4.125080755906527,4.269400190498695,5.0,4.720976190476189,4.795673400673399,4.910055083208182,4.934176105860558
audio_40.wav,3.0,3.273036521318995,3.1159444444444433,3.0346435462685464,2.830880816824004,2.81593409780672,3.7609729933478366,3.3756904761904774,3.398347135888803,3.3790090781559647,3.502712891416649
audio_496.wav,2.5,2.314452718084262,2.622142857142857,2.6631274851691518,2.5983383510531968,2.7191120989919066,1.5211441262045697,2.3518888888888885,2.3704007134840466,2.1273685287124757,2.087114269126802
audio_45.wav,2.5,2.9340373893824423,3.2331984126984126,3.47252709636043,3.0318132818498156,3.1017811321026705,2.765842279247773,3.061285714285715,3.1193722681639358,2.925764708591672,3.0075151603584835
audio_146.wav,3.0,4.607312009310878,4.142253968253968,4.13192608625942,4.116084555444127,4.250287406989905,4.338359548394302,4.285420634920634,4.131792471417472,4.521499922129494,4.4684344844904915
audio_415.wav,2.5,3.5408359307828494,3.224,3.2611564515731177,3.3271522413241037,3.474783834370589,3.5841401643444484,3.4026746031746025,3.5119294239710914,3.487911030339594,3.680392739691719
audio_595.wav,3.0,2.693379882178842,2.7109920634920637,2.6659666367583035,2.8884874923136272,2.7974206554957255,3.6505438472907064,3.291031746031745,3.4759898696982034,3.6229021828303805,3.548100667290059
audio_783.wav,4.0,4.235445169840461,3.9566984126984117,3.8969057269890612,3.9948935497668145,4.098830325931406,4.333098816787186,4.109269841269842,3.75812997342164,3.8963641324476144,3.8595185202347984
audio_673.wav,5.0,2.838716743783799,3.213761904761904,3.1429660894660896,3.28061045836936,3.216836432042301,4.194709665681956,3.9870634920634913,4.0228958911458905,4.255655133885105,4.216363926641071
audio_48.wav,2.5,3.111750459749903,3.4587380952380955,3.477126319804015,3.1677707711856833,3.2707481346392533,3.1524405414870067,3.4360079365079366,3.6526061808561807,3.2621610429907797,3.323634912879315
audio_777.wav,4.5,3.2795473106946154,3.3242857142857143,3.1117100106683444,3.2155950203010764,3.114880678467749,4.380983189481385,3.581428571428573,3.6876653839987186,3.956438498793116,3.950512134283992
audio_330.wav,3.0,3.001877376726739,3.2798571428571432,3.3277137245470563,3.109333028000981,2.9141458303823478,3.123056906285161,2.985420634920636,3.011362316695649,2.839891837339542,2.8543996911011966
audio_200.wav,3.0,3.5017916710753725,3.5234841269841266,3.5249689369272708,3.3908994571012094,3.3261100026035515,3.6551119559283856,3.4742936507936495,3.3271404120570782,3.361605853377048,3.3875440668043946
audio_259.wav,4.0,3.1579681646431528,3.229301587301588,3.1455579204745856,2.765455299664888,2.8159184620457753,3.0282699509959703,3.2326269841269855,3.292240931136764,3.0844280310246934,3.046737500835397
audio_721.wav,3.0,3.2838551593140735,3.2902142857142835,3.351760501843834,3.348485235630797,3.387949427318898,3.832296721309587,3.486396825396825,3.329789634747968,3.2689523220455783,3.383438874655017
audio_223.wav,5.0,4.4936721364161345,4.298904761904762,4.297490725324059,4.628812614159753,4.6336279589220934,4.32640009519521,4.121801587301587,3.9321118827160504,4.228850768346676,4.131045715945849
audio_175.wav,4.0,3.6105701504355245,3.827611111111111,3.8552850097433446,3.799081540764513,3.8319983780890152,4.376305139224049,4.471880952380952,4.500080414955414,4.361637247252777,4.368044179694496
audio_400.wav,4.0,2.999885536134796,3.48654761904762,3.5362387365720713,3.249802486443136,3.3270547292824837,2.582125825365058,3.104738095238096,2.9865473199639876,2.89661213796059,2.791330312963611
audio_506.wav,2.0,2.46436348832595,2.842063492063492,2.8977830764914105,2.811895514486956,2.798057290523736,2.4839767663109806,2.9677619047619053,3.0523457915541243,3.0778440088897145,3.033853131906445
audio_153.wav,3.0,2.8194653903796136,3.0243492063492075,3.018289534539535,3.211328252512343,3.2488883867147322,3.306549129705228,3.3525873015873024,3.492832778332778,3.5042901834974707,3.564103723929891
audio_5050.wav,0.0,0.0,0.01126984126984127,0.022772486772486767,0.05349538745678737,0.019331719844644324,0.0,0.010476190476190477,0.01746296296296296,0.0,0.0
audio_281.wav,4.5,4.258007861186887,3.904595238095238,3.981886833845167,4.142964054147736,4.254325097340385,4.594946354741894,3.9241428571428574,3.8804150818317478,4.123643150295147,4.227369265133689
audio_543.wav,3.0,3.0483398920777187,2.9232460317460323,2.9177951539201543,2.9415533364770625,2.888853468492439,3.241579160035458,3.4456190476190494,3.5522363947780615,3.4763379816194635,3.4429745153032183
audio_445.wav,3.0,3.6149503209973233,3.340976190476192,3.4122882379965715,3.5693880973210343,3.68610543428708,3.4261873078165173,2.977880952380952,2.9987923480840144,3.1202718300794405,3.0839965543125225
audio_124.wav,2.0,2.5579687649769074,2.767404761904762,2.755431451264785,2.745252369261202,2.7773211501392208,2.97131485187167,3.05513492063492,3.15616524370691,3.1116095009361735,3.08976941151164
audio_249.wav,2.0,2.871580643279414,2.939658730158731,2.9558042559292566,2.9082416173043106,2.9073561259845726,2.3086985729231437,2.7337380952380954,2.6681853856020514,2.576092172952403,2.5426104393011446
audio_420.wav,2.0,2.980041654092298,3.0540158730158726,3.0769695628445626,2.926980916626477,2.8046600748368693,3.4818868782707018,3.533095238095237,3.6100882096298768,3.427764863356314,3.3517227463460704
audio_203.wav,5.0,3.2726435179280746,3.8455,3.8910162260578933,3.8398054951032115,3.8383047324393957,3.897537071824329,4.147960317460316,4.038342622655122,4.400406921894459,4.217522599755383
audio_278.wav,5.0,2.4065876976259264,3.3634523809523813,3.370263948243115,3.457743432950309,3.3992747425331493,3.2410388040804534,3.4111349206349217,3.4421327052577055,3.858519467011393,3.7608117547302897
audio_516.wav,2.5,3.6457836524262106,3.8811190476190482,3.8749867848201176,3.9637697502122955,3.9134888383023685,2.698074132765006,2.9475634920634923,2.9062698507012237,2.7749180327568266,2.7745731891912193
audio_326.wav,4.0,3.2620714299506015,3.5685317460317454,3.565536930661931,3.446537064874309,3.544716075503237,3.620602698818162,3.5637777777777786,3.747107258482258,3.745306444309424,3.684472374322077
audio_603.wav,4.5,3.4187050024828616,3.786341269841271,3.832340628507295,4.179187329911076,4.053195283979361,4.073168944372206,4.227801587301588,4.273643398268398,4.345103929247062,4.469083790434269
audio_199.wav,4.0,3.4705972130072644,3.4478968253968247,3.516628757045424,3.382205748422347,3.4544854924076414,3.502850396305142,3.6334444444444443,3.756204519246186,3.6833651500273095,3.692519409518987
audio_406.wav,2.5,2.850923225666701,3.2997936507936494,3.270045924754258,3.4244532434858344,3.3201066028847577,3.467593089236608,3.3022063492063487,3.450580576830577,3.550942217135015,3.4593288605786445
audio_538.wav,4.0,3.476930335659052,3.0200476190476184,2.948117322492323,2.9482080134147246,2.8445463781189027,3.8191567786387366,3.6083650793650786,3.5898486605986606,3.42905220421656,3.458176950552522
audio_631.wav,5.0,3.425006685653772,3.6363412698412696,3.5679368717702054,3.52617375829127,3.73730195440956,4.230793143391952,4.2284444444444444,4.307588889505557,4.165687074168718,4.181661163318474
audio_5061.wav,0.0,0.2432410557068246,0.04797619047619048,0.005582010582010581,0.03214058911155313,0.02690114765547137,0.0,0.04223809523809524,0.006481481481481483,0.0,0.010580129823089472
audio_196.wav,4.0,2.8937107511458873,3.481904761904761,3.4271717572550906,2.949215201372643,3.048234991550336,3.181018363625564,3.5049047619047613,3.5556599866183203,3.231531551976751,3.362076931389583
audio_756.wav,4.0,3.988172251098908,4.190738095238095,4.209521079229412,4.3481325528375585,4.314743084687291,3.684272600188658,4.265452380952381,3.9322810545935543,4.091742028984231,4.090794320177557
audio_649.wav,5.0,4.144975212639112,4.086436507936507,3.8901006354756356,4.122245213179469,4.188217215998705,4.627965058869015,4.329444444444444,4.288863015071347,4.609544466037048,4.610488252756322
audio_27.wav,2.0,3.017788667296539,3.371071428571428,3.5315451092117756,3.0199211516853377,3.086677345358256,2.675268123775668,2.941047619047619,3.0347644523686195,2.698015659884947,2.7339110229744357
audio_681.wav,5.0,3.2257497869583496,3.253031746031748,3.0439305015971683,3.217165205091099,3.400571325657227,3.427345536578953,3.2081031746031754,3.1516650170816845,3.606336114312096,3.4966420640155165
audio_556.wav,2.5,3.748799828817733,3.6383333333333323,3.579709787126454,3.648419536515831,3.6410813824465684,3.634796830005756,3.656825396825397,3.8327702205202208,3.8805662731532213,3.9432905506257137
audio_185.wav,3.0,2.6833530376028,3.0435793650793657,3.0370118646785307,3.114596712799482,3.1298112399810756,2.560687767514907,2.924126984126984,2.96014057393224,3.115259775492868,3.12077585517523
audio_369.wav,5.0,4.269894246562991,4.00829365079365,4.0056168969918975,4.129087813377751,4.174149659961778,4.512190911585968,4.413944444444445,4.531633770550436,4.521488181299103,4.686742677935579
audio_241.wav,4.0,3.0832875343058093,3.8892222222222226,3.7238834437167765,3.970812706273872,3.7910174207116722,3.619916990048004,4.450849206349206,4.457381414881414,4.527099338825406,4.416181663419305
audio_98.wav,2.5,3.39617156859125,3.2225793650793655,3.237751529334863,3.204515219242341,3.112332976677351,3.150906390594896,3.0131587301587306,3.126745763495764,3.041929057234418,2.874909583694452
audio_389.wav,5.0,5.0,4.392603174603175,4.399005932339265,4.8012401235876645,4.717260911194869,4.955804410313394,4.5479761904761915,4.566420875420874,4.9365706115222805,4.929267398277575
audio_357.wav,5.0,3.3077025820800507,3.382595238095238,3.2376575862409194,3.555394175376582,3.564085521068263,3.4038841827532362,2.7962857142857143,2.707540188206855,2.749375459794956,2.964246155085517
audio_112.wav,3.0,2.5288367583046263,2.9862301587301587,2.942916757625092,2.742005028207913,2.71895427683833,2.2117195106162844,2.7712698412698415,2.6936028015194675,2.471174035481026,2.428241079819593
audio_675.wav,4.0,3.8806578629698962,4.154587301587302,4.068384294717627,3.947678462334785,3.8656756877363088,4.158516404816761,4.329698412698413,4.354218915343915,4.172418925585632,4.190534507589592
audio_113.wav,4.0,3.9031630995610533,3.2020476190476175,3.293122342164008,3.055171719477706,3.1270288271306743,4.046012256273657,3.226444444444443,3.394101150392817,3.1555619327977227,3.326398591184915
audio_483.wav,2.0,2.185565752950223,2.757293650793652,2.812672784006118,2.904229236738752,2.727667819385698,2.1645948218321456,2.86084126984127,3.108185465768799,2.928072638722341,2.92927084937738
audio_474.wav,2.0,2.395301570727479,2.5012539682539683,2.5757995307161967,2.4211381538132657,2.5373105226557824,2.0847111207501237,2.856833333333334,2.7239813350230015,2.521239146275397,2.6030168051093536
audio_725.wav,4.5,3.991893857944255,3.509166666666666,3.5713839617172956,3.7358816604605187,3.5693682249390997,3.919514194739044,3.7292777777777792,3.7871662874162872,3.963817219521807,3.8689168401489247
audio_774.wav,3.0,2.7732573616003173,3.1084126984126983,3.069883237133237,2.920066194005249,2.904826026124539,3.2646945741123905,3.165134920634921,3.0222494064577394,3.046876217728622,2.9772315484504683
audio_588.wav,2.5,3.6313080353601817,3.1316746031746026,3.077260592802259,3.380205220287923,3.4120949143217025,3.494529660063732,3.0011428571428582,3.1414235332568676,3.207023339631363,3.175796277254408
audio_395.wav,3.0,3.8609360137748063,3.9321984126984137,3.913896517063185,4.08970246696994,4.0772719753467,3.621812941357343,3.432063492063491,3.452421855921856,3.421200915592268,3.4542927050054075
audio_210.wav,5.0,3.857885030595121,4.401809523809521,4.1784684590101255,3.9472818571682513,4.125756689700253,4.336958626485491,4.6246190476190465,4.567945397195398,4.477794725876848,4.4819652641534065
audio_309.wav,3.0,3.2220302509428826,3.686849206349206,3.6790902739236078,3.3664647108215866,3.3657288226277546,2.815413350924145,2.9692539682539683,2.9350284083200755,2.6478775643004404,2.6927192645855027
audio_457.wav,3.0,3.796705879603041,3.0429682539682545,3.1764616386699713,3.4318140397344137,3.392920766782192,3.8149781100203675,3.0997777777777773,3.3068096326331626,3.2672575957518983,3.3139712278063507
audio_492.wav,2.5,3.4216255730546155,3.0814761904761903,3.1564498225539896,3.0893206875490518,2.9760404103705205,2.801467797902763,2.8682777777777777,2.8302433060766403,2.6319852580163388,2.574171445875289
audio_738.wav,5.0,3.307115482691929,3.2031428571428573,3.197675651508984,3.1589834573288607,3.2439415576265667,3.226129141462016,3.1519999999999992,3.2099888444888456,3.1864632136498012,3.2268311065585036
audio_305.wav,5.0,4.77024740664677,4.248079365079364,4.20362936292103,4.637577181447494,4.705452414078754,5.0,4.585317460317461,4.59420324274491,4.922827332168202,4.917159896827897
audio_123.wav,3.5,2.087052247875825,2.6103095238095233,2.6473192239858903,2.6987354108357073,2.5490223131892376,3.1218335975010594,3.3559444444444435,3.247156730615064,3.24386168465039,3.2351290311652847
audio_5053.wav,0.0,0.7274164961875846,0.005238095238095239,0.009740740740740743,0.0018091778865616905,0.0,0.3630270148528682,0.007777777777777778,0.014074074074074077,0.0,0.0
audio_89.wav,2.5,2.6138212184195733,2.730920634920635,2.7281131553631544,2.7372309893509406,2.7223140169391176,2.5079056247167104,2.769484126984127,2.955733572890436,3.0331818608501897,2.8930222838468773
audio_747.wav,3.0,3.299096909560038,3.6208650793650787,3.67811139631973,3.6183502854312266,3.8178990096003993,2.7305594289973087,2.986103174603175,2.971185316226983,3.056778268004925,3.068164452451722
audio_115.wav,2.0,2.519523645392972,2.7023174603174596,2.768728354978355,2.332980161442777,2.338474337449941,1.619408709673153,2.5683888888888875,2.551543730960398,1.9655133035415109,2.1169358019498894
audio_235.wav,3.0,3.170196376953483,3.247198412698413,3.2323183822350505,3.242625756402889,3.0026147979757263,2.6795804925370565,2.8649285714285724,2.6955254329004323,2.544351891937234,2.4846567020227837
audio_414.wav,3.5,3.1369534890278845,3.7326428571428565,3.66781604969105,3.943580704489957,3.6387833629494164,2.991781469632999,3.2714126984126977,2.9737632049323235,2.898415374243413,3.153547278522199
audio_56.wav,2.0,3.036522552402887,2.8371269841269844,2.9510837272295607,3.1595906691990003,3.172805526098782,2.677513676051037,2.7386746031746028,2.8352648431815104,2.794477219080419,2.8377918043481394
audio_43.wav,3.5,2.362797210229673,3.181111111111111,2.9007187149270472,3.2108798842942643,3.2333442143583007,2.970898290280326,3.1449444444444445,2.896436524894858,3.242542088206505,3.0238342864991057
audio_394.wav,5.0,4.4551138119428915,4.355476190476192,4.256723825557159,4.716912151978915,4.618391420206723,4.884302793021999,4.716603174603175,4.780648969857302,4.940994876646783,4.91430904837111
audio_423.wav,3.0,2.9166399880784346,3.1059285714285707,3.1551978515311845,2.885394677682483,2.892097650732888,3.3275456179020835,3.3801746031746025,3.730877976961311,3.710817211341793,3.6941580775255463
audio_579.wav,4.0,3.9368738303511837,3.432095238095238,3.4617409611992938,3.758961482743803,3.6026516406637596,4.003052229791705,3.6785873015873016,3.6668676894093557,3.6817935614960944,3.6704075938177745
audio_172.wav,3.0,3.7807270184945225,3.598611111111112,3.406741822991823,3.318871686387597,3.495207009403917,3.438803204768984,3.245436507936508,2.9469520402437066,2.8826217357846353,2.8229753384155694
audio_144.wav,5.0,3.912960262291371,3.4515396825396825,3.363419691419691,3.4143845552334113,3.5054815302745603,4.237016474499428,3.9594047619047603,3.8355275449858772,3.7114672477322994,3.796248197091421
audio_151.wav,2.5,2.501715940628813,2.987769841269841,3.192492564534231,2.9416218053257004,2.9968684498455183,2.2882321454270893,2.649277777777778,2.7420884485884485,2.4270206011068765,2.4586124001827616
audio_65.wav,1.5,2.8614254860294452,3.1268095238095235,3.0076982924482922,2.9447307624993333,2.918566097018845,2.4471092995864825,2.68981746031746,2.587804132595799,2.4382377346798654,2.6094425484764767
audio_481.wav,2.0,3.2254721089218976,3.366428571428573,3.425123330373331,3.2641937937172423,3.1333776781345093,3.5798581279728476,3.5959761904761898,3.7151628124961458,3.4375147272880677,3.541460785420261
audio_262.wav,4.0,3.895453405508386,3.5367539682539673,3.6253359957943303,3.780468530029354,3.8393144850912955,3.79368184163215,3.834523809523809,3.913992421159088,3.939400546095546,3.915934636738799
audio_229.wav,4.5,3.874270150932299,4.062785714285714,4.103178050344716,4.253513309689679,4.165752159937759,4.75963381791869,4.317944444444444,4.420423234173234,4.8431590089281364,4.786061181733868
audio_22.wav,4.0,3.1200297774283676,3.2555317460317457,3.360313157521491,3.3171212874993543,3.373046777734008,3.125637842096781,3.362968253968255,3.3987016270766266,3.3150848010429548,3.4918822938488954
audio_434.wav,3.5,2.9438505527451437,3.386912698412699,3.4441429373096035,3.414489598687823,3.256602273609438,2.5685276124062,3.273309523809523,3.163642460934129,3.1479581053492183,3.1729416618917465
audio_488.wav,3.0,3.6360472856046044,3.178865079365078,3.2528299139132475,2.9454419825211757,3.0587008454781803,2.9067468186483967,3.0804761904761904,2.9834907993241324,2.8597454954212806,2.9087669485377976
audio_439.wav,3.0,3.781053910172043,3.720007936507938,3.7237422068672075,3.795196269825798,3.6545216693999136,3.72096816349724,3.519952380952381,3.6479913567732187,3.624547405878445,3.713755439169736
audio_160.wav,2.0,4.065833429553957,3.7024126984126973,3.7672635882635874,4.010989079765565,3.918424331562278,3.291773621799599,3.0863809523809524,2.931726202809536,2.865306501819204,2.8975181167948993
audio_594.wav,3.0,3.0460929076665937,2.8501984126984117,2.863069063652397,2.668292151690871,2.7041623468291096,3.304117549991164,3.184492063492064,3.219487592654259,3.094142260746487,3.115457296125135
audio_651.wav,5.0,4.056965954858917,4.071190476190477,3.8785225068141718,4.107934668538317,4.0334653830977105,4.573974903495124,4.27907142857143,4.483337195212196,4.555758866641148,4.595373693724656
audio_569.wav,3.0,2.604154202961795,2.805325396825397,2.8477091396258074,2.68777526461923,2.7706740890866555,2.704834879196946,2.7804761904761914,3.004462341670676,2.854648305696651,2.7213163254407866
audio_440.wav,2.0,2.969325770263703,2.6330158730158733,2.698902839444506,2.7700502789249852,2.8154865303685703,2.093449197575714,2.4598888888888886,2.530470833179166,2.3178580338812425,2.3180666110627897
audio_658.wav,5.0,3.555297350384349,4.214476190476192,3.990921678630011,4.047136178983211,3.9443733043865596,3.3335372306034388,4.1264603174603165,3.8183931963098643,3.9114141130753626,3.949458526655705
audio_274.wav,3.0,2.719688001158838,3.238396825396826,3.2548064497231164,3.027629159703405,2.9024947438001747,3.0267959441769556,3.3345476190476186,3.4537690858524193,3.3339409282044694,3.3290791092432084
audio_5065.wav,0.0,0.09126295453135362,0.003650793650793651,0.002777777777777778,0.004967836107047826,0.0007245396662558766,0.39411938653480033,0.0,0.013222222222222224,0.009896243495896972,6.065515052780234e-05
audio_158.wav,2.5,4.21851337760772,3.838992063492062,3.788642712226046,3.882075995969037,3.731846186714169,2.899463622325857,2.9633333333333343,2.983232864357864,2.918062775007641,2.952738570433065
audio_493.wav,4.0,3.4828002625846284,3.6462380952380964,3.7055758824508818,3.8705569867956426,3.824064076279106,4.422833454016004,4.288626984126982,4.130743321493323,4.603975233611741,4.58133458592954
audio_646.wav,4.5,4.89799097609663,4.081190476190476,4.015496432579767,4.144191482399601,4.2071067843708105,5.0,4.267261904761905,4.256670271086938,4.3955932142930765,4.499177730919743
audio_64.wav,2.5,3.06541213234968,2.8193015873015863,2.843640592432259,2.888937444242121,2.8161890521534843,3.1880655708287704,2.9761031746031743,2.8096483701483703,2.7729935181025454,2.91667326531633
audio_451.wav,2.5,3.575727755422385,3.0225793650793658,2.99029604645536,3.191137546805351,2.9693223601170318,2.918152371357305,2.6131428571428565,2.5448400349650355,2.4587217855450323,2.4427458402289877
audio_277.wav,3.5,3.945641042096524,3.955944444444446,4.0059196729196715,4.083312464795749,4.060160199014007,4.334422020702386,4.260920634920635,4.270705200663532,4.424409078478454,4.402175155441769
audio_491.wav,2.5,3.5509549804695797,3.007658730158731,3.1062682780182787,2.9458984921325766,3.069425198369975,2.693026478553639,2.7469047619047617,2.6961429527262855,2.382126678727845,2.4634740417300187
audio_52.wav,2.0,2.8249162978338767,2.9777857142857145,2.988167776667776,2.910198265811395,2.793547764396214,2.9350579920924074,3.1775634920634914,3.310390532307199,3.1123826580228324,3.160644035115572
audio_743.wav,4.0,3.294402973319896,3.427420634920635,3.6496325757575754,3.635479160206552,3.6978169044258844,3.6425524359481916,3.6370158730158733,3.702746585204918,3.625391650662454,3.7480250824151278
audio_243.wav,3.0,2.8958823275026373,3.0742301587301597,3.138303162886496,2.731739752310979,2.6630490623589336,2.9177609158686053,2.819603174603175,2.7883918828085505,2.6845191969165825,2.630085331894852
audio_661.wav,5.0,4.235234174323591,4.116984126984128,4.031203110161443,4.16678841980607,4.202910260878139,4.666687909450435,3.978555555555557,3.856228535353535,4.290043163662799,4.237565113307688
audio_456.wav,3.0,3.230600325728846,3.0411666666666677,3.0482985008818346,3.1290619069999077,3.190605713783,2.942170518114473,2.9201746031746025,2.8532927936261263,2.685244231300698,2.800820058751459
audio_90.wav,4.0,2.429806458674919,2.6421349206349203,2.567213403880071,2.762374671013251,2.5312503877515757,3.605825936882152,3.3403412698412693,3.5571622328288997,3.4422913470933505,3.3601551851994067
audio_735.wav,4.0,4.33197753926919,3.5932222222222214,3.558671179129513,3.8391960618874936,3.7570502366765375,3.794546186102568,3.4638650793650814,3.4327924590841263,3.601401800320309,3.636690037983558
audio_775.wav,4.5,4.105202107107373,3.9810000000000003,3.7901029741863077,4.142976392524014,4.222400089391871,3.8243686122793696,3.446015873015874,3.472301201884534,3.520652586201807,3.5959842773716915
audio_587.wav,2.5,3.726036834427838,3.5349444444444433,3.3717492599992602,3.438766927986413,3.3936860197332703,3.6936708853625007,3.090539682539683,3.04254651675485,3.079654377252288,3.1219200774212132
audio_103.wav,2.5,2.656603877064225,3.259571428571429,3.375904970029971,3.316461202166534,3.4134227329701017,2.033846180566384,2.7127936507936514,2.7147493252934427,2.604203579326381,2.558807281023062
audio_111.wav,3.5,4.001586319491332,3.6358174603174613,3.6591809425142756,3.3635003441477345,3.4172483998496967,3.5980310950507697,3.76215873015873,3.9303283491200145,3.9345899514478186,3.9731368983993995
audio_421.wav,2.0,3.019528717675549,2.9891507936507953,2.9013674643257983,2.771032755965725,2.7116165131863976,3.0749603909227488,2.8660317460317466,2.819818462401796,2.645418874414735,2.5736324884923403
audio_683.wav,4.0,3.5889148622373725,3.8252539682539677,3.7790070346320355,3.650095104778891,3.6946661971767587,4.078265396507725,4.213793650793651,4.215033629950297,4.201966744872289,4.231242473379244
audio_152.wav,3.0,3.1800430331357266,3.0329126984126993,3.0015585679752355,2.9893315725642355,3.0678201926639925,3.356351704607958,3.286428571428571,3.264594777136443,3.2724857134501364,3.294103819661183
audio_134.wav,3.0,3.0560907146063254,2.618960317460317,2.5697909852493193,1.7909441037684453,2.091511034731264,2.554783087992351,2.4559603174603177,2.3890024620441292,1.7303385375121476,2.015516437090515
audio_12.wav,4.5,3.0041571542904477,3.134873015873016,3.212616658601308,3.4926870412425237,3.550503394075511,3.1122040537764453,3.2236666666666665,2.923301431593099,3.1469515462213304,3.2354810741928546
audio_232.wav,3.0,3.097072344764887,3.3888730158730165,3.4419045013628353,3.2987424875764617,3.328490127924073,3.0221892912906063,3.269563492063492,3.1872000468667125,3.066988902808189,3.0907411208623734
audio_36.wav,3.0,3.280023484134949,3.2901984126984125,3.331366177032843,3.201432235769752,3.2916616425059977,3.3644104787160227,3.3458888888888887,3.254119775286442,3.48741498859178,3.4887784109524094
audio_268.wav,5.0,3.677640123315939,3.5747301587301585,3.5814536636203305,3.70091799258956,3.8219410055509297,4.273402323038277,3.679857142857142,3.7787930295013634,4.12743568189559,4.24632412470288
audio_68.wav,2.0,2.84528075470771,2.7665079365079364,2.6221595148678483,2.7516552749358603,2.8255202425477086,1.8402126517409723,2.439428571428571,2.3761482360232367,2.400254401324173,2.315732168730935
audio_729.wav,3.0,2.668512224386452,3.4970476190476187,3.403444462944462,3.390130989815981,3.4420100950690027,2.519427981935444,3.3186984126984136,3.409960567210567,3.282641884910349,3.2883128739012357
audio_247.wav,4.5,2.7623812560727914,3.1160238095238095,3.008176280509613,3.184875141473985,3.1431634116287,3.2251940552244514,3.566150793650794,3.6719885161135153,3.7893635366947063,3.838954972634374
audio_224.wav,5.0,3.8777310218233,3.6944047619047624,3.612220213428547,3.948191483758008,3.8334770851663045,3.6496394468814017,2.9777460317460314,2.8134967285800623,2.956852234517312,2.878496756323806
audio_425.wav,3.0,2.5415795173755726,2.9666269841269846,2.952525158846237,2.6015639976544334,2.721491381997003,1.7001462599377692,2.8518809523809536,2.8036573472823476,2.5936723755149984,2.45664202902236
audio_392.wav,5.0,4.347819839271739,4.489563492063492,4.307695526695526,4.415266753486293,4.407595905577449,4.761305541919985,4.434087301587302,4.468540383998718,4.6994128648922535,4.7275848048072335
audio_615.wav,4.0,3.1694886236297055,3.3875634920634923,3.323324726199726,3.362265557661905,3.3181866039303376,3.3988621443044287,3.1880317460317458,2.999889516347849,3.2350259266528205,3.2776813665099063
audio_245.wav,3.5,4.174318520839968,3.828317460317461,4.0418537881871215,4.046984099876937,3.8885196512343505,3.9368309649894093,3.8024841269841265,3.6020244308160962,3.9852924242724383,4.046299640755267
audio_271.wav,3.5,3.8523144218641625,3.436888888888888,3.408521006771007,3.485027060127661,3.541124108499504,3.873462036612366,3.245865079365078,3.110594891219892,3.23816518257188,3.2975002782297853
audio_321.wav,2.0,4.125249444023827,3.612333333333334,3.6952468118301454,3.6303045856921656,3.622156784964654,4.1853936083342695,4.05668253968254,4.105288940997274,4.27379979110248,4.259439448991262
audio_5043.wav,0.0,0.16335866204014562,0.0,0.0015873015873015875,0.0,0.0,0.0,0.0009523809523809524,0.0044444444444444444,0.0008533688191555408,0.0
audio_187.wav,5.0,3.83128527398409,4.15865873015873,4.096129005254005,4.286328282438214,4.175151242805599,4.389976652148269,4.558912698412697,4.5869270482603826,4.714864250689826,4.7954601268788055
audio_221.wav,4.0,3.6876286318427263,3.817142857142858,3.790668037209704,3.4354450733263064,3.5277683700658087,4.225218280738369,4.463325396825396,4.520656470073136,3.984919558822293,4.2213481366137815
audio_219.wav,5.0,4.744049542744065,4.3592063492063495,4.36582653920154,4.736484646018726,4.741490872156271,4.954509601306875,4.490341269841269,4.5011607004107,4.75521396451983,4.727037356613429
audio_601.wav,2.0,2.953568299912829,2.6035,2.622812449895784,2.6749132222979415,2.6339865799152204,3.072825487103105,2.631063492063491,2.7798629634254635,2.736703164169285,2.7431399868170163
audio_100.wav,2.5,3.881689772246199,3.325865079365079,3.4373397790481115,3.3126634661775305,3.274764723921821,2.8110301985333273,2.8446587301587307,2.9195262885262885,2.762217031304303,2.633942023722181
audio_227.wav,4.5,4.586402482627612,4.278047619047618,4.216259239217571,4.467528509879026,4.356399012819125,4.920720524416111,4.345944444444445,4.0026911483578145,3.9337853588226017,4.00895448187334
audio_411.wav,2.0,3.060742873536547,2.6851031746031744,2.722941869858536,2.8318689627863294,2.798846552892875,2.860185234481582,2.6122857142857145,2.5439964526214522,2.6148725585680825,2.632006272891063
audio_28.wav,3.0,3.8839071624948045,3.625579365079364,3.629136630344963,3.533178589704377,3.6092753562151656,3.1966967598774203,3.242015873015873,3.449615901074234,3.1693153637820664,3.161081948063137
audio_653.wav,2.5,2.719748127136274,2.8352222222222223,2.832443430026764,2.8810290432347685,2.7493805931506308,2.67271376629016,2.7433412698412702,2.7677210181793526,2.7175161940549697,2.6371097135546635
audio_29.wav,3.0,3.0885409965700545,3.073587301587301,3.1035701829035163,2.9638694697802825,2.907426397370616,3.3787107636719735,3.4331746031746033,3.5210553736387076,3.302964779589285,3.2575981108908802
audio_470.wav,2.5,3.7384210178474704,3.4138174603174605,3.527627707169375,3.420238489323737,3.483046101749379,2.674444748347169,2.86802380952381,2.8640945150528485,2.914365473201917,2.783228423006013
audio_356.wav,3.5,2.9730187644424912,3.2121904761904765,3.176673244964912,3.0625954642685045,3.141300662774483,3.4450362904647087,3.302238095238095,3.2563447663447658,3.186691356376184,3.206248196630471
audio_365.wav,2.0,3.431171954133101,3.206396825396824,3.184581477164811,3.4308687127309168,3.3022140581732877,2.081700384876472,2.6355158730158728,2.6402700031450035,2.5079874491792764,2.417534443740067
audio_58.wav,2.5,3.751080785946367,3.158587301587302,3.1100141910558583,3.0802042662365117,3.0736160876381677,3.996584532920405,3.4587460317460326,3.3798481641814972,3.5112522259083376,3.4439711582776624
audio_708.wav,3.0,4.184162730548292,3.8237619047619034,3.80535361706195,3.7011588560239495,3.724756612306784,4.0239526925335705,3.5240396825396822,3.405693409985076,3.464696552169014,3.4315903397850835
audio_319.wav,4.5,4.972869495496246,4.646079365079365,4.629699743158075,4.959703135609052,4.9937601566018,5.0,4.822365079365079,4.902640873015873,5.0,5.0
audio_5067.wav,0.0,0.15120725212415578,0.053158730158730155,0.023194444444444445,0.016639057956494653,0.02372924324964758,0.5112731419357733,0.0365,0.01905026455026455,0.019207449114492743,0.023097852787582283
audio_135.wav,4.0,3.2999523533132873,3.0261507936507948,3.068269841269841,3.2115771963199298,3.222350794067301,3.9331465725716463,3.6209841269841294,3.677095137886804,3.8652073197252768,3.79547280321597
audio_612.wav,4.0,3.556934764084359,3.7858650793650797,3.7459371122704455,3.7290126648736073,3.9023458158934314,4.355926973000204,3.96602380952381,3.9255264704431365,4.171770701573656,4.325154817601896
audio_373.wav,5.0,5.0,4.531658730158729,4.524713390005055,4.698107834167987,4.826072674268853,5.0,4.585214285714286,4.427562730479398,4.8265548350538054,4.763092556991107
audio_680.wav,5.0,3.573409259391956,3.63870634920635,3.4714921729505064,3.901021979734287,3.996109547080182,4.245249683321191,3.8979523809523826,3.910511604136604,4.24617243368943,4.316291321059206
audio_63.wav,4.0,3.265302500065507,3.570063492063492,3.453378557399391,3.436034889150415,3.4249143766353107,3.3806165234295964,3.751063492063492,3.857707927874595,3.5674085788812824,3.672367240203544
audio_700.wav,2.5,2.750322599063898,3.113007936507937,3.1660170338920355,2.8765605656214768,2.9625266125352874,2.581707360828523,2.994666666666667,2.9535661206077877,2.8087817390515624,2.7620180125691185
audio_429.wav,4.0,4.298516573235552,3.5208333333333335,3.632752946127947,3.8917526303841523,3.847843135624757,3.991159489881683,3.252833333333332,3.2518726952060284,3.266537725719337,3.4216005666421765
audio_745.wav,5.0,4.360380145657376,4.455063492063492,4.314205857414191,4.39666718274423,4.481840197386856,4.201956050324514,4.241007936507937,4.047024524857858,4.22477657182425,4.302329425917833
audio_731.wav,2.0,3.059792440951634,3.1369285714285726,3.1760316257816257,2.7679805595142746,2.8245213952702852,3.298176898981458,3.1692460317460327,3.1928648589065247,3.035411060913136,3.0325720575414543
audio_461.wav,5.0,3.727311265569842,3.424849206349208,3.501406784573451,3.594932723651619,3.3356730346601218,4.090562955417821,4.085952380952381,4.204310118893452,4.08539252915648,4.09647278511456
audio_79.wav,2.0,2.7254427331091424,3.125857142857143,3.150337266128932,2.439864198719402,2.8454454309972905,2.311831947090161,2.528865079365079,2.439782247073914,1.865129649325101,2.0986830223997726
audio_5038.wav,0.0,0.0,0.018015873015873016,0.09799669312169312,0.017215252586896875,0.05411396458016093,0.0,0.01904761904761905,0.08150705467372134,0.058882257350161095,0.06740933709415257
audio_760.wav,4.0,4.185499885961732,4.106896825396827,4.047650491483824,4.2183312834276725,4.16659194877752,4.4168287023158355,4.3210476190476195,4.423668791085457,4.572423708178111,4.581130494175787
audio_72.wav,2.0,3.1391333652224787,2.822642857142857,2.839906118572785,2.7246243926085287,2.681208883626127,3.0466653972062474,2.6409126984126985,2.6932504332087674,2.5197049452011755,2.3436239877802776
audio_696.wav,5.0,3.944767774510447,4.09075396825397,4.000308181016515,4.079295842361933,4.237922223638926,4.354122974332925,4.675634920634921,4.755118267534935,4.799306054977676,4.77032555398474
audio_744.wav,4.0,3.772507410929079,3.8345714285714276,3.865134339426008,4.018633270653385,4.134389113888042,3.662230461289859,3.5451587301587293,3.3552398111148114,3.9464832311116607,3.9398549142272756
audio_662.wav,5.0,4.422609439136369,4.07784126984127,4.102540925124258,4.295521318309311,4.406457956941741,4.824969263424113,4.136952380952381,4.171576919993586,4.450380759678383,4.482761335006521
audio_570.wav,3.0,2.8786540842526462,2.9281190476190484,2.921845622741456,2.9245756888057266,2.886306659153917,3.523234461861156,2.865182539682539,2.67669474044474,2.7829388080514392,2.731413310598711
audio_10.wav,3.0,2.7666896166974912,3.0739761904761895,3.036590647007314,2.992553330302218,2.7814875103748324,2.9946360196238913,2.97320634920635,3.1597706336873004,2.949229994712105,2.986074669486088
audio_628.wav,2.5,4.263585944453115,3.8596031746031727,3.8164533175158186,3.794818867344891,3.9230066976152957,3.5919132327460876,3.2004603174603177,3.1959004313587656,3.0878576049404125,3.1735831485981074
audio_606.wav,3.5,2.5990102286965393,2.9131984126984123,2.7605695045695042,2.9557822307164283,2.9977416856933083,1.6430748643773037,2.7342063492063495,2.4751932619849284,2.2022975777681104,2.202671127323018
audio_73.wav,4.0,3.8925903213496347,3.832269841269843,3.93072841202008,3.640500496046055,3.667673489470117,4.08277504142122,3.59,3.4910662177328855,3.170537163951385,3.1579747287364737
audio_605.wav,4.0,2.5553928265742902,3.3370952380952374,3.0881218164551485,2.972716018620559,2.9005929572294256,2.4868662745477454,2.9225317460317464,2.5857372750706085,2.578505309421263,2.5482763116156835
audio_106.wav,3.5,2.6568167854828633,2.961190476190477,2.8163355903355893,2.9069548032134502,2.8133685706321763,3.348549574636707,3.3740079365079367,3.4717999007165674,3.3145654640446254,3.2545924470930756
audio_306.wav,5.0,3.6761601718588364,3.8204365079365084,3.857487527904194,4.304022445246563,4.181410713996329,3.748446132308993,3.670801587301589,3.545986158902826,3.798111344969467,3.8645945283184093
audio_75.wav,2.0,2.6935334545619205,2.730111111111111,2.774635842552509,2.4185191487604443,2.427906192688027,2.860681768563199,2.9837222222222217,2.8699564894981555,2.70608057947453,2.720910222228561
audio_550.wav,3.5,2.802691364311343,2.9795158730158735,3.0701735910694246,3.393605922496087,3.124553454296017,4.0589335770941775,3.9359444444444436,4.117307912766246,4.144448951350285,4.2040390132517915
audio_340.wav,5.0,4.0498748321682605,3.999468253968253,3.9179448529865195,4.012953380151181,3.91213922572088,4.076906796409594,3.967396825396824,3.8746103402770076,4.094667501827321,4.12110552920892
audio_272.wav,3.0,3.5165261364449685,3.4771031746031738,3.3867688145188146,3.5769260075039107,3.450014361255336,3.339120088839469,3.5034682539682542,3.69230862347529,3.6018802681884523,3.5190116576651143
audio_518.wav,3.5,4.035962273059832,3.8061904761904763,3.7767053579136913,3.713523219165763,3.7007753381216157,3.24051012872119,3.208825396825396,3.040035652618986,3.0209104679415666,3.0267005249019863
audio_34.wav,2.0,3.2694596617994627,2.9678492063492055,3.0431974907808246,2.9391459035785332,2.9954724937755324,3.1229649534094457,2.8729285714285724,2.9914578924162263,3.019240885249993,3.0076940412309656
audio_87.wav,2.0,3.8742661808646104,3.173142857142857,3.283296485921485,3.0534876209098605,3.1978994219331387,2.998964514822248,2.768626984126984,2.9501614327030996,2.7407069877428385,2.7693734916127077
audio_211.wav,5.0,3.750597050930045,4.428373015873015,4.266450210283543,3.985513284306846,4.147911533286796,4.272973784982217,4.352873015873014,4.360647085938751,4.2829658617414825,4.289646857176021
audio_431.wav,3.0,3.7021525712290946,3.6013412698412695,3.6495982165982173,3.665270632450145,3.582299624261852,3.5335292131945146,3.1759999999999997,3.028179676804676,2.9888114809096273,3.00168675340003
audio_555.wav,5.0,4.359855356967288,3.9123809523809516,3.8800901613818284,4.161223739530041,4.088049019076324,3.965370246501358,3.6816031746031737,3.5384847683181015,3.6362876650734317,3.6048420258053753
audio_648.wav,5.0,4.404407056002477,4.134992063492063,4.128670107670108,4.330031588896262,4.350363915299571,4.55967971986237,4.2346746031746045,4.198260736177403,4.328806423071179,4.3310222668235125
audio_5051.wav,0.0,0.40300266191334205,0.0006349206349206349,0.020342592592592593,0.009564260612451235,0.009309703326607917,0.21605448270348018,0.009523809523809525,0.008240740740740741,0.005107314352330016,0.0
audio_422.wav,2.0,2.971894897925328,3.0547460317460313,3.0660976693060022,2.980803663768554,2.9609776127024143,3.023530044062287,3.2728412698412703,3.552464853048186,3.1848247778538936,3.1827036523377306
audio_627.wav,2.5,4.167823935527077,3.854920634920635,3.9091344797178125,3.8240129612677016,3.83338686025729,4.005559348962023,3.715769841269841,3.7046088664421988,3.715071267698032,3.6258098678348856
audio_122.wav,5.0,2.4703485159990977,2.958785714285714,3.005466820216821,2.8975375020519,2.9271525962349014,3.2623850903037765,3.340420634920635,3.443942077983745,3.467223009669532,3.413097321428573
audio_88.wav,3.5,3.610870722041868,3.016246031746031,3.1127727534810865,2.930189553043506,2.9479366405584897,3.8177921186547983,3.2271825396825395,3.26301117709451,3.2900116490853066,3.2575763857714577
audio_165.wav,2.5,3.430319503344883,2.8085238095238103,2.989583674042007,2.8863152927845444,2.8628716612912712,2.9822715491997958,2.7105079365079376,2.6267291165624496,2.6250714622470355,2.618099588606148
audio_276.wav,3.5,3.844562666836964,3.778968253968253,3.7704911616161634,3.928963615361272,3.7445094813857156,4.000089920305772,3.832674603174603,3.6537142086308756,3.824479566574811,3.718919410434991
audio_746.wav,5.0,4.6270932436554375,4.18179365079365,4.049205939122604,4.1872170371925295,4.156874688157211,4.713964863666358,4.4238888888888885,4.367099272640938,4.532725178864457,4.48083925121483
audio_252.wav,3.5,2.6945957441899284,3.15104761904762,3.111464546256213,2.9974330953322927,3.060573157155536,2.6919278525906627,2.8796984126984135,2.7521627384960716,2.7776793533656075,2.807104430811544
audio_266.wav,4.0,3.42514444023267,3.0290793650793653,2.9749108407025076,2.784041124746928,2.830441767072656,3.7361486952913836,3.2285158730158727,3.113537888037888,3.123422913909352,3.171544039103724
audio_611.wav,4.5,3.3443473839222047,3.4459206349206344,3.3313615520282194,3.381328834686973,2.8784592083540237,3.225008537419669,3.203174603174603,3.253343969302303,3.1976428542449997,2.8364715060864896
audio_5058.wav,0.0,0.6238881877930607,0.0175,0.011435185185185185,0.06359841415966724,0.013821206473780712,0.0,0.01511904761904762,0.013287037037037036,0.07070578190314399,0.041876499390944476
audio_81.wav,3.0,3.675655395337856,3.564198412698412,3.4941778699695356,3.6290778521836633,3.4284586808795297,4.098899456831808,4.045507936507935,3.9674440035273384,4.104839686703417,4.134220258379337
audio_3.wav,3.0,2.647160810712187,3.1091587301587302,3.0365454946288275,2.9901427518988606,2.899284920518435,2.8195697196046896,3.153515873015873,3.3265542405125736,3.4513223184124264,3.2982732343196433
audio_21.wav,2.0,3.3379692170478426,3.3435952380952383,3.323882432382432,3.001659067150316,2.911807060653352,3.1035626923375297,3.039031746031746,2.947819304152638,2.8335571223362552,2.8101989118153496
audio_190.wav,3.0,3.5692260053511244,3.1984761904761907,3.2855055638805637,3.1487021116556195,3.207383013823822,2.9890532728669092,3.2169841269841264,3.227951394284727,3.156876577375847,2.980043911545946
audio_189.wav,5.0,3.661104838906662,3.576484126984127,3.5314064299897634,3.4142420389711567,3.632343317850154,4.153880221978151,4.156261904761905,4.2158682459515795,4.150513948640839,4.177251029261327
audio_519.wav,3.0,2.6159934734089125,3.2501746031746017,3.211170214045214,3.300073137881816,3.3276970306835114,2.9341695253290574,3.1438571428571422,3.2403257976591315,3.279107798588489,3.2303458805913805
audio_748.wav,2.5,2.850391120800987,3.3869523809523816,3.3424810852727513,3.069611339312825,3.1908867170202897,2.547937193781458,2.8590714285714287,2.7124335201835206,2.4869954538896915,2.5488508961644274
audio_505.wav,3.0,3.434450882145392,3.3998095238095236,3.368366602533269,3.4007250705250764,3.5660618371977115,2.264978953074329,2.8366984126984125,2.8114471577804903,2.6325900273267764,2.7330939974275474
audio_361.wav,4.0,2.7200260188917262,3.378865079365079,3.3203471050554385,3.397854101528747,3.3383152594368704,3.3352085313332958,3.390793650793651,3.356815301981969,3.3390590496265617,3.2733864538220385
audio_5052.wav,0.0,0.12271033316338602,0.020158730158730157,0.00612962962962963,0.25139993255094406,0.1181657516136581,0.0,0.022063492063492063,0.008425925925925927,0.14683550806010218,0.056429216479760826
audio_16.wav,4.0,3.205276656441383,3.0462619047619044,3.0898664221580887,3.1814985124054367,3.0634079979552262,3.276424461111791,3.486706349206349,3.521921618504951,3.531145711525619,3.7416565994967157
audio_327.wav,5.0,3.550153290406616,3.619857142857143,3.5866236942070273,3.662217890274464,3.8554563352675664,4.3043192620616,4.443420634920636,4.48705399384566,4.432173469872745,4.414168109506449
audio_313.wav,3.0,3.1804334946757282,3.782095238095239,3.803840485132152,3.8426765705578387,3.7762426188763807,2.970600028331418,3.2538492063492055,3.180681617764952,3.0369796020216095,3.187640336820246
audio_589.wav,2.5,3.650949547195323,3.1460476190476183,3.1784313140563136,3.622138496609134,3.4737676618084223,2.9818399165389224,2.706619047619047,2.7299368149098533,2.800442815489841,2.827823294875462
audio_416.wav,3.5,3.2788462707131494,3.8213809523809505,3.91774451936952,3.8997053059014952,3.9730460744709766,3.1251231002189748,3.534333333333331,3.3060046172962845,3.2983576620906647,3.35137489289793
audio_762.wav,5.0,4.325759127846148,4.657484126984127,4.605151997693665,4.889970081175619,4.883029878553551,4.282045484001215,4.68019841269841,4.803433771475437,4.499498253080208,4.683687363490539
audio_714.wav,3.0,2.4614732821842717,2.8741666666666674,2.9359242778826125,2.848910703132137,2.7624344153065103,1.943930138645243,2.6883730158730166,2.7870160271826947,2.413940872258896,2.4599678538714405
audio_455.wav,3.0,3.211795183742383,2.935174603174602,2.983154620071286,2.7594635713519815,2.9735594193781907,3.1856153253003114,2.987999999999999,2.954159396159396,2.976037131031004,3.076224358560111
audio_42.wav,3.0,2.3140741507199407,2.938960317460318,2.896882022298689,2.996555780386107,2.96782855131314,2.310776058323427,2.593738095238095,2.4898974312724316,2.6546810359764716,2.5950335960421653
audio_561.wav,4.0,2.8666580940338036,2.7644365079365083,2.859636716678383,2.6076994692216906,2.6554702121501754,3.3225850494876545,3.392714285714286,3.4749758821425494,3.3364898821184443,3.382785776947523
audio_226.wav,3.0,3.1458869385583266,3.147634920634921,3.0865321376154706,2.9575425729219624,2.9647832081292105,3.2954356822183626,3.1855396825396842,3.1112157888407896,3.0998363536220506,2.9967034521755287
audio_110.wav,3.5,3.4305896119716035,3.11423015873016,3.1602338887963874,3.4283650912106345,3.2841363231297667,3.3218970312626674,3.1614841269841265,3.0505905298405303,3.268900147042022,3.0447287125184452
audio_739.wav,5.0,4.400516846615961,4.041801587301587,3.9377705350205345,4.036454264264656,4.135934031755927,3.779993774533409,3.278388888888889,3.025006533589867,3.114681821510319,3.1877539923625116
audio_504.wav,3.5,2.8743185595017136,2.506825396825396,2.5597317728567734,2.538024124329701,2.5784581955087993,2.7935236624412654,2.668261904761905,2.7460368027034696,2.4388843391293697,2.4934358909474663
audio_379.wav,4.0,4.044727757314442,4.1026428571428575,4.112492670909339,4.00975580613267,4.201775060698476,4.0109535485932435,4.459650793650794,4.59634742263909,4.329146149304946,4.34895806485965
audio_520.wav,2.5,2.70826551800929,2.5749206349206344,2.6623814133397468,2.800976372876963,2.788971135742576,2.1446684221094423,2.5272063492063492,2.416743011618012,2.300103649828572,2.230832946483657
audio_5068.wav,0.0,0.0,0.0,0.0,0.015507911970479045,0.01873115151131936,0.0,0.004444444444444445,0.0005555555555555556,0.03246557455303196,0.010595910017547285
audio_30.wav,2.0,2.4858240753903984,3.1312063492063493,3.1445025915442577,3.0595641947762524,3.0831056968811237,2.3374038573609117,2.954849206349207,2.986447422947423,2.818930327589198,2.9015359983016897
audio_5041.wav,0.0,0.07439669862416858,0.0025396825396825397,0.0023888888888888887,0.007895414968743382,0.007241025620844582,0.21445206079441373,0.0030158730158730157,0.002685185185185185,0.001835102408182455,0.0016092114488146976
audio_485.wav,3.0,2.1466812117351806,2.6174999999999997,2.5457473899557237,2.607359231065027,2.550944676987038,2.449275355080501,2.6537857142857137,2.533323011864679,2.413633988519417,2.38495512691556
audio_475.wav,2.0,2.3946498944119776,2.5180793650793647,2.566303771845438,2.5174568823595878,2.414736758668075,1.6452130820547666,2.3974523809523816,2.386036229202896,2.191160771185389,2.1366158808369926
audio_145.wav,4.0,4.278479460955088,3.786150793650794,3.6504757842466184,3.959651620397308,3.7407606818452934,4.411647947687201,4.06686507936508,3.9796064552731196,4.117563342539689,4.189158779338059
audio_308.wav,5.0,4.984006413930298,4.568055555555554,4.477543270001605,4.69146610243158,4.7651791019890455,4.801396536634878,4.135619047619048,3.8461338753838756,4.097800242464277,4.215066863674401
audio_184.wav,3.0,2.991944184124586,3.226563492063491,3.2587134455051108,3.015717000806111,3.2094274626173287,3.10006920996482,3.1610793650793645,3.0257045670379,3.0814193548977045,2.989764704747259
audio_586.wav,2.5,3.4198022254510074,3.156039682539681,3.147606980981981,2.984274583217959,3.0625421427449986,3.4435766108951866,3.037809523809523,2.9028254816171484,2.963452674600147,2.905606742753615
audio_398.wav,3.5,3.7132078743428547,3.7808015873015877,3.7944658921325582,3.9046496695733186,3.9329502397065546,4.341438650946707,4.08234126984127,4.074644488998657,4.392869530775073,4.362497326760351
audio_726.wav,5.0,4.497223195031892,3.7539603174603164,3.7389829815246483,3.755537478589859,3.5932500349138703,4.101436117903585,3.78123015873016,3.7328817108817103,3.960569247295535,3.7782355318074603
audio_466.wav,3.0,3.5958532442615936,3.181896825396825,3.2542832830749506,3.062761265350094,3.199749949987751,3.879990271706751,3.2719126984126987,3.383323748782081,3.491588379568276,3.4838253206223997
audio_218.wav,5.0,4.582989149072713,4.25179365079365,4.184378928170595,4.423883690682107,4.305775454993998,4.657978249919577,4.490269841269842,4.457289414289414,4.590191307799294,4.462825980462823
audio_644.wav,3.0,3.7917681987826843,3.7375555555555557,3.859677735844402,3.8994514989243476,3.8320548208790726,3.4326611414572135,3.316222222222224,3.0780476961310295,3.3286229869951143,3.2484963431036533
audio_351.wav,3.0,3.7940033994321305,3.3000952380952384,3.3253653445320115,3.1389452128256177,3.1305274566296926,3.5254045586233205,3.056539682539683,3.038178440386775,2.86143541437799,2.952128175195135
audio_248.wav,5.0,2.923940400509713,3.2086666666666654,3.1068391916725253,2.862065771721827,2.8955057183109214,3.4730946256384794,3.346579365079366,3.397882094757095,3.5667643608884703,3.5882427447338743
audio_83.wav,3.0,3.5525972533602954,3.383079365079366,3.404950590078041,3.542771756829105,3.6045028808338095,3.732763215838291,3.9534523809523825,4.029238536155202,4.034197879019593,4.143605486483897
audio_71.wav,2.0,2.8607875602759774,2.8318809523809527,3.0677188783438774,2.909127172003189,2.934685551745259,3.0332364125618576,3.1762936507936512,3.1842105209605207,2.843295333154049,2.7624769207499766
audio_287.wav,5.0,3.279059413199254,3.389690476190476,3.2963059255559255,3.506430012743524,3.4541132922010767,4.13834123671293,4.271880952380953,4.258621716246717,4.472211344720477,4.4417285876966055
audio_367.wav,2.0,3.084176443799114,3.1803333333333352,3.269344555136222,3.3095335151870606,3.2222551501163355,2.9941444260439702,3.1380793650793657,3.213360144485145,3.061592761189561,3.071254190349324
audio_166.wav,3.0,3.2491159522743978,3.168515873015874,3.1302611154277824,2.971331136104545,2.8817140821283265,3.4901502854873705,3.4523492063492065,3.5094454002787336,3.1572144057144533,3.2453537928031184
audio_94.wav,2.0,3.2235600030195,2.429865079365079,1.8927410968660967,2.167653772344548,2.196780601881496,2.4920820075840333,2.256357142857144,1.7281285196285197,2.0985494535208926,2.0395882665887926
audio_108.wav,1.0,3.0318318615452178,2.6612142857142866,2.6876415143498473,2.7568882925604528,2.705196310422199,3.3532775371162558,3.018039682539683,3.182281029156028,2.971735238447668,2.9609027512748463
audio_511.wav,4.0,2.802671009350164,3.0370158730158727,3.1455019363352688,3.0767717279185294,3.0157188879658574,3.7979049736708212,3.7902222222222215,3.820280646822313,3.7433082413604097,3.7912362186163744
audio_5059.wav,0.0,0.07700706471725693,0.008603174603174604,0.07177006172839506,0.024359778796048948,0.0,0.6934391534032437,0.042746031746031754,0.07292195767195768,0.003424956251676403,0.01692716622216701
audio_310.wav,5.0,4.5360830247221955,3.7781904761904763,3.703309536142869,3.7861160200972463,3.934185363831361,4.24972841838636,3.704563492063494,3.4786277287527283,3.8625937936344314,3.731336996142946
audio_50.wav,3.0,3.4297084933548967,3.162626984126984,3.1699931935348604,2.912051238009811,3.087741504029617,3.281425184867006,3.2224841269841265,3.275420534712202,3.1787373400835377,3.1918859960146686
audio_6.wav,3.0,3.5737813166996104,3.3290952380952383,3.425273029439697,3.443866182571242,3.351464757256196,2.906015195606326,3.002047619047618,2.8748939717689717,2.750890469902368,2.739091727015978
audio_515.wav,2.5,3.497079397249608,3.740563492063492,3.7324745516828854,3.700368078783725,3.610938293925108,2.8191502440568157,3.3076111111111106,3.293396905563572,3.2174408629855584,3.247303437954912
audio_742.wav,4.5,4.500235653520267,4.1269841269841265,4.026404501362836,4.283762680338808,4.426323164479297,3.655417122472306,3.509650793650794,3.345341090236925,3.407330095240802,3.4857690055089328
audio_545.wav,2.5,3.4707371192484384,3.126357142857143,3.218628387045053,3.086869586660599,3.0948516706571305,3.1200514271747815,3.1411190476190476,3.093541908708575,3.233422398086905,3.1521565843508994
audio_489.wav,3.0,3.4753606727461097,3.2089126984126985,3.1856060606060606,3.0372128015928985,3.033367150403086,2.413512269844881,2.8743095238095235,2.8526731170064497,2.7243198329716853,2.686959311472396
audio_697.wav,5.0,4.008156672713983,4.245396825396825,4.2972733084816435,4.378475637771025,4.42089831358884,4.808629821863647,4.726174603174602,4.801618674535342,4.716167978421601,4.7854344285378305
audio_225.wav,3.0,3.372971026976161,3.2912063492063495,3.2775357466607473,3.64192081961799,3.569596641536524,2.989865314862751,3.1799206349206357,3.0125538304288306,3.3254896899141286,3.1930637886836024
audio_553.wav,2.0,2.9268935440875343,2.9373015873015866,3.012340119756786,2.763792505828587,2.950612114666803,2.8790337084472273,2.9793968253968255,2.8077181938431934,2.568155682914256,2.748098232251841
audio_237.wav,3.0,3.2487102649403083,3.437039682539682,3.4406668069584736,3.452176644773099,3.4695353454883224,3.2993094186048544,3.153753968253968,3.096568564151898,3.118644387722705,2.9791351177188514
audio_197.wav,4.5,3.677761670439081,2.9811825396825395,2.889300734759068,3.0683082741918404,2.97237375955102,4.493386178441713,3.5600793650793645,3.5748662756996104,3.8996348772186384,3.7882553672669794
audio_449.wav,4.0,4.081799505341081,3.423873015873014,3.391757876382877,3.6152158205136664,3.6940471444877496,4.007093965738397,3.6048809523809524,3.674090002590004,3.784088779540769,3.7379413141426947
audio_567.wav,3.0,2.6243731071489687,2.7967619047619046,2.8359968981635646,2.7039408658594755,2.708958064525486,2.52777477701493,2.7304761904761903,2.6936438253104917,2.5258849307072153,2.649867113504817
audio_477.wav,2.0,3.7065574571723716,3.808968253968254,3.9068023442606776,3.82820092094955,3.723130018735601,3.563414778374757,3.45115873015873,3.3387061888728553,3.5421304157126925,3.460614685107585
audio_728.wav,3.0,4.03459105484069,3.8082063492063476,3.9880461560044886,4.086975313484068,4.09880196426102,3.7940545119793883,3.6094841269841282,3.726713504088504,3.9408310856329876,3.7838494182258997
audio_377.wav,4.0,3.3408632494103294,3.3250476190476186,3.3280469391719403,3.395930873154731,3.3486937985315177,3.369059931919479,3.4201190476190475,3.385760521885521,3.606694429256749,3.583371342753398
audio_633.wav,5.0,3.973409872366178,3.804023809523809,3.7335404641654635,3.8067348093021462,3.812841463791399,3.756042963520469,3.7983253968253976,3.590499879749881,3.5253704540945106,3.6098199998060885
audio_690.wav,4.0,3.1454325506601264,3.3977222222222223,3.4568616645699977,3.073155983910734,3.071255661895897,3.403739962595853,3.215968253968254,3.0434019714853053,3.043874245344932,3.1469255104670837
audio_525.wav,4.5,4.3988287437069316,3.852563492063492,3.8450755725755728,3.9340288783526645,4.080464283227649,4.844693867267615,4.529952380952381,4.533243165784833,4.720781594518816,4.73255186036824
audio_31.wav,3.0,3.248275554569362,3.1571349206349217,3.18971781921782,3.0802158337211476,3.180624701006727,3.258221791964559,3.5048095238095236,3.6397155082571753,3.78588116438838,3.685527349327977
audio_676.wav,4.0,3.6228309416503888,3.839285714285714,3.8918975715642383,3.7063112212854663,3.7321869555434115,3.8738406909026075,4.0001349206349195,3.9825478502978506,4.119495396397125,4.053486325020227
audio_263.wav,4.0,3.5501070181290735,3.38504761904762,3.5849850489017143,3.43211444494546,3.3651767164325292,3.828670368741999,3.7275158730158733,3.728194820611488,3.840679736276797,3.8331317292801805
audio_5070.wav,0.0,0.0,0.10182539682539683,0.1969527817861151,0.04161295998710878,0.038785023609007103,0.0,0.105,0.1809546857463524,0.0,0.0
audio_510.wav,3.0,2.821480052079458,3.1571031746031744,3.205911221494555,3.121260929363352,3.064687423271677,3.644681661639274,3.701166666666667,4.0264308037641365,4.0124680838173346,3.893870972227308
audio_577.wav,4.0,3.635944202493768,3.011650793650792,2.9838649375316035,3.128217428055404,2.9697247829451197,3.9085783544682045,3.1393650793650796,3.044539594664595,3.134700026176349,3.201835129583829
audio_230.wav,4.5,4.269228132927316,4.17842857142857,4.114213524130191,4.298130434940332,4.254455563422839,4.963997119584464,4.632015873015873,4.639626791418459,4.712184793844789,4.793278310115228
audio_314.wav,3.5,3.7588376280921634,3.944952380952381,3.9839292574709257,4.194447677236176,4.1495839683285025,3.0588948803806737,3.2919920634920636,3.236301841676841,3.5013380839223025,3.4174254737648995
audio_641.wav,4.0,2.2470373355901585,3.13613492063492,3.073166105499439,2.86656688636395,2.985300488803537,2.4642065218467075,2.8970873015873018,2.89572601010101,2.662141456376684,2.801200561118696
audio_689.wav,4.0,4.109658799759235,3.725388888888889,3.7995419071669065,3.656621638473727,3.5685197023238238,3.7359615721205937,3.6316984126984124,3.677120576953911,3.457206513233904,3.4963959617478744
audio_352.wav,4.5,4.296127233283153,4.033968253968255,4.032909667493002,4.053358857098442,4.12500299197273,4.372636742480701,4.091976190476191,3.977554302179301,4.304550951717576,4.359444439081922
audio_193.wav,4.0,2.9592799039297497,3.5557063492063494,3.522299965466632,3.463075056263621,3.480281925280646,2.8964331988363496,3.582571428571427,3.6356593714927037,3.5850909650861844,3.690711845775928
audio_5049.wav,0.0,0.0,0.0026984126984126986,0.01572751322751323,0.0,0.012551922624893125,0.0,0.0058095238095238096,0.01012037037037037,0.011003647392813466,0.009244784875120171
audio_300.wav,5.0,4.071058225167762,4.120007936507936,4.17088001658835,4.212619349733058,4.244043316133049,4.472598686922747,4.46911111111111,4.474572737447738,4.567578065623212,4.6514581366381975
audio_581.wav,1.5,2.71347596166337,2.6933015873015873,2.754692207483874,2.714400301579108,2.8139110008340302,1.953359065305883,2.6015714285714293,2.6449180688139022,2.3533409404492818,2.5036822171028175
audio_164.wav,2.5,3.0965827184845067,2.93115873015873,2.9841721380471378,2.968157105303309,3.048540238257529,1.9974001634879277,2.53915873015873,2.5394498217831547,2.3483465417203453,2.363030555686868
audio_502.wav,3.0,3.6343178490681964,3.5290158730158736,3.520120897620897,3.322464476680352,3.2687805811321575,3.438461034582689,3.3366746031746035,3.2404528819945484,3.2404008907937136,3.169213209233343
audio_380.wav,4.0,3.3133641134442033,3.720619047619046,3.7232583959250625,3.250610487435786,3.4785472436501252,3.5207735750567295,4.078174603174602,4.247893888518887,4.056563870619525,4.134262221480323
audio_15.wav,2.0,3.965852892412306,3.295103174603175,3.3574664455914465,3.4675038002284615,3.40623429354214,3.324878552626179,3.0471507936507947,3.24480087967588,3.2292875240316223,3.1777120620891233
audio_238.wav,4.0,4.804478139891657,4.212634920634919,4.087598705307038,4.08529447640437,4.218032004720891,3.25535067163614,3.2760238095238097,3.259931997015331,3.399034289547309,3.368026759654961
audio_53.wav,3.0,2.567500282748642,2.8016666666666663,2.8219054371554377,2.82763764212244,2.940547393038593,2.516459742171796,2.6246190476190474,2.6361149837816504,2.703290061706635,2.760687138618118
audio_283.wav,4.0,3.118178997305256,3.4478571428571425,3.4201044187294194,3.3550064555390313,3.3909608109014466,3.093362819208876,3.2773412698412705,3.3623685404102077,3.2979592718904236,3.4073890217918326
audio_614.wav,4.5,3.815826353336941,3.995015873015871,4.050591630591631,4.237190300843967,4.124632283333266,4.228535525453324,4.311984126984125,4.486997769206102,4.453255059761965,4.415341418486032
audio_121.wav,2.5,3.9080440937861596,3.3129126984126978,3.223452592160926,3.347563504378663,3.374505010564434,3.773775156224668,3.1738412698412692,3.1536138784055456,3.232860536074283,3.1568240079046492
audio_216.wav,4.0,3.656579456234011,3.3592142857142853,3.39845245186912,3.467943374491014,3.467232449779425,3.6355868870570838,3.611190476190476,3.64390221661055,3.543796321934018,3.5345603703524895
audio_552.wav,2.0,3.3571549139609194,2.946857142857142,3.063160814494148,2.8093796840222365,2.795777171146359,3.4570668895669194,3.5043888888888888,3.6200387159137164,3.455597515794979,3.392104736515735
audio_514.wav,2.5,3.0103922070158284,3.1310476190476195,3.177648752482087,2.952503740486438,2.9967680375043204,2.719959416067246,2.88270634920635,2.9605851370851375,2.824442771341435,2.8896631183457764
audio_593.wav,5.0,3.940685217209897,3.7596746031746027,3.712477853936187,3.660556580345755,3.6842171186001007,4.081812555823124,3.9672380952380952,3.880454189329189,3.905635359432057,3.938477312987667
audio_565.wav,3.0,3.0999428660849797,2.822706349206349,2.811952067993735,2.8903747065000545,2.811576039436582,2.3209601977141383,2.5902301587301584,2.5431912439412443,2.3972783785484073,2.485267541245248
audio_140.wav,3.0,3.799936322541047,3.5363650793650776,3.599142642850976,3.3942986222625677,3.517379244569104,3.747474790032335,3.4948333333333346,3.537262405804072,3.575107912442491,3.6091525140249057
audio_117.wav,2.5,2.7870018136361083,3.38947619047619,3.4239399350649364,3.287771768521018,3.2683023369696387,2.807836195001483,3.194595238095238,3.174193625818626,2.9658030107309834,2.8921050730195
audio_495.wav,4.0,3.4443584711981856,3.537666666666667,3.4352804155720826,3.434581812356079,3.5954069404550215,3.7042895038067924,3.6491746031746026,3.6170876931710265,3.7860070620234265,3.733417795181771
audio_652.wav,3.0,3.0612984690666463,2.985071428571428,3.070741278782945,3.275204890802286,3.291032293119732,3.3754998654634236,2.9646031746031745,2.874350354892021,3.2231384212859204,3.28105789615319
audio_645.wav,3.0,4.046184108212434,3.7005396825396826,3.822725524475525,3.918395259210406,4.000182565071477,3.6668084216484282,3.4211349206349215,3.6853884957634953,3.6611457579976547,3.6266568703874476
audio_242.wav,2.0,2.4834188152260253,3.2651428571428567,3.2903055339722003,2.9853920076092844,2.9831623768291635,2.480052792716756,2.7886031746031748,2.8268398268398265,2.602837050773697,2.646120886275631
audio_4.wav,2.5,2.7137113823871446,3.4154444444444443,3.4925912174245504,2.5249945839566634,2.674425896769409,3.2980069169370396,3.4804206349206344,3.36069001677335,2.832272988332902,2.9282450644782654
audio_93.wav,2.0,4.1343988441193735,3.4306269841269845,3.579014541014542,3.802893153623438,3.7017673505079594,3.408492224123107,2.846936507936508,3.1155729918229915,2.9714831609490244,3.0791680121617797
audio_582.wav,2.0,2.2491094385103882,2.589722222222223,2.8528050437217125,2.2262760948846467,2.2945403313933115,2.147718818205577,2.6993174603174612,2.6163340748757418,1.7350412539558564,1.9640283881397596
audio_222.wav,5.0,4.003800204478146,4.373047619047621,4.339800144300144,4.547989727797169,4.498319168887855,4.0604699920931395,4.273230158730159,4.208771942563609,4.6063118845601885,4.609730949973957
audio_5042.wav,0.0,0.0,0.003492063492063492,0.0019444444444444446,0.06902839127970863,0.05562531724845318,0.0,0.006230158730158731,0.0026666666666666666,0.1514461376019696,0.13658611784265193
audio_253.wav,3.5,3.1730523999994187,3.349587301587301,3.187807379349046,3.2479724177668774,3.2060518214337015,2.971991578222806,3.157952380952381,3.043380830589163,3.0536042396195,3.090444044302533
audio_167.wav,3.0,3.4113141097288406,3.1509126984126996,3.1499025326525327,3.121136916566216,3.1959529901535064,3.541116271414129,3.744999999999999,3.8460544933461605,3.6990204967009688,3.7188298365815466
audio_583.wav,3.0,2.815652650398873,3.203555555555555,3.24466782600116,3.376338153110376,3.1537095099174692,2.195295281853387,2.8684523809523808,2.75120013628347,2.712299753898067,2.746823041533976
audio_682.wav,5.0,3.443268454587215,3.711246031746033,3.7469304060137394,3.7557517259851267,3.801262977432162,3.959716179240367,3.929460317460318,4.090755270963602,3.966487999639823,4.105149652382979
audio_5045.wav,0.0,0.14160150495294857,0.006031746031746033,0.026555555555555558,0.0063326077554438425,0.006432292708090583,0.8299621147049638,0.016000000000000004,0.024203703703703703,0.3967560410660833,0.36554067332320384
audio_173.wav,3.0,3.4248359120802108,3.2871031746031734,3.3065440392940393,3.1625625055435784,3.2464073492051546,3.1011603545072144,3.1961269841269826,3.12664797393964,2.9234695613853723,3.0102104624739496
audio_338.wav,5.0,3.7629780790028575,3.9492936507936522,3.9403382897966233,3.9414899553969,4.069067465990227,4.972156158367471,4.58552380952381,4.59824737608071,4.599018838178172,4.660060077080662
audio_188.wav,5.0,3.771893854347781,4.122777777777777,3.9424476156559494,3.885315941190873,3.7930446722622655,4.000657601718669,4.33324603174603,4.524589245630913,4.315479648302463,4.350052564832829
audio_59.wav,3.0,3.6672676190822955,3.086960317460317,3.013976108767775,3.154304609699673,3.135327165140079,2.7871069504355632,2.7006984126984137,2.582488375821709,2.5094585129902707,2.4283630909290816
audio_318.wav,5.0,3.804794102124824,3.840206349206348,3.7727552786719465,4.081311429832589,3.922123417525111,4.273437061010502,4.126047619047619,4.19815884270051,4.542851616706554,4.514352281669627
audio_17.wav,2.0,3.4473608246639156,3.044587301587301,3.1963385225885226,2.9734722901815402,2.9940040410953177,2.942121005590978,2.954849206349208,2.8587333253166585,2.799461583398678,2.823725632045726
audio_551.wav,2.0,3.066468366368916,3.0123730158730164,3.074297853381186,2.870167378127648,2.8026189202572147,3.15863035673633,3.0921507936507937,3.1463640171556846,2.827490712047554,2.8918928373981623
audio_275.wav,4.0,2.3356784525179815,3.0988492063492057,3.0702292414375747,2.9649694772206048,2.8738767522049646,2.4404687608830846,2.97211111111111,2.9433275520775517,2.753581564070929,2.76999171052548
audio_368.wav,5.0,3.2994189900744453,4.017722222222221,3.9879928312428308,4.266164199508967,4.192707933691055,4.1031702135005,4.674246031746031,4.7233092093092095,4.72776403133819,4.674000173002283
audio_730.wav,3.0,3.2082198036277334,3.072333333333333,3.201686808561808,2.826853764211991,2.8480433869207693,3.2100734522805703,3.264285714285714,3.235207798374464,3.1752960387062164,3.2395835360609198
audio_5060.wav,0.0,0.11136212663353406,0.014285714285714285,0.043000000000000003,0.028454601707673544,0.12208732775649452,0.19879367827173042,0.011428571428571427,0.040462962962962964,0.01754497405799094,0.1611375098441187
audio_685.wav,3.0,3.6148032261414698,3.569714285714285,3.5618273038689714,3.472567415894033,3.4428404440424583,3.1654504934836187,3.535357142857142,3.5466905224405223,3.0861178921832404,3.268401960232429
audio_7.wav,3.0,3.2331691623348218,3.6821666666666686,3.6825437571687574,3.453074313853916,3.4730036743824773,2.635423686725638,3.225571428571427,3.395385680677347,3.1004456898600306,3.120407177016572
audio_204.wav,5.0,4.036283226833899,4.415714285714286,4.436494648869648,4.892367565021946,4.779423502978394,4.301685452191513,4.786912698412698,4.842137379595712,4.927595999717604,4.963531335438287
audio_5064.wav,0.0,0.16648376015629252,0.0,0.00037037037037037035,0.011513162642959112,0.0,0.4943243226296962,0.002857142857142857,0.001388888888888889,0.005239307921193041,0.012287820637414912
audio_127.wav,3.5,2.9417657488726507,3.4786587301587293,3.4445526294692956,3.376266283212488,3.3916146442370487,3.7437425719891118,3.5584047619047614,3.5631458834375507,3.5019856616929013,3.4683764014821343
audio_412.wav,2.0,2.8081243845695174,2.6875634920634917,2.632215548340549,2.636402197893446,2.5748137939823175,2.606166878921987,2.594698412698413,2.5102821669071664,2.569698884740039,2.4563229632676875
audio_132.wav,2.0,2.4332764130104256,2.8401349206349207,2.6950242504409174,2.091357644997151,2.2706229459998806,2.06024683656354,2.6286428571428577,2.3758019819686482,1.9761093537431218,2.053582531948608
audio_156.wav,3.5,3.772772333402173,3.764301587301586,3.720503399378401,3.7175274910262472,3.5830892917525,3.8712621436102133,3.695396825396824,3.7978808907142234,3.9758901717715744,3.77162153125475
audio_426.wav,2.0,2.478353128026613,2.7988492063492068,2.88941866929367,2.67460397942584,2.8068271748172298,1.9568293631829163,2.7406269841269837,2.744166386083053,2.5805834436063537,2.6398031658732344
audio_709.wav,4.0,4.315103557725462,3.9294047619047627,4.04132732082732,3.9380673693479804,4.026039769759712,4.544848866354491,4.029126984126985,3.9599702704702704,4.068753736079947,4.037601793517792
audio_291.wav,5.0,4.578907092288291,4.087936507936507,3.901338931130598,4.260353183152223,4.2645933714216975,4.52615324779813,3.8132222222222225,3.641992344075677,4.032491868533659,3.974190972978578
audio_523.wav,3.5,2.7347377196361697,3.2488412698412703,3.247781021447688,3.0807250852013244,3.1706836889422654,3.3280183964282486,3.925857142857142,3.98126998772832,3.8818523513157253,3.968819237946544
audio_632.wav,4.5,3.9495417602171905,3.976150793650794,3.8183843625510296,3.824934179385186,3.8328078020039364,3.9747725953252098,4.056063492063493,4.1210210052293395,4.219891765413672,4.135430557752451
audio_684.wav,3.0,3.8202909137437655,3.5283253968253967,3.566881541298207,3.904541989825543,3.903048223143784,3.61857421597692,3.5977857142857133,3.7673774173357497,3.603517341507862,3.704624214703968
audio_512.wav,2.5,2.882583702639765,3.238722222222222,3.2503466995967005,3.2826179724325577,3.192486150468516,2.3634074105821856,2.9745000000000004,3.0244948292448295,2.8599401495710786,2.8797333066515023
audio_764.wav,5.0,4.35710024111762,4.363468253968254,4.24474829645663,4.245354450018994,4.160358791931669,4.64307740541195,4.3805079365079385,4.2142454582454585,4.112954510174592,4.1341381336355525
audio_585.wav,3.0,2.7966103758100345,3.5261587301587287,3.5009499666999666,3.6962463875510667,3.4647954399238294,2.6741573697339844,3.3207619047619055,3.3864435148185152,3.4046497694533984,3.3434019399296546
audio_562.wav,2.0,3.7140663718689915,3.9228730158730145,3.857676798510132,3.8213019820840217,3.7823014144560148,3.1943354040589615,3.084626984126984,3.0043939316855988,2.845832001691211,2.95486392917249
audio_465.wav,3.5,3.310382814910183,3.096801587301588,3.1622372812372816,2.9988345607711673,3.0106042507297457,3.481996246131755,3.195626984126983,3.207198240031573,3.2506629841122407,3.2692011562611256
audio_37.wav,3.0,3.2478974122200484,3.15938888888889,3.1987177328843988,2.980767160714611,3.093015531852405,3.333588182638182,3.3702539682539694,3.3413768438351767,3.3714570090011695,3.2343084705393443
audio_47.wav,3.0,4.220253887883387,3.532174603174603,3.6746642616642613,3.7406470314682916,3.8613636178059245,3.9514687662799495,3.7478174603174605,3.9064623293373297,3.803352646736119,3.8156413585206637
audio_233.wav,3.0,3.510489691859922,3.2932777777777775,3.315032288698955,3.209162098767104,3.327592994469409,2.8720035010742806,3.0787936507936515,3.113314381606049,2.8771707334021968,3.0403931939212625
audio_621.wav,5.0,4.154181572309142,4.287000000000002,4.1756731046731055,4.101262312914344,4.223495265489036,4.298730106026338,4.518238095238096,4.660798112381446,4.551735167367428,4.58714762952807
audio_590.wav,3.0,3.348179737126776,3.6897063492063484,3.695535792910794,3.6763075208513603,3.645782658647839,2.579519771926782,3.04936507936508,3.088504917921585,3.027296745129538,2.9551984299757197
audio_349.wav,3.5,3.3416232077790404,3.587896825396824,3.64229911600745,3.8513891376315796,3.8649342273018252,2.9709711589554266,2.9730793650793657,3.000027494110828,2.9095145115637115,2.9533171265139226
audio_387.wav,5.0,4.028614132213701,4.425666666666667,4.313871358579692,4.45351741376863,4.629805840914046,4.268797802750085,4.458261904761904,4.492007495590829,4.5832008181269055,4.654736994252364
audio_630.wav,3.5,3.5442536344130375,3.7505476190476212,3.6938220899470893,3.2755445040703663,3.3685630213610644,3.5074676536631753,3.3296587301587284,3.0764574237490905,2.907252296387172,2.988566208015639
audio_5046.wav,0.0,0.0,0.021428571428571425,0.066168430335097,0.041449970148109014,0.0658324279614307,0.3247719929290113,0.022857142857142857,0.061413580246913575,0.07116843433355859,0.05735113347034323
audio_183.wav,3.0,2.3518100468170116,3.0201349206349204,3.031034191117525,2.944504494798362,2.9223702540741505,3.1542505888007626,3.2064682539682536,3.180359711276379,3.211815465183722,3.2838022475937145
audio_607.wav,4.0,2.658716747833804,3.5179444444444443,3.364870395037061,3.364454253332824,3.310251128676974,2.098815838509371,3.083142857142858,2.9486498455248444,2.3811523293664227,2.4820641360901665
audio_133.wav,3.0,1.8335954051237175,3.00179365079365,2.754080978435145,2.0689400884855256,2.115140078327531,2.050475794191224,2.8061031746031744,2.5486574351574354,1.818390069074849,2.0118677945841825
audio_443.wav,3.0,3.804241124601857,3.1035555555555567,3.0795627643960977,3.15148680274366,3.132147252501946,3.368273894067544,2.8754444444444442,2.8368940426857083,2.7481788933600115,2.832356396283424
audio_55.wav,2.0,3.1790283820267793,3.247539682539682,3.5121333172999836,3.3893394166108854,3.341267717919381,3.4052840535808806,3.7663968253968245,3.7805740540323867,3.73857343438239,3.715622351355629
audio_686.wav,3.0,3.62323196802215,3.3694841269841276,3.404408419512586,3.370866943752509,3.452083456222965,2.931074702412379,2.892190476190476,2.9403776377943043,2.87587848161961,2.915499247992536
audio_740.wav,4.0,3.041718775021552,3.471952380952381,3.398166706750041,3.1236092837521414,3.2863903776708288,3.6690160622515697,3.785206349206348,3.802926200342867,3.7379953354896345,3.7804616308714727
audio_699.wav,2.5,3.2648491059817637,3.1908174603174584,3.218180447638781,2.7018466226046574,2.7378174292310953,3.0864033417133765,3.229420634920635,3.030464022089022,2.7081336262355875,2.815504025908158
audio_44.wav,4.0,3.5425113710905194,3.2102380952380956,3.1038966450216443,3.1341366621342552,3.0085358765044057,4.123001520941146,3.86115873015873,4.233060501227166,4.16502380048857,4.0633355547973835
audio_500.wav,3.5,3.331621881681054,3.113571428571429,3.141386260344594,2.893118181384574,2.8977743279489983,2.6523706429862925,2.7645873015873015,2.7121412861829524,2.5852721648315113,2.563466178192876
audio_265.wav,2.5,3.463521504314293,3.585595238095238,3.3988711227044557,3.549916769247659,3.6939126416992085,3.2751055536064655,3.2097301587301583,3.030370596995597,3.279564598803559,3.207107917409599
audio_125.wav,2.0,2.9961674774183855,2.980047619047619,2.8615547538880874,2.802743399283633,2.9186729130979505,2.418583965538629,2.698198412698412,2.6412841787841788,2.6886121008168398,2.637149801327801
audio_413.wav,4.0,3.066289225048257,3.8610476190476213,3.8380086379669702,3.9001841958261125,3.8911873248158546,3.5716630732048302,3.9122460317460312,3.802313852813853,3.8191017768294167,3.8966177293512696
audio_256.wav,4.5,3.9746891900505417,3.5334999999999996,3.461220017636684,3.285211780512544,3.3661311493498474,3.870633163618995,3.7419920634920625,3.5278594815678144,3.6172760242717956,3.633916479883038
audio_350.wav,4.5,4.272436535778891,3.9761666666666655,3.9439526430359777,4.157025033326562,4.204959651643559,4.0216568510018975,4.517103174603175,4.753087449587448,4.528156122705522,4.652077127210834
audio_364.wav,5.0,3.990435397180129,3.9387936507936487,3.8973356581689913,3.712984066283479,3.8160643075462097,4.793212523803919,4.48623015873016,4.544270081770081,4.44180272670916,4.607770673159019
audio_131.wav,2.5,2.25246502963089,2.9731111111111113,2.977049856008188,3.0929548858245988,2.972448018063434,1.8682195384698914,2.6315555555555545,2.665542267917269,2.640666968443766,2.486546550107411
audio_168.wav,3.5,3.5717965033285815,3.311015873015871,3.377055515472182,3.662106993554961,3.4345935299235433,3.8006866596257844,3.3776507936507927,3.2045338704505375,3.109592246035304,3.1454756096499934
audio_557.wav,3.5,3.335223195436576,3.4593730158730143,3.4295099792183135,3.304929243374945,3.4163766982495893,3.6831233699335715,3.5531587301587293,3.483572170113835,3.6090847101747734,3.6077778409140375
audio_670.wav,3.0,2.5294389864338087,3.0583412698412693,2.924483991317324,2.56812251606263,2.599310016287407,2.8111294873160495,3.264452380952381,3.15529938271605,3.103815579702715,3.1557336971521086
audio_342.wav,4.5,3.792263187545151,3.678817460317461,3.7871415544332216,3.865561777377757,3.884376040360164,4.454801931644116,4.362761904761904,4.499674543049542,4.57904044565151,4.555620099258269
audio_2.wav,2.5,1.9734371310643837,2.630571428571429,2.6885200355200367,1.837633051796381,1.9829127752339797,2.2327795240722046,2.476753968253968,2.5198591871091875,1.960765591542603,1.854894975388758
audio_5048.wav,0.0,0.07699633534624188,0.008571428571428572,0.029333333333333333,0.004641223202264274,0.0009882983851629806,0.9312472459809368,0.00892857142857143,0.016925925925925924,0.019719193177637703,0.008979836154025813
audio_741.wav,4.0,3.0633023143525886,3.2028095238095236,3.174344857303191,3.006492156155671,3.0084996552691425,2.765905122234327,2.8443095238095233,2.858864993031659,2.6593077616345346,2.7786650144437695
audio_294.wav,4.0,3.3970373512297676,3.769087301587303,3.7192139049222397,3.816915277197369,3.835025742884677,3.643924501738374,3.6452380952380943,3.626556833598501,3.734090866332592,3.5863735477019127
audio_370.wav,5.0,4.570726331053016,4.367730158730159,4.3832877384960724,4.689015858350963,4.656906745172345,4.967661838507277,4.755785714285712,4.746681450357921,5.0,4.937126193741165
audio_417.wav,3.5,3.1736717377092702,3.500261904761904,3.555162317620652,3.730167473226396,3.7952862857306973,3.3693502256845047,3.6918571428571423,3.593815510107177,3.86458230956954,3.7640749840728507
audio_753.wav,4.0,3.7377572197887363,3.9912936507936503,3.9096532711116043,3.966441866942189,3.945191536492015,4.093752962446556,4.187444444444444,4.191990245865245,4.436121676331618,4.469926654489424
audio_533.wav,3.0,3.5834784729256577,3.336611111111109,3.3372544677544678,3.2857627250658665,3.1878529219932745,3.898553835188005,3.508539682539681,3.7473786491286485,3.5436241144820655,3.591560892848014
audio_239.wav,4.5,2.919131028307872,3.8110158730158754,3.7976300427967082,4.0405593391217245,3.9495320362126614,3.4441227109799826,4.20245238095238,4.155054444012777,4.108830502775987,4.21181911639584
audio_566.wav,3.0,2.868363118664886,2.790849206349206,2.7699908124283126,2.575918334026197,2.454908545848656,2.246902306463781,2.65213492063492,2.633282621699289,2.2299028965738477,2.2659095683170363
audio_736.wav,4.0,3.9471852283052464,4.255039682539682,4.3103278018278015,4.374705016541923,4.32317112476304,4.244394438748206,3.9901507936507934,3.6409893825310493,4.02645211995564,4.127805113173762
audio_541.wav,2.0,2.622375045895666,2.9487063492063488,3.068784746118079,2.7493643217609343,2.8489358179742488,2.178285128484406,2.9658333333333338,3.2604262974679634,3.006517720524702,2.9604381308292074
audio_531.wav,3.5,2.1784295768969444,2.8058571428571426,2.567355511772177,2.1646153760827924,2.2647505714090137,2.0902361384170827,2.7277857142857136,2.665444985569984,2.367589825555372,2.22214512743304
audio_280.wav,5.0,3.9426951738530747,4.176198412698413,4.180399891774891,4.434468379123806,4.4469023907583916,4.794969358593815,4.512484126984125,4.637232844316178,4.902979744608101,4.896796913312592
audio_33.wav,4.0,3.767551111063517,3.781436507936507,3.8860323041156377,3.9771848544217243,4.0362216132370845,4.600261542198384,4.089992063492064,4.244147270938938,4.38688293927209,4.432583035833957
audio_307.wav,5.0,4.411677855962789,4.340246031746033,4.27809145021645,4.513914215741902,4.466434581515798,4.889802947643491,4.652333333333332,4.749230920314253,4.890739922848956,4.859682386338445
audio_617.wav,4.5,3.116596746952581,3.3719444444444435,3.286690991107658,3.3652151556081518,3.39275990810019,3.212855818491896,3.196357142857142,3.0339107019523683,3.269348428007375,3.22741929433192
audio_613.wav,5.0,3.8418884244402185,3.8459682539682523,3.828007982757983,4.060131068120293,3.9937402079984907,4.611606413288738,4.46575396825397,4.529294713003048,4.5594826809967275,4.486606551411595
audio_472.wav,2.5,2.6525192821276256,3.373579365079364,3.370656975740309,3.084765498519157,2.9712378481833923,2.532175105607022,3.167912698412698,2.964206210456211,3.098800373104696,2.977814333282852
audio_568.wav,3.0,2.637409632177255,2.754039682539682,2.750149831649832,2.866553563602082,2.7484465062423222,2.6267865263225794,2.689507936507937,2.608280870364204,2.5687748641386574,2.5914800511312137
audio_521.wav,4.0,1.9203314503785662,3.183039682539683,3.1775875867959193,3.143632499018557,3.018683030266475,2.680896693949105,3.7640000000000007,3.9117075501658825,3.77640382869882,3.7413676954184054
audio_401.wav,5.0,4.029979449299545,4.402912698412698,4.383863852197186,4.452697940841985,4.628575916399618,4.058348433645945,4.457626984126985,4.30302744015244,4.524916167593612,4.383510656914506
audio_573.wav,2.5,3.7348291876982844,3.754722222222222,3.8247017303683974,3.8586874772177158,3.8755636409718033,2.986515677115001,3.029515873015873,2.9461855921855915,3.065984173195785,2.875728992304024
audio_180.wav,3.0,2.790088097673646,3.264531746031746,3.215681250847917,3.1807033735708625,3.152156161043844,2.8186454585381426,3.1623174603174604,3.071732756441089,2.9552089760888123,2.924304020167543
audio_320.wav,3.5,3.357023860324883,3.7807777777777773,3.8444948770365444,3.608981497076845,3.689446407729097,3.213995454545422,3.3716746031746037,3.5266423468506805,3.4975748379585703,3.555953265859609
audio_85.wav,3.0,3.5564830837121044,3.2866904761904756,3.3470678256928252,3.6392815224498207,3.605734786296665,3.6701317507144875,3.519976190476191,3.667390228598562,3.918458307929953,3.8423072260662146
audio_296.wav,2.0,3.357123079515579,3.6012777777777782,3.732563093542261,3.6510562062529015,3.7339194405067997,2.7389422526468716,3.055642857142857,3.0749988946238944,3.10841524622942,2.9356931201068117
audio_250.wav,3.0,3.1331765073055315,2.704309523809524,2.996130853714187,2.6846693736786,2.7945615214683337,3.559903820193768,2.7741349206349195,3.3117227633477646,3.138117121180766,3.1404416967540176
audio_346.wav,5.0,4.220673331008546,4.14813492063492,4.080862796154463,4.196723863072712,4.256569171893873,4.957670754718154,4.437746031746033,4.398635558885558,4.66412054164839,4.696944746168328
audio_335.wav,4.0,3.0581133701343,3.450785714285715,3.396673446923448,3.2833311220514694,3.063166023724264,3.0824127381274984,3.4140555555555565,3.31316895296062,3.2884391964667863,3.1980221336027412
audio_20.wav,2.0,4.000933431828794,2.9235793650793656,3.1243056187639517,3.049087761428361,3.2613973875467135,3.4766849099596544,2.877380952380953,2.687461133002799,2.558040933262566,2.613638013981737
audio_5071.wav,0.0,0.10476829545885247,0.003928571428571429,0.03917592592592593,0.0022018962164192346,0.0037712198236847915,0.36315561671289487,0.007976190476190477,0.04110714285714285,0.0019495468640827384,0.0012516559152984336
audio_558.wav,4.0,3.2889500476411193,3.1201666666666674,3.0056842833092827,3.0990457971229475,2.885236381883329,3.933528805160231,3.306952380952381,3.223461800545133,3.2640454252724367,3.2298768073784996
audio_289.wav,2.5,3.498083795549398,3.34786507936508,3.3607791359874697,3.0154844109649788,3.076887037538553,3.6849458321421085,3.187674603174603,3.239952012493678,2.991892013783602,3.2668479924050913
audio_620.wav,5.0,3.366468976000949,4.0328968253968265,4.028685158976826,4.3786384815353045,4.354844714277276,4.606960280690108,4.70297619047619,4.787919672919673,4.8089819130889895,4.756797863251677
audio_665.wav,3.0,3.933895519560123,3.73368253968254,3.7684015151515164,3.650091129674881,3.6804223525702953,3.955931499805685,3.196420634920635,3.322547077922078,3.2567127157717,3.215633154170766
audio_751.wav,4.0,3.8921626076320197,3.816142857142856,3.719114818823152,3.683068322378391,3.7565460408505467,3.916462037668344,3.6794841269841267,3.6498489797239784,3.775712819855402,3.645174425083517
audio_442.wav,2.0,2.9991112706074947,2.8107460317460315,2.7954950234950235,2.808845103646344,2.7850800529335884,2.466588377630567,2.6518492063492065,2.71796294754628,2.5082168686869286,2.6075310102055194
audio_362.wav,5.0,3.999873770317553,4.166960317460318,4.012357586857585,3.9112892181049355,3.9921226200737867,4.8273286168198375,4.6777460317460315,4.764108966650633,4.812022307575484,4.7570618297157194
audio_311.wav,3.5,3.639260395320504,4.142722222222223,4.06413602292769,4.035478225698672,4.257015707918733,3.247060885408422,3.345119047619047,3.4033834298417633,3.3174947291535006,3.3816540491104017
audio_724.wav,5.0,4.220906672708357,4.4215714285714265,4.220556637806638,4.574518948246206,4.628946356605746,4.724903747290429,4.718317460317459,4.7422471078304405,4.867155762929893,4.947238367634866
audio_39.wav,3.0,3.6252247353246934,2.6052380952380947,2.5979293931377256,2.582745774803355,2.5681750902068186,3.1018189953626116,2.8323492063492064,3.04729396991897,2.894743464680694,2.851255783013459
audio_290.wav,2.0,2.9445965057443213,2.8565079365079367,2.8353979847313178,2.0803758171140445,2.1942725745852956,3.2040726222165437,3.2600634920634923,3.3425639229597555,2.778888915462304,2.759681932944343
audio_23.wav,2.5,3.1707147403480462,3.119293650793651,3.020299501424502,3.1634175299145517,3.041072839941712,2.746958860181745,2.846539682539683,2.9978198360281705,3.0191707795202323,2.967579915808481
audio_624.wav,3.0,4.039906276734093,3.9053015873015866,3.995458140624809,3.887698206748384,3.8392114418086223,3.7976593759089696,3.8325158730158724,4.029546256212922,4.055772420365538,4.059153475324757
audio_206.wav,5.0,4.4094252742605535,4.450150793650792,4.4128645320728666,4.715572092293104,4.791761600674671,4.059273495399413,4.435928571428572,4.454043035668035,4.4756857597048585,4.342774868425161
audio_288.wav,4.5,3.0187027957962145,3.407976190476191,3.22317871017871,3.7589901278950464,3.6138391224050976,3.3493886706575124,3.3738015873015876,3.2311730291313636,3.3880079552685642,3.3118320583397267
audio_60.wav,3.0,3.21840245109589,3.3111507936507927,3.2729587530298314,3.251565426165864,3.1455559944443494,3.249192524399119,3.438539682539681,3.4175332383665715,3.3274548803316812,3.4631869207068813
audio_80.wav,2.0,2.840204381415189,2.7467380952380958,2.7765925139675134,2.7133070911613437,2.6825452616757537,3.2012281096486404,3.0802380952380943,3.4161191524524868,3.2386237103246196,3.204766336545191
audio_214.wav,4.0,3.8681966488779267,3.722238095238095,3.6200224667308007,3.6339238009530486,3.5385152254060763,4.529302258139279,4.484436507936508,4.562499438832773,4.566033831073799,4.617894203065478
audio_599.wav,2.0,2.4750474826871858,2.5070158730158725,2.582529320987655,2.479386425638207,2.40796464110262,2.6068103415075092,2.654984126984127,2.6591003487253477,2.6154327617178814,2.636766090978069
audio_5063.wav,0.0,0.0,0.00376984126984127,0.0011111111111111111,0.0046970074799918314,0.0,0.04332214640871893,0.0012698412698412698,0.004722222222222222,0.03489169702658574,0.06792894299959489
audio_207.wav,4.0,3.8244993969327097,3.825619047619045,3.8195244585661254,4.1528564374992785,4.098016694962493,4.0607461142288495,3.9242063492063504,3.9676122565705882,4.3205292159966,4.258554517965617
audio_438.wav,3.0,3.1001035127701897,3.4742301587301587,3.450965267756935,3.204765459767874,3.27124186094631,3.283737237760606,3.192174603174603,3.494989277697611,3.4028933424183516,3.3357172855956265
audio_332.wav,5.0,3.722493865856178,4.10870634920635,4.035685316226982,4.286884055675727,4.188941404497751,3.9051737756052485,4.592158730158729,4.626252605419272,4.585208089397681,4.635477634562243
audio_159.wav,5.0,3.413439801342229,3.3934761904761905,3.4076444758944753,3.5458998988274857,3.401762919621097,3.621930839564841,3.458484126984126,3.3324866219474067,3.063076886545487,3.151085651123489
audio_478.wav,2.0,3.7882058858575944,3.6009523809523816,3.632116634908302,3.339531508474483,3.3606816914205404,3.4007280567595117,3.143706349206349,3.0331411335578013,2.875640532020648,2.9758040612141112
audio_46.wav,3.0,3.0404327258473223,3.1985317460317475,3.172366255657922,3.133032772989191,3.09742645215483,3.424248788598485,3.464230158730159,3.433739034114035,3.4075357246574556,3.425344887867816
audio_130.wav,3.0,3.4757159036389953,3.703666666666667,3.624341289882956,3.648974037174874,3.650001558210756,2.8454257151538034,2.91704761904762,3.188190539398873,2.8759626909598155,2.9024577929601265
audio_437.wav,2.5,2.7281869897945934,3.1973571428571432,3.1551417671834336,3.330387276774379,3.2797962809940002,2.811938730796701,2.750460317460318,2.80903237965738,2.6803462385989825,2.7496107167745065
audio_771.wav,5.0,4.304644078314663,4.343714285714286,4.362031658156657,4.267209502599001,4.157109078379849,4.360124712716373,4.503960317460318,4.652157216240547,4.725123291144229,4.578579557313645
audio_759.wav,4.0,3.9363911902501734,4.094119047619048,4.083217219508886,4.008957664256191,4.1835998281464155,4.477231492400623,4.40995238095238,4.409336735795068,4.637678570826986,4.6311527552168075
audio_25.wav,3.0,2.9939277153782116,2.715555555555556,2.719025796734131,2.8563200221400034,2.747892363559656,2.748136828142064,2.5963888888888884,2.584602063060396,2.657909833586793,2.6241732076171154
audio_191.wav,3.0,3.924505011204769,3.228293650793651,3.3184886764470103,3.353216910773669,3.4382007163845536,2.478467175099813,2.8186111111111116,2.8687029313279324,2.8461235948904426,2.803975696734083
audio_182.wav,3.0,3.348251429429134,3.43059523809524,3.34511556036556,3.417727128275567,3.1761316163428144,3.296902242195635,3.253984126984127,2.953254108545776,3.0893224951640192,3.163748784222802
audio_236.wav,3.0,3.6500143768384334,3.5043888888888888,3.6076541529458193,3.7015056670226336,3.6773721772229293,3.3166749750637763,3.231317460317461,3.5752944663361337,3.4615707024570166,3.5216443349316484
audio_24.wav,3.0,3.6721014504240137,3.7740079365079366,3.7609609988776653,3.7270931641844327,3.7878583007131432,3.171302169500649,3.3491587301587287,3.170030074863409,3.0993151703314097,3.2523460929541366
audio_428.wav,3.0,4.497017230879294,3.623182539682542,3.622438936063935,3.634808113860386,3.6455064565492976,4.124085942371166,3.267634920634921,3.1551718697968703,2.9550781756243105,3.0917669020072354
audio_678.wav,5.0,4.319877124662053,4.193484126984128,4.195239277697611,4.19274301575988,4.2434407500392,4.931935961360339,4.564150793650793,4.698748035914702,4.721547232008992,4.776699391795268
audio_591.wav,2.0,3.2355581242527833,3.29995238095238,3.1910668706293692,3.389855990720816,3.4473554233228403,2.4890924992224015,3.048603174603175,3.00966348003848,2.906081385615804,3.043045715533959
audio_597.wav,2.0,2.6209925528944162,2.6872539682539682,2.71541847041847,2.567802938705089,2.5873090847389144,3.134784131164517,3.11902380952381,3.614275113775113,3.510605827731421,3.527947193639733
audio_580.wav,1.5,3.5421147236577553,3.539555555555556,3.4843681534514874,3.6739708568128844,3.692716402396885,2.605424283788776,2.8581984126984126,2.9728731561648236,2.8639782128512543,2.9113712291757436
audio_19.wav,3.0,3.439135502452513,3.079269841269841,3.0802428171649665,3.2495244321630614,3.2218222142877138,3.263189102582219,3.1187460317460314,3.251403898570565,3.0681012805242016,3.1557828941864954
audio_476.wav,2.0,3.712134531605781,3.568119047619047,3.7042809042809033,3.4207001893734073,3.430759431929521,2.963923946872871,3.2444444444444436,3.447790966749299,3.1993441253223263,3.182299574973507
audio_375.wav,3.5,4.234636028110377,3.550730158730158,3.56445615033115,3.592437608289463,3.264627379489036,4.232478452154778,3.2414126984126983,3.325804681429682,3.093661624443284,3.070274001916921
audio_642.wav,3.0,2.850346007443427,3.155468253968254,3.102791947250281,3.3410644392368574,3.2188106059764094,3.17565385469479,3.1055238095238096,3.3408917224750563,3.736255472018018,3.6881468491835054
audio_66.wav,2.0,2.2647260269155916,3.037095238095238,2.977253868045534,2.7688998417730244,2.7445917321318247,2.2247010866913914,3.2297460317460325,3.159245931537599,2.9185330265481872,2.836661920363767
audio_186.wav,5.0,4.196718492209253,4.350444444444445,4.339716510341511,4.378823195230237,4.359974802178204,4.227959632380256,4.504150793650795,4.552262321012321,4.4250426107859795,4.386447682285799
audio_713.wav,4.0,3.696846149752145,3.978119047619048,4.059464700423033,3.980081090156153,4.072615823698059,4.370903957930876,4.353817460317461,4.223073301698302,4.248778151547882,4.282542049473967
audio_354.wav,3.5,2.8169294108386924,3.701103174603174,3.6103764954181603,3.7272583907872074,3.6264702890491054,3.730796929538609,3.6719761904761903,3.799925298466965,4.04731923053792,4.053014734502238
audio_768.wav,5.0,4.075076422431685,4.245888888888888,4.3441830808080795,4.216629425115532,4.294610518004723,4.7122349361683495,4.697674603174604,4.751536876703544,4.847948697374145,4.806524283694057
audio_14.wav,3.5,2.7290593140819936,3.0890714285714296,3.0330392400809068,2.90953569620466,2.8799141412728737,3.301936959826832,3.5720396825396836,3.6117684861434864,3.6371900026944357,3.551932791942703
audio_208.wav,4.0,3.902014304713919,4.043984126984128,4.028753922003922,4.295859619479031,4.158053670612813,3.7850436987786167,3.8768095238095235,3.857324558157892,3.946669860609576,3.9404080325199633
audio_418.wav,2.5,3.9918866296094513,3.5689126984126993,3.6770307886557876,3.8182227142104987,3.8511906841740084,3.803450189449929,3.4546349206349203,3.4426329627162953,3.63982982232981,3.7086883841470772
audio_212.wav,5.0,4.824998403517253,4.432682539682539,4.282075737534071,4.38635082095324,4.371016938527773,4.7446943276351385,4.456428571428572,4.376174977799979,4.433872640328878,4.514812486293108
audio_177.wav,2.0,3.137945679138826,3.375809523809524,3.2944226791726785,3.029604858648689,3.034549547798981,3.544756460111964,3.488039682539681,3.6397048614965275,3.593466231511771,3.5081001198574904
audio_503.wav,2.5,2.7465550837028148,2.7772460317460315,2.7781715352548684,2.617375742402078,2.5971762218163517,2.748697534080872,2.84031746031746,2.8934099403682723,2.647675664803016,2.7254844649342416
audio_564.wav,2.0,2.9143539868743145,2.9448730158730156,2.8454593677927007,2.784980662672556,2.956210539235791,3.007015073258593,2.6297222222222216,2.5369007535674197,2.4594325046259766,2.618516288073811
audio_257.wav,4.5,4.315636475512299,4.089531746031746,4.025995953120953,4.128283276920722,4.2616518357837885,4.517870455353955,4.173277777777779,4.038336786670119,4.194661620712904,4.276044605803125
audio_408.wav,4.0,3.036931519737427,3.702404761904763,3.7449282137615456,3.685542642810224,3.7007545861703712,3.4273495651375048,3.4333650793650796,3.4865441302524633,3.5656478775572,3.4760927513193365
audio_468.wav,2.5,3.2610481004493317,3.3870793650793662,3.5179259182175855,3.4113270423920117,3.3245395438997307,2.3460757504810577,3.057031746031747,3.035070546737213,2.6546384265310885,2.7283444520040274
audio_574.wav,2.5,3.0815463020444533,2.558777777777778,2.7052782587782587,2.5119889768833548,2.362590357795446,2.4453461277879764,2.5683253968253963,2.5785174595738325,2.1587827371714465,2.173170670948501
audio_26.wav,4.0,3.1310921069050006,2.8419841269841264,2.8625418871252193,3.0379741076520843,3.1776809932318915,3.427687430421629,2.9857777777777783,3.2490140091390085,3.370874602825413,3.3798593828171284
audio_480.wav,3.0,3.6105646129202325,3.311809523809524,3.361249221457554,3.2045655274394473,3.1379963546954013,3.17541980239803,3.163809523809523,3.0581762604679263,2.865979790495729,2.85803423256047
audio_706.wav,3.0,4.698341715149605,4.06915873015873,4.043083058916392,4.223974138828755,4.136025871021666,3.9198391136367463,3.3804841269841286,3.272362995029662,3.1933088956318314,3.1906614316187465
audio_57.wav,2.5,2.826728558822,2.877269841269841,2.916558295099961,2.876515050439554,2.9229256007849673,2.958229206822144,3.0869444444444447,3.292761227969562,3.183717561636593,3.220518616436461
audio_209.wav,5.0,3.7708573807244323,4.186198412698412,4.081124017957351,3.998429965668766,4.026173959824098,3.8254468863722653,4.468206349206349,4.589955848164181,4.325339040682621,4.4226466422882025
audio_712.wav,4.0,3.912971081500173,3.8859761904761903,3.8761139092389088,3.4537659288149705,3.390501722601597,4.550381640250758,4.449650793650794,4.322400711942379,4.3059409425357735,4.081308768858581
audio_353.wav,3.0,2.950020823882374,3.388777777777777,3.473482443482443,3.48985411065245,3.547639785360545,2.770618043817605,2.9704920634920637,2.977797262922263,2.779183682420923,2.847575857617924
audio_575.wav,2.0,3.0323057801923716,2.938142857142857,2.8744532304115644,2.9055229806996423,2.9336446557709217,2.9534723895168127,2.9981349206349193,3.075952922077922,2.8438530882008437,2.8665047242089905
audio_383.wav,3.5,3.4215723003072713,3.5904761904761906,3.6158658748658747,3.527553391773441,3.475363287050405,3.5184664259617775,3.3652460317460293,3.473500925000925,3.376702780851982,3.2860219186804613
audio_781.wav,5.0,4.229597628293733,3.9196746031746024,3.8317564287564294,3.838356067516935,3.749438467157938,4.244782019799954,4.125849206349205,4.096383545466879,4.295941704640923,4.276803668987113
audio_118.wav,4.5,2.883234989412673,3.068349206349206,2.9760304571971243,2.701434479107583,2.6584092773901182,3.339821500359232,3.478960317460318,3.4024081689915024,3.485186949491924,3.4939943849735347
audio_337.wav,5.0,4.9300065598671,4.61769841269841,4.4676569664903,4.5639524438191685,4.478226716490697,5.0,4.722444444444444,4.632153150861485,4.8916885717446945,4.869032442188281
audio_715.wav,3.0,3.443157257527044,3.6895476190476195,3.7909327539744218,3.7030162849983164,3.6065847526125014,3.520114813176896,3.863571428571429,3.791622488622489,4.021573577018999,3.899115033473015
audio_323.wav,3.5,4.21582983885957,3.9658095238095235,3.8901588759824057,4.1697612972319495,4.165495137344389,4.121955070197141,3.070690476190475,2.9464418413376747,2.9104651420786616,3.014661155999079
audio_374.wav,4.0,3.406881887576061,3.8207460317460327,3.741385093301759,3.710862128496533,3.8206448587048816,3.3532694660865126,3.502142857142857,3.5012011183261182,3.5138321450783145,3.512775366958057
audio_348.wav,3.5,3.5132537595855062,3.6744365079365067,3.6022286401869734,3.7112083340989166,3.6609343913337042,3.919335658854898,3.5851428571428556,3.555801750718418,3.731482716089557,3.9152551642431113
audio_547.wav,3.0,3.689091037761608,3.1930396825396827,3.2339027978194648,3.12366382933159,3.1771828691264337,4.03754409400208,3.236023809523809,3.2222384205300876,3.3259703474892217,3.381435629260037
audio_41.wav,4.0,3.1244769225959543,3.158063492063494,3.2455301627384956,3.1465729063748866,3.140396659603457,2.9387134921089295,3.339801587301587,3.2535584616001287,3.2149598655023,3.189500591588187
audio_284.wav,4.5,3.452779685523929,3.5636904761904744,3.538987774571107,3.681149678499313,3.7470811927669074,3.906295183672866,3.8809365079365077,3.9401373626373632,4.119305972195857,4.0299981128006275
audio_13.wav,3.0,3.3943448723019336,3.6170000000000013,3.591653856945524,3.228520579173484,3.3720461150773295,3.303957835943026,3.7483253968253973,4.003384149800816,3.803173041336635,3.740870339282895
audio_548.wav,3.5,2.985353370029628,3.0758253968253975,3.082831742331742,2.8895634802668364,2.9651930966284747,3.4291660417211745,3.328873015873018,3.3363267396184058,3.2581895712229225,3.3342908923136236
audio_687.wav,4.5,3.7156391850342048,4.044849206349206,3.9361143748227083,3.9452785991249204,4.063693887060801,4.286532084106203,4.604690476190476,4.651086507628175,4.7150113406708405,4.766705347656401
audio_104.wav,2.5,3.0103842834861503,2.745817460317461,2.792553412636746,2.4863620553673473,2.4638699759001295,3.001127829549685,2.83102380952381,3.0352823380323386,2.747330624264901,2.7696143861325933
audio_181.wav,3.0,3.527065987323462,3.7305873015873012,3.675821974321975,3.9525757494577785,3.893669090427432,3.3846347040391813,3.6187460317460314,3.523164502164501,3.6761534541722583,3.6266229043403713
audio_755.wav,4.0,4.103703160989173,3.90656349206349,3.8758407487574167,4.202944364108906,4.208533452231165,3.553695269962518,3.3907698412698415,3.139314261355928,3.4297115347809126,3.460933617291436
audio_733.wav,5.0,4.993985388795704,4.073246031746032,3.8806471768971775,3.958443946462822,3.8328688539538103,4.513548122088278,4.009174603174603,3.9274837801087803,4.091619163215951,4.081476125919191
audio_5072.wav,0.0,0.0,0.00865079365079365,0.06487830687830688,0.04363511892951542,0.0805672648719094,0.0,0.012976190476190474,0.06254232804232804,0.011855598218778124,0.051877595616322415
audio_776.wav,4.5,3.857117609276243,3.782380952380952,3.577205054205054,4.028403040160864,4.003811372448059,4.398968675110114,3.796825396825397,3.7256668152109325,4.25856270253328,4.23101913389315
audio_70.wav,2.0,2.4092046492568318,2.867190476190476,2.816321963530297,2.5880545050495694,2.634295638590664,2.1914351179161247,2.690333333333333,2.6413273655356986,2.5532195337687367,2.498248776027697
audio_49.wav,3.0,3.2336770023368437,2.952492063492064,2.9602492168325507,2.598922704892089,2.7856714715398785,3.136417988305302,2.884452380952382,2.8292928815012153,2.6706763872096677,2.829439322340361
audio_527.wav,5.0,4.007681714665938,3.7791190476190457,3.7100669793169803,3.927974597279339,3.9012877699820945,4.501720764077372,4.258873015873018,4.35510014830848,4.339667874829764,4.440638830756913
audio_273.wav,3.5,3.650870600727082,3.9703809523809532,4.051072882183175,4.0206181064265785,3.9777832280518717,4.344312309620289,3.920920634920634,3.646201398909732,3.704768844671804,3.7081921551534136
audio_139.wav,4.0,3.868487225494746,3.7681746031746037,3.5811457631874304,3.77417148809573,3.6293153394062148,4.671267516356163,4.034039682539684,3.946414378831045,4.2251977443339,4.106089286639403
audio_467.wav,3.0,3.700281542782347,3.3192301587301585,3.4084679132595794,3.516221401797796,3.527420770295406,3.4556036818056914,3.2051031746031753,3.1400263409430074,3.4419879378106812,3.250917438089267
audio_407.wav,4.5,3.1239563208410353,3.615706349206349,3.462188578396912,3.533713439439905,3.5724911474142558,3.755924506531901,3.8638253968253973,3.883043831168831,3.8244822791093873,3.8836176276070073
audio_404.wav,4.5,3.5629649946033717,3.8600317460317473,3.7574145468728823,3.4798217606589703,3.5133346803237924,4.261255931502819,4.251277777777777,4.2290536346369665,4.306000583731513,4.256520377632763
audio_534.wav,3.0,3.6148646616411253,3.2760317460317467,3.2723745760412424,3.1729572138394695,3.158469289766914,3.728066949857666,3.3839682539682556,3.5454977352894024,3.2719239705132743,3.233364451347432
audio_96.wav,3.0,3.2735022787334387,3.140873015873016,3.1970908212158213,3.2244429512396438,3.114500829915491,3.426628503426221,3.5077698412698406,3.5951499750249756,3.4530312568032335,3.4955423846034637
audio_137.wav,2.5,3.092421677868248,2.7504365079365076,2.8601949439449434,2.739817888077327,2.748852092422221,3.4622313620568446,2.842912698412698,2.7989119090785763,2.6489950815172505,2.6687196289302246
audio_150.wav,2.5,2.4749886470947016,2.988166666666667,3.141536856661856,2.980496006263578,2.955704305613653,2.5889865520884183,2.8950317460317456,2.9277499429582767,2.6344110194107393,2.696254203665017
audio_339.wav,5.0,4.401914338980777,4.3946587301587305,4.368540666123999,4.5639221852312595,4.386204630433345,4.569658611767109,4.430873015873016,4.5207297378547375,4.651511466962372,4.686405755110045
audio_409.wav,5.0,4.479511737172736,3.8217380952380964,3.6400316057399387,4.003616309608188,3.928580605204686,4.085049652237142,3.8810793650793642,4.053159692159692,4.3346157496680435,4.2163124762815585
audio_78.wav,2.0,3.601460499932616,3.556833333333335,3.6519642656726,3.746218944790774,3.7528570004610877,3.3114836768693015,3.113404761904763,2.984614919031586,2.973384719711353,3.094881301217797
audio_244.wav,3.5,4.198083046534883,4.227126984126983,4.268859006734008,4.1838953543060775,4.21247845680024,3.596401266843914,3.8820238095238095,3.8147507908757894,4.016652275196678,3.880008496354383
audio_752.wav,4.0,4.79119471095445,3.9491111111111104,3.9228212882796214,4.201540257626356,4.1431992456662385,4.471044618900824,3.820603174603175,3.8420373854540535,4.133013007806369,4.223937342656782
audio_508.wav,3.0,3.7530744631501936,3.699626984126984,3.8071766335516344,4.009832568199142,3.880888476366065,3.438607063801692,3.666507936507937,3.6016598694515363,3.690457758276809,3.5717457411080797
audio_664.wav,2.5,3.648727480202266,3.517833333333332,3.5041389089305763,3.448625002588441,3.5209578986756527,3.533712819567769,3.0610396825396826,3.140214725089725,3.2270512306030663,3.256993062595793
audio_701.wav,2.5,2.7908247269692246,3.0465158730158737,3.1244473504890173,2.731404080008501,2.9504907752299285,2.461060900353002,2.9458968253968245,2.814414426622759,2.7583655536092926,2.696395993403215
audio_5044.wav,0.0,0.0,0.03484920634920635,0.0954783950617284,0.1489664591242238,0.11097546901954748,1.0062618251618718,0.03975396825396826,0.12919207027540358,0.4387350843944793,0.6206808872247803
audio_734.wav,4.5,4.098792970707666,4.105047619047618,3.759637646304314,4.108134633095969,4.108914938460984,3.597879829377618,3.5243095238095243,3.101075666617334,3.375694913980091,3.3331934453767005
audio_51.wav,3.0,3.1096958446492544,3.0307936507936506,3.0313226110309444,3.425968571255659,3.3993967283078086,2.900617731118775,3.0174841269841273,3.168688731022065,3.06786197133688,3.0935206859552467
audio_704.wav,2.0,3.5920324426780215,3.424674603174605,3.4454606566273234,3.384021492764136,3.3352042049130444,3.2147548499424516,3.28052380952381,3.3046177726594395,3.212169099689765,3.187014032126767
audio_129.wav,3.5,3.3196857178027877,3.205373015873016,3.186332150873818,3.694940480873506,3.6235352340153106,3.9248208198266474,3.5771031746031743,3.665846883055217,3.8612361509749054,3.927495149115561
audio_107.wav,4.0,3.2042498511563005,3.0439761904761915,3.1158099940183277,3.4176301128895865,3.3376005126273824,3.3387751615810295,3.310769841269842,3.6062566430483094,3.611712516837171,3.620399615209068
audio_143.wav,5.0,3.874520119450063,3.7833650793650784,3.6099729498896167,3.9589844763604938,3.909443812721655,4.264372472135624,3.8190634920634903,3.792921892921893,4.052360336977814,4.022636644467636
audio_458.wav,3.0,3.6281969321620515,3.9326904761904764,3.795790342373676,4.103963463616648,4.058667776199607,4.503028953456266,4.490039682539682,4.484615054698389,4.570368754143946,4.574448322695315
audio_424.wav,3.0,2.810444874199906,2.766103174603174,2.8205604534354536,2.8166940944485113,2.8290592007967597,2.531233109011294,2.7437698412698412,2.686042388167389,2.4208190729410477,2.558142674432066
audio_563.wav,2.0,3.8476322681657535,3.646587301587303,3.542469987574155,3.389394002216106,3.4465057529982324,3.2014354749374028,2.906904761904762,2.719810323935325,2.7298349396987898,2.7633515286663797
audio_625.wav,2.5,4.448082017836884,4.207309523809524,4.3127809042809035,4.5318163340658515,4.6301627103845195,3.4411543631805728,3.256412698412698,3.1526435709352376,3.4025821629439506,3.27558932780522
audio_302.wav,5.0,3.6221946675060686,4.014269841269843,3.916331995165329,3.8065925778962892,3.9516225786415493,3.3331708605808372,3.2463174603174605,2.944179487179488,3.0944305558777088,3.084069142420981
audio_154.wav,3.0,2.9491326040802655,3.0226428571428574,2.9121928503595176,2.9490696351441374,3.0555344498746186,3.223443682240715,3.166650793650794,3.054662453287454,3.2240882998657,3.100553728048243
audio_754.wav,4.0,4.085471619537948,4.012404761904761,4.010114450364452,3.8372973217587365,3.8209038717413826,3.7702244857227742,3.58515873015873,3.5102290564373906,3.496402310861116,3.4943131797737816
audio_749.wav,3.0,3.178423114874492,3.5052301587301593,3.506635979760979,3.459844437142253,3.351492606971577,2.3073551855953434,2.526666666666667,2.6013456188872848,2.434045982373597,2.4659765233340782
audio_366.wav,5.0,3.987688391957876,4.028309523809525,3.798891594516595,3.8852374837987136,3.881261527202836,4.780522636184522,4.498603174603173,4.548526100442767,4.568339938511795,4.4553026040456025
audio_693.wav,3.0,2.683205277075633,3.6456031746031736,3.532795345087012,3.5012466470884394,3.569953248322072,2.138056524173956,2.8924444444444446,2.872657227032226,2.9411072029985768,2.924020025461292
audio_608.wav,5.0,4.753265925041494,4.391563492063493,4.419126082251082,4.718639521450381,4.800689460837558,4.467203147238002,4.561460317460317,4.747227648894315,4.885517890958359,4.686324354752087
audio_220.wav,4.0,3.949180766380895,4.168095238095238,4.258967555592556,4.340349690989796,4.289815330777745,4.711146945952286,4.559158730158729,4.567783449575114,4.4344656402834355,4.501958684447294
audio_761.wav,4.0,4.104858949945136,4.1499999999999995,4.208074046324047,4.278733817282848,4.334342212984915,4.32637215806471,4.511682539682538,4.5674712802629465,4.70795251458717,4.645402307591923
audio_640.wav,3.0,2.9495410134379223,2.957785714285714,3.058506606048273,3.0156389213851553,2.7986458050524177,2.7282945702969887,3.007563492063493,2.9804309563892897,2.9700529449031805,2.8435509767894094
audio_67.wav,4.0,3.8410708160439078,3.024436507936508,3.050713960422294,3.0464872229607356,3.029751853398119,3.6676760753265274,3.3444761904761897,3.4722633678050343,3.433698424088178,3.5465051644263217
audio_299.wav,4.0,3.4528519882006594,3.9606984126984117,3.9340095938012607,4.031392240759715,3.906767356382972,3.8917938394678084,4.294547619047619,4.261307599807601,4.502537559999829,4.469122284919802
audio_102.wav,2.0,3.300756281734747,3.2055317460317467,3.2178265669515667,3.2562634714048904,3.2131196034599108,2.9133443776981136,3.096499999999999,3.251961079044413,3.1031994293645018,3.033445436537209
audio_258.wav,3.5,3.6692515947393054,3.391388888888889,3.4419972789556117,3.457835243673959,3.4745204359455104,3.2769818747889077,3.1586587301587294,3.197449652199653,3.0911074563090613,3.0006500715502447
audio_679.wav,4.5,4.160092753252626,4.47486507936508,4.437708970042304,4.793217020252477,4.657851438642184,4.779969109291962,4.704349206349207,4.771565456148789,4.931301274593607,4.995871135086587
audio_82.wav,4.0,3.305018120504249,3.392484126984126,3.357579345037678,3.2128511668797857,3.2822896839804483,4.252846915679027,3.64997619047619,3.8008424723424725,3.642874740549916,3.707069238797344
audio_325.wav,5.0,4.291591593193733,3.8576190476190484,3.914579113787447,4.17982028864622,4.282372778889273,4.683164714560138,3.9938174603174605,3.967993558910226,4.480566679101762,4.494574284756507
audio_399.wav,3.0,3.060705571108015,3.5226190476190467,3.434567209025543,3.141957052244248,3.121164026781616,3.05759899756527,3.5927698412698423,3.3858077508910838,3.311086177335762,3.259956119720384
audio_285.wav,4.0,3.0263748099943193,3.4733015873015867,3.3928641081141078,3.4504905614770167,3.4002342286169367,3.3836419151976957,3.5189444444444455,3.699764422306089,3.711978349430146,3.76233545717792
audio_784.wav,4.5,4.304815976707068,4.231920634920635,4.014722197555532,3.8842076406098083,3.957339555791028,4.155413894710539,4.160230158730159,4.120784251242583,4.137886593109756,4.0513495589472095
audio_0.wav,3.0,2.9346588165133736,3.008611111111112,2.9924611530444856,2.851026801822513,2.760867749132211,2.736836445768502,2.8726507936507946,2.928490805490806,2.791930962140251,2.824690133521676
audio_435.wav,3.5,3.765607383334661,3.481206349206348,3.594527397756565,3.423012636847423,3.5718399018207303,3.6142034687263056,3.7904444444444465,3.8876460191043534,4.038261583328994,4.1311232254855605
audio_91.wav,5.0,2.7468911941315888,3.0408174603174616,2.8545874989208317,2.8812708285519215,2.7489773177893198,3.588251816818735,3.56281746031746,3.6768825557158884,3.5749607310991274,3.614836206801923
audio_109.wav,2.0,1.849815243538397,2.5872936507936495,2.667803611511945,2.4615943661623754,2.32271932311883,2.175464737469841,2.57297619047619,2.505787497995831,2.5655474917051784,2.4685030424284844
audio_772.wav,3.0,2.5177051492684543,3.070277777777777,3.055234088442422,3.2873170493148334,3.2294024440456357,2.547379806406307,2.836126984126983,2.9000613537696878,3.0385602864899313,2.940171896965196
audio_270.wav,3.5,4.193930198380044,3.8428412698412706,3.774186298269632,4.138681071241975,4.250224874958184,3.8491259558056172,3.3096269841269845,3.0610670471503796,3.404365698761334,3.507648822776821
audio_528.wav,2.5,3.5924927300836003,3.95480158730159,3.890755509922176,3.7355364123927326,3.7524398248036164,3.484366105426789,3.7569603174603152,3.4453593659426986,3.5262418917312335,3.5124041150036898
audio_441.wav,2.0,3.0261288533922825,2.6860952380952376,2.7892401980735317,2.600509466864715,2.6195781805867013,2.3027664075023204,2.675063492063492,2.6127138648388644,2.462959896902323,2.4855794867759426
audio_381.wav,5.0,4.281206542980359,4.369722222222222,4.361225425808761,4.413202194539781,4.381269038673055,4.099120252796887,4.24852380952381,4.270179451721117,4.38623799611129,4.427055800922841
audio_86.wav,2.0,3.4113716501029288,3.4320158730158745,3.3735035797535793,3.3481493175274273,3.368100385173655,2.6078179806657666,2.907357142857142,2.850445426487093,2.6679713811937993,2.741452821189347
audio_101.wav,4.0,3.359963451570394,3.2817619047619053,3.3227372889456226,2.8118601506577607,2.803038975012493,3.3233428439595762,3.1186825396825406,3.4143538822288826,3.217606623021607,3.0438106825101445
audio_333.wav,4.5,4.165008925340103,3.9447301587301595,3.8239008938592263,3.97152566258338,3.8524075616679276,4.078461143427974,3.7469841269841275,3.3749704123037456,3.4975737872615063,3.4126245222248506
audio_149.wav,2.5,2.570766751529763,3.1393174603174594,3.259244286577621,2.942757654870682,3.0173307579345323,1.7072308518816628,2.754238095238097,2.847749441916108,2.509371068979566,2.5538541543651068
audio_719.wav,3.0,3.5451723551002723,3.4041428571428582,3.5007137045053702,3.1921399208755026,3.2710480248970146,3.3053003017368674,3.5250714285714295,3.4504309764309773,3.355284027327422,3.3334393511893747
audio_638.wav,3.0,3.4265974983296323,3.3303888888888893,3.333430535513868,3.361161418318609,3.3446796927796867,3.180533181196853,3.3037777777777784,3.2060939384689395,3.1017986907157344,3.153975923418832
audio_147.wav,3.0,3.791826445506519,3.743642857142857,3.8341586052836063,3.5704038697683997,3.589365928423368,3.3633873442370597,3.2416031746031746,3.143547508047508,3.1068253447777443,3.0684967433080117
audio_62.wav,4.0,2.744518511124319,2.6125714285714294,2.6266462719379375,2.6201218202344383,2.673006244462235,2.933518544944286,2.7673650793650793,2.735999546749548,2.7416690051487422,2.728927701147837
audio_763.wav,5.0,4.398826610269347,4.310698412698414,4.233777617444282,4.274193868704514,4.441480608392884,4.484486586028818,4.700896825396826,4.70630541372208,4.62991499099236,4.673835293499235
audio_498.wav,2.0,2.29419110152511,2.7207857142857144,2.7123412097162096,2.707048193306504,2.75823865702665,1.8571454536324985,2.4698571428571436,2.4209643859227197,2.394403642917423,2.3700924077581043
audio_1.wav,3.5,2.3579538451731916,3.217492063492063,3.0348139314389315,3.1305594539738646,3.171911323156003,2.702436979754669,3.256976190476191,3.285044137960805,3.2511594712413348,3.3188849622119285
audio_304.wav,5.0,5.0,4.677888888888888,4.622955657768158,4.96873430278058,4.8924813222035946,4.972771158895747,4.328992063492063,3.8406000296000316,3.978414884716463,4.07906937605352
audio_347.wav,5.0,4.078129320266732,4.109357142857145,3.9630336299502957,3.985231445970195,3.857889899583006,3.542438487789825,3.222095238095239,3.389882714507715,3.5544832087997693,3.4200610523911954
audio_560.wav,4.0,3.2042387212011505,2.962214285714286,2.891944470652804,3.010981386939076,3.003886761779061,3.861789041256054,3.4574761904761893,3.6067481669565,3.4933793318473163,3.6091116914709893
audio_452.wav,3.5,3.144877913541075,3.049849206349206,3.0616369571786226,3.0497209516217225,3.0243653190871833,2.6547422266205256,2.866579365079365,3.0484406781490114,2.8122403645093486,2.8199490372626634
audio_716.wav,4.5,3.619095867046069,3.6017301587301582,3.5424562859979525,3.6833122243684717,3.676428262374234,3.8696546817451534,3.5911031746031754,3.6257836314919665,3.8118205720218548,3.856503112640391
audio_473.wav,2.0,2.853080106718817,2.6458650793650786,2.6633947961987174,2.7825897573650806,2.7689709736928427,1.7798010021557793,2.84486507936508,2.7240996873496877,2.6946258672970043,2.676281244868216
audio_95.wav,4.0,1.6968979842354361,2.604515873015874,2.7146505731922406,2.472697465165863,2.4422238001704275,2.7426551774837833,3.145063492063492,3.4957172965922965,2.986784397045918,3.095682400759143
audio_732.wav,4.0,3.264426446227063,3.5803888888888893,3.516993207409874,3.4596236006894983,3.4490250293366107,3.044976296837179,3.2869126984126993,3.0681182983682986,2.9913200470503916,3.029358243615869
audio_292.wav,5.0,4.870475230878971,4.440269841269841,4.451786762620095,4.595883867418544,4.806654954486481,4.9876660670726,4.6412619047619055,4.6655889773806445,4.871636451710875,4.902248011146212
audio_469.wav,2.5,3.4036580337476408,3.3789206349206338,3.4330896356729688,3.43214048873595,3.5061549170077346,2.6333404873196495,2.958119047619047,2.9238160651077325,2.9463085057232044,2.879506003097575
audio_329.wav,2.0,3.4264626300120598,3.46397619047619,3.651381946756947,3.374967652803011,3.4168702130503186,3.2925829363968457,3.6069047619047603,3.544196455595966,3.461160992275733,3.331621325217738
audio_169.wav,2.0,3.7734286156560035,3.5393571428571433,3.554627384960719,3.3684035568968906,3.366896959671376,3.1691910942019006,3.3216111111111117,3.182127263168931,3.0610157089474623,3.0969378291982284
audio_174.wav,2.5,3.670895943507374,3.5410079365079365,3.467425438758772,3.354383481061624,3.5875905483670714,3.294262325450923,3.3151111111111113,3.1896447256447256,3.5256824141662277,3.443200954684322
audio_513.wav,2.5,2.721399797986681,3.044460317460318,3.086375300625299,2.791935408796752,2.854773589023832,2.554978685600695,2.9750396825396823,2.957058734475401,3.047589254099224,3.0013493669225233
audio_584.wav,3.0,2.802867126056878,3.3023650793650794,3.284636685845019,3.2273554531800177,3.2124090394951934,2.206588012104915,2.8700396825396823,2.7377292229375567,2.86400998175238,2.695616622547965
audio_345.wav,5.0,4.383204444152453,4.305809523809525,4.290887401179069,4.504594007112015,4.541898929330827,4.637853618359908,4.661642857142858,4.645869929453263,4.809702545222191,4.941343487551353
audio_750.wav,4.0,3.6401706608947535,3.791603174603175,3.654648649190316,3.5354504038754655,3.5319107566613703,3.5177828744526294,3.674007936507936,3.4469087779504455,3.732998264537109,3.6047915617549773
audio_116.wav,3.0,3.2760973555221184,3.5356825396825386,3.618962733254401,3.5083986403918543,3.6101671963079958,3.3130773221511505,3.4979841269841265,3.5435447130030457,3.534131026781616,3.4691902408156565
audio_114.wav,2.5,4.207826009653718,3.6832301587301584,3.758794708378042,3.557848532529867,3.447677014577527,3.6168954217075524,3.3641904761904775,3.516501580209914,3.489505724300414,3.380529455373354
audio_157.wav,3.0,3.5928046034485597,3.996460317460316,3.8616999959916636,4.006290421120784,4.022136194867049,3.2386712233564126,3.307087301587302,3.026135361552028,3.1146093847986656,3.1271547081357514
audio_385.wav,4.5,3.610345010114735,3.4760714285714287,3.41422266313933,3.499108525867585,3.537654711076346,4.341400400263257,3.838809523809525,3.8414405409405408,3.9728633807815954,3.997944976806647
audio_264.wav,2.5,3.4837329544563453,3.2029682539682547,3.2384416833166845,3.1029539055829876,2.9090983408992677,3.1670131970893096,3.0428095238095243,3.087664771956438,2.8469795068134816,2.7702621145391384
audio_390.wav,5.0,4.979079279969143,4.485952380952381,4.459597943722943,4.7611980302626105,4.7848549294017175,4.983259628321282,4.6342936507936505,4.580432479557479,4.812314597291243,4.74990303948108
audio_766.wav,4.5,3.7242389380280656,3.7726904761904745,3.933173033756368,3.912760546630663,3.7730096164317004,3.4011244360167865,3.282206349206349,3.253870284036951,3.510269532089657,3.4069087356983307
audio_571.wav,2.0,3.947679361858795,3.5485714285714285,3.7849382916466254,3.4806352020893025,3.390749132744363,2.94184388060647,2.8014920634920633,2.8380575196408535,2.671006689170831,2.6556672589172448
audio_393.wav,4.5,4.106597329927282,3.624801587301588,3.544266798016798,3.486367082705827,3.538994490196501,4.013470949922717,3.37846031746032,3.248190556357223,3.4292195538279238,3.307906584554933
audio_691.wav,4.0,3.3497033286734825,3.3155634920634918,3.275307129598796,3.4836195313189493,3.4977567227035737,4.101404696921224,3.562253968253969,3.4936041134791136,4.030881866259036,3.9664799283011596
