filename,label,oof_acoustic_Ridge,oof_acoustic_ExtraTrees,oof_acoustic_RandomForest,oof_acoustic_HistGradientBoosting,oof_acoustic_LightGBM,oof_acoustic+language_Ridge,oof_acoustic+language_ExtraTrees,oof_acoustic+language_RandomForest,oof_acoustic+language_HistGradientBoosting,oof_acoustic+language_LightGBM,oof_speech_embedding_Ridge,oof_speech_embedding_ExtraTrees,oof_speech_embedding_RandomForest,oof_speech_embedding_HistGradientBoosting,oof_speech_embedding_LightGBM,oof_acoustic+speech_Ridge,oof_acoustic+speech_ExtraTrees,oof_acoustic+speech_RandomForest,oof_acoustic+speech_HistGradientBoosting,oof_acoustic+speech_LightGBM,oof_acoustic+language+speech_Ridge,oof_acoustic+language+speech_ExtraTrees,oof_acoustic+language+speech_RandomForest,oof_acoustic+language+speech_HistGradientBoosting,oof_acoustic+language+speech_LightGBM,oof_text_embedding_Ridge,oof_text_embedding_ExtraTrees,oof_text_embedding_RandomForest,oof_text_embedding_HistGradientBoosting,oof_text_embedding_LightGBM,oof_acoustic+language+text_Ridge,oof_acoustic+language+text_ExtraTrees,oof_acoustic+language+text_RandomForest,oof_acoustic+language+text_HistGradientBoosting,oof_acoustic+language+text_LightGBM,oof_acoustic+language+speech+text_Ridge,oof_acoustic+language+speech+text_ExtraTrees,oof_acoustic+language+speech+text_RandomForest,oof_acoustic+language+speech+text_HistGradientBoosting,oof_acoustic+language+speech+text_LightGBM
audio_192.wav,3.0,3.3710897542666465,3.093888888888889,3.2084852832352833,3.1024669498019803,3.136832644673909,3.541238675315453,3.112198412698413,3.015844829553163,3.1506619901142248,3.036578356552004,3.5367465813954673,3.099873015873017,3.1111697207113873,3.12262131946836,3.12294888039222,3.5615477436989758,3.050722222222222,3.0884095117845116,3.134380673310534,3.1838849861884078,3.56525661157251,3.168261904761905,3.1026311728395064,3.1140894575366467,3.1766607461846146,2.8446330229441323,3.6519365079365085,3.6691489621489626,3.4979312223842722,3.5339381248622956,3.2586760745836383,3.3400952380952393,3.235470854762521,3.5463988839494824,3.4215052085236675,3.788871562129774,3.223317460317461,3.153694564694564,3.2732624934627363,3.239847183747323
audio_436.wav,3.0,3.411402349610379,3.8494682539682543,3.990361945153612,4.009501998632808,3.9889119726211195,2.5673978667065835,3.148555555555555,3.0758004649671324,3.2092732186328448,3.2124161763794703,2.8777825832366943,3.386365079365079,3.355946382321381,3.338254731855971,3.4067112560147415,2.5880340957283035,3.4204047619047624,3.452095327511994,3.6050175659016777,3.5467332429623037,2.322490967015831,3.1115873015873015,3.1058836179252842,3.111482666253718,3.097739632754683,3.506998618443807,3.3331746031746032,3.4167747622747626,3.7014269416027408,3.5065176278538637,3.328736516757242,3.2511031746031733,3.1299255852172507,3.2124006060294765,3.290331147741186,2.8830276414220553,3.1733015873015886,3.148626082251082,3.094286737461418,3.190349909187674
audio_447.wav,3.5,3.316597012535993,3.6703015873015876,3.616289702581369,3.6290886066542556,3.6148757726580527,3.9452419947150568,4.310888888888891,4.381769520602855,4.576058988532807,4.48972751178846,3.0577175617218018,3.2650555555555556,3.2823971260221256,3.403603151802589,3.416463152237044,2.9521210416350474,3.2690317460317453,3.264600290141957,3.3608283282459746,3.439591942161313,3.1103334774264453,3.50815873015873,3.562660472243806,3.625083636699651,3.650671294647392,3.602288087209066,3.925499999999998,3.9247356362773034,4.119139424784218,4.154748743520016,4.105638215072845,4.355388888888889,4.4947386625719945,4.80343674990628,4.705861474154809,3.4744063159924337,3.5033492063492075,3.559906164822831,3.69237841259763,3.786114528819711
audio_126.wav,2.0,3.2403834751604292,3.5749761904761903,3.5894523007856347,3.2502547970980675,3.285973803869867,1.9959794123988612,2.913563492063492,3.072706053206053,2.9614494406117196,2.939285406169487,2.228318691253662,2.9373095238095233,2.851943502485169,2.6050946745517947,2.6564986068447194,2.7535822150036444,3.091888888888889,2.9778876262626266,2.8872570543341403,2.898937682837016,2.4651930675950102,2.847571428571429,2.847919973544973,2.752632205646917,2.7335557726142827,1.2833071152369182,2.583857142857143,2.614360960027627,2.1053705586647022,2.211914648230701,2.393822744610913,2.8314365079365076,2.824281545614879,2.8537737314300724,2.67471174561564,2.5124482281672207,2.828698412698413,2.7833038088454765,2.705803182351859,2.668140235344442
audio_61.wav,2.0,3.2600772653932926,3.3897222222222236,3.4883437025937014,3.2722505281529077,3.2836287213371804,3.020158946053133,3.2935158730158736,3.2370816020399356,2.978514969691233,3.058645588758653,2.666873296101888,3.63763492063492,3.5928729634562964,3.39674263525926,3.4030654049352798,2.5091567988791663,3.4760317460317456,3.5068357552940888,3.2771624252503915,3.3088895999704633,2.6736864179168975,3.344968253968254,3.1932351891935227,3.1336614056330645,3.027973957321521,1.9715737501780193,3.468555555555556,3.4496117277783944,2.9637025155989565,2.969416688000838,2.772345680463605,3.6119126984126986,3.586636403719737,3.701560805046384,3.584608152986075,2.387525504324953,3.3519523809523815,3.3424688166771492,3.21753394625776,3.2187015389552425
audio_639.wav,2.5,2.984849757756496,2.9081984126984124,2.8825227550227552,3.110791955218374,2.8934766288167104,2.1443040455877256,2.942992063492064,2.933594488844489,2.699783510698035,2.7473719731290394,2.9442811806996665,3.012571428571429,3.1292166737583393,2.8993260099274294,2.730840616994883,2.8452227279632734,3.029888888888888,3.0756402532652527,2.901803377237559,2.7659497746484116,2.6223974137439487,3.089412698412699,3.1855139937223282,2.7426588941810466,2.6740777727053513,3.1523446242014566,3.468119047619048,3.4716775970942635,3.692057407712657,3.4498025272392696,2.239652292499894,3.034730158730158,3.0594117965367964,2.821732227468642,2.8146021980443803,2.537068987125293,3.1192777777777785,3.207849924766593,2.893484903170991,2.759428576521124
audio_703.wav,2.0,3.442944801938338,3.526333333333332,3.5511361385528044,3.35609113969361,3.2834537646482738,1.7338672536501367,2.7679126984126987,2.813988762780429,2.286533224431358,2.3172307383559025,2.8150139649709067,2.9474920634920623,2.9861685105018427,3.0834626474242213,3.0324667300140913,2.737634931926884,3.0208968253968247,3.0312693001443,2.984521457632349,3.0635081024287647,2.4947485082418877,2.9017698412698416,2.952709790209791,2.870024028375809,2.7970172493036927,2.3518424034118652,2.971373015873016,2.8957849172432506,2.2317199947220936,2.505264085008477,2.0186602208966797,2.8906428571428564,2.933460557960558,2.4333618444536715,2.4542913176289307,2.2514368251568118,2.920166666666667,2.96318272005772,2.86706763232123,2.777089072952771
audio_509.wav,3.0,2.5994928408014086,3.0108809523809517,3.0916782091365413,2.9793243317599667,2.8888605052845517,3.500733180276607,3.655634920634921,3.740016122766122,3.7537669676411114,3.6898063729206174,3.0014516512552896,3.2407380952380938,3.3130532661782666,3.244190297038871,3.1575133509914637,3.035653172652841,3.192960317460317,3.230308571058572,3.17828166296889,3.1705557804981708,3.0893602744914745,3.4383571428571433,3.600499915208248,3.527350139251182,3.560482151053931,3.403547922770182,3.405880952380953,3.424600815850816,3.638116175932415,3.5077303178463843,3.0535206339375485,3.7445873015873006,3.934737665112666,3.9116550499521963,3.803772532834478,3.2898063493763754,3.489253968253967,3.600465887507555,3.5788393589530294,3.6071544768798156
audio_672.wav,4.0,3.9000518803441984,3.7297619047619044,3.815291692875025,3.852127794668055,3.967811540459105,4.181524085019828,4.373619047619047,4.424126483084817,4.436415456685239,4.410444162223549,3.406841993331909,3.6131190476190476,3.5525061851728523,3.4983641247490826,3.514624357138596,3.1459361113119697,3.6289603174603173,3.5724202279202277,3.7095601931849504,3.6667017668868405,3.367756726665673,3.89011111111111,3.882369872411539,3.9972698408510503,4.041657659635253,3.2909448941548667,3.2408333333333346,3.3840044893378227,3.122394061116798,3.193802704804748,3.499015335700055,4.229857142857142,4.2470689634439625,4.251993547000022,4.172306428672573,3.0672073615208837,3.8186507936507943,3.7936515953182615,3.874973238553815,3.930888400746042
audio_344.wav,4.0,3.536651465793881,3.5872857142857146,3.634323397281731,3.6027623938447224,3.518917655447167,3.8677299129297946,4.004301587301586,4.085493130326463,4.255521413490296,4.163453898886548,3.722605069478353,3.6083492063492066,3.6024486331569663,3.699796736499993,3.651477297956861,3.7096943578801507,3.580095238095238,3.6125277577360912,3.584696980367704,3.7272425447262396,3.888317954600851,3.8878809523809537,3.8987294156460828,4.303563019378244,4.223025496141372,2.904613733291626,3.261214285714285,3.2395517954267965,3.492038731137985,3.2673213276708233,3.3814513393024512,3.9206031746031758,4.040161155202822,4.275725915593228,4.236570677664113,4.0657243655707385,3.882214285714286,3.886206096916881,4.2805609734073125,4.158439499226056
audio_592.wav,5.0,3.8315807049379713,3.958515873015873,3.782570996904331,4.165113601768515,4.1985877194784615,4.1961717379115555,4.021126984126984,3.9238497816635083,4.137141583959095,4.2228186581243,4.366992473602295,3.7580079365079366,3.6064944438277777,3.8429482895196423,3.928698504009695,4.701161325125701,3.8007936507936506,3.6726319683403013,3.8461143421384025,4.064647165001257,4.764233675013478,4.053230158730158,3.999109950234951,4.227985255644363,4.212839406450016,3.473947763442993,3.472063492063493,3.3208950254991922,3.467929272552255,3.300455704721207,4.445894287839118,3.874555555555555,3.66917985409652,3.9142621401368474,3.926000608030229,4.120529691679331,3.9340317460317458,3.9404769320185973,4.209575140125437,4.129992018850473
audio_705.wav,3.0,4.0165464229801735,3.7444603174603173,3.7341601577434926,3.903113341393078,3.8875088125481567,3.3892902599411356,3.3033888888888896,3.265525050566717,3.2852104617100224,3.3185039933502423,2.926651398340861,3.4275555555555557,3.4080811287477943,3.178996062732264,3.2387015439170894,2.6792735767533102,3.4005952380952382,3.4192546496713163,3.242713890069684,3.209263390304829,2.703991237849177,3.4145238095238093,3.4058738576238583,3.1895214233382165,3.145739080369607,4.3389692306518555,3.5566111111111116,3.5633579568579576,3.5904007313037005,3.527260855172265,3.679663646088478,3.417373015873016,3.2185652187318845,3.3986790107114664,3.3274275951481465,3.1558474096243274,3.4000000000000004,3.4243757137923794,3.4366670244189876,3.191462355073677
audio_497.wav,2.0,2.9142866918774595,2.568087301587301,2.6209536798078465,2.6410085329294914,2.7126556311212897,3.1118255657162464,2.8440555555555562,2.7984536019536033,3.015941449934958,3.046015904331224,2.1876108249028525,2.5315079365079356,2.594296436588103,2.543506998847309,2.4999320145872166,2.4328557457261764,2.5184603174603173,2.594441604691605,2.5763725340806083,2.582292073846576,2.6233522975627395,2.6184444444444446,2.6196969835719828,2.7246016230351535,2.742594568974583,3.4015584786732993,3.2042539682539677,3.3039158788742125,3.0891162573451503,3.2475505913468248,3.6653764408336937,2.868349206349206,2.8349755013505007,2.841598533778022,2.704949351368643,3.1074909092654988,2.7114761904761906,2.6537383650300312,2.652001032850808,2.7120572737226323
audio_702.wav,3.0,3.7140258049142445,3.0761904761904773,3.2430156317447985,3.2760342484363,3.230564701003112,3.6159620286461824,3.7001904761904765,3.7728444040527367,4.0266465018405215,3.954912016298215,2.905230760574341,3.1416349206349197,3.256918845043845,3.1995963007887407,3.234825685516805,2.9601044569972417,3.1689285714285726,3.2460566794316796,3.191678210834457,3.228755327555101,2.9930893652396304,3.393404761904762,3.448486807945141,3.7469764163077275,3.595286996619807,4.2936757405598955,3.545,3.6188677125343793,3.4043727810933326,3.354654595586521,4.32567885048681,3.705444444444445,3.7093897075147066,3.8921903618847566,3.941090307896386,3.8091645080956256,3.4139603174603175,3.447814691481357,3.8167045767535197,3.6833839559881323
audio_598.wav,2.0,3.3237651344301624,2.881373015873016,2.979955447330447,2.910989057929898,3.019352571081041,2.775607387615574,2.816690476190475,2.907015185431853,2.668055854489919,2.69278576134797,2.4322444597880044,2.6018174603174598,2.651339766714768,2.518911735157671,2.560880302626853,2.244525774182555,2.618515873015873,2.644348745390412,2.5746921207558175,2.62991491889694,2.076811348709588,2.575619047619047,2.7251742655492657,2.4357957837219697,2.5497486436462093,0.9913448890050253,2.822626984126984,2.7391581258247926,2.9881595217282713,2.8290636099397304,1.422499943960054,2.8570714285714285,2.880106301106301,2.6772855221406417,2.667753783888514,1.1461469399463478,2.5991507936507934,2.72203385965886,2.476210795328301,2.4967968598166745
audio_99.wav,3.5,3.304865883783524,3.3416349206349216,3.6856179160345826,3.479795125286781,3.3997456108358364,2.817890676881769,2.8064444444444443,2.710258237133237,2.5051355613711976,2.536983996403285,2.751631577809652,3.0951904761904756,2.894578002244669,2.797479077866837,2.7606362869920695,2.2362281257484575,3.0345,2.8838177208593883,2.7171660588609075,2.6433082641197667,2.536808676351589,2.8264444444444456,2.757941237774571,2.680850388769912,2.530198496962369,3.7591679096221924,3.545817460317459,3.5704961319544655,3.441493998285797,3.6222398375609877,3.850221562812083,3.101666666666666,2.991682038640372,2.900970756113796,3.0374982372626165,2.7000326548773512,2.910301587301588,2.8501919006919003,2.8170975794051754,2.7234282125060076
audio_194.wav,4.0,3.7294645151438495,3.708579365079366,3.669517676767678,3.9644105749436958,3.9787892352424294,3.487830071478509,3.380134920634921,3.359111271444604,3.3509702054613726,3.3008032202403776,3.945355256398519,4.135492063492063,4.110423881673882,4.1439402591873025,4.064869400219881,3.8365257901765495,3.996039682539682,3.9661656029156043,4.019877627611547,3.951466538223872,3.885926280934831,3.779912698412698,3.7661763668430326,3.653469514285534,3.749222840170362,4.105437676111857,3.3942936507936516,3.3771219212885875,3.4741926103328655,3.484840223484335,2.9373219428414696,3.3202301587301597,3.2694196205029535,3.097296931780132,3.0459939731007606,3.722376927884786,3.757674603174602,3.818934397392731,3.6493532820133363,3.65834981301492
audio_5055.wav,0.0,0.6022027204006944,0.03217460317460318,0.08967394179894182,0.026623945005087482,0.01768059005157149,0.0,0.05527777777777778,0.05518518518518519,0.023775173531067867,0.03276224945883671,0.030780871709187824,0.06199206349206349,0.11930639730639732,0.04852742499915722,0.044171971827530444,0.003813727366902183,0.05123809523809524,0.09825925925925927,0.0335161181759259,0.017873244948662777,0.0,0.03957142857142858,0.09566931216931217,0.0279696933943341,0.031936327113043575,3.4757254123687744,3.0955238095238102,2.9089910906994234,3.0030148358190014,3.0173957206336666,0.9503128784267009,0.05621428571428572,0.053027777777777785,0.04637358636964728,0.056307151073292004,0.28688758080886584,0.012380952380952381,0.09349206349206352,0.020316793698225272,0.019595910361745714
audio_178.wav,3.0,2.6998686954032203,2.565547619047619,2.6675336376586376,2.5336086730057414,2.5040985841032595,2.159585310692344,2.6093015873015877,2.614794765419765,2.2828857828384006,2.3220377908177388,2.137431780497233,2.5030714285714275,2.590869601077934,2.534910756316385,2.5233744542061287,2.088313911595241,2.4615555555555546,2.5928816681684332,2.467750227870248,2.5075190085356573,2.0273765057859827,2.4777063492063474,2.4592496993746984,2.3311800985098405,2.408127032323014,3.1251773039499917,2.777190476190476,2.8021470150220154,2.5705297432705136,2.563435260978711,2.3110566493441556,2.5185317460317465,2.5406423360590034,2.213679541738714,2.2400997381856054,1.5566499737919912,2.464928571428571,2.483551510671609,2.366970717490155,2.3850609324431318
audio_609.wav,5.0,4.595206013115477,4.621412698412699,4.580870152995154,4.885355130913987,4.981779550088745,4.628883900668115,4.604515873015873,4.673992324033991,4.798731256567128,4.880312782416145,3.9563753604888916,4.188555555555556,4.32962287558121,4.5569355966837115,4.512366615606637,4.182646947818022,4.2414603174603185,4.356903035236367,4.66265316152909,4.589490728947239,4.3218005096698064,4.389571428571428,4.51255004409171,4.645510815378879,4.65993441850602,2.818072239557902,3.312984126984127,3.4894746071829403,3.6472458131863994,3.5215665843320774,4.30851382410906,4.47304761904762,4.551079304954304,4.8231456297653565,4.7743248653675465,4.013454056812368,4.4070238095238095,4.528737514029181,4.697120288505045,4.663787796456474
audio_77.wav,4.0,3.469892825574919,3.6090238095238107,3.686526505130672,3.677164397636151,3.6957615220156153,3.504354644483167,3.6694523809523805,3.666437025937025,3.7127632983085728,3.7623900675668835,3.521310885747274,3.5332063492063495,3.4489727972644633,3.496748323151147,3.508247233924557,3.3196889608265754,3.3652063492063493,3.3292125837125837,3.2902345320550253,3.1421300474225795,3.4003422657382156,3.4379444444444442,3.320614798781465,3.3350971955898454,3.324015067995607,3.0664032300313315,3.372420634920634,3.4035847624597615,3.39746412456358,3.3855480440101906,3.046144234041252,3.585023809523809,3.553999546749548,3.390961758088643,3.4621734189116027,3.174825063631898,3.4856269841269856,3.3637052515385846,3.3408720978553212,3.359765128608121
audio_18.wav,4.0,3.401879247586978,4.191817460317461,4.022086173086173,4.023649410515496,4.033120737553723,3.5546502717253556,4.094833333333333,3.8999029627779644,3.9040179177052026,3.935098359148378,3.4348292350769043,3.6293888888888888,3.635386063011064,3.469781413451079,3.4908509544962256,3.4831629411107237,3.7439206349206358,3.8271068021484687,3.636537692431142,3.720741186790487,3.3008410262606964,3.7169523809523817,3.5630223665223677,3.597534949475961,3.588567937045355,3.7773265838623047,2.9366984126984135,2.9911909109409116,3.067961538814982,3.1843817713308424,3.975594845175887,3.9915317460317463,3.7165270023186694,3.842314812900302,3.9113834610014195,3.236126128200191,3.7070634920634933,3.53241518358185,3.6503743523417267,3.606524727851102
audio_9.wav,4.0,3.236214238912323,3.510309523809525,3.4818503086419743,3.408021865594277,3.377119764269344,2.5837049007993684,3.0566349206349224,3.260964646464648,2.978423723660933,2.9561599065967257,4.327092170715332,4.464555555555555,4.492933282766617,4.616188827933083,4.535590600382194,3.877234066595395,4.258166666666665,4.301635276760275,4.212272990452884,4.248599828748723,3.5947076426820233,3.8150714285714282,3.9468518318101644,3.897216154183031,3.901090696431998,3.222092628479004,3.3019523809523825,3.2662389832389835,3.48897890033866,3.3686239026664544,2.820507614840301,3.0046587301587295,3.2532513628346966,3.014971962619423,3.003493219877304,4.0716655158134145,3.7474126984126976,3.8486172731589385,3.8430897978592466,3.747417148073487
audio_138.wav,2.0,2.442782122736119,2.807746031746031,2.630275109512855,2.483222855943615,2.4364787995795845,2.115924484324165,2.716103174603175,2.5311633798300455,2.6212006371358165,2.354316396299917,2.7315338452657065,3.1227539682539684,3.0577080265413596,3.02038771444481,3.057335307836508,2.8175908418326343,3.0279682539682544,2.9283936326019657,3.0971545638294096,2.9561702839364625,2.6924344716611768,2.8682539682539683,2.791948873657207,2.9061695050792076,2.8907521902151707,2.1337778568267822,2.800269841269841,2.797627184543851,2.645878273942346,2.5844751569400026,1.999723610277287,2.6381984126984124,2.473944467569467,2.5171298217063782,2.2318641967778423,2.7234714878094124,2.802285714285714,2.6754644660894655,2.8521595091519227,2.693623344576052
audio_269.wav,4.0,3.1407338001028258,3.5538095238095226,3.5952148191314848,3.356726221451041,3.2614366266203856,3.128169583020723,3.1628492063492053,3.0869202140452145,3.2074816666197683,3.070481138625413,3.561619281768799,3.2757142857142854,3.152323827407161,3.3926985669133622,3.1314498152465955,3.4105615819924755,3.318896825396825,3.1958924239340902,3.200003814002305,3.132278938174244,3.401593621861744,3.216746031746034,3.084683160974827,3.0358165758990694,3.2131543016159925,4.040133476257324,3.3395476190476194,3.327195847362514,3.2229075186105196,3.281325243321772,3.3195069023385826,3.1797380952380947,3.069745811287478,3.2841136738308045,3.2328580905009154,3.5561736610381876,3.221984126984127,3.1099015737349074,3.1537342165290174,3.1322334798459526
audio_717.wav,4.5,3.6698717618524195,3.7690634920634913,3.626231518481518,4.113502688821722,3.868627232992861,3.921998956491097,3.729357142857143,3.5916926206509534,4.042585608566454,3.9362059469087263,4.076602776845296,3.966992063492063,3.850146073833574,4.050386418975034,3.943564035452067,4.034209939241014,3.8890634920634928,3.81872213897214,4.088664928093957,3.9661779750182853,3.9582145682510554,3.8576349206349203,3.7728455356372006,4.1504511870487875,4.095776818110007,4.879964828491211,3.339119047619048,3.318651567568235,3.5411528865621604,3.597154001711273,4.359626967839051,3.6483174603174597,3.5325694644861305,3.653916321802114,3.779551690487845,3.8987271985343046,3.814857142857143,3.6798325116241783,4.099133711854724,4.019769405997707
audio_529.wav,3.0,2.6154375277775475,2.8347777777777767,2.8405608974358993,2.641396753071619,2.589474950059936,3.058305330788858,3.4059682539682528,3.4021321132571134,3.102396299026932,2.982881273679849,3.0409091313680015,2.625023809523809,2.685200897867564,2.862764212562587,2.797295974421323,3.3111486582183045,2.674261904761904,2.678711740420074,2.6599009676307426,2.726867421785284,3.2977316016105207,2.9576507936507936,3.180072331988999,3.089896439928326,3.1642252001539397,2.449236790339152,2.947944444444443,3.036048124714791,2.7661262678023752,2.5386238216457007,3.7851039026262647,3.405523809523809,3.407626964085297,3.1741074983668383,3.035920280913943,3.8373542900122684,3.047666666666666,3.1859188512105177,3.1459408816852714,3.0728515744025646
audio_578.wav,4.0,3.628286286442039,3.727174603174603,3.7111912978996315,3.757831301897887,3.6995964503942425,3.826557172768112,3.740634920634921,3.6528124036457377,3.716236253513403,3.7961863963341487,4.544001579284668,3.337849206349206,3.3498716653716656,3.571204213928537,3.5284700280833596,4.286287120721557,3.400230158730158,3.3974570845820846,3.543564446106771,3.547934766153563,4.092026189361142,3.5495238095238104,3.5689899575732915,3.732878614569818,3.599010029176334,3.669440507888794,3.433920634920634,3.4212393316559986,3.637201695630876,3.66943030578323,3.7187406917443977,3.714460317460318,3.574296115921116,3.617196680442371,3.5962134279628715,4.400296159672606,3.5155079365079356,3.496582471540805,3.630271054594232,3.544050114968235
audio_171.wav,2.0,3.328417340467915,3.383515873015874,3.4256482267732267,3.406380778079262,3.3252156782463733,1.4261957578775635,2.770301587301588,2.8343890430557086,2.382035649749902,2.415900454821108,2.583617925643921,2.80065873015873,2.7691759166759176,2.299101651121403,2.3031522568360625,2.217803457955549,2.818246031746032,2.832683421516755,2.489438614518899,2.274442161032067,1.6998885266647588,2.7359365079365077,2.7294722823472823,2.238470853900127,2.141348501321643,2.870663563410441,2.957674603174604,2.883597282347282,2.696007299037402,2.8152941435242496,2.622273916754176,2.9264920634920624,3.023411260036259,2.5802075462761227,2.6933938430410507,2.404092829888198,2.7699523809523803,2.7741363636363645,2.23481786170155,2.1985089959819732
audio_596.wav,3.0,3.174427630735956,3.0301666666666667,2.9382350951517613,2.8966974742777647,2.9084995317103117,3.742547194976915,3.6659841269841267,3.7605499176749184,3.7398123911040178,3.632341751898798,3.365111509958903,2.9648095238095244,3.020804386971054,2.9015743675052454,3.0187215175352713,3.2728743613790616,2.927579365079364,2.97005975968476,2.9013130093987924,2.98057571311053,3.1883721466122936,3.303642857142856,3.4304266674683332,3.5190361111952164,3.4517138893256796,4.6191512743632,3.7966190476190476,3.8312220464720457,3.943322131945383,3.839136830459985,4.195474880693221,3.7986428571428585,3.9339702997619668,3.711699568219283,3.7271413773953896,3.5722870933341646,3.3860476190476185,3.4862089839173174,3.5451827713474846,3.4751087826126703
audio_5066.wav,0.0,0.0,0.004761904761904762,0.016314814814814817,0.053430563577533265,0.010551570473800821,0.0,0.005714285714285714,0.010666666666666666,0.0,0.0037384008906773997,0.0,0.0004761904761904762,0.015080246913580246,0.00023501210286076121,0.0,0.0,0.0015873015873015875,0.01845061728395062,0.0,0.005875355615399703,0.0,0.0,0.021231481481481487,0.004163513770012189,0.0005205177034793845,3.6312474409739175,3.08618253968254,3.1862832846166182,3.1018563321512254,3.033493483927728,0.23715950447066683,0.003968253968253968,0.011925925925925925,0.03493934228955941,0.011266255347475133,0.05909753099662648,0.0,0.019759259259259258,0.029619436482597475,0.0019672775163212942
audio_501.wav,3.0,3.609596892503133,3.687468253968254,3.7483120290203633,3.5728252585982325,3.539086660685152,3.097223134020368,3.2953174603174613,3.484655150405151,3.192259532912985,3.22431252931291,2.6624606450398765,3.1379365079365082,3.1006045913962574,3.0301560381573633,3.0837433994541175,2.667291039663233,3.2351428571428578,3.2392134316300982,3.419968214211263,3.2586225070817494,2.6245244834892048,3.0949682539682537,3.151297558922559,3.1569556687208373,3.1417736482362675,3.87721578280131,3.7037936507936515,3.7590814478731165,3.8187169442530915,3.7399317880610856,3.635649145842559,3.3842301587301584,3.5611177849927853,3.575566301141109,3.5008760344274727,3.3827874603646975,3.113119047619048,3.1987562930896267,3.158468597863582,3.236824228572193
audio_8.wav,2.0,3.6399883014049785,3.7743809523809535,3.6820825517075533,3.8041385123621203,3.895021402502662,2.4822991301593005,2.7871031746031734,2.8519356261022932,2.7618379431789193,2.8285480576099657,3.258692502975464,3.660055555555555,3.6344269449686117,3.6746448123667417,3.6402277374879297,2.727595277388234,3.5686349206349206,3.636418911335579,3.5831352124855496,3.483999603427017,2.4985109932193628,3.2010873015873016,3.20178342953343,3.0972953005836614,3.182921221150341,1.7665461301803589,2.9357857142857156,3.063514348306016,2.8947736018037062,2.812225250913965,2.6848580669219264,2.7249761904761898,2.7554278900112226,2.5816436832653387,2.512716231929496,2.795180718994647,3.2000714285714267,3.213343614718615,3.0530452339175262,3.0875762759425047
audio_84.wav,2.5,2.3740054718771106,3.033063492063492,2.9138180245680245,2.7852643594640853,2.7514455072120527,2.732138842324003,2.90054761904762,2.7009332133915454,2.764467355520418,2.709111172352537,2.7630087534586587,2.869293650793651,2.834096580888247,2.760864935449623,2.7875048450139235,2.5570864139538423,2.7839523809523796,2.77346871338538,2.61757813192813,2.698153184269874,2.8341409590687836,2.79973015873016,2.8577260563510563,2.6897606214006964,2.6951387652769316,2.768599271774292,2.8940714285714293,3.069041899458565,2.9858940069615993,2.9576826163588286,2.4936339138661543,2.855095238095238,2.7317795414462083,2.6093876200509105,2.5228946061956115,3.049452707466847,2.8975476190476184,2.9001044572711243,2.6754951846241912,2.6518763789292144
audio_11.wav,3.0,3.0800417876285286,3.0468888888888883,2.9242089623339624,2.976828527763077,2.9280427801254008,2.5009810302712503,2.6216507936507933,2.799952239118906,2.583166681688141,2.547762246346135,3.1999388535817466,3.020166666666667,3.021915297665297,2.783617785962958,2.727134440999919,3.410949766412397,2.989103174603175,2.9061269872103197,2.8620548452093177,2.803511002721622,3.3667198913438336,2.7693888888888885,2.8701139770723096,2.779404786036535,2.759730056536999,3.3237241903940835,2.9507777777777773,3.040036771870105,2.9774037058367067,3.0124275763340744,3.024806610292778,2.641698412698412,2.9057126746710082,2.689715643713322,2.663306448060345,3.275297940891472,2.800269841269841,2.8694795112295104,2.7173047860982673,2.6755731970680343
audio_142.wav,2.5,2.637527001414637,2.887063492063491,3.0195530256780265,2.9269211801260546,2.949060871872318,2.355970720998633,3.185492063492063,3.324058601891936,3.198158435720164,3.197292991798473,2.835045258204142,2.8961269841269845,2.9907594195927527,2.814154806779886,2.890554426912906,2.554197988449804,2.851277777777779,2.9327360494443826,2.682108840617554,2.7072925217305337,2.734562029574341,3.003936507936506,3.207565079981747,3.105462939809454,3.108834060894249,2.782194455464681,3.3554603174603166,3.2544948893698886,3.3044936052379366,3.2744082773669163,2.5626946319525845,3.2335793650793647,3.411203689828689,3.286797111880082,3.2496630214640354,2.7727835997634362,2.990928571428571,3.127370564620565,3.1083747973093754,3.17380220556325
audio_610.wav,5.0,4.287586276603804,4.245555555555556,4.040864558281226,3.8954439982839166,3.8735500350739067,4.4859050790494,4.571690476190476,4.608937570145904,4.53364871128312,4.499803044348224,4.2610470453898115,4.295992063492064,4.233600849767516,4.297506725686691,4.280172676863658,4.524395143448187,4.239119047619046,4.271149529482861,4.496541248927412,4.370421859816858,4.5610782353224435,4.412063492063493,4.52573116389783,4.541174055560281,4.493014558638571,3.6228018601735434,3.4235793650793647,3.3285797258297247,3.531933501492819,3.6205037624318055,4.564642851310807,4.39519841269841,4.551275192400193,4.632450855494767,4.605244028740336,4.684302684771009,4.380984126984126,4.480599163182497,4.517667577150891,4.469087890495613
audio_654.wav,3.0,3.307690324459303,3.595880952380952,3.530266636912471,3.5263771822990644,3.442130949046937,3.071707227013888,3.0197936507936514,2.9348529526029528,2.8341409550528547,2.9497339150357864,3.3481433391571045,3.5864999999999996,3.619606802148469,3.4992039120988743,3.6268212438293452,3.5150747747301803,3.5424126984126985,3.5666439363106033,3.654032934839037,3.624561881347979,3.5421978383108446,3.3756031746031763,3.2533816738816737,3.3154360931730817,3.320950071405457,3.507094462712606,3.2146111111111133,2.999890777432445,3.200729619117066,3.0255368071991655,3.94599356961829,2.9735952380952373,3.0097799823633147,3.110030162188752,3.026523188075257,3.669474591354954,3.2776031746031755,3.1370765129931795,3.1562240552061485,3.1091687897810796
audio_170.wav,2.5,4.225706982517875,4.435087301587302,4.367165390165387,4.42886462690547,4.454281721308171,4.457411154073407,4.476984126984127,4.540726338476337,4.714247556159627,4.675069784096101,3.8593753973642984,3.2522301587301574,3.286070776445777,3.5072414845109923,3.405179478103996,3.6115650238998334,3.366349206349207,3.384511389844723,3.52911495620454,3.428324997513909,3.931279829121747,3.7614285714285707,3.9437240938074276,3.8617800401558298,3.916867451900673,3.5257670879364014,3.795968253968254,3.6885362554112557,3.9183515473614947,3.759388132102268,4.384082117311803,4.433428571428571,4.471539502164503,4.6958186812323435,4.657020570343071,3.9770437050341414,3.7614444444444444,4.013223699140366,4.056393622903484,3.8869911666401618
audio_255.wav,4.5,3.576051907979165,3.831690476190476,3.7427034154117487,3.5441673510846674,3.5783341351205835,3.865575811762706,3.9394444444444443,3.7356169571169566,3.8366704583132734,3.768051352071897,3.323347886403402,3.5697222222222216,3.6178805068388393,3.8136624179717535,3.755524405807215,3.468939575472646,3.693285714285715,3.6404963924963933,3.7416633570926443,3.7642765473534663,3.574832559904813,3.6384603174603174,3.616012071262072,3.6025708566132395,3.573146061269393,3.1158580780029297,3.68888888888889,3.6979201446701446,3.8637389825587722,3.880280151385071,3.5810429899519587,3.89329365079365,3.7326137365720697,3.9118602483295555,3.8324797550089738,3.363210395240254,3.7215158730158744,3.593628186628186,3.6285015893149897,3.633762712908102
audio_162.wav,3.0,4.110479205559099,3.845269841269842,3.8591268361268365,3.839747346166906,3.9073285159991404,3.7049946267958584,3.637325396825398,3.741233351525018,3.9228422389329176,3.9410168205210767,2.4389874935150146,3.224650793650794,3.318543784918784,3.2136524640567745,3.246522759846085,2.878456711109386,3.194849206349206,3.3525891253807916,3.0587994093865785,3.118847396340017,2.914915645945688,3.256198412698413,3.2447173120089787,3.252352996017194,3.0936040587002602,3.401835282643636,3.6644047619047613,3.7505976739310074,3.438694871340942,3.607022459368039,3.341663776635999,3.734960317460318,3.6977111915861918,3.8461450279031575,3.87336011553653,2.8032838139422402,3.362920634920633,3.345453534120201,3.250261261476469,3.219006334076708
audio_5069.wav,0.0,0.3016338846761042,0.04452380952380952,0.028716329966329963,0.005882804886919957,0.001860605176870823,0.0,0.03842063492063492,0.00950925925925926,0.0,0.0,0.14838163057963052,0.0011111111111111111,0.01763425925925926,0.0,0.0012855037091572183,0.11045439150978383,0.0015873015873015875,0.025542328042328043,0.0050851457785035465,0.0010229863684985442,0.16976244531702278,0.003968253968253969,0.017388888888888888,0.0,0.0,0.17862757047017416,2.460357142857143,2.4087915741665746,1.861584785795667,1.8031037228369644,0.0,0.010793650793650795,0.033763227513227516,0.0026708553135903466,0.0,0.0,0.007936507936507936,0.01651851851851852,0.0,0.0
audio_769.wav,3.0,3.971300087794987,4.058809523809523,3.9358501066834406,4.179730139091913,4.163187312180196,3.8922097922254095,3.9813492063492046,4.083466128007797,4.273759445759681,4.28284379098467,3.820295492808024,3.962349206349207,3.8610073630073636,3.7743384645700186,3.8604922946813933,4.10083384813623,4.068873015873016,3.919816117524451,4.002839800563471,3.986761452017958,4.1883558973582105,3.967087301587302,3.8660802407469075,4.155000698012892,4.0771399580515775,4.01147707303365,3.469468253968255,3.5258391238391233,3.6123200887006206,3.527353080057145,4.3864317695670865,3.7711507936507935,3.865369127785795,4.153668953740508,4.114178521349622,3.9779050404034044,3.9281190476190484,3.8269757896424554,4.13890849000196,3.9557124580283514
audio_720.wav,3.0,3.483304287727698,3.527706349206347,3.5316436742270074,3.4586449278705076,3.4657708506880494,3.7103670899476775,3.5953333333333326,3.7044440127773446,3.5488086750524737,3.4871006611786637,3.6302226384480796,3.4997063492063494,3.551986693861694,3.4486446736306786,3.2956551366458604,3.7438101171029476,3.5999365079365084,3.57459811947312,3.54893268686393,3.424943845105757,3.775494151602942,3.708547619047619,3.7923100526017195,3.7649545226584107,3.468189598046944,2.280202070871989,2.9384841269841275,3.133283710117043,2.546404575446351,2.6667639466733104,3.6526011685931805,3.6586666666666687,3.686795221753556,3.661191640580197,3.4947765233465256,3.5225460047224266,3.698190476190476,3.801403066069732,3.743196464505792,3.5579842836719333
audio_623.wav,3.0,4.457384185950514,4.2376031746031755,4.293000841750842,4.380585654282264,4.450016959885363,3.7957942425115565,3.4376031746031743,3.243568113984781,3.1946634482103415,3.192157164169817,2.9317405223846436,3.391,3.610443622735289,3.423867432304102,3.3373143019690095,3.0110130941199373,3.592595238095239,3.773999395666063,3.352816928671299,3.5354061081902626,3.0319770125452785,3.4047539682539685,3.396864664656331,3.2451592630488295,3.131920486704581,3.761895179748535,3.5385396825396818,3.5813469323886,3.603009716033244,3.687231697780694,3.525650099016462,3.3756269841269844,3.2424061447811456,3.451802382045336,3.3508053772985327,3.0657164435314415,3.468936507936507,3.4072455985372656,3.198323237496549,3.16177118812322
audio_718.wav,4.5,3.325349322029936,3.719587301587302,3.5468142567309235,3.5888976441310354,3.5444884414546567,3.5026390209685268,3.4121111111111113,3.1465149588066263,3.384768681850748,3.336473283333591,4.465537071228027,3.8033968253968258,3.679884519801187,3.773826843051893,3.891119450392461,4.4566097183190925,3.810095238095237,3.673080043413377,3.669810774800799,3.8647877070004952,4.233445175469961,3.6102777777777777,3.4413874597624603,3.497372837128477,3.6332407190419325,4.104752779006958,3.1912380952380954,3.14007128211295,3.338958361982705,3.259736911003248,3.2233338536010216,3.281698412698413,3.090166932604433,3.1404594190361528,3.134872274690592,3.9057880270575875,3.5514841269841284,3.2896113176946518,3.3544585382531973,3.445040074869921
audio_136.wav,3.5,1.6502935740317577,1.7413730158730159,1.361676126342793,1.3317846862736786,1.0578381348772588,3.002768554390473,1.9676904761904765,1.3449698495948497,1.5155358234389296,1.350280053869745,1.3319734334945679,2.4894682539682536,1.596502324835657,1.6652523682165772,1.5143590099746824,1.3695045845255398,2.3817301587301585,1.4956023128106448,1.4259346405336124,1.2973544035011055,1.4203376713071094,2.341190476190476,1.468281280447946,1.4099750267920672,1.3793817534229904,3.973282814025879,3.6343492063492078,3.5604141552891555,3.7454196261653756,3.7100707981878442,2.9465169594985756,2.1442142857142854,1.5446718374218376,1.7530305132164854,1.6490787730787646,2.1162162480025617,2.48963492063492,1.5176263628346955,1.479891523724123,1.53490246465982
audio_119.wav,2.0,3.0366772289436987,2.957769841269842,3.029325737534071,2.977664663770444,2.9299020778201523,3.110012931909876,2.883825396825396,2.827515319556987,2.653472828134071,2.9424570094360836,2.62146790822347,2.8296111111111117,2.849359106942439,2.7517797564339403,2.7002388383483464,2.385467014341591,2.7657619047619044,2.7778228268644933,2.505380998452395,2.589980300232689,2.8097148512763983,2.7803492063492072,2.815643257976591,2.6202737370128055,2.7613639701134858,1.8312856356302898,3.017690476190476,2.841039682539682,2.9004505497289172,2.836864575099978,2.478757074670256,2.775063492063492,2.699844125010791,2.6025964287898824,2.6731557180629637,2.1977344568619332,2.763468253968254,2.771864277697611,2.5079588389198313,2.6732299939159603
audio_542.wav,3.0,2.425434419747756,2.8505158730158726,2.8979940877024215,2.5446001816322736,2.547763281352555,2.2701992174352643,2.783253968253969,2.93046015096015,2.6809626038639585,2.6110913242052605,2.457233111063639,3.018380952380953,3.0502801303634643,3.017435661065629,2.9225962875728975,2.6073295445748768,3.0678412698412703,3.0447739297739296,2.856171847389401,2.7209024912746504,2.3748427660091056,3.0158809523809538,3.0016840890590886,2.73822786027153,2.7172519012764087,3.760141213734945,3.080373015873016,3.105440496232164,2.985516638319085,3.0108826110864357,2.8954487211661486,3.012380952380953,3.1774646264229602,2.688450057480662,2.754034991099928,2.617586989099357,3.0446984126984127,3.0716433381433377,2.711506906009893,2.722229133413933
audio_5073.wav,0.0,0.0,0.0030158730158730157,0.007592592592592593,0.07035906602948817,0.0442147200095456,0.0774139438818618,0.003174603174603175,0.008055555555555555,0.004879300188283853,0.0012827580066578793,0.0,0.0,0.017166666666666667,0.0008752120815142145,0.0,0.0,0.0,0.017902777777777778,0.0030501749346264935,0.0,0.0,0.0,0.029148148148148145,0.0,0.0,1.782208998998006,3.0883015873015878,3.0880872815456155,2.89844511692794,2.7103469520649006,0.0025766260615853,0.004642857142857142,0.006000000000000001,0.051006620928420225,0.04434791820886905,0.0,0.0,0.022277777777777775,0.020440194199548668,0.0
audio_322.wav,4.0,4.210761714783889,3.8381269841269834,3.8168010384677054,3.7565860769036488,3.8513055016474254,3.365474157353336,3.260492063492063,3.1905547091797106,3.3636437114664575,3.1901680458433255,3.9174862702687583,3.720650793650794,3.6471857663940987,3.8923947401514862,3.786199931859297,4.089449611560894,3.7855873015873005,3.6399896646563303,3.641135151265376,3.6301003657773774,3.8164217446118385,3.493460317460318,3.3871065601065595,3.5339199486263824,3.5512738624333218,3.1353650093078613,3.413063492063493,3.350110389610389,3.5083013025246914,3.3167870118540024,3.606246317736813,3.200452380952381,3.1177447644947645,3.271956604228155,3.3089084212472515,4.176234749690479,3.4358888888888894,3.302927055968723,3.311333137016504,3.3931672057389375
audio_5039.wav,0.0,0.42470332634161495,0.30369841269841275,0.37830680430680436,0.8147481874689332,0.19856438836529866,0.11644558108033805,0.2748888888888889,0.36434898589065257,0.9683579759006137,0.34444690550949225,0.4134005705515544,0.07392063492063493,0.28750198412698413,0.026479864793813934,0.07965902076036037,0.4153573779016411,0.1120952380952381,0.3313835177168511,0.021176555500416888,0.07538676820030504,0.2880555200892256,0.04805555555555555,0.24907289161455828,0.03222333090201751,0.07372019458290922,2.356684446334839,2.994547619047619,3.037309919927567,2.73841574248544,2.920474004872672,0.6011450952878753,0.3013412698412699,0.3148579645662979,1.0441557163557817,0.36434973871921944,1.0634894069691783,0.09021428571428573,0.27044620811287484,0.0838784588432826,0.09919838881275854
audio_707.wav,3.0,4.348651693178962,3.8132619047619047,3.7361701523784867,3.5508788572133376,3.6076735763491805,3.9850209188186985,3.2421111111111127,3.1525220473970474,3.1522799345721437,3.1076018312635494,2.9193665186564126,3.4746746031746025,3.502763054846388,3.307238292733309,3.2097348860406707,3.6029301621778074,3.514420634920634,3.5192657126823796,3.2487518520139678,3.3150479688024976,3.7276820863762796,3.362666666666666,3.2491058863975533,3.082115770023933,3.100832530495024,4.023120403289795,3.3592301587301585,3.421836540003206,3.750964707850794,3.9086259550158466,3.5057513451793834,3.1389603174603167,3.034376683501684,3.0881853523156955,3.128011962057991,3.597051505529705,3.302238095238095,3.1894904684095873,3.1341220312946967,2.9818077474008944
audio_148.wav,3.5,4.090117426374132,4.094571428571428,4.174895029353363,4.12603419932885,4.099792081330995,3.817360639798339,3.8627142857142833,3.945577518160851,3.987100759125742,3.887397396975745,3.4916634559631348,3.8086904761904745,3.904748379706712,3.7491753475326473,3.8544554190759333,3.4608328712650027,3.90473015873016,3.906819725028059,3.9180531169440527,3.87050685500448,3.3782344778320943,3.807841269841269,3.969017534934201,3.803432099021972,3.805417311679976,4.264606316884358,3.6824365079365067,3.6670778357445033,3.8823624039165114,3.7611386483905704,4.192704611110508,4.004666666666668,3.9748102622685964,4.141099821083253,4.131536637306879,3.769897974946108,3.8749920634920625,4.010831745959197,3.9794959208003746,3.9807031994450117
audio_316.wav,2.0,3.448851811452549,3.2215873015873018,3.4261916864000193,3.17558499908727,3.12449104480897,2.589760488253086,2.830896825396825,2.7215517784684455,2.439322287325769,2.3471320462106684,2.2995188236236572,2.663325396825397,2.7702980198813534,2.5310158775244376,2.5191846735131045,2.233775269494657,2.6770238095238086,2.779053731762064,2.5238615802751245,2.5337895654564018,1.9772990397308625,2.580079365079365,2.6285740817824146,2.2950969726747656,2.2265336712177857,3.0191358725229898,2.919071428571429,2.8585436708353362,2.782677501283903,2.68760344050275,3.3712519547797566,2.928698412698413,2.82962628266795,2.5821379085140808,2.673334526006956,2.5057926436403957,2.6853095238095235,2.688709315375982,2.4833807410939475,2.424696880855786
audio_647.wav,4.5,4.3826975454394175,4.073079365079365,3.9482819387402723,4.2069875547784825,4.218716561000737,4.70513590448443,4.396944444444444,4.339755526880527,4.700742684551456,4.664368461305943,4.586942990620931,3.9141349206349214,3.7671564978231644,3.829828257773208,3.8999055055910197,4.911438392719885,4.025896825396824,3.8575637387304056,3.8866920016521114,3.9689596104698843,4.867557141346549,4.1703809523809525,4.1653787493370835,4.209240320759908,4.305515808912957,3.808676799138387,3.6306984126984125,3.52810163755997,4.027781510001467,3.955315834339284,4.102205643162308,4.353126984126983,4.361986874236875,4.735271603385253,4.6364369097824545,4.795000066833367,4.1884523809523815,4.115869337452671,4.217816946851437,4.222673069776621
audio_286.wav,5.0,3.6299186440921987,3.733103174603175,3.6755037416287433,3.6522719716964342,3.6144340780129767,3.8649016357717385,4.1868492063492075,4.191934884559885,4.13848241305316,4.169753433639583,4.660746097564697,3.93602380952381,3.727310866602533,3.9668197408934422,3.9650474513760616,4.678157394493959,3.980706349206349,3.7971190075356738,3.8579565962392466,3.927837898881814,4.631712428403899,4.1970873015873025,4.150172537339205,4.505381594073113,4.432339964168097,4.368874549865723,2.901468253968254,2.9901563451980118,2.8147251377523563,2.959242385526436,4.3839565123554545,3.9693174603174604,4.089984587942921,4.101984077100537,4.032773844439295,4.456711622486412,4.14229365079365,4.135967231842233,4.43694511241372,4.343165777614817
audio_92.wav,4.0,4.362381151016522,4.290357142857143,4.165679838679839,4.129530054368725,4.175760635708541,3.5993235465934643,3.198007936507937,3.140642736892737,3.2270009332060305,3.2521775821610213,2.887928565343221,3.3354126984126977,3.3385419996669996,3.1900377139324783,3.299601613687884,3.27699408778653,3.512984126984127,3.4849658088824746,3.480405771228673,3.5148637775952394,2.969690113389749,3.2030317460317477,3.089470598845598,3.0857419397277632,3.0848469317127045,2.529003063837687,3.137698412698414,3.1786102832352836,3.0874417855242196,3.059904977083973,3.6131328603638964,3.2424285714285723,3.069615743824078,3.08347767779588,3.253674111083909,3.223072097958434,3.188619047619048,3.139115398490398,3.1274280760154265,3.059011043948854
audio_462.wav,3.5,3.064902159371906,2.95904761904762,2.850915464165464,2.9201580939283143,2.82304906819,3.4285671235740334,3.2788095238095245,3.1510582218707217,3.3018917789382285,3.2317658687925035,4.223127206166585,3.5522936507936507,3.6891189273689267,4.012018916491242,4.076782641588062,4.29870671811722,3.5230238095238113,3.6003747533330874,3.9255229823306514,3.8416755788347974,4.233694156581023,3.499809523809523,3.4394709796376457,3.596625354247005,3.614053359335872,3.4081498781840005,3.2605476190476206,3.2465036876703546,2.978411606741983,3.121423172008496,3.118506670284571,3.2555158730158738,3.0665645485596458,3.0377863803392913,3.21106556371083,3.9397536868400134,3.484103174603175,3.387226341559675,3.679689188368513,3.5614754159635624
audio_376.wav,5.0,4.539187698110372,4.078380952380951,3.9402911455828122,4.142580601991675,4.264614189333653,4.953439097797425,4.407738095238096,4.479912083287084,4.70456124337769,4.758796484894719,4.97989018758138,4.56636507936508,4.5273935262268585,4.5926461835248835,4.520721765879805,5.0,4.482309523809525,4.594560610685611,4.521254398725832,4.61912498368954,4.984329797738015,4.610039682539682,4.69200152316819,4.773732234158297,4.76079866675336,3.9148048559824624,3.759579365079364,3.663161676286677,3.946764256077166,3.9043088687692795,4.915818731674144,4.475753968253969,4.534972951431285,4.5799832845284785,4.608010092489085,4.858006674716242,4.578309523809523,4.715731261022928,4.67702950664471,4.651268795900299
audio_76.wav,4.0,4.200478791365694,3.3099841269841277,3.408780984447652,3.2999463253766597,3.045953840140612,3.747664943788129,3.539460317460318,3.546808603433604,3.7459480672345222,3.458667436606412,3.629361152648926,4.0769682539682535,4.144478835978835,4.260193564283459,4.079277571916369,3.2852527198526897,3.665793650793651,3.7711712161295488,3.5988547813854814,3.6138231787263906,3.3842988198166837,3.632873015873018,3.771990600448935,3.59372319674304,3.5971692776719597,3.011275291442871,3.233261904761905,3.3182818539485215,3.318981424792303,3.0139223728473277,3.308413803256984,3.5306666666666673,3.562642317558984,3.595315898407147,3.528527315458472,3.4221396496080523,3.616190476190475,3.758201819785152,3.79553113373561,3.7497272306441887
audio_105.wav,2.0,1.960313901696203,2.782666666666666,2.7330737734487727,2.290086638615963,2.2116134149605,1.4955290356890403,2.5271904761904755,2.471042929292929,2.12574023807086,2.040944583465228,1.2331644296646118,2.835325396825398,2.736987305903973,2.4534323254502826,2.4440997279144234,1.1381569218540075,2.8009841269841265,2.7078006854256853,2.351626394060212,2.2774087337802875,1.3122243779529428,2.5814841269841264,2.545799202340869,2.2264761515365312,2.214976589663196,1.2197813193003337,2.688611111111111,2.7438071928071928,2.7696767361030603,2.5034704300066504,1.6847841127775542,2.5722301587301595,2.518280743947411,2.2353956259137373,2.1118758071973645,0.9289429618967643,2.6126666666666667,2.6242934025850686,2.2101892239124132,2.1928582966764782
audio_355.wav,3.0,2.310797110187829,2.9664444444444436,3.0125717014467015,2.6472817551704457,2.692546806858084,2.39081939372871,2.7238174603174605,2.894074615199615,2.443129436144623,2.514467657011139,2.1718249320983887,2.8079365079365073,2.8148812129228795,2.8347288159495974,2.821633160172991,2.3725478277495333,2.843936507936508,2.7995051507134847,2.7838490079345877,2.8001870626213017,2.455068303380817,2.7653174603174597,2.7559079947829956,2.666584995767514,2.661883295705454,2.1332680384318032,3.3853730158730158,3.3826105376105384,3.092552932505304,3.1554747893641575,1.8775361806929967,2.9876984126984123,3.151475054266721,2.5809398546792104,2.840379306776724,1.9146269071599462,2.7872539682539674,2.8324560886644217,2.629759656457601,2.671513932652345
audio_663.wav,3.0,3.1747003443463657,3.599103174603174,3.642337178253845,3.5621939585374207,3.56087614897279,2.860714158153332,3.280015873015872,3.185899857858191,3.258663191886679,3.2375217415884223,2.494683821996053,3.305269841269841,3.342978074394741,3.073324217537819,3.0611611294760657,2.058174107227239,3.5611587301587306,3.483509740259741,3.0203650731919747,3.1018469984614327,2.181478535095561,3.393380952380952,3.2780781024531023,3.28144231925695,3.1928708923273894,3.4233526388804116,3.239428571428572,3.2792873376623373,3.2639531362018417,3.42212861185118,2.644005817211996,3.2339920634920634,3.160664765789766,3.19998235302377,3.2484439351108256,2.8833000042718075,3.39586507936508,3.3459164061247395,3.2606081611076987,3.311495181618559
audio_767.wav,4.5,3.4373608907962208,3.7041904761904756,3.8364644830478163,3.5840469624484332,3.711163651676619,3.2141476394170687,3.5373888888888896,3.5652280944364274,3.630255261359158,3.4103923106130565,3.741861581802368,3.7593253968253966,3.712060902060903,3.786029524507686,3.703592400845242,3.441199519059193,3.790087301587301,3.7195468929218922,3.6725645404498284,3.6427692948442463,3.3029916894441733,3.6143015873015862,3.5137757474007465,3.502346046043137,3.503853523965992,2.6631978352864585,3.2829841269841284,3.3010524891774886,3.4647062376837976,3.2674659313145855,2.9751643040904074,3.5898730158730143,3.543008881550548,3.532604802126009,3.5931744069778717,3.7127547936123224,3.66107142857143,3.517160333493667,3.5622818740181272,3.6635914025258693
audio_655.wav,5.0,4.3014712785173765,4.246555555555556,4.173567685401019,4.1764738426533095,4.221940335973949,4.5391246719495655,4.295158730158729,4.359076031992697,4.554081051335342,4.4687228904544956,4.462080637613933,4.516428571428571,4.486225589225588,4.6658664691103136,4.593114615607397,4.821451104548033,4.589960317460317,4.517649222690889,4.547065497875931,4.611875582245127,4.733914709106786,4.586079365079367,4.45219416386083,4.75894774900426,4.795091709998693,3.7393197218577066,3.6788333333333347,3.611355319063653,3.866182660572852,3.7431970160924437,4.195887026064935,4.136468253968254,4.217874831958166,4.470662006162844,4.3598235201198,4.6390556090445445,4.568373015873015,4.45928232724066,4.694831362814441,4.688048291382434
audio_372.wav,5.0,4.024220299746945,4.242365079365079,4.235781365239699,4.448917799190501,4.445396305319385,4.331104533695157,4.647849206349204,4.713509900593233,4.817907932815014,4.861707600214757,4.890652020772298,4.618095238095237,4.613725706392373,4.860488209957254,4.782850123783526,4.8801453478300845,4.71713492063492,4.675023528940194,4.978932223563084,4.922930309901364,4.8866086844314855,4.758452380952381,4.751414702581369,4.974917615594389,4.89897684196906,4.855297883351644,3.932182539682539,4.0348688472021825,4.361088170008279,4.42914006548716,4.68955957779109,4.6723888888888885,4.747551867885201,4.902587061453479,4.961373060389586,4.8924085263656965,4.76795238095238,4.801321829405164,4.894722027642364,4.990478165112978
audio_667.wav,5.0,5.0,4.663730158730158,4.458677635635969,4.607352088677111,4.589326467877185,5.0,4.769690476190475,4.649558973433975,4.62948042269313,4.72724513197797,4.853862921396892,4.717523809523809,4.77335922719256,4.99830161211112,4.997349948451533,5.0,4.800626984126983,4.796600909892576,5.0,5.0,5.0,4.851595238095238,4.852660253326921,4.965783815380167,5.0,4.553259531656901,3.186928571428572,3.2077968127551464,3.5108867395264998,3.487273128334332,5.0,4.593928571428571,4.523813139021472,4.527385913679086,4.561194107199332,5.0,4.810349206349206,4.8151958751125425,4.992291294290873,4.941682889423426
audio_517.wav,2.5,2.6136118160150676,2.5971587301587307,2.725364077280744,2.693984538534512,2.7403499155773403,3.08354667833783,2.6502063492063495,2.6702899739149735,2.669357522231788,2.7256488485137353,2.7260704835255942,2.6677142857142857,2.6721890933140933,2.7029113420325235,2.52448691967567,3.0224649884429167,2.6093968253968254,2.6511788658871995,2.5930603308136795,2.476580638111738,3.1594513298655422,2.6019761904761896,2.6106636002886003,2.607175608490087,2.5771805941656747,3.365405559539795,3.117698412698413,3.133124407999407,2.8381010609160833,2.9272212775256903,2.4882118510838906,2.8051269841269844,2.809802777469445,2.668719902613995,2.67895653684516,2.670557832136124,2.6836269841269833,2.6731898148148154,2.6554146191030132,2.6759737939283297
audio_765.wav,5.0,4.411601042916007,4.408880952380952,4.270614397947733,4.360135788887514,4.371483563327151,4.4693148904386995,4.613484126984126,4.631063892897225,4.485597562084023,4.502954955388186,4.880919456481934,4.4013174603174585,4.279228734228735,4.447097047833327,4.4530856407202855,4.847497532031598,4.483238095238096,4.271577172827173,4.44647473822624,4.494598561438475,4.84241204780617,4.548825396825397,4.490116058324392,4.492780653272719,4.5844681865922725,4.653671582539876,3.6387777777777757,3.581524631232965,3.845358534639246,3.821915572492862,4.741637829161946,4.390293650793651,4.456614458072791,4.506976893145465,4.46960700565596,4.87452407597384,4.463119047619046,4.44013139329806,4.406103277810977,4.531335683271697
audio_38.wav,4.0,3.155183961318438,3.3674682539682546,3.3925958378041714,3.317383489877029,3.264645425240936,3.2283447496338025,3.1008730158730167,3.1423736017069337,3.169427872563729,3.1375609500794055,4.130451043446858,3.760349206349207,3.7941169540336204,3.905498818538352,3.742484838325284,4.185123741142644,3.6088888888888895,3.686768117684784,3.7382028035716837,3.6359324702123543,4.059360859917889,3.4533253968253974,3.6424701332618006,3.557624746666938,3.5573728473476165,4.465819517771403,3.7610476190476194,3.7840127141377136,3.966925160410449,3.882801788797945,3.845985648821019,3.282595238095238,3.354832547082547,3.580908156004394,3.4154586040748067,4.148127311174229,3.546246031746032,3.709012652470987,3.5631868854340443,3.6358680710230478
audio_371.wav,5.0,4.855397851212317,4.578142857142857,4.615514545639547,4.881424469754918,4.910413380585409,5.0,4.808285714285714,4.837520602853936,4.985597210791737,5.0,4.887251218159993,4.488111111111111,4.518684724226391,4.767300363341877,4.63526883200215,4.992605591003303,4.617960317460317,4.586650533108866,4.795326383382508,4.723050896077852,4.987758260118053,4.755325396825395,4.716555083805083,4.870941885964659,4.90501558551291,4.581061999003093,3.7919126984126983,3.8609102409935754,4.345621923083201,4.320783496391686,4.990735897097256,4.720642857142856,4.784084347751015,4.9188132366777415,4.990812056430023,4.9345565766593715,4.755150793650794,4.672384920634921,4.807741785524944,4.864765926348439
audio_507.wav,3.0,3.351658548274005,3.3997698412698405,3.454581745415078,3.271311727396442,3.1802206523949046,3.219804713850065,3.086563492063492,3.310158275366609,3.1054785593259915,3.19993463042681,3.0461679299672446,3.0427777777777774,3.018875861792528,2.8881313266322532,2.924505897267499,3.0162968494766242,3.1114444444444445,3.0766171729505065,3.022721282029252,3.1226614802354233,2.9462283661416175,3.013269841269841,2.9758075936409263,2.937991213376284,2.9762392790562413,2.0305837392807007,3.0476746031746025,3.0690156001405993,2.9900891708887234,2.9429105014996053,2.787469491176472,3.1657857142857133,3.297352991144658,3.268385598748901,3.241585873738798,2.7144453883695987,2.9578571428571423,2.9817817044067048,2.8868955723762877,2.913555190001862
audio_5056.wav,0.0,0.4420262372001565,0.035095238095238096,0.07094708994708995,0.06700088994648894,0.0034469726008919672,0.0,0.031746031746031744,0.057986111111111106,0.01305254753783363,0.0,0.5488720734914144,0.01011904761904762,0.07987632275132274,0.005170988392684678,0.014047408213375618,0.681530320602037,0.013174603174603174,0.12570899470899474,0.009210207522740203,0.02808143958372124,0.47619684435349097,0.01511904761904762,0.1053723544973545,0.0023570493020053044,0.0,1.5403810739517212,3.0925873015873013,3.147772368064034,3.25042673048503,3.165004438051437,0.00882042584433318,0.025912698412698415,0.04247486772486773,0.06810490090009484,0.10963607633008136,0.7190126159807937,0.0,0.06739814814814815,0.01649381878586725,0.025049826204421005
audio_282.wav,5.0,4.079816369014899,3.9180555555555543,3.8793023689273713,4.005790196723687,3.973450724931658,4.349501746848597,4.03338888888889,3.928010133385134,4.172977825566141,4.079616951382765,4.015441974004109,3.4428968253968257,3.562363269446602,3.772631892062853,3.6379684973516393,4.2280732426538945,3.402912698412699,3.4924720715921693,3.671077992046572,3.5671392986201997,4.197290622548675,3.6278809523809525,3.5272104377104383,3.5076855823778206,3.599330248891891,4.898407936096191,3.5573968253968267,3.506234587942922,4.012426268192567,3.831414752480294,3.915242128572361,3.899888888888889,3.733738483738483,4.05539886274545,3.853255604759433,4.199562152871891,3.575317460317459,3.5447055213305205,3.4943223072193885,3.624141346129296
audio_459.wav,3.0,3.073020908496154,3.3334523809523806,3.256320754862422,3.098543794854308,3.084914498390656,3.5005592482602537,3.7346428571428576,3.737575416867083,3.752954520772415,3.6734791137832583,3.648193120956421,3.3011031746031745,3.181985529902196,3.1965179189213178,3.2149239664671936,3.3948162935217083,3.2601031746031737,3.1710708134458123,3.1042059049699113,3.049093980207665,3.4617786360811458,3.4441587301587298,3.355860816652483,3.4020511303035654,3.2568122293699786,1.8093796968460083,2.7971825396825394,2.7734966129549465,2.5555744094885613,2.4163488942820393,2.7605864418180595,3.478920634920635,3.453714202464202,3.3388620826952065,3.2160603936550323,2.8520937419070407,3.368238095238095,3.306312876937877,3.1563020315860064,3.1601359853130098
audio_303.wav,5.0,4.4929682527390264,4.317825396825396,4.258353415103415,4.457625348669414,4.5901823668606525,4.546871350411488,4.328857142857143,4.2094495951579285,4.7660398142542375,4.816006617988497,5.0,4.5085873015873,4.499617504409172,4.829586245774275,4.87666138089665,4.999851491058702,4.550880952380951,4.4850129268879275,4.8143589332128895,4.812346713329272,5.0,4.481039682539683,4.35906593714927,4.6694211554113485,4.791588353154402,4.10503093401591,3.5679047619047624,3.476709481876148,3.7050975035727958,3.8169792027517566,4.4199669439996,4.1076031746031765,3.9633892295975635,4.560673311143205,4.526714737373706,4.809667731123922,4.415,4.277429994388329,4.524587603424182,4.66256397833937
audio_297.wav,4.5,4.397342637287117,4.025531746031747,3.8567402181152186,3.8419630896341785,3.9553771715743338,4.3876128387346105,4.0399126984126985,3.979007475549142,4.0331027249570655,4.113929938487806,4.890110492706299,4.4994444444444435,4.561510381593714,4.603982668750025,4.677730013630478,5.0,4.3941984126984135,4.40445542728876,4.428930599837828,4.4543724883151645,5.0,4.369888888888887,4.361835076960077,4.601597260168859,4.567238691031702,4.420403957366943,3.81511111111111,3.7741888296888297,4.013397509888427,3.9205557064356675,4.8086451307290945,3.9756507936507917,3.9468892033892033,4.129354977055188,4.158704857318882,4.813810066881923,4.354484126984128,4.30983786275453,4.584078538487621,4.565710926867378
audio_432.wav,3.5,3.6866121518330996,3.5526031746031737,3.5057867857451197,3.5807165256118108,3.5604737076199413,2.904623952036213,3.292547619047619,3.2723737651237648,3.223419193665885,3.2638211675442754,2.8278971513112388,3.149166666666666,3.1401572409072407,3.1360745335974496,3.1583622543861587,2.86975138230282,3.2006984126984115,3.248429994388328,3.1046980183407356,3.2483508846979565,2.7927864228634918,3.154269841269841,3.1015092931759596,3.3127219748196404,3.250032724374467,1.5122567017873128,2.698190476190476,2.6632214282630957,2.434941471794725,2.3794836041609155,2.6850212258397756,3.174285714285716,3.0781419861003187,3.1306497880525175,3.0430168464417577,3.3587149036805233,3.0975079365079368,3.056575108533442,3.183941373640901,3.108228774509575
audio_454.wav,3.5,3.330142086337588,2.9760396825396804,3.0731084366795147,2.9178343915041496,2.8699169202960797,3.19210727292887,2.9052777777777776,2.877529723363056,2.7023910038102414,2.6506073711739213,2.7553650538126626,3.0897777777777775,3.0730124520541184,2.947244625609109,3.0102027395279785,3.1487356556948587,3.098579365079365,3.062964325797658,2.930781305825267,2.9755273982898154,2.9760615297552193,3.004857142857142,2.9903813532146857,2.8830701334916617,2.8555165292158833,2.854463259379069,2.9272460317460314,2.939954009498127,2.505682120960652,2.5988738754368463,3.1401191334711847,2.854460317460317,2.8538910240993567,2.7185807022243718,2.5958244053128614,2.9109022552420747,2.976087301587301,2.9377208208458208,2.749944300270036,2.7994744010777453
audio_482.wav,2.0,3.1301215518426773,2.7628650793650795,2.833944572402905,2.632343930546732,2.583154117561945,2.7596615019603186,2.9007698412698404,2.9626176847843513,2.694075223408486,2.7147494693579546,2.7481990655263266,3.078896825396825,3.355089426006092,3.101093408432542,3.0474289983074443,2.7642727740427673,3.104246031746032,3.2918099046015707,2.7792762008218372,2.9168827832842035,2.773564898861317,3.0437301587301584,3.186615892821775,2.9014931329869023,2.87165275445207,3.9599510033925376,3.558849206349205,3.5228495516828837,3.6303337065513417,3.7272188878835766,3.509587579847327,3.159896825396826,3.24675794652878,2.9133531903365353,3.0195183965530483,2.922720010338203,3.177944444444444,3.2874176887926896,3.0238969513515284,3.0507839242026162
audio_484.wav,2.0,2.181532202699263,2.5768571428571425,2.598069427486094,2.4390316629818254,2.3429732866409854,2.413225664243846,2.9160158730158727,2.818854448021114,2.594488705839662,2.637290744831015,2.395136594772339,2.870428571428572,2.914648744773744,2.4624538576652664,2.49824301652357,2.0845270411889123,2.8620079365079363,2.9087359307359306,2.4653803086601846,2.359360044267442,2.2636646180534816,2.9652301587301593,2.8635950176366833,2.520862343183747,2.5371469857076625,3.7287794748942056,3.3526111111111114,3.4010606296390606,3.4755577758326432,3.4231603383581373,2.5252313862708062,3.087222222222222,3.070741073741074,2.8940233803137754,2.8892148093084002,2.672674332342923,3.1014999999999993,2.9593992504409172,2.624343176704429,2.712701191582737
audio_757.wav,4.0,4.238222712235424,4.118952380952381,4.143145502645502,4.220526629745297,4.194797214656721,3.9264900083866117,3.8607301587301586,3.8231931247764592,3.9203407109882953,3.808329118296466,4.048382679621379,3.8920079365079374,4.090485690235688,3.9747134404604587,3.9063257992358373,3.9923658136141498,3.978000000000001,4.176363972447307,3.98912151726719,3.884035316590557,3.916848234082302,3.7374761904761904,3.795409491742825,3.740643081867463,3.69066441535333,4.194655815760295,3.347619047619048,3.3971390291806958,3.4372562452819913,3.6360759722389258,4.272516783700831,3.7403650793650787,3.767852406852407,3.987816313834262,3.804763573407293,4.102875565774913,3.718222222222222,3.799290946707613,3.7168495219030446,3.6946937930268717
audio_773.wav,3.0,3.0150188944191747,3.106460317460318,3.1132237700571035,3.232935552194244,3.1861253058271237,3.1031394747092214,3.0201587301587307,2.880280884239216,2.8852505327342257,2.918843819408883,3.320562998453776,3.2700079365079375,3.219942782526115,3.4094238531057512,3.391692261174861,3.0069516243220655,3.2670793650793644,3.2328702778702767,3.493710461962229,3.3977183981634216,2.7986045751734996,3.2238333333333338,3.1627408686992027,3.4450988820529247,3.3533894701922655,3.5667407512664795,3.4461507936507925,3.4448867105117102,3.2528935225372853,3.3918944157557047,3.300770207175129,3.1154047619047613,2.9603972000221996,2.9715610126598015,2.8750539597399047,2.923669947864783,3.1942936507936506,3.174089165464165,3.4459514387005536,3.3969646520275334
audio_668.wav,5.0,4.684668309156591,4.325444444444446,4.20816792929293,4.0328962857016135,4.1532149525022515,4.741378164472112,4.448111111111111,4.492420075295076,4.343523067354872,4.368646968808687,5.0,4.527071428571428,4.346916366041366,4.655662775661214,4.604950385023837,5.0,4.633904761904762,4.436997675164342,4.542457362513094,4.578022806808068,5.0,4.692285714285716,4.593109560192894,4.810152056863323,4.771559756493791,3.613332827885946,3.539571428571429,3.399483482566815,3.143933654151539,3.1449018845574446,4.866311460063773,4.464761904761904,4.487217059175392,4.619604545815704,4.591118060228377,5.0,4.655388888888889,4.590831028539362,4.840589003152197,4.811690285419673
audio_240.wav,5.0,3.4183800754466476,2.9773730158730167,3.05388714988715,2.9528223894086767,2.9794655488194572,3.9099159785873305,3.5436269841269823,3.7460284992784985,3.6895641331204057,3.5977894508467685,4.626997947692871,3.818499999999999,3.669915453373786,3.9037669567285698,4.023567308465155,4.625971769765699,3.7365555555555563,3.5873361977528653,3.796231474497286,3.9238475274870694,4.6982343771695305,3.98142857142857,3.9423720739137402,4.0882035075831995,4.1376101492625414,4.624659538269043,3.0432857142857155,2.927506755590089,3.028392750142551,2.9643033021558254,5.0,3.5750238095238096,3.7747064925814926,3.8014212197369033,3.764412290973763,5.0,3.9350714285714283,3.9501043108126446,4.081791814333627,4.010958112619487
audio_163.wav,2.0,3.3529580758565287,2.944785714285714,2.9787109988776663,2.7248673808299095,2.606059743151365,2.1291656331180113,2.638031746031745,2.7247151552151543,2.4484202133014503,2.448912807449558,2.4942537943522134,2.766833333333333,2.7907234093067426,2.4304383555951055,2.416380546615635,2.597353591307613,2.799079365079365,2.7905193047693047,2.4414964880040197,2.4769224021099654,2.2477743594402875,2.6622936507936514,2.6830537317620653,2.2912871986404526,2.3086266514454277,3.6786322593688965,2.7671666666666668,2.823726225163725,2.7523912461979196,2.8834753749884876,2.663472431909147,2.6295476190476186,2.680987148653815,2.3428375310318845,2.391012037056036,2.704947289293873,2.624285714285715,2.6988560606060603,2.3703958349194973,2.385371116243246
audio_659.wav,5.0,3.959447605038568,4.018412698412697,3.938312144645477,4.165871297069133,4.067412994918551,4.003350226437307,4.338698412698412,4.398724053724053,4.299708260202384,4.404098270572519,4.8813850084940595,4.244079365079366,4.150591662966662,4.2217781009574,4.287696612439601,4.999981749328328,4.323365079365081,4.247876961001961,4.347484794002053,4.478849129054517,5.0,4.37413492063492,4.383999788791454,4.607249871385718,4.610023136835433,4.205079237620036,3.509849206349204,3.5605038742122077,3.65776425960634,3.890370454531535,4.613219814506448,4.215119047619049,4.37759345592679,4.264487047748298,4.442681002194134,5.0,4.376746031746031,4.360108471775139,4.6621639634526995,4.642470389592959
audio_532.wav,3.5,3.15313180413284,3.401222222222222,3.440472433430768,3.317444167699156,3.3390943208170256,3.618548422052369,3.535730158730159,3.602276606880775,3.629411830672916,3.5060968374037738,2.540003856023153,3.062785714285713,3.1240168057251396,2.937706196251204,2.9729293375723604,2.4669222156068673,3.1366111111111112,3.1514582469999137,3.0238631728787424,3.060293111282421,2.642770936465629,3.1504444444444446,3.196518183976517,3.1434854233935106,3.1581024628811094,3.718085527420044,2.978420634920635,2.964843434343434,2.704737677678764,2.678506744205304,3.611648049962845,3.5080714285714283,3.621597832722832,3.445963963052536,3.4937653470667644,2.558258312455648,3.123373015873016,3.222175441842109,3.079696935440109,3.1670326966116478
audio_464.wav,2.0,3.1789727123255247,3.046182539682539,2.923621031746031,2.927938073769171,2.943744599666477,2.5668395992875976,2.7586825396825403,2.6081521826938494,2.601482040508482,2.579265134575998,2.147331794102987,2.717349206349206,2.7242698212281553,2.842523340693281,2.798356309823611,2.387503803963251,2.700309523809524,2.702344676928011,2.7647029255423927,2.77125449328609,2.385718683659625,2.6105714285714288,2.7247100970017644,2.665196644777323,2.5971861702780785,3.747500419616699,3.4025714285714286,3.393832505457505,3.608173204434005,3.620414082062385,2.871748428675833,2.923880952380953,2.8936646825396823,2.8305535803915283,2.8725553425804784,2.5630169392222135,2.7705079365079377,2.8185494104660775,2.895327699265742,2.7543620817648247
audio_5.wav,2.5,3.5562502828306406,3.1631746031746033,3.2117862122445455,3.0325360854332217,3.105407629580089,3.0630121552350715,3.114333333333334,3.010489478114479,3.0694245546060768,3.073353127616554,3.7487595876057944,3.5650793650793644,3.568588053921387,3.7055617123800944,3.6457098001736266,3.5550746309092527,3.3150793650793653,3.505042286417286,3.438600258651006,3.4695388831486906,3.458793094871037,3.4162777777777777,3.326783879700546,3.2955538629491845,3.2502406359235643,2.9385436375935874,3.2138174603174607,3.1530635783969116,3.0318477762555656,3.2250138482565673,3.221114057052116,3.1398333333333324,3.034954926246593,2.9661623724103907,2.9363817483226433,3.8909918632218754,3.439031746031746,3.336586065169399,3.1574306652616024,3.294879828228551
audio_231.wav,3.5,3.2298959737869506,3.298309523809524,3.3148598084014744,3.0817147294671674,3.1606014380449747,3.1489651118712416,3.271047619047618,3.2334034915701584,3.300061907559322,3.2740101901679837,3.6069701512654624,3.398738095238095,3.4318233047816378,3.455863855808546,3.408113931374149,3.7696780812893422,3.4261825396825394,3.334613375821709,3.4692000859232537,3.421151789455324,3.6617597087498246,3.3751746031746035,3.3915478395061722,3.4381304728922033,3.4845656198162183,3.7799103260040283,3.6408412698412698,3.6838409846326523,3.624432321139771,3.8619364092421424,3.1351550489796356,3.300071428571428,3.250091790925124,3.3254731815260894,3.3380647062737285,3.275461105513525,3.357682539682538,3.322184940059941,3.463005509973103,3.44031220322277
audio_384.wav,5.0,4.859875297695559,4.498246031746031,4.432765812890813,4.672298530027679,4.859232579526064,5.0,4.703436507936509,4.71650925925926,4.961193634898902,5.0,4.965173085530599,4.3248492063492066,4.367905289155289,4.692873071218137,4.737174783303847,4.856575925158479,4.508555555555554,4.449850746475747,4.8134538636837805,4.863868192000685,4.830739498798338,4.6189841269841265,4.571115426240426,4.9555852175322945,4.922900850268853,4.3503938515981035,3.7242777777777785,3.7989167267917288,4.232648878440043,4.157681599314292,4.9973131847996255,4.694428571428571,4.716372795414462,4.985153694042455,5.0,4.951039878922617,4.608666666666665,4.631919258210925,4.9770130366133705,4.958783166398748
audio_54.wav,4.0,2.6602908066953668,2.8918888888888876,2.8288278588695257,2.9386639527104665,2.875428514515867,2.578573230652131,2.8882301587301584,3.0152007976591304,2.7905600401129855,2.8710906866077255,3.372997283935547,3.554325396825398,3.424224365141031,3.428842039651828,3.485670560679335,3.70316116694162,3.4026111111111104,3.323755730380731,3.376095986929886,3.401106264362712,3.4526001640791755,3.273031746031745,3.226593676929461,3.161866541645684,3.2422242736199096,1.8650455474853516,3.28081746031746,3.279286619244953,3.3366977414171184,3.5594325514878853,2.583632503911763,2.8885793650793645,3.0105520482603816,2.8517809539117036,2.734369193637549,3.045098271470366,3.127206349206349,3.1728388648388646,3.0605415950412636,3.073822526001305
audio_656.wav,5.0,4.0305273960994095,4.087134920634919,4.0324904300945965,3.8195105347537814,3.8433808968953262,3.935937209179753,3.74795238095238,3.76560775644109,3.982770968195556,3.9150651077334637,4.3027340571085615,4.233246031746032,4.10577996232163,4.27152148264131,4.273212893252622,4.341834981916083,4.275968253968253,4.099624959916626,4.130781931757963,4.210703685780397,4.302060285963542,3.9312142857142836,3.789394967686634,4.000368319100947,3.9905434826032984,4.320542097091675,3.6124999999999994,3.572867456617457,3.809848996353191,3.8957291702451897,5.0,3.6709761904761895,3.763418569085235,4.102292443877682,3.9970919443339032,4.717727612776395,3.9978095238095244,3.7224207551707558,4.09784856481269,4.047164922272818
audio_444.wav,3.0,3.8253314510447005,3.0815952380952383,3.051496878121879,3.159070003710489,3.196848143550255,3.380837094660102,2.998817460317461,2.935196957363624,2.9197975827985707,3.0140461271142382,3.3616109689076743,2.9630476190476185,2.924130471380471,2.829632243581493,2.859446782201729,3.9115899635988924,2.903833333333335,2.902963095546429,3.0108248527138635,2.9546492109715445,3.6343919270712597,2.8621190476190477,2.829983712275378,2.8598062784023086,2.8234689689474592,3.317155043284098,3.2407222222222223,3.248539694873028,3.140689157571846,3.1587904461421594,3.139330260511107,2.924103174603174,2.9017989818823153,2.777731820141909,2.879821324210553,3.217026778225024,2.842476190476191,2.8164958837458833,2.713213680041889,2.695084967306775
audio_5062.wav,0.0,0.04955879219863446,0.009563492063492064,0.0031666666666666666,0.014977840853246943,0.03466619365466343,0.5616348624567001,0.0022222222222222222,0.0066851851851851855,0.012049168561752996,0.022681199515266284,0.10206945737202962,0.007777777777777778,0.05477777777777778,0.0071826298253014455,0.005577709899020647,0.1502022010370423,0.0022222222222222222,0.06411111111111112,0.00022965339929376373,0.003912057178453672,0.2845592814587099,0.0011111111111111111,0.06672222222222222,0.0006965882518740522,0.0,1.4761361678441365,2.7018888888888895,2.8126616762866767,2.506593130060265,2.4631474723073112,0.5101482000152241,0.0034920634920634925,0.007481481481481481,0.0,0.004565737723223267,0.5727135885049526,0.0,0.0691058201058201,0.0008811756248459269,0.0
audio_312.wav,4.5,3.341981965409358,3.7428571428571416,3.647724599474598,4.001100701668296,3.8747327946478105,3.7143300597722475,3.8724999999999987,3.8986003687670348,4.342804157228319,4.2534531060793235,3.867920239766439,3.8037777777777766,3.7266882130215464,4.071687856405509,3.9689019603055278,3.5403323602451167,3.884857142857143,3.7572369251119255,4.182662065563223,4.123778506271523,3.498037691923179,3.9634365079365073,3.9231299965466646,4.399488624528742,4.304385147526277,3.3922371864318848,3.4260952380952396,3.453427601719268,3.5761759107447504,3.4841940249937076,3.1054635117164846,3.7356746031746035,3.905559369642704,4.414980358194758,4.3403808272233055,3.056386981916018,3.954301587301586,3.8986656846240186,4.28014379340221,4.339911343295474
audio_120.wav,2.5,2.584276694997303,2.7582301587301585,2.8329224648807974,2.8607158796903778,2.9306993003069883,2.6620503746694895,2.598888888888889,2.5210137686387686,2.4895822818904034,2.4948998920151944,3.070249557495117,3.1965555555555554,3.2359818191068186,3.106167314818625,3.0539456084211607,2.937641236574336,3.1394603174603177,3.166236484194817,3.0385732479187175,3.0049184399001767,3.0132048128765256,2.9860079365079373,2.9497440676607334,2.8507072070403403,2.7695133335258775,1.0963105360666912,2.5676587301587293,2.5834430862347535,2.210254095953687,2.2074179037017174,2.677365665679929,2.537825396825397,2.484296143671144,2.368850609382129,2.3516199301416116,2.7419239514338805,2.8736031746031756,2.94531685906686,2.730779880767558,2.736478463823009
audio_446.wav,3.0,2.547612814277221,2.8678174603174598,2.97831139385306,2.5643176075116645,2.69841359240268,2.632792466286326,3.089119047619048,3.1299579565314857,2.890505287674278,2.8051311493840703,3.326984405517578,3.167809523809524,3.156550424883759,3.180015274951321,3.1539496951633317,3.010871398611664,3.0945158730158724,3.058824174282508,2.9891823726462987,3.016102411942064,3.0103826305698838,3.0875317460317473,3.1597625060125054,2.9809733851316,2.9299299683070053,3.8806379636128745,3.6913571428571426,3.706606643356644,4.072041405067304,4.213721411660937,3.3478501991274023,3.1634047619047614,3.1532775002775004,3.0683233584889607,3.1043633790364766,3.8032370516449894,3.1441587301587304,3.1408381232964566,2.9767840295689205,3.030489602163458
audio_546.wav,2.5,3.147078468685827,3.1318888888888896,3.233003272961606,3.099248852474379,3.236001475506189,3.3320234468905023,3.1825396825396832,3.135502224627224,3.192185931009423,3.1581914913640556,2.9730447133382163,2.9288253968253968,2.935570280028614,2.9281364785263917,2.8398609332472566,3.058198694105824,2.954325396825396,3.0346771985730308,2.9746495605425545,2.9680242307601663,3.1841458751997713,2.9915,2.9756456629789962,2.8927670709712086,2.9652853467117026,3.0300281842549643,3.182460317460317,3.2173783515866865,3.1521758284447476,3.2730166040725717,2.913974762838173,3.239095238095239,3.2012602166352155,3.153953708338502,3.2138557704247392,2.9795759253786707,2.99565873015873,3.0334683665100335,2.9076130624848893,2.9090798715978767
audio_430.wav,4.0,3.0737847184254417,2.5926428571428564,2.6040540701582366,2.548044615853677,2.628952825766703,3.3633668163282273,2.919492063492063,3.1631313532146863,3.262392491692381,3.144828588716567,2.654550631841024,2.6796269841269846,2.617720936470937,2.554437075382562,2.523660963210917,2.822580529928775,2.696865079365079,2.618214734339734,2.4839994648946084,2.5777615716280904,3.091300965356607,2.82468253968254,2.8531695526695526,2.9048958613311373,2.999802818631764,2.845825513203939,3.224952380952381,3.234151316276316,3.0188761792933376,3.0902609842161635,3.6135100706367047,3.090126984126984,3.2541339601756274,3.315600095271708,3.1359217186233495,2.846000762053263,2.8680396825396817,2.8757280759364092,3.083662446684071,2.9754111221856654
audio_179.wav,2.0,2.762789852386136,3.0108888888888887,3.0166834847251516,2.8076080332265825,2.918195905319972,2.2688070066606247,2.68465873015873,2.6381965889049224,2.4598772063970897,2.5720873375451734,1.82770041624705,2.6207857142857147,2.615230161813496,2.4739880263320804,2.606905233560335,2.0928245964254963,2.7179126984126984,2.699460417668751,2.7139725634076846,2.642850798098406,2.1753372557492185,2.6241190476190472,2.5441170234086896,2.5583761340792495,2.580880400025229,2.6763827800750732,2.9535238095238086,2.9080852573352574,2.827175163236084,2.735426253813655,2.714580851181644,2.7281666666666653,2.740764004514005,2.6271532750874242,2.5222690962317076,2.473436443259161,2.663920634920635,2.5779329728913063,2.5075370746114616,2.5022863057551548
audio_674.wav,4.0,4.162982835197815,4.2200476190476195,4.166410048285049,4.240471720566993,4.371682362096102,3.838091198123894,4.270269841269841,4.40081696081696,4.319413267170348,4.391688469947574,3.8990514278411865,4.2750634920634925,4.230058561808562,4.087852013666918,4.268968673160999,3.831386271887459,4.3504761904761935,4.265812523895858,4.244709199047073,4.316949284617178,3.7154935641790714,4.3758412698412705,4.386712582170914,4.250020948161509,4.298175335668886,4.1951057116190595,3.337642857142857,3.317598284431618,3.412485940427656,3.415644203184371,4.575731530295834,4.2797301587301595,4.310663199454866,4.269646551533121,4.216908678612257,4.5433345792951405,4.328015873015871,4.35913964430631,4.2068536500235725,4.286990644251115
audio_737.wav,3.5,3.083559245850813,3.615214285714286,3.7530161736411736,3.5497506588022634,3.4892465060527247,3.2812922127035367,3.243841269841271,3.060235068943402,3.0163588964574646,3.008627632936174,3.6153714656829834,3.414071428571429,3.345857310898977,3.3290799802558144,3.2328985884012185,3.5256801322858173,3.4117142857142855,3.4291207912457913,3.4204663313225505,3.2846953502998493,3.3587976882220816,3.3216031746031742,3.256068191068192,3.24617903274024,3.150515085725699,3.2396154403686523,3.2890873015873012,3.2879542294125628,3.1340746779443553,3.1458148381552036,3.068533986281029,3.4411666666666676,3.424014508639509,3.2463359880581764,3.274581544469658,3.478573650217138,3.3126428571428583,3.2959781329781332,3.183850140234554,3.1853184753520742
audio_669.wav,3.0,3.114115527601689,3.217888888888888,3.120399951899952,3.262823047106884,3.292591105969171,3.387613695988621,3.2010714285714292,3.220332591790926,3.330187005538452,3.1605656659387287,3.1196847756703696,3.6058571428571433,3.606991526991527,3.645316768012373,3.6461604607079976,3.524296468034109,3.5775714285714284,3.594615218115218,3.6646501373068063,3.731198130523182,3.6665233352779403,3.4862857142857138,3.549505571588906,3.400367073411083,3.438106720643931,2.6890498797098794,3.3908333333333345,3.3339110688694027,3.4224386928476207,3.3884878618958645,2.9513564359411717,3.233984126984128,3.171190690482357,3.105474863723117,3.123231576910808,3.3218255708105198,3.518396825396825,3.493503747795415,3.489891577630186,3.5009550654873127
audio_540.wav,4.0,3.9838386304585804,3.132539682539683,3.0547172472589152,3.059486253564493,3.093751859436111,4.194764546868164,3.6861825396825414,3.651276977651977,3.5369376249641946,3.3698094600579203,3.286146561304728,3.0096507936507932,3.080893410601744,2.834169232531535,2.8199188601843677,3.3418356196654457,3.043984126984127,3.0380041085457745,2.8973268564116865,2.921387374089832,3.456599560937285,3.336873015873015,3.357429869513203,2.980865215162902,3.046622434566322,3.738608439763387,3.603222222222222,3.63033195045695,3.369078372220629,3.5069286797279626,4.509085768281482,3.586999999999998,3.6502404000320667,3.4743348434889705,3.4506719631073604,3.556856832380456,3.3046507936507936,3.308130751964086,3.0870304399772936,3.108090677398007
audio_692.wav,4.0,3.1115253555089186,3.2689444444444447,3.0679336065169402,3.2671944960321326,3.118351369979124,2.937991260124983,3.0571349206349203,2.9781007449340797,3.127415431305271,2.8852662131528537,2.787602265675863,3.4076269841269835,3.296809446726113,3.4015821827007695,3.4870409071815716,2.7832133442782143,3.2892539682539685,3.2372803739470406,3.274730123769634,3.3148811848722555,2.774279136362328,3.3260317460317452,3.3770716104882763,3.5452194760224693,3.379030175298699,3.6407699584960938,3.5631111111111102,3.570824454866121,3.664786842461041,3.7019905131552586,3.1316553360412662,3.1596428571428574,3.0622226323059656,3.265246189211677,3.008584604014087,2.733191320510949,3.3206428571428575,3.362504981129982,3.6376203427265863,3.4192867750113085
audio_572.wav,2.0,4.285672809235547,3.917595238095238,4.051318261984931,3.856262959816331,3.7915744979358763,3.1877219239829926,3.1904841269841264,3.188596069054402,3.0664911641685886,3.0829769313668245,2.1599527994791665,2.9066666666666663,2.9642218784302123,2.5868728781534416,2.7626822159125193,2.459451903438588,3.032492063492063,2.9998278850778846,2.909082001247969,2.8374150091953587,2.0521937864581017,2.9796111111111103,2.97932671957672,2.7059549014137354,2.594568903242432,2.765441576639811,3.0268809523809517,3.1124298386798377,3.1313562274036983,2.932622517514359,2.714816528748404,3.1741984126984115,3.0419856069856066,2.824045403295092,2.933207791869419,1.7479289564905862,2.9845873015873017,2.9607235788902457,2.737454821928256,2.6799299740179223
audio_479.wav,2.0,3.8064550343775694,3.337269841269841,3.402193169484837,3.3656452458588437,3.335077686724252,3.2501261475496666,3.3103412698412704,3.2735881032547702,3.000692185409346,2.8689537883236604,3.2642011642456055,3.0286825396825408,3.0851341575091573,3.0111109673762564,3.0076153141946285,3.2764753044480623,3.0179523809523814,3.076121518913185,2.915195921004987,2.867845323018711,3.1102391667878293,3.0876904761904758,3.1518768839185505,2.8303095115770946,2.8399134701896007,2.903552532196045,2.811515873015873,2.8287464911631575,2.545269828697457,2.5473386735633867,3.680435855650593,3.2464761904761894,3.2021024978108303,2.7879818817490474,2.9283969917589077,3.3735103154563624,3.126134920634921,3.1167383958633956,2.8647752783757157,2.9355185717495433
audio_419.wav,3.0,3.102154556195909,3.2150158730158735,3.3319144589977925,3.3319015704810124,3.2043559090629716,2.760557744991953,2.8457063492063495,2.978875200416866,2.7693688791380153,2.7054461551316877,2.680352210998535,2.9701190476190487,2.952414261664261,2.74740300275565,2.907977493135764,2.739010463647965,3.02927777777778,3.086061914936915,3.0028609710350285,3.034985105535681,2.6428306820393006,2.83265873015873,2.881104181312514,2.8316699200448063,2.8216311390144058,2.7563675244649253,2.985484126984128,2.862125314500313,2.778251908044527,2.774572849325541,2.484210504838317,2.8879523809523806,2.868480726064059,2.6053898477681794,2.6760165276502934,2.840075673349874,2.809079365079365,2.9052510360010366,2.759447262018243,2.731052141493818
audio_5037.wav,0.0,0.009918296456112715,0.018436507936507935,0.011805555555555554,0.04930686564908034,0.10364715715375168,0.0,0.024999999999999998,0.008981481481481481,0.0,0.034991783769029054,0.1427318255106608,0.3353253968253968,0.42300861792528455,0.11051851907247823,0.15927110233238903,0.21570418372276437,0.24237301587301588,0.40491225749559084,0.06911726576454975,0.13029841175922482,0.04024810265250004,0.29521428571428576,0.4303791887125219,0.02397788142018692,0.09228720748072944,1.9002819061279297,2.959388888888889,2.990864533614534,2.5356179254578675,2.293104622321806,0.0,0.010285714285714285,0.022914021164021164,0.009101107035435638,0.049559458587315815,0.4376519337580295,0.3237857142857143,0.4485493426326759,0.02104685761573609,0.0900550962141168
audio_433.wav,3.0,2.7339112066124174,3.321380952380952,3.3689967362884032,3.0098213009713395,3.1126812503218897,2.9592422541080126,3.300087301587302,3.220054741554742,3.273847556599179,3.2628149337256978,2.766643842061361,3.1144603174603183,3.1377712041045367,3.184997066546043,3.186414510542319,2.702519709906785,3.134523809523811,3.1659670715087374,3.059159661020877,3.0633626431653957,2.8527717222142006,3.1521507936507938,3.085930609513943,3.242316113592036,3.1641053894266786,2.4721200466156006,2.8799603174603177,2.7672337199837203,2.4028166230831176,2.672419028464098,2.8180681119025905,3.1889999999999996,3.102630892255893,3.0556208290253353,3.0743452407881064,2.8675732856520058,3.0813571428571422,3.0806985730319063,3.2492876263162547,3.056852946648195
audio_405.wav,5.0,3.532571618950314,3.949253968253968,3.8880221013554355,4.140193215011984,4.211691422906856,3.729848596503764,4.0257539682539685,4.0381567074900415,4.079678608685515,4.072657471848323,4.920808633168538,4.743785714285714,4.736741252574585,4.858517193982672,4.900473855735444,4.752192768159994,4.700190476190476,4.659920991045991,4.793991897767451,4.8418719562977435,4.53793131669744,4.6808492063492055,4.650790704665705,4.737924535078221,4.822219042812109,4.30750052134196,3.6017380952380944,3.721733989775657,3.828348562482407,3.9014785215095533,4.116655095756764,4.141793650793652,4.14337828683662,4.127437466483216,4.105825627773036,4.545409061815673,4.684158730158732,4.619618326118324,4.723677089350245,4.764132241501856
audio_267.wav,4.0,3.5792980270792505,3.5345158730158723,3.5927414021164013,3.5385321210702387,3.6585171926478868,3.896518741148482,3.8541984126984126,3.829016107349441,4.207732019092853,4.089302127583738,3.8324785232543945,3.4573412698412693,3.4313349166265836,3.613466802798257,3.628561771120617,4.3005183425197755,3.5461904761904766,3.40427886002886,3.680010055374087,3.754982282400219,4.353927937962399,3.554436507936508,3.517913802247136,3.8806687152956414,3.908130223522752,2.67189892133077,3.4886984126984117,3.410511436094769,3.306177066411781,3.3689227420974652,3.6008443486806505,3.7441904761904765,3.7763318502485164,4.05204978655554,4.008246754015766,3.792571260571735,3.5217619047619046,3.4740696649029985,3.8890228228501793,3.8240975421508288
audio_358.wav,5.0,4.493933437448081,4.002746031746033,4.1208935601435615,4.145793578358691,4.040397167146565,4.404036632034335,4.493555555555555,4.583511463844798,4.403409350268432,4.390185601477995,4.980825742085774,4.561126984126983,4.6331304112554115,4.788509679130154,4.809830834047982,5.0,4.695103174603175,4.6477372134038815,4.8222960948422875,4.73949485139689,4.957615668478415,4.7685873015873,4.743035634118966,4.865623422438681,4.859092099816617,3.2254185676574707,3.0063095238095237,3.0194608185024845,2.9094639106974154,3.0809511329547266,4.129906795721538,4.59095238095238,4.588920611795612,4.553866915011219,4.530042670680669,4.820531242068378,4.736920634920634,4.7308816923816925,4.87345813242279,4.862330013298238
audio_331.wav,5.0,4.349088661421576,4.274301587301587,4.37441263828764,4.791681797523371,4.720540831443993,5.0,4.700309523809524,4.753314995189995,4.989877032067307,4.99476763680938,5.0,4.523285714285714,4.52056967261134,4.872853787059445,4.720268384136818,5.0,4.668158730158729,4.598729457271124,4.880536466106899,4.947693264529954,5.0,4.780277777777777,4.748555555555556,4.937088702402821,4.9890717730082565,4.474013010660808,3.2840555555555557,3.2688279775779776,3.7514568993251434,3.8560080102791914,4.816019234160641,4.645253968253967,4.64634912618246,4.765682105967274,4.779905476274934,5.0,4.73384126984127,4.692203142536475,4.8286520010691545,4.823874370484394
audio_487.wav,2.5,2.9270996291611504,3.190126984126985,3.2679405424822083,2.616161851870611,2.6924866428015903,2.2165991979932405,2.857809523809524,2.8408225031141705,2.4740383942896975,2.434129992197644,2.6261863708496094,3.010642857142855,3.010180769847436,2.861164578928786,2.7180661417436838,2.422130978874856,3.039126984126984,3.0137991422158095,2.709291318509742,2.744774286526329,2.2146642478116676,2.8740238095238095,2.9109442424859098,2.5781979989024517,2.5247030788181664,3.6265451908111572,3.8172301587301583,3.846156443864777,4.143565917932418,4.023505541649499,2.560910357782003,3.086047619047619,3.08098901098901,2.9173329145677562,2.886956272070948,2.196796409105485,2.944317460317461,2.9330164542247865,2.8267125198725993,2.744736231539127
audio_494.wav,3.0,2.680025236909472,3.59784126984127,3.583614891281558,3.555832850688834,3.519025151452743,2.74404574067747,3.1737460317460315,3.025888722388722,2.8207694495984454,2.842373198771495,2.735949436823527,2.974809523809524,2.9301702140452144,2.7139304024445234,2.748521653432187,2.694232850259587,2.969380952380952,2.9440475034225035,2.809557748284076,2.782891084604516,2.9175357725105844,2.9900714285714294,2.8475622679789345,2.7259482627918508,2.7485602654795023,2.9105997880299888,2.943142857142856,2.9264852092352087,2.800511288131913,2.717846108634219,3.258298962587918,3.082182539682538,2.8445248778998775,2.7901558288564257,2.6824511975948955,3.026886646128144,2.906301587301588,2.815158441866775,2.7221904474493948,2.648858904366485
audio_536.wav,2.5,3.0592765549713232,3.0092777777777777,3.0712118807118802,2.812357867996679,3.0468514710619057,3.921705655101757,3.7772857142857155,3.8850979313895984,3.7600327177136523,3.8653764708861633,2.9877145290374756,3.0160634920634912,3.1282142055475393,3.099231077817341,3.284988835299947,2.614626719796798,3.023841269841269,3.114526635401635,3.1473451026792443,3.221286246341087,3.0240064054953124,3.3269444444444445,3.590191267066267,3.8499859334366064,3.83837067639406,3.6036086877187095,3.393500000000001,3.3586332232582237,3.5837647339968393,3.438411311557003,3.665946428959895,3.6252142857142857,3.7419223785473767,3.7284283089809556,3.7493670952850358,3.1164575431465025,3.3485952380952377,3.5802579627162956,3.789057112170171,3.862568763083417
audio_634.wav,4.0,4.841764107991405,4.308603174603174,4.2904908008658005,4.092526741826052,4.101204193153053,4.306507838830994,3.7305555555555543,3.525638660721994,3.809879691464127,3.808919516987542,3.524468501408895,3.609269841269841,3.394366402116402,3.3097126202633826,3.266931990302554,3.799471606062679,3.7770793650793646,3.4913712922879605,3.3063914032600086,3.377723302681359,3.8209243156411414,3.541119047619047,3.2519041406124742,3.2615040718191852,3.3467132414328717,3.5490843454996743,3.164777777777777,3.1754823432740102,3.366547260882704,3.306961288687597,4.092450268879,3.5635079365079356,3.309619665827999,3.54933015939045,3.5627094209023675,3.7010215895768996,3.455706349206349,3.1562451499118165,3.2258727455423046,3.2271212300677505
audio_317.wav,3.5,5.0,4.336722222222221,4.348358175774842,4.255062202888978,4.36520631849313,4.983579353348802,4.7076111111111105,4.764495239328572,4.904352433358883,4.909961073644975,3.669651826222738,4.260738095238096,4.274436087061086,4.385396755784491,4.190754597666282,4.159775119895818,4.360896825396825,4.374798047631381,4.387514021084565,4.361965553562079,4.192875683881453,4.553984126984129,4.528764670514671,4.541436015195262,4.583705703173119,2.611097494761149,3.5819285714285733,3.53405028459195,3.2744187863965464,3.4845969534244268,4.565634599911765,4.734793650793651,4.775662477954145,4.922789678749787,4.854821632583431,4.254493871838701,4.546746031746031,4.5564028980278986,4.602314431433949,4.681601698646924
audio_5054.wav,0.0,0.0,0.0012698412698412698,0.013425925925925926,0.07856704491736176,0.0307576654106153,0.20105427238086046,0.003650793650793651,0.006462962962962963,0.04309660987442299,0.0,0.0,0.0,0.025499999999999995,0.018664282458981288,0.012908304731155359,0.0,0.0,0.029634920634920636,0.001342159233314183,0.008796200432363647,0.0,0.0,0.022629629629629628,0.002394952527714234,4.805461852400484e-05,0.27135006586710614,2.4174126984126985,2.4877365689865694,2.096633759910207,2.0459179307890767,0.06929999900058137,0.003650793650793651,0.008690476190476191,0.021702309851783244,0.04263469531067864,0.0,0.0,0.02887962962962963,0.014238740338351985,0.004498507626669194
audio_723.wav,5.0,4.119399352897674,4.5428968253968245,4.3491719545886225,4.6175989604837895,4.78411559285313,4.648910670820267,4.771222222222222,4.80482537678371,4.902212673225768,4.9260835921753205,4.957184314727783,4.582468253968254,4.502652837902837,4.65418478375831,4.740048422595086,4.937522767080489,4.648198412698411,4.620552308802307,4.818764772899447,4.805403698316456,4.914478443625922,4.721380952380952,4.710161161369493,4.916751116969157,4.916840993975126,3.7850166956583657,2.9951349206349214,3.0586656044572718,3.09943097696634,2.9266360873941974,4.702569679090046,4.532523809523809,4.60837646304313,4.636959303679306,4.5992126373343,4.863379488107911,4.698888888888889,4.668834034792369,4.850070261445038,4.839805740402739
audio_155.wav,3.5,4.698798636639346,4.083309523809523,3.966348144139811,4.343753536386805,4.334643873386896,4.9691160905306,4.474857142857143,4.224495358037025,4.212020155540976,4.370633568096942,4.2479017575581866,3.861285714285715,3.9536439578939593,3.9932188140055214,4.08318912216981,4.506439536978124,3.9358650793650796,3.9466055734389065,4.28063663585172,4.1564025748071005,4.484652158742716,4.047698412698414,4.041603114478115,4.1733807476834075,4.2104564106043085,3.456687609354655,3.0571428571428556,3.037412838704505,2.900375495530623,2.7951211716414934,4.1327648407143185,4.218968253968254,3.991173638090306,3.9018314172009902,3.9042899631355907,4.187325906222969,4.062785714285714,4.055020215895216,4.182905892839155,4.143954708336519
audio_410.wav,2.0,2.9845233602085464,2.9905238095238094,2.998127687127687,3.048635017652542,3.0946076786514727,2.6814820986661143,2.880150793650794,2.8584924751174756,2.8175732275811494,2.829450557411904,2.347754716873169,2.9839841269841263,3.0909453347578357,3.106020647216448,3.010198333660844,2.544656515348184,3.039746031746032,3.039322190155524,3.2090205443581326,3.1913819140354485,2.385302486406842,2.905015873015873,2.868814093314094,2.789500602822166,2.8943531572782675,1.988107442855835,3.1735952380952384,3.3296423638090302,3.0249915746829643,3.0891710468999736,2.9024724767581365,2.9262063492063497,2.894112774571107,2.9135927413092535,2.947511959013672,3.1571709731930917,2.8939841269841273,2.8740714964048295,2.9676090726936035,3.0119842420182485
audio_251.wav,2.0,3.3777926390659565,3.097730158730158,3.166278255694922,2.9886537989965,3.0848787180736608,3.4169578469325863,3.0167539682539677,3.0219258673425338,3.1866101236935136,3.220587614313984,2.7401601473490396,3.178150793650795,3.2126793253043253,3.336793955633967,3.1230133353717364,2.8773622874225375,3.0961904761904755,3.155511809178476,3.1527101699582243,3.0622206859370587,2.8154020726225824,3.101555555555555,3.097289756539757,3.1084107107323535,3.1141241265210162,2.6521241664886475,2.784674603174604,2.7462949134199133,1.9635347609609448,2.16800391322347,3.577999422374423,3.0535079365079363,3.0324206549623223,3.259730097504084,3.2630191577168155,3.181708979989511,3.0668650793650802,3.077972396430729,3.1059678550334433,3.0927142681965
audio_779.wav,5.0,3.5331042987344694,3.9000476190476205,3.9484773343940005,4.080134220245275,3.9000191261619555,3.7624127716246747,4.32452380952381,4.373869029119028,4.122217191152336,4.308127215609656,5.0,4.301444444444443,4.0692714446047775,4.450689096173911,4.486743280792413,4.983488147788706,4.350888888888889,4.099360972360972,4.363783269490226,4.409222896646416,4.952001549266139,4.422476190476192,4.447647331063997,4.724748582081646,4.646959846655704,4.30017336209615,3.743063492063492,3.674732964566298,3.8774948428526987,3.966409890768189,4.498000802919704,4.334928571428572,4.375883898508898,4.181117052088871,4.38170647937612,5.0,4.470063492063492,4.426921356421357,4.6789638623904075,4.604743489972943
audio_382.wav,4.0,4.5104410658919285,4.307309523809525,4.307175244508579,4.493958273145554,4.490306631057611,4.906523319227918,4.58697619047619,4.6787344276094265,4.920739554282109,4.920170521577874,4.416938304901123,4.115507936507936,4.177430575597243,4.257744832702138,4.331088653723859,4.585162850771061,4.194,4.217443298984965,4.2708702180560785,4.3206819986571405,4.648703528808954,4.383857142857143,4.468470732970734,4.508350000112794,4.573558311595801,4.019718170166016,3.2173095238095244,3.2103787817121154,3.2451855689727442,3.100294579898995,5.0,4.520722222222223,4.552764550264552,4.8024883224304835,4.738117917727134,5.0,4.4135,4.474271890146891,4.526421003976257,4.543431349203925
audio_559.wav,3.0,3.9217287044434124,3.0845714285714294,3.0831884720218046,3.454890591376573,3.3971990139696135,3.769753568293009,2.66365873015873,2.5257180327388657,2.8153820873608555,2.918716662158355,3.6740047931671143,3.332809523809523,3.3013060766394084,3.40845326180879,3.492782735754002,3.6384531045692508,3.268666666666667,3.2870814293730954,3.42136166171573,3.34991078849076,3.546809798566182,3.1388571428571423,3.049205567580568,3.014903547772196,3.233546962864976,3.919942855834961,3.6555000000000004,3.591074915824917,3.4643772946120577,3.4710794674572383,4.15379005110417,2.9916190476190487,2.8874366281866295,3.18931509455938,3.2872359786854246,3.7819590239263405,3.1561507936507938,3.1816093592319086,3.294621628582096,3.3516124829975333
audio_161.wav,3.0,2.98243357054835,3.0553333333333335,3.1399458427375095,2.978406153184905,2.9168157161236596,3.328950739248285,3.2057539682539673,3.0780871273787938,3.085454988392146,3.1080170123967625,3.180540084838867,2.9783174603174607,3.1163256573673235,2.9371593737016615,3.003372972675857,3.0098201904327113,2.9108571428571444,3.000604597562931,2.876459310947014,2.765431402416265,3.0844372929269035,3.0117460317460334,3.142006237589571,3.1493249988686727,3.078910970197833,3.378612756729126,3.1095634920634905,3.0035143783685445,2.990429251015037,2.851964628445497,3.3198154554841057,3.1054365079365067,3.01677094356261,2.917337295105565,2.894068566392855,2.8441839269265334,3.0088174603174593,3.110376213292879,3.030656847349898,2.969668429526528
audio_535.wav,2.5,3.4570159317967413,3.0580079365079356,3.0989318767652096,3.3185876426789136,3.3461445746865053,3.780927190113402,3.56054761904762,3.4516358949692276,3.3565619108837446,3.317351598036954,3.961156447728475,3.1917380952380956,3.1558704335787673,3.468364990044167,3.390053019181353,3.735634302828105,3.0957063492063495,3.126365279781947,3.30808840234968,3.297249071246911,3.9715120902881065,3.316984126984128,3.2682093739593743,3.587646421523777,3.44437614274575,3.854658842086792,3.2801428571428577,3.3378184022767345,3.505419991683505,3.427107802891353,3.6435899454468648,3.4357539682539695,3.3255988841405504,2.944587454636977,3.1054602905843987,3.5681813328853944,3.3280238095238097,3.256942082608749,3.291940565035381,3.2699163284676103
audio_363.wav,5.0,3.98228719697916,3.808738095238096,3.8333803881303883,4.0873504973006325,4.018759335759665,4.514709470408102,3.9223492063492054,3.813359003650671,3.8895910941065073,3.982589424749763,4.894834200541179,4.413428571428572,4.404352392977395,4.588371245048307,4.69016113055278,4.7344950931623355,4.233158730158731,4.2314430076096725,4.249596596952532,4.460747398309645,4.759624404857166,4.2305873015873035,4.19986409732243,4.359050039172153,4.453203040662836,4.717632293701172,3.9962619047619055,3.8747143627976963,4.417734432044061,4.31444336863176,4.859044556365377,3.9507460317460317,3.956107406482405,4.070773837642696,4.062512203379096,4.926524592853493,4.222166666666666,4.1455832932499606,4.415604313087518,4.583595551460527
audio_5057.wav,0.0,0.0714534668175492,0.0014285714285714286,0.0023412698412698415,0.016787536360059387,0.02426712328054895,0.0,0.0012698412698412698,0.002592592592592593,0.05524804995492807,0.08481356350583935,0.7602686087290446,0.005642857142857143,0.05783333333333333,0.00059329857158491,0.014475793150804802,0.7454728811469681,0.003968253968253969,0.047731481481481486,0.06526255158827554,0.06849124239410674,0.43343766696459207,0.007047619047619048,0.07266137566137566,0.08913290567472919,0.058267776936065364,2.359492858250936,3.321055555555555,3.2182573753407087,3.1614291289611884,3.1240838582431376,0.0,0.0022222222222222222,0.0021296296296296293,0.05413070697317821,0.07902448115063682,0.07267197621167594,0.00653968253968254,0.04602777777777778,0.1037174100659709,0.07043915387475118
audio_660.wav,4.5,4.206205683824364,4.250507936507937,4.064647206188873,4.112586306799613,3.9696323412011707,4.540741845385822,4.413309523809524,4.359543253043252,4.341229329300696,4.318738706727378,4.511665026346843,4.439833333333332,4.421923921757254,4.554958516196044,4.508812408822563,4.690571128034574,4.502611111111111,4.470111995257827,4.582573592437261,4.52766455007895,4.802602211351817,4.516849206349206,4.3981097683181005,4.516872887169339,4.431283025610525,4.697732289632161,3.5411190476190466,3.565207325082324,3.8491726105874506,3.907496947406962,5.0,4.306952380952379,4.245902756194423,4.263495887348104,4.208658430898197,5.0,4.528809523809524,4.403173120089787,4.497481610945648,4.384328868063817
audio_293.wav,5.0,3.371845182819005,3.9693730158730145,3.88408001566335,3.8417165450711632,3.8925268344421067,3.966620977596225,4.539111111111111,4.636562089145421,4.5341294536056935,4.572580558536554,5.0,4.625095238095238,4.625957231040565,4.818024640682906,4.925385378946523,5.0,4.589325396825398,4.553049583132917,4.706473699288413,4.725028963457728,5.0,4.70031746031746,4.7367954144620805,4.785737443437417,4.832960650385886,2.817112843195597,3.080031746031747,3.1542812835312835,3.2994732463923526,3.1613176879247313,3.681953504122283,4.462253968253969,4.515166867083535,4.590065286476976,4.712877377327673,5.0,4.702555555555555,4.685333919938086,4.770044638867091,4.79067251861984
audio_74.wav,4.0,3.2491620689201066,3.6080476190476194,3.720243245951579,3.3915643049772974,3.3810929547272752,3.1552756723987323,3.3702936507936516,3.458997446997447,3.5106651941728306,3.5679902629978684,2.8435850143432617,3.3774841269841285,3.235535515410515,3.159768503071907,3.257027200127736,3.1254450698467533,3.346595238095238,3.310426787718454,3.4009260689319043,3.4478422093878933,3.2433064176758353,3.3333333333333317,3.3797416426166422,3.595758869991412,3.526068093164193,4.43488883972168,3.7329047619047633,3.689470117845119,3.9877156680718655,3.7935859482656427,3.7406459423795817,3.578579365079366,3.6952063769563765,4.1108932672373255,4.020795604726401,3.850752337827073,3.3850873015873018,3.380390452140452,3.662549033845519,3.6569156942415657
audio_215.wav,4.0,3.9286523366104507,3.904698412698414,3.955705979205979,3.9205204590799645,4.00956920822812,4.477779783535832,4.443039682539681,4.474970473970475,4.401224435550435,4.487232220925765,4.116096178690593,3.971555555555556,3.892840084298417,3.871318901576272,3.9520389169240526,4.08972074371004,3.997619047619047,3.9222214621797953,3.8698417766869433,3.966409338605159,4.2869600462278585,4.179484126984128,4.258594225219224,4.49576582362431,4.449317656500868,4.523980617523193,3.258047619047621,3.390276926776926,3.457176498786924,3.5999409134627083,4.304864911529806,4.415912698412698,4.397701403534737,4.39058100706117,4.408618287577974,4.395435926107751,4.146388888888889,4.223258197049863,4.5110720366571115,4.453072941063855
audio_228.wav,3.0,3.0847665990846544,3.2786587301587313,3.308289107497441,3.172250550378486,3.1919352113417645,2.7171396628168445,2.847746031746032,2.8975529008029013,2.817348727771799,2.770611585080829,3.2859195868174234,3.2513174603174595,3.425163527830195,3.3553094234791723,3.3602689797964853,3.2132233631720033,3.29047619047619,3.3974126005167675,3.3275260509778026,3.27569287583766,3.1805684414472375,3.108857142857142,3.1123121292287963,3.0850602723535445,3.1251539551985164,3.3499231338500977,3.6919285714285723,3.5950661175244503,3.700355534648548,3.6186305671603454,2.831973473211475,3.242626984126984,3.1552061765395103,3.367306368358575,3.2510434035293643,3.0143408248968124,3.2551825396825396,3.317353962395629,3.364724134063298,3.258391569532442
audio_602.wav,2.0,2.4183948174480796,2.4704841269841262,2.591821949655283,2.614680439714913,2.555055773227778,2.968714336192631,2.639158730158729,2.535566371899705,2.7627480640685924,2.7404643755139957,2.9719009399414062,2.5785396825396827,2.6021353415103414,2.501916115670886,2.610464501733919,3.0985411725139067,2.4990317460317457,2.5625599462266133,2.463900419705546,2.638168535119886,3.054740215650766,2.5631904761904756,2.5329096721180044,2.476664226678189,2.616806407484148,2.221322456995646,2.8586428571428577,2.843138989097323,2.488637159178188,2.5168667496570247,2.5016085949339697,2.738285714285715,2.6339044335294335,2.6949616594690813,2.580471118080293,2.7210626629003087,2.5938095238095236,2.566714486131153,2.540682693963421,2.679533384108286
audio_396.wav,2.0,4.171630974753907,3.538150793650795,3.7126980719897382,3.5775413854461315,3.607280279556456,3.537413179383194,3.214912698412698,3.0988971368138043,3.0418223491338368,2.997078099921723,3.110707918802897,3.7858095238095237,3.982641233766234,3.8964870490636883,3.8049587283272053,3.316692170071555,3.8478174603174597,4.003101611351611,4.053417028496447,3.9609246380015897,3.305865025055312,3.494785714285715,3.3896027182693858,3.296574772713712,3.3309634704034736,3.210026502609253,3.334912698412699,3.233064537314538,3.4139621514041045,3.249113578734376,3.4436067384852596,3.127436507936508,3.0071811367644696,3.1569074788497162,3.1066035514988517,3.1763155798812606,3.5107539682539675,3.336847433430767,3.1932108757024182,3.2818211070702823
audio_576.wav,2.0,2.850948289032646,2.7344365079365063,2.811290050998384,2.8736333994142043,2.7978066489823967,2.823840140980581,2.6336666666666666,2.6071636958720283,2.4034688568995466,2.498890713905208,3.0226966540018716,2.7954206349206356,2.8674201045867704,2.841933152543252,2.871012843094464,2.888419897374387,2.7134444444444448,2.8658366140032814,2.831349834537459,2.7658351091131936,2.9615182414311447,2.7016190476190474,2.648857142857143,2.570279452680356,2.60234788551015,3.2141777674357095,3.631865079365079,3.595473328233133,3.6904961243471175,3.742304791856584,3.418861561456577,2.991452380952381,3.082684503767837,3.2053495716459355,3.140775980638402,3.163663079692899,2.828373015873016,2.8090964390547715,3.1069270467368706,2.953009678548345
audio_5040.wav,0.0,0.501561192671811,0.07038095238095238,0.1325467372134039,0.00720345214711767,0.016640588447458436,1.7312713237306216,0.09356349206349207,0.11261022927689597,0.3936367381826312,0.432928703946118,0.0,0.008452380952380953,0.03594907407407407,0.0009874203224832655,0.0,0.0,0.009722222222222222,0.050555555555555555,0.0014512439518093061,0.01533755129936476,0.2689630208039205,0.02051587301587302,0.06281746031746033,0.17316817436282905,0.1097530321878883,3.0259745915730796,3.781277777777779,3.7753386906303574,3.849679797706274,3.6800644436540573,0.6228798317538461,0.09369047619047621,0.1299263668430335,0.38418313672578036,0.39962311338136614,0.14829207599451774,0.005,0.07078703703703704,0.15028891412613868,0.10061101144118584
audio_198.wav,4.0,3.662562283885851,3.518253968253969,3.4763434250934253,3.4571520772547957,3.48270958582045,3.225333164320507,3.0678174603174604,2.914048929465596,2.944822934689204,2.9738972406410373,3.8485728104909263,3.825531746031746,3.7275779267029265,3.7199265849422223,3.7515114235710385,3.8643745128546905,3.7829126984126975,3.7156035923952593,3.7703088530150666,3.7989164322292535,3.6202165361914793,3.394825396825398,3.252088118671452,3.033160154643751,3.1286585202062045,4.009047349294026,3.297555555555556,3.3366785853035856,3.2923861214500394,3.323809850685491,3.2049586247760318,2.890682539682539,2.8064843011926333,2.726176189945629,2.6466255727638575,3.5453384569456947,3.219746031746031,3.1755091883425215,3.0251388105135764,3.0210068641667926
audio_600.wav,2.0,2.5932180459120353,2.4788650793650784,2.569974258765926,2.6090008625114787,2.599796685792901,2.6278433530761927,2.569539682539683,2.525611544319878,2.5090302611777475,2.5011878497288254,2.7844216028849282,2.4461984126984126,2.549105684439018,2.5512231673675063,2.6285153421534937,2.9499711333061707,2.433619047619048,2.5404634316300982,2.657868714098585,2.706040778324676,2.7390273807915535,2.451039682539682,2.430034351451017,2.4032377323042855,2.4798916112892457,2.8917203744252524,2.9621587301587304,3.042995276328609,2.927494205216442,3.0796833446245113,2.7952454425476994,2.8182857142857145,2.7238315958732624,2.6760253693287432,2.5809751340926783,2.5955394844250153,2.5411031746031743,2.528113556196889,2.562881370299908,2.6229205684455983
audio_710.wav,4.0,3.6195939294359882,3.5038412698412693,3.4389793493543492,3.5442877417475227,3.5299350105328453,4.021885166443705,3.364047619047618,3.2868604697771366,3.3724939328409698,3.4491400494847873,3.8615508874257407,3.7419603174603178,3.7120443846277174,3.623808194038331,3.626380499197726,3.9269792680126603,3.7379206349206355,3.7054372864789524,3.657161554196733,3.655298984426123,3.938514581672725,3.636079365079365,3.6870120712620706,3.7959452193078698,3.806444147164662,3.699942191441854,3.729642857142858,3.6603605854022523,3.7387662003166806,3.7564396676404486,4.2237377637768185,3.5459682539682524,3.5995541187207842,3.706157307504057,3.867588459391514,4.248278759114276,3.737976190476191,3.71070584816418,3.971575855252198,4.01028911974152
audio_246.wav,3.0,4.076422005829063,3.9406587301587286,4.091215051923386,3.999020756546654,4.039531592182693,3.875280505996132,3.222293650793651,3.048168349397516,2.978228688295902,3.002282200405082,3.75256617863973,4.117515873015874,3.969795534712201,3.9867367199531425,3.883544491642541,3.7499337051381034,4.117103174603174,3.9741469872719875,3.8471319001330713,3.936384564513194,3.786825215565651,3.6259841269841266,3.489467438425773,3.3617123428026843,3.3881341239307585,3.154819885889689,3.525142857142857,3.5696639109347448,3.3908253434994697,3.6108718854497943,4.166973770273959,3.243642857142858,3.1560955448872114,3.116951649107943,3.2546112730906906,4.094098892944543,3.587119047619048,3.51913395863396,3.397313167047084,3.4953193402766605
audio_490.wav,2.5,3.364662951753543,2.894111111111112,2.97258462679296,2.737530565271946,2.7184853636186994,3.084178019969285,2.9595555555555557,3.0584322190155526,2.934930525002287,3.035532921541042,2.3159469763437905,2.681031746031746,2.7267739528989527,2.37408833697126,2.405820491403737,2.2900850394359384,2.743357142857143,2.7584839466089472,2.5597394474676265,2.557401368865274,2.398327748083198,2.765515873015873,2.818103334936668,2.743842685066406,2.6206859438832684,3.9919844468434653,3.3188015873015875,3.2633688996188996,3.346436858804001,3.398986474688941,3.739593521541579,3.0728412698412693,3.0887422639089306,2.9856263788183086,3.0685794639343573,2.9382251803439297,2.8236904761904764,2.846022374230708,2.736895659138358,2.663313506251591
audio_657.wav,5.0,4.481451998070875,4.394825396825398,4.385680376722044,4.6608165938553805,4.510990776135859,4.851964709770967,4.330031746031747,4.1913552126885465,4.492849164408998,4.440739251731255,4.536536852518718,4.534484126984126,4.601205467372133,4.743703523864741,4.708172498570035,4.913261616434284,4.635460317460317,4.636711826753493,4.843470842873207,4.720996097858243,4.951345624464767,4.5246111111111125,4.298527244360578,4.612858766861402,4.690562750692487,4.648465474446614,3.588595238095239,3.5868918658501983,3.955978671077028,3.989732910939478,4.985511442747697,4.205039682539684,4.087591662966662,4.540895541475342,4.419245963553607,4.933780086835902,4.480690476190476,4.244132629715964,4.620583908727435,4.563256804954459
audio_688.wav,5.0,3.5532555958541963,3.29123015873016,3.3813019804269797,3.227395490088392,3.211924967838796,3.9711766886364726,3.209785714285714,3.438702561327561,3.249396874429896,3.283414301089792,4.138998190561931,3.6973412698412695,3.8169831449414793,4.015470763794943,4.0383756353324864,4.027876996094547,3.752682539682539,3.820312795229462,3.7953432491234387,3.905790522154618,4.07004922916099,3.565031746031746,3.7242744107744117,3.5863568971484843,3.6659981016613457,3.589893341064453,3.9902142857142864,3.907949579741247,3.8976475511108273,3.954319266751908,4.297890420582971,3.6588650793650785,3.8158444965528306,3.570093810654107,3.7581299477544814,4.150182641174875,3.67015873015873,3.8324433174849837,3.635025100345843,3.7498561639322747
audio_698.wav,5.0,4.144555226702898,3.9460714285714276,3.916813627050147,4.370345920210991,4.30732976351381,4.300073478960527,3.6571031746031744,3.6461488650238647,4.04107746582734,3.9845543795810223,5.0,4.6822301587301585,4.654438646230314,4.872733576168872,4.860984161157128,4.960241561662382,4.68815873015873,4.666170935545936,4.725568636897921,4.8866472039646505,4.966729798156082,4.400674603174601,4.172201973951975,4.55667206423438,4.564352642995897,3.892139196395874,3.839857142857143,3.829882000715333,3.998970905427843,3.8286397031718926,4.292653280484115,3.802373015873016,3.835086529211529,4.141583075405026,4.20065459485676,5.0,4.3612142857142855,4.203915544332212,4.500229757749506,4.547601749838354
audio_499.wav,2.5,3.389832827680465,3.2628253968253973,3.276192406359073,3.1301864997927775,3.102438884587562,2.5302448228736747,3.006269841269841,2.9909928312428318,2.9236756265870665,2.8759684176198443,2.0051414171854653,2.98215873015873,3.0014007921091252,2.6767984494060024,2.697926954090006,2.1663672442584083,3.058301587301587,3.0764225866725865,2.763935479443063,2.8034796318485466,2.0976284747011227,3.0001349206349217,2.9878991409824747,2.7224393064416623,2.775610527026188,1.9627753893534343,3.037269841269842,3.0917270738520735,2.7566509894319613,2.7898577442953365,1.7921398076982584,2.9252301587301583,2.9585849366682715,2.695824436232922,2.622481950855764,1.9075828987531391,2.928952380952382,2.998960668960669,2.8864232994746537,2.682197996179666
audio_463.wav,4.0,3.0298179623446786,3.006880952380953,2.8384993802493805,3.1370279811921975,3.052221047960362,3.570657136568635,3.497452380952382,3.3835724830724843,3.629651171038525,3.449206104672802,3.734932820002238,2.718793650793651,2.7571834415584413,2.845571644441852,2.740957263187551,3.3870763437558047,2.672214285714285,2.7068491662658336,2.670734282558159,2.745907514649332,3.4473574717435524,3.009690476190475,3.151079058287392,3.1161993575630427,3.044473809411482,4.903897762298584,3.6024444444444446,3.6812373583206934,3.886254948382634,3.9530829705174253,4.544419947098106,3.4419682539682523,3.4324378630628622,3.7644329103207226,3.641770438484084,4.377493691638151,3.1141190476190475,3.22035418593752,3.0887767586578403,3.088883648647809
audio_604.wav,4.5,3.4924702671652548,3.677,3.5261700136283474,3.295938668531194,3.3937861151902955,3.753525800672865,3.925904761904762,3.9891845839345828,3.755558039761483,3.9102691193488712,4.357428868611653,3.769103174603174,3.7064499859708193,3.866032192626776,3.892102974287683,4.471868134520673,3.837888888888891,3.7021324236765403,3.8184195328127153,3.9605832805039136,4.558774311860808,3.9364206349206357,3.942106446023113,4.2224741942350486,4.224073143105981,4.947000821431478,3.639753968253969,3.7411827431827427,3.8999646777290287,3.81653840225867,4.235335172553078,3.9157857142857146,4.013849223307557,4.006126207902663,4.008752086831489,4.447719396610854,3.91411111111111,3.921959689094493,4.131524111716965,4.101097191608123
audio_97.wav,4.0,3.378477273685629,3.6391507936507934,3.81232848324515,3.922176636491919,3.954304039770291,3.2735096613097165,3.7740555555555555,3.876359888568223,3.9770051969620783,3.9567064806514742,3.830390373865763,4.166103174603176,4.400308197974865,4.350148201813749,4.26054342920508,3.3589665677317506,3.860785714285715,4.1377454104537446,3.9567972185003697,3.9278927097987064,3.359615765408788,3.848095238095239,4.075209287625953,4.145183187426954,4.101397667903377,2.9737863540649414,2.9342777777777784,3.0509582932499595,2.3343277495021293,2.5616862898556363,3.3853458997707406,3.8762380952380955,3.9045790490373826,4.096541870061915,4.020347248559126,3.208620608225892,3.8666428571428573,4.0459241884658566,4.038600120331525,4.066069643596011
audio_234.wav,3.0,3.012812341943602,3.2069444444444444,3.1615021752938426,2.8056828586570717,2.8983276498973987,3.520792595833676,3.344626984126984,3.332082244915578,3.237124935638503,3.169704040114356,3.7651267051696777,3.372936507936507,3.38838474025974,3.379954685727833,3.4870816976959063,3.3970781535747427,3.3721111111111104,3.3000923120089785,3.29195130711145,3.3737503739065366,3.5228678047069386,3.3658412698412703,3.3215292176958844,3.289371541005647,3.344012695703143,4.222133954366048,3.805277777777778,3.8143392695267693,4.021744559340036,4.05085016181608,3.7902031118883706,3.5753888888888894,3.5801979818021494,3.4466622539113385,3.5012620560191734,3.9734878502800783,3.384746031746033,3.4515890297973635,3.4218258456247512,3.4537752876714127
audio_782.wav,5.0,4.061964070286748,4.0248253968253955,4.058678401074235,4.053490320278299,4.000239008955655,3.905420409736896,4.33147619047619,4.410428412636747,4.446289253460598,4.534284876737289,4.990486780802409,4.5195,4.598396165562833,4.725721673095105,4.73341584630726,5.0,4.5410555555555545,4.594638628346963,4.693490050075705,4.761303703216647,4.997260023270501,4.564444444444443,4.6370752611585955,4.856865614598166,4.819906655386382,3.6335692405700684,3.602396825396825,3.4944268046768054,3.430096921539951,3.4646360989737084,3.3828075111597875,4.339111111111111,4.451459068709068,4.4372507497299125,4.402045263906326,4.537055690564852,4.567079365079365,4.606019454311121,4.82753130740189,4.827852961526417
audio_758.wav,4.0,4.026369458778677,3.714984126984127,3.7975676006092667,3.839744298993818,3.897818742905448,4.107119445477733,3.56674603174603,3.245194203944204,3.29646064877736,3.519115829679297,3.4315861066182456,3.94645238095238,4.021925159716825,4.138059620786136,4.0310457535414885,3.724606510119859,3.9396984126984136,4.103694223985889,3.88531954470533,3.981996447630302,3.8948105536767237,3.6267539682539685,3.548267556517557,3.4467759547876504,3.3837193724731356,3.5367050965627036,3.8619206349206343,3.7562149470899464,3.4672286358369395,3.478717254408407,4.6086765015816935,3.8272936507936515,3.6240626210209554,3.8723842702719247,3.8778305782419054,4.24858837499255,3.6934682539682555,3.6009282322615657,3.6248841716172175,3.569692922275666
audio_727.wav,4.5,4.219507889451268,3.884000000000001,3.8744550125800123,3.849619843409794,3.775094613738201,4.285755929461576,4.172992063492063,4.171726867268535,4.233859462273078,4.248679391790227,3.9912284215291343,3.9487142857142836,3.94196121162788,3.9985993330048935,4.000765358058482,3.977450894136252,4.02070634920635,4.013875801667466,4.077196158046497,4.142069071512872,3.8914482048320864,4.163103174603175,4.129508377425044,4.1795931181056,4.076780413339994,3.796904722849528,3.5077301587301584,3.450002825877826,3.6281194376570305,3.679588936932264,4.507148257498744,4.149095238095239,4.138725328683662,4.329773394087177,4.264016358251028,4.236376595251272,4.170658730158728,4.108964446047779,4.174248980188001,4.172075303964095
audio_643.wav,4.0,2.4956343603519238,2.8655158730158727,2.9364748939332266,2.937401950877016,2.879296197153046,2.8101256309132587,2.9755793650793656,2.9715674001924,3.0934522728474456,3.046587680155936,3.1615191300710044,2.762523809523809,2.835542442125775,2.6004755472883505,2.5445619402606585,2.952454632862455,2.8564523809523803,2.8014330407247066,2.673836866500796,2.692944220295456,3.162588302608038,2.853174603174603,2.8506027537277543,2.694690263811914,2.742039025761691,2.7761499087015786,3.35368253968254,3.3525628291461635,3.2517556974245423,3.101046872558353,3.0798191886006343,3.1983412698412703,3.1291698933782275,3.3411470904931804,3.4211434536084186,3.6219419767313856,3.0064285714285703,2.953883597883598,2.8408609747773297,2.8911687770723256
audio_261.wav,3.0,3.8600836400884417,3.739896825396826,3.714098605098606,3.6763698490154604,3.646243996210289,3.6054704316998554,3.7674444444444433,3.5085494829244825,3.5942088249875965,3.548236449258317,2.676499843597412,3.586809523809523,3.549772067438734,3.4571676402845584,3.413469498263487,2.7587584248303556,3.5997142857142848,3.5200352872436205,3.479754947945093,3.417453593149838,2.8038056139995855,3.7516349206349204,3.7017301078551093,3.629658313894191,3.5417269026059586,3.654668649037679,3.8544047619047617,3.8292116802950127,3.806671527188642,3.9086239702900483,3.410851800079365,3.7589682539682543,3.5231827370160698,3.626160621036782,3.642651961843228,2.7494912761418533,3.6921507936507942,3.658656826198492,3.641544361110513,3.626385228444898
audio_205.wav,4.0,3.8860911107082874,4.2211984126984134,4.288360169151837,4.302481010323036,4.30800861156206,3.6695822138282814,3.7163412698412692,3.7737852533269205,3.6540764359531646,3.763010115915606,3.0088969071706138,3.898595238095238,3.9101306517556496,4.014800637147817,4.049532791013914,2.963247595452236,3.9607460317460323,3.9495136838470173,4.036995915299276,3.9851793560674866,3.0081280371748895,3.757626984126985,3.7329137097470433,3.938365932097163,3.8043198688672093,3.1761766274770102,3.8524841269841272,3.737398701607035,3.9099750956139494,3.91030536394373,3.1787237958612464,3.571444444444444,3.6148811327561323,3.626302539406336,3.6718452410927207,2.9372375874127106,3.6868809523809527,3.693369348244348,3.7986820888954598,3.8436482796144484
audio_128.wav,2.0,2.8149674918095138,2.947833333333334,2.9989281906365233,3.0896195975142464,3.144232560728017,3.654550524743499,3.547,3.6991308722142056,3.664697850346734,3.6734459196094793,3.7786507606506348,3.5306746031746044,3.5742965568382234,3.670919019290159,3.812150670860367,3.533716320718071,3.316452380952382,3.400783289241623,3.4778848170368852,3.4205742636048213,3.674144392733807,3.6718015873015877,3.7263497413080753,3.750818510902938,3.755556718925829,3.1300116380055747,3.2336904761904766,3.2089909180325837,3.096951270134103,3.1717848892114264,4.028111279663201,3.541642857142857,3.619068969610637,3.723657158385653,3.7151414005566537,3.3473431883447913,3.634761904761906,3.780964907006574,3.918892473019488,3.7543623294685258
audio_650.wav,5.0,4.0118977213635985,3.9448492063492075,3.870112836237837,4.33153425380224,4.268392279424116,4.317728382482124,3.9579365079365085,4.23754785954786,4.419804330366155,4.343068479586009,4.50162140528361,4.30913492063492,4.363339526214526,4.4481604157554,4.423750671831235,4.760264100066804,4.3761269841269845,4.389283657700325,4.657779434005814,4.61246494989131,4.9658730571861005,4.497460317460317,4.558208211541545,4.709345770266261,4.622732370420577,4.696752866109212,3.8155634920634918,3.76538157367324,4.371436822969341,4.396396584545325,4.500088833864314,3.922404761904762,4.1839494749078066,4.391141711078698,4.374352529047676,4.9743054841595145,4.423507936507936,4.483698441990109,4.725228827368482,4.763983451031341
audio_35.wav,2.0,4.3915850969104655,4.057071428571429,3.952797315338982,4.011780554989687,4.137440617981195,3.2826781405000744,3.3020396825396836,3.0226836620169966,2.9947239139587403,3.0221267086334156,3.5286397139231362,3.329817460317461,3.3621255010421653,3.3313588854029805,3.3605135797099757,3.3544662121793727,3.3394285714285705,3.483804573512906,3.43189447488921,3.320605460059054,3.2366168860683437,3.090261904761905,3.024258664175331,3.0165228043709824,3.080527249873686,3.4605220953623452,2.8890396825396825,3.07966130320297,2.776288207800635,2.8378881091315797,3.746563889053366,3.0985873015873016,2.8366133002799674,2.9135109797063947,2.838117382835556,3.164661638994638,3.0095793650793645,2.9527282686449356,2.9302753239422707,2.897528665897711
audio_141.wav,3.0,3.2775247049072935,3.2664682539682546,3.376766818058485,3.4546409713099044,3.3381321820425445,3.568274632934711,3.556690476190475,3.338183056141389,3.371681207566803,3.322911633719924,3.500995477040609,3.2063333333333315,3.3639894688644687,3.4983676872969127,3.458106993639978,3.4802819986773312,3.199007936507938,3.333553642345309,3.5709737390483482,3.38039802759573,3.2677925017180356,3.5097142857142836,3.540394993894994,3.9299087945370856,3.769765149070743,2.6673494974772134,3.34034126984127,3.3394836691086685,3.477050529081716,3.317641559878784,3.867478174450987,3.540507936507936,3.386967933301267,3.509690015168314,3.599781291744854,3.845336727538074,3.498849206349206,3.5827930295013637,3.8471867144566416,3.6779122774778883
audio_260.wav,3.5,3.5928674893711707,3.4466984126984124,3.333557007807007,3.3185165657274234,3.3082708098461295,3.591113863947172,3.4793333333333316,3.1911609177859184,3.223275557282953,3.230474522796681,4.024557272593181,3.3948253968253965,3.409601811768478,3.351206566664629,3.4528046227345164,4.0113286755774835,3.3944920634920646,3.30521955667789,3.3880168810125095,3.3284815623733515,3.826410496763375,3.390317460317459,3.198088927865889,3.316500480667577,3.2662036619439125,3.7153542041778564,3.4323730158730164,3.477895898854232,3.6408732730234363,3.6244958015410838,3.9299968048134666,3.3958095238095236,3.072983605900273,3.3187547077583055,3.26954937850728,3.6375800954114026,3.3864761904761895,3.2014560886644214,3.243638674825622,3.3131170461786983
audio_722.wav,5.0,4.280550693858175,4.451142857142857,4.352196468654803,4.611358199399638,4.622297302541729,4.628388465363919,4.7546349206349205,4.822953264328265,4.953855210524979,4.946465676044482,4.9502919514973955,4.726412698412697,4.672713220421554,4.772140245295834,4.649238572422257,4.921382144303769,4.732611111111109,4.696489177489177,4.843208321333845,4.785338304217494,4.928888994526675,4.818071428571428,4.764383617925286,4.791709719442896,4.828223046682528,2.934186061223348,3.632730158730158,3.5477785193201847,3.5739544800873175,3.647613009904408,3.541501336777664,4.692031746031745,4.7457191157607825,4.764574761041373,4.793802075426559,4.241003213023853,4.794634920634921,4.734409391534392,4.77451586552153,4.841301182180021
audio_5047.wav,0.0,0.0987394781743937,0.0015873015873015875,0.0028703703703703703,0.051125175684828585,0.01886039066970514,0.016831123515512452,0.003333333333333334,0.00037037037037037035,0.016104279670338447,0.0004452208987009423,0.4794325828552246,0.01154761904761905,0.10296127946127946,0.002579023538965898,0.008129692931949954,0.33463153639766824,0.054396825396825395,0.06481944444444443,0.0003761682454099438,0.007300060679337538,0.2831081524753299,0.015238095238095238,0.07690740740740741,0.0,0.006670902476652799,1.8719396988550823,2.773992063492063,2.9987745572328905,2.4507383333019503,2.351411679359801,0.43664187006233296,0.010476190476190477,0.0020370370370370373,0.049751190419451814,0.03539018611673745,0.36339201574294383,0.01615079365079365,0.05725992063492063,0.0,0.00835217046342321
audio_324.wav,5.0,3.7428247597503232,4.137833333333333,4.055997895622898,4.091557142963463,3.9731691576053834,4.355104155358602,4.492920634920634,4.5327933547933545,4.721324469289665,4.741321530971411,4.691511631011963,4.777626984126984,4.756590768799101,4.8405879942877785,4.940434119646078,4.746255240773052,4.79552380952381,4.7289010865677525,4.852602186516735,4.84853466614629,4.742103210551579,4.830015873015873,4.790816859066858,4.919161020720834,4.945804120288444,4.402559280395508,3.6800634920634923,3.620236212861212,3.4394032219680852,3.746849856958453,4.095466604564371,4.416357142857142,4.475478876062209,4.689228937699629,4.650229706945901,4.627695961334754,4.8013015873015865,4.731703743787077,4.90411863436725,4.907391626344142
audio_279.wav,5.0,4.7903631013253865,4.52684126984127,4.483480018438352,4.8890002218504724,4.983971239400804,5.0,4.755007936507936,4.707178952220619,4.902538569497007,4.889170996952086,4.888970057169597,4.363000000000002,4.472479818021484,4.591794067267098,4.560219315132385,4.854228760655385,4.556349206349206,4.5170827043327035,4.554630138860502,4.6562322621119465,4.924077384541653,4.615333333333332,4.63977318823152,4.7497159455093225,4.809948816185173,4.006836414337158,3.4991031746031744,3.5359659969659982,3.7428206801048725,3.5840670537072015,5.0,4.683936507936509,4.647854156645822,4.718355018547688,4.780266639918506,4.896198800032836,4.601420634920634,4.62629517396184,4.632320051895371,4.712398268642172
audio_450.wav,3.0,3.049721249104683,2.998420634920635,3.0565770417853755,3.1783303155931386,3.05230082369186,3.0114886952407005,2.79304761904762,2.947230064688398,2.8451405875041615,2.770576301676419,3.0089476903279624,3.1648253968253957,3.0946196288279624,3.0855728856564806,3.198543636016819,3.222343557097585,3.179412698412698,3.153493185826518,3.3936275695553655,3.400291113405847,3.028251880697713,2.9036507936507925,2.8992722663139325,2.825145859295867,2.7558856129748457,3.046950022379557,2.876896825396825,2.9111881048327124,2.7563128903855447,2.786774317922568,2.3866930399164414,2.8108968253968256,2.9256143902393905,2.818035236624494,2.673398737271016,2.7364567727615405,2.9173888888888886,2.897725905267571,2.8071806747424515,2.7461641160134356
audio_32.wav,2.5,3.530554929640463,2.982603174603174,3.1040323318656653,3.1745818127928707,3.248646356875996,3.945368804693871,3.677309523809526,3.901414212330879,3.8301327601581217,3.8048583734804424,2.937814791997274,3.224611111111112,3.332836008127675,3.1325018413242685,3.2420617457915752,2.9333079175065677,3.147111111111112,3.298397446689114,3.1953587241091426,3.2552746409720625,2.9760858915871826,3.4992698412698426,3.775976749533766,3.5432325778226557,3.6062299171711936,3.0614192485809326,3.156388888888888,3.1831636681220012,2.883656132315101,3.0504413283214618,3.0475653698174447,3.7467539682539677,4.015762425845757,3.7015585510576976,3.684709148018628,2.658795368727454,3.5673968253968256,3.800936788520122,3.6418933107035016,3.6712893290941575
audio_254.wav,3.5,3.6107724037033173,3.249015873015873,3.1714592151675483,3.200137344893477,3.2680914889973516,3.4318464184495276,3.2763888888888886,3.306665297665297,3.3758906413856313,3.408901339728929,3.419691880544027,3.3850476190476186,3.4787808641975304,3.4540597609697357,3.508876594660047,3.2675922914814506,3.409285714285716,3.4368009428842754,3.433890650137537,3.5111618598664447,2.97731762612417,3.3645952380952378,3.402467998051332,3.5251155933806273,3.5057546925358114,2.2966626485188804,2.9623730158730157,2.811942965984633,2.554696805221831,2.5062085185276,2.499202616335058,3.089230158730159,3.0273579427108834,2.9736033849512737,3.051350833465031,2.6243967587404717,3.3099285714285713,3.3331251094584435,3.397340595716431,3.398245603268004
audio_544.wav,2.0,2.143423484083547,2.9720952380952372,3.0087170021336695,3.042651969189116,2.9071433905272213,1.6071266061032585,2.6775476190476186,2.668923047631381,2.3593819879842637,2.2977566801548845,2.6111287275950112,3.1077063492063495,3.276619921744921,3.419354924785022,3.3173741510241914,2.431851184246341,3.093095238095239,3.2556690732107403,3.163934279412428,3.0749671613884324,2.21080830743763,2.8733412698412697,3.07116641383308,2.8124088796779954,2.8058529662417477,2.6999219258626304,2.8570952380952384,3.0133306415806413,2.543748869160609,2.433002009624419,2.7426549881933013,2.815555555555555,2.7317442279942283,2.372437987577379,2.335573894498857,2.8150918602931356,2.9127301587301595,3.019110289401956,2.807617160812974,2.7857357893558006
audio_176.wav,4.5,4.09279260283734,3.7772460317460315,3.8131652036235355,3.868804690829957,3.824161905892075,4.51455530281757,4.304769841269842,4.2258293974543975,3.9678081765830537,4.099878527722395,4.514791329701741,3.5431190476190473,3.549962333962334,3.871648436844827,3.837019906493967,4.750210656827874,3.6659285714285716,3.5629595358345356,3.77600721599176,3.8000431717119447,4.641477171711934,4.046301587301588,4.188724172432507,4.260419970909633,4.193968373355019,3.527552684148153,3.09574603174603,3.128932593640927,3.3171867565807003,3.3081598037537634,4.037559054937617,4.2913888888888865,4.248623973248972,4.023241749037833,4.0982873724363555,4.70450432064233,4.004730158730157,4.170620831329166,4.2465557655572885,4.132441056190767
audio_301.wav,4.5,3.2161180513039,3.7129682539682545,3.6932725145225143,4.01599948248847,3.863546874352418,3.384872913425274,3.757174603174603,3.5801496458788122,3.9461477333137367,3.8745770855140393,3.9000012079874673,3.684984126984127,3.5508319257902587,3.8112839609760987,3.725298114826016,3.575034392332038,3.6911507936507917,3.584079984829985,3.831293792577186,3.7971547057741684,3.628240068418838,3.6470079365079364,3.494185804935805,3.690760015298315,3.8183107990387817,4.4552351633707685,3.796317460317462,3.7320970218053553,3.8078414509321328,3.773625861344454,3.5076765173418814,3.490865079365078,3.352161204536204,3.559061313495732,3.6207541796913527,3.69542582635027,3.563150793650794,3.4933257945757936,3.7350523299877807,3.622735902864484
audio_213.wav,5.0,4.493610163319332,4.413301587301587,4.288161771870106,4.396950043841029,4.426509028106971,4.660568536011316,4.3401428571428555,4.158805797597465,4.468729358178638,4.4500629328669286,4.981177647908528,4.177095238095238,4.05223968315635,4.200977941693388,4.348737935384012,5.0,4.180920634920635,4.089720618887287,4.219127611298222,4.322789795943161,5.0,4.283960317460317,4.148509348676014,4.444882151882542,4.425857259707119,4.120728969573975,3.4025873015873014,3.3728507295173955,3.5234718796061983,3.483946962178815,4.436933578507553,4.071571428571429,3.8933283244533237,4.078368499725608,4.066946639160866,5.0,4.162436507936508,4.080526587609921,4.266607022345675,4.306245985201227
audio_295.wav,5.0,4.339195418639867,4.183126984126985,4.066374018728186,4.236358010770742,4.33774210591339,4.9925847503979,4.728539682539681,4.812969195927528,4.855923215179848,4.9234606161955,4.708797454833984,4.321079365079366,4.369234708193041,4.520291681961162,4.6225403001238625,4.615255174772671,4.409285714285712,4.364522727272727,4.542312868659747,4.55524541655723,4.699898720763371,4.648373015873013,4.648664121372455,4.877432179779503,4.829717252294729,4.745626608530681,3.7984047619047607,3.7145949636782976,3.88708233498947,3.950539477018101,4.178593138730897,4.650246031746033,4.710460533293865,4.661006862844967,4.707249305040754,4.1011994295726755,4.658126984126985,4.65634279300946,4.695973250049579,4.811102673284996
audio_40.wav,3.0,3.553622367597829,3.1618174603174602,3.099683825433825,2.987507739526894,2.998269038053605,4.0087912688344085,3.4387222222222227,3.467536730245064,3.6114218001376224,3.637172782469918,3.605838139851888,4.130428571428571,4.142801209139443,4.267064389054929,4.2903718485669105,3.866971589000215,3.7662936507936506,3.8820789719539714,4.050021866357237,4.045339126028593,3.898651271454208,3.753436507936509,3.749209656084657,3.6020647473857093,3.755137791957104,3.267413377761841,3.073230158730159,2.9872883335800005,2.9720008178823654,3.1357437789081364,3.45386104087668,3.292238095238096,3.3115275742775743,3.372980974970183,3.5011342406108716,3.544818330268081,3.7016507936507934,3.7348868646785314,3.652725931055272,3.6579394342921554
audio_496.wav,2.5,2.3340280678386325,2.564753968253968,2.654100234641901,2.4319211595133687,2.6225999603418426,1.5183497061424986,2.3348095238095237,2.3416318342151676,1.9764322635213725,2.024853621869113,2.462874174118042,2.3919603174603172,2.4574604777938114,2.405573947996596,2.472900164608694,2.082111331274333,2.373246031746031,2.4660567179733843,2.441092740313484,2.391477446986688,1.8646855676250815,2.3180952380952373,2.3471949254449256,2.138338220491194,2.187337295922101,2.9910546938578286,3.0302857142857142,3.027335704419038,2.9339571133674767,2.9164735715177734,1.8156463909125715,2.536603174603175,2.471580226871894,2.1554514576447987,2.330589175957668,2.483152144520016,2.3546746031746033,2.3527640692640697,2.231713777193638,2.221786773461471
audio_45.wav,2.5,2.874849122811275,3.3283571428571435,3.4837360556110553,3.3044958774100146,3.196064026485064,2.6362095521999174,3.138,3.0332545772129103,2.893352222735562,2.8956670610617987,2.5519357522328696,3.383825396825396,3.33381854411021,3.4056837499567103,3.221691962401145,2.097143942073678,3.3433968253968245,3.306809491434491,3.415522459183945,3.16732295122291,1.809537389559794,3.1863333333333324,3.1446125032375023,2.9493057582406497,2.902657062359865,3.827437480290731,2.9580476190476195,3.039482967649633,3.346893925527405,3.101266211121221,3.184876343211092,3.10988888888889,3.137100643183976,3.055527466241529,3.179330388381309,2.0851140409992768,3.2059761904761905,3.0641191961633143,3.02635353424337,2.9413660440266676
audio_146.wav,3.0,4.558488252889908,4.179492063492063,4.160458760375426,4.162346476900838,4.197793252596313,4.3508650900844374,4.262912698412698,4.150543655418654,4.592137094576482,4.589235906624967,3.5954981644948325,3.6990555555555553,3.6613506956006945,3.817381673139955,3.66932189906065,3.590923482681364,3.7373809523809522,3.666295514670514,3.7830386711635664,3.6220543097249966,3.6196032067990345,3.9084126984126972,3.8798774635857955,4.091643156501014,3.960573334922069,3.776329755783081,3.8244761904761915,3.742757475549141,3.835453455546229,3.9157971162975667,4.544759238868543,4.171007936507935,4.004134692468025,4.449981570064723,4.367736162771284,4.034896619420989,3.90897619047619,3.902422999839667,4.005317862802815,4.076426287735829
audio_415.wav,2.5,3.3032789390782846,3.2141507936507936,3.1754278406778416,3.309990379020903,3.332939576292828,3.422135848736323,3.392928571428571,3.540054874138208,3.4698084519055548,3.624918452398809,2.6788817246754966,3.093492063492063,3.207719877344878,2.951399624104784,2.9616551036969816,2.820617842899043,3.1766428571428578,3.213718294051627,3.054076961539971,3.205845300040545,2.814774436230542,3.187936507936507,3.2627397864481194,3.0053074631386827,3.141893990104803,3.373517115910848,3.074833333333334,3.0375749898249897,2.968270577928718,2.866481502230332,3.8577761028378146,3.391857142857143,3.54708362933363,3.5400316315677585,3.520085682067254,3.100386650838665,3.2574920634920623,3.370067225983893,3.0917258458412316,3.1820619547337876
audio_595.wav,3.0,2.3741133610616916,2.68413492063492,2.6624162646540097,2.8030108946201935,2.6216459799664364,3.3823743665692825,3.2596507936507932,3.4920435629185627,3.474853606056293,3.5092392101876992,3.58091934521993,2.83920634920635,2.982742791159458,3.167955481118117,3.24198145971661,3.2765817560758688,2.8133095238095236,2.948820657737324,3.155678277908468,3.1800198113052542,3.4935312230678472,3.11084126984127,3.346868774743774,3.46087993784961,3.458657163060885,3.520453770955404,3.3026428571428568,3.347744631911297,3.552919753656875,3.6919795528891477,2.7450569938748006,3.3000079365079364,3.5274805102305096,3.448984467433388,3.381039214906293,3.4316319324020697,3.141047619047619,3.283407866824534,3.368030044761729,3.4896267184470333
audio_783.wav,4.0,4.337571544353229,4.009380952380952,4.008092238008904,4.164835784765732,4.225563390142237,4.413163001521828,4.153714285714285,3.820698893698893,3.936166895240406,3.8587828074568478,3.729761838912964,3.8613968253968256,3.8683538560205224,3.7001473865626964,3.8517629725983498,3.4331722951070525,3.8469126984126967,3.9010383859967193,3.78581335139973,3.8364062407272796,3.620801389883656,3.987230158730158,3.8931151996152003,4.038755364250452,3.978520083398903,2.7663541634877524,2.99918253968254,2.9662024441607766,2.532403664488817,2.316165347057405,3.5926822140764103,4.0068809523809525,3.692259051134051,3.6901010199774054,3.679728437681763,3.1768600823107676,3.888492063492062,3.8688448511365183,3.868026367786745,3.7563693622996723
audio_673.wav,5.0,3.091361153175443,3.286444444444445,3.213388207471541,3.251098555736568,3.252052748908303,4.46434313452681,3.9846111111111107,4.125449840283175,4.335518733139959,4.240043977196671,5.0,3.570539682539683,3.3753534628951303,3.8120797351704536,3.694982294953616,5.0,3.5306904761904754,3.421848051639719,3.6991988625109022,3.6954502047497875,5.0,3.769714285714286,3.799026595318262,3.9808554670039302,4.108203275239118,5.0,3.5924285714285715,3.496785746660748,3.9363174546507422,3.7888046381199323,4.2042713229191975,3.946563492063491,4.1000605983522656,4.209931309446247,4.296853449911003,5.0,3.787809523809525,3.771477092352093,3.9816853330157307,4.113875424197947
audio_48.wav,2.5,3.114438191346465,3.4207142857142863,3.5326162001578663,3.335481014667644,3.4306145503571166,3.1751192794325434,3.5040158730158737,3.6537041970375306,3.258191999531126,3.3401969064885253,2.4701197942097983,3.168452380952381,3.157037157287158,2.766005266345978,2.7689239574287825,2.7161055261030627,3.206079365079365,3.1867047397047408,2.920568167292791,2.835012253852246,2.870052593494034,3.187992063492063,3.3361403596403587,2.90330244100333,2.8868872519009643,1.763463020324707,2.9785317460317464,3.072639363722697,3.528986625106081,3.3770864385256423,1.7443495394604351,3.3627936507936504,3.4917545263378593,2.980948603341807,3.1471858667638215,1.895179147534517,3.195468253968255,3.292475516767183,2.9881663120652218,2.9551834774001384
audio_777.wav,4.5,2.7850019940202255,3.1314920634920633,3.0269257501757494,2.7390763854620226,2.8056041336125292,4.011235281993503,3.589944444444445,3.6477627295543957,3.7199530288234706,3.728801837532309,4.763206322987874,4.504388888888888,4.492790383998717,4.847048734187188,4.822126286524193,4.472172560573718,4.458833333333332,4.425273769440435,4.756635220983688,4.783014645279805,4.709728132041872,4.23070634920635,4.263508030549697,4.495289939740725,4.494468396963729,3.7963785330454507,3.137904761904762,3.37638566988567,3.1666033613371094,3.09001625536153,4.343444575745632,3.5155238095238097,3.5889653579445255,3.5661795795207034,3.700218777905789,4.420119805425796,4.198531746031745,4.211327020202019,4.388356421998725,4.440482888579166
audio_330.wav,3.0,3.1791834742330614,3.3977222222222214,3.33113524746858,3.1657345481617223,3.187144121997895,3.2970628704000045,3.044063492063492,2.976794091710758,2.969794426906977,2.8864437738427697,3.0322250525156655,2.992111111111111,2.9862812974062973,3.0551922025500793,2.9385867926297577,3.07738023418176,2.9898095238095235,2.999917287958955,3.0162701587593115,2.8746099860897907,3.2403450470106123,2.9311746031746027,2.9753715173715176,3.0085147702205117,2.9173079259077332,4.009936491648356,3.4034365079365076,3.422724092265758,3.317553505346232,3.489279898785791,3.4112759406779087,3.0035158730158726,2.9986906966490303,2.8922206530994132,2.9504316500514114,3.3753914778206053,2.954428571428572,2.9458999688583023,2.9228845911747414,2.9627864910262485
audio_200.wav,3.0,3.5014060259728823,3.5622777777777777,3.4901645422478764,3.3803267760888858,3.2916776611063874,3.704718071757556,3.4809444444444444,3.3788432000098667,3.3412334838999325,3.4387716466646316,3.325716733932495,3.6816269841269844,3.580408707033706,3.568404859232094,3.636040024365984,3.248373503470654,3.6471587301587305,3.5220957992624657,3.48557745127316,3.5093916789403856,3.3689379006963214,3.5284920634920645,3.4159824635241303,3.645897643957104,3.596902694972975,2.9470509688059487,3.6505634920634917,3.477347239180574,3.2472814322248724,3.2542379973743576,3.3015085206202612,3.7086666666666672,3.599356700398367,3.5927079413843397,3.5986948201504116,3.2019623742452175,3.5217063492063496,3.456246603704937,3.7802753831853386,3.6241982321677653
audio_259.wav,4.0,3.008998541265814,3.191626984126986,3.1384129712879716,2.869652738634175,2.822450195587669,2.980574553684676,3.2417301587301597,3.288631932881932,3.0537425315432394,3.114283109684328,2.8869415918986,3.12281746031746,3.0313144170644164,2.97376434734439,3.1775452395373383,2.869281784960829,3.1118730158730146,3.012276470443137,2.8752847006761098,3.0137072679998815,2.8898445174077856,3.096515873015873,3.1514855114021785,3.064631068617007,3.1642329689326,4.778919696807861,3.6169920634920643,3.6268929373096044,3.884299840602504,4.1151762673698755,4.72481331012968,3.3389920634920647,3.3823111471861473,3.3952175225536982,3.400505597300905,3.685209304767571,3.1397142857142857,3.20426171051171,3.134893265844289,3.279469871591999
audio_721.wav,3.0,3.6489564965639016,3.3007301587301607,3.3226828773078787,3.5889243634031813,3.6120486562002143,4.0497562788463535,3.454880952380954,3.3457130261713597,3.3203191435889985,3.4177044024930705,4.012909730275472,4.01376984126984,4.00445969616803,4.149120734517113,4.091065544650417,3.7748764610131005,3.9253412698412684,4.020185245310245,4.255425216104519,4.266181984959984,3.9557954967996314,3.876658730158731,3.923521665063332,4.049829897032244,3.9759117779238444,3.2847464879353843,3.5507063492063486,3.60822295605629,4.064204696593887,3.982261765987127,4.259874812018325,3.4762619047619054,3.351659800076467,3.4467789861380473,3.586187719113108,4.005473544742252,3.8945079365079365,3.9324356060606056,3.928825133319292,3.977450439211301
audio_223.wav,5.0,4.423646668232525,4.340357142857143,4.33859778338945,4.560030462785506,4.539172654939371,4.272244238856438,4.16235714285714,3.9840657228573906,4.114303884915088,4.160269915535653,5.0,4.680309523809524,4.65949564478731,4.8134487313806025,4.899263206618809,5.0,4.730555555555555,4.655508759758759,4.837206563179521,4.892219516895966,5.0,4.651055555555557,4.4985682219015555,4.739271848487263,4.800224162768251,3.518410841623942,2.996396825396824,3.164460268126934,2.9451122990957983,3.2765573841716127,4.303580356017636,4.028563492063491,3.7651187469937466,4.076312122848875,4.088931996431163,4.959215707883205,4.587912698412697,4.457642696809363,4.6429554403770625,4.597291380399613
audio_175.wav,4.0,3.921465840326192,3.9405555555555565,3.9525952273035614,3.970681843661547,3.958907813131828,4.549329963349516,4.511682539682539,4.516068542568542,4.427259900817629,4.407623618178889,4.364093780517578,3.8580396825396837,3.860280523488857,4.169873584634291,4.1833400885234235,4.566668580362628,3.960436507936508,3.8629357818107817,3.9787116049407723,3.992968449014311,4.642290972400598,4.161976190476191,4.201332829207828,4.238405337782522,4.171651105227581,3.372615019480387,3.490222222222222,3.6407050665383984,3.758962924417821,3.6374197421905072,4.062116189654195,4.532880952380953,4.537347162097163,4.411626557032956,4.328005265603004,4.446440754724258,4.161563492063493,4.200890851432519,4.139581365960095,4.083645551382387
audio_400.wav,4.0,2.6781364483305174,3.500031746031746,3.4258954425204426,3.191415043583225,3.1820533232693293,2.3496632424902724,3.075928571428572,2.8744514837014834,2.7125184115780456,2.8066803504935773,3.584608316421509,3.5982222222222227,3.5481714566297895,3.9063336698808886,3.8164521812903582,3.6687419238864565,3.501269841269842,3.4863973942723945,3.777315201721823,3.710418742309909,3.4885457441879146,3.2186984126984126,3.227878592086924,3.439530543694302,3.41783530022891,3.2674877643585205,3.2578968253968257,3.23675598013098,3.251252404273974,3.215252830840786,3.1173145845845505,3.119968253968254,2.938176667468334,2.7258929948116637,2.8627923745837656,3.642789377096913,3.2458492063492073,3.2211659898743226,3.375214187362877,3.4320652004947996
audio_506.wav,2.0,2.5439695837047562,2.8800079365079365,2.8862296407296406,2.736836026336929,2.7543279026252776,2.494342969388643,2.9670079365079367,3.016559970893304,2.960340504870048,2.9276612519851213,2.961341381072998,2.7254761904761904,2.731553445011778,2.6934052960591273,2.672778808116005,2.7826103184729174,2.7395793650793636,2.722741462241462,2.6059572597894993,2.6887855552647473,2.7520278559572593,2.8488174603174596,3.011397969314636,2.8262302366297547,2.80443307720529,2.221039295196533,3.0294047619047615,2.985438490521823,3.15059675811313,3.083913702510833,2.3846314803931765,2.999571428571429,3.037459401709402,2.767953475567881,2.89654158240441,2.724945328662813,2.836285714285714,2.9692381954465277,2.8201331497288358,2.7828549054382345
audio_153.wav,3.0,2.8068223665245156,3.0482777777777788,3.02709607984608,3.1520873327890864,3.1747989342062515,3.339543882440637,3.3724682539682527,3.485640404348738,3.60499117228189,3.580757388607912,3.621769428253174,2.8588174603174608,2.8310191521441523,2.930404655869035,3.0359486123060364,3.628672763428671,2.8933492063492072,2.9120652834819496,2.9655797255734755,3.0473386805638576,3.478731444677681,3.0392619047619056,3.1191831409331416,3.1119436009692,3.2067124692283677,4.014015595118205,3.5436507936507944,3.482780102613436,3.8564137627707624,3.7865168710271297,3.0195705016481003,3.4134761904761923,3.507297466422466,3.523193662648172,3.4681838734563395,2.8380194220068184,3.022420634920635,3.0918719613719614,3.019509268377471,3.0934602193651872
audio_5050.wav,0.0,0.0,0.001746031746031746,0.02277513227513227,0.03043951948742854,0.017361201279322596,0.0,0.011111111111111112,0.019642857142857146,0.0,0.004859283445437783,0.0,0.0004761904761904762,0.02232010582010582,0.0013722681632895853,0.0,0.012896475526858206,0.0011111111111111111,0.03317195767195767,0.004740842594357301,0.0,0.15560671865655942,0.0019047619047619048,0.035370370370370365,0.0,0.0,1.9351449410120647,2.557873015873016,2.55876157330324,2.1941432383185493,2.2775563576676667,0.0,0.006984126984126985,0.02298148148148148,0.0,0.006370525968677556,0.0,0.0004761904761904762,0.03129298941798942,0.0,0.0
audio_281.wav,4.5,4.748979311351488,4.108293650793652,4.15936531986532,4.414457868882393,4.447227444156443,4.9194719766377855,3.9133174603174603,3.9134959114959122,4.260400647421625,4.217125253714041,5.0,4.266420634920634,4.265909854034853,4.65509925087363,4.7375545601566555,5.0,4.3728333333333325,4.286034451659451,4.487038991088419,4.559130907387896,4.877393553701503,4.087928571428571,4.013633156966489,4.318295009687731,4.316439182446875,3.8376317024230957,3.8610158730158717,3.7864423200256527,4.055695709954999,4.149136718922871,4.388031752598308,4.015650793650793,3.9491210918710933,4.222847142441107,4.190573911916336,4.366104103550902,4.173333333333333,4.009028605653607,4.307843127636082,4.3332922047600215
audio_543.wav,3.0,2.97336445458723,2.909555555555555,2.9267334209000873,2.9259237925850936,2.90997661905036,3.144743409751673,3.389650793650794,3.547432679974347,3.425097198970662,3.413306375941108,3.1644794940948486,3.1876666666666673,3.180417748917749,3.140805868037816,3.122200077091813,3.275664398808523,3.1375634920634923,3.193244869328202,3.1472796206820934,3.014885438039587,3.0859998770905013,3.3586111111111108,3.466465067340067,3.4049829662245785,3.3636931568416486,2.514075597127279,3.2224920634920635,3.288486388611389,3.4735349195212635,3.350143825790525,2.7054045040782366,3.404555555555554,3.4498058083891414,3.465092414536002,3.515607805450589,2.9793088200158926,3.3982301587301578,3.4271757517174195,3.3783866797014466,3.3929579575914786
audio_445.wav,3.0,3.4229640088517406,3.2713174603174617,3.3476036101244433,3.4845696030514426,3.451039683348963,3.3547995421446903,2.9540952380952383,2.978595059261727,2.9250109451994324,3.051139720027615,3.2206247647603354,2.999857142857143,2.974493787077121,3.111172295328585,2.996363697084119,3.2066979495541887,3.0227619047619037,3.0258112273528943,3.021013523492083,3.0037420859125095,3.317630389940703,2.8893095238095245,2.916259299342632,3.013596021640916,2.9390846364449508,1.8561242818832397,3.049333333333333,3.0049517719934395,2.570709225591604,2.529298403230164,2.556518593650581,2.9626984126984124,2.860616314241314,2.704249876769353,2.6938124504503294,3.0678932653853885,2.9064920634920632,2.88184656084656,2.9733556030023025,2.8231033767021594
audio_124.wav,2.0,2.4629004856724133,2.7752222222222227,2.7832822409072406,2.6355121806658683,2.6633678253493525,2.8873011566970175,3.0733412698412703,3.1593240864074192,3.066871414518078,3.0011650641139895,2.281820217768351,2.9495952380952377,2.9463673039923037,2.9789809478360048,2.718241513929551,1.971214665060592,2.8566904761904754,2.8279064114897445,2.8122149692351504,2.6970498986391647,1.9920324143894987,2.9034761904761903,2.927776060359393,2.811266798807677,2.7050431226604026,2.2029807567596436,2.750650793650794,2.775007919549586,2.1955866707315175,2.443626895116156,1.8427460178092117,3.010857142857143,3.224871651496651,3.086986274889814,3.0546394713055665,1.3308987082225698,2.944563492063491,2.948007876382876,2.815146064637712,2.8486184577829348
audio_249.wav,2.0,2.8430816215203527,2.8762063492063494,2.9706344982178314,2.9595761837508765,2.958955299268551,2.2430181702215517,2.6832301587301592,2.6772637994721316,2.520805702975943,2.6052653376074013,3.0604520638783774,3.187452380952381,3.0820713715297043,2.9756888909865147,3.085727267464407,2.7032876419251934,3.072611111111111,3.08269877653211,3.0933697706287666,3.001249535362957,2.484101296282214,2.9666746031746025,2.8622417227833883,2.77775339142164,2.8891563613954503,1.0128824313481648,2.6610317460317465,2.714458757292091,2.6127385372296605,2.401735839347083,2.0992357130021855,2.9023650793650795,2.9723807720057724,2.9339993480270636,3.03296845169336,2.8445958791257113,3.0816746031746036,2.958534451659452,2.838063305249129,2.9708477052336626
audio_420.wav,2.0,3.0602033005443072,3.035761904761904,3.0618277848694504,2.9135876270947763,2.902089606691758,3.6235766345334164,3.5027857142857166,3.662187110728778,3.5180384626106593,3.4540311335145497,2.749983867009481,2.6295952380952383,2.713965139798473,2.681724308021089,2.6505245062912572,2.8817807677527054,2.6965555555555554,2.7644629629629622,2.7558795454389498,2.75202896931353,2.9165282597781785,3.024650793650793,3.1609958112874783,3.2757639831010237,3.250877954870663,4.181186278661092,3.770976190476191,3.844244189361836,4.277445492403028,3.995579407008471,3.7614015601005164,3.5829682539682537,3.70054968719552,3.5895021223726276,3.692882134734763,3.1610757933635427,3.1096507936507938,3.233813604605272,3.183932572973466,3.3042571352950567
audio_203.wav,5.0,3.21906706436269,3.8397142857142845,3.852419492544492,3.9389476522155853,3.908211863514662,3.810163636375414,4.114650793650792,4.054166606541608,4.216821308344712,4.108807767917969,4.876990954081218,3.8110238095238103,3.756861684611684,3.9847702245503194,3.993380094261584,4.629468799708386,3.770198412698413,3.774322811447812,3.932216212628136,4.01772987554611,4.418860054047822,4.1336666666666675,4.049756849631849,4.303422127000206,4.231397207688386,4.367269833882649,3.640777777777777,3.635295981795982,4.090576511483101,4.072537323317639,3.981122208298095,4.156119047619047,4.066865574240574,4.158084673137373,4.117784919319928,4.344265709054471,4.06668253968254,4.081907327240661,4.353431527030206,4.22488595769629
audio_278.wav,5.0,2.5179588918384463,3.3767063492063496,3.4026524756108087,3.56585457847796,3.59926077430861,3.3024234222913633,3.4340079365079372,3.479657166907167,3.8559461148092136,3.8716249431378436,3.5574212869008384,4.08343650793651,4.174552469135803,4.341076999907715,4.219066343778711,3.636568111315738,3.8438253968253986,3.887943121693123,3.9948834102757,3.9956254189443268,3.94152048155587,3.788912698412698,3.8583681318681324,4.057323191992098,4.039013153755042,3.4321019649505615,3.59588888888889,3.6385590258506935,3.9144388015278087,3.963958827559479,3.6805352794928248,3.4904841269841254,3.515633818342151,3.8357104307626133,3.885255620956373,4.279825201333672,3.8368015873015877,3.8985002605419274,4.088970163343814,4.112717969012539
audio_516.wav,2.5,3.7330779383763555,3.931341269841269,3.9955209836459837,4.129662195579605,4.032743208643596,2.778782484173279,2.967103174603174,2.9381780102613444,2.934624800490553,2.8860906820777825,2.492013931274414,2.919063492063492,2.9954427192270336,2.721769570484316,2.7242203995196426,2.2151711170254598,2.9935714285714283,3.0698675645342317,2.9159362933268613,2.8561215426384856,2.1524343845346072,2.870246031746032,2.8321979316979315,2.6241495929136707,2.621565326157008,1.7694127957026164,2.5106507936507945,2.60854830663164,2.2103067654961452,2.2201023026376903,2.172915036488168,2.7306269841269852,2.650748697290364,2.6399553064405197,2.506682076304443,1.838698284895565,2.7940714285714283,2.709684463684464,2.478635930286592,2.492723039484662
audio_326.wav,4.0,2.9157700191083333,3.570015873015875,3.5709826300242966,3.3823138828263892,3.4701193928247616,3.3066630103576045,3.566261904761905,3.6441972502805826,3.595738411713878,3.561551680543376,3.1384940147399902,3.5826349206349213,3.5868602693602702,3.532372933787362,3.539927412437993,3.2067036121654517,3.6263968253968244,3.6072911496636983,3.656962518444704,3.584111582877022,3.473032374995998,3.465579365079366,3.5725180976430972,3.53976818628775,3.5198744233495654,3.371746857961019,3.515071428571428,3.5039702781786115,3.6992018787436134,3.827358184028926,3.9180525180714194,3.6196190476190484,3.786414767331434,3.720128846424023,3.74300462186212,4.092411846061201,3.4672460317460323,3.5587784730701397,3.5367607914846393,3.5829495126872266
audio_603.wav,4.5,3.638685217810828,3.8571111111111143,3.827955670872337,4.194321450857706,4.16559149995079,4.210199140725731,4.274666666666666,4.2791901354818025,4.502731494273882,4.521167216520589,4.019406636555989,3.789611111111111,3.616744103119103,4.062902069358789,4.105160609658335,4.470898281284132,4.00657142857143,3.7778359587942916,4.382928273214862,4.316550258036457,4.493182712378296,4.220468253968256,4.248390291806958,4.611606070206464,4.556449986496431,4.1068055629730225,3.518261904761904,3.469576499118167,3.648332344988558,3.715075751284651,3.906967181027211,4.186460317460319,4.295795166253499,4.413451301125866,4.538583195526788,4.697256228847905,4.146896825396826,4.180407708032708,4.584450321541256,4.5893077426103845
audio_199.wav,4.0,3.2853308862787274,3.48995238095238,3.479962514337514,3.344904786589344,3.465903999737223,3.323767205801321,3.6345079365079367,3.7418221685721704,3.7205266823969887,3.6358333725796594,3.86702036857605,3.687992063492063,3.535037610537611,3.625133102453498,3.6203207095445933,3.5785853179756733,3.68911111111111,3.529058002183002,3.536599332767285,3.5189510226990137,3.5740265433724794,3.619230158730158,3.5425043744835407,3.7859847422649193,3.709062663588283,3.6985654830932617,3.610476190476191,3.594485568443902,3.6650122526192654,3.6499026397295147,3.5981397497691514,3.5773492063492056,3.789149577274577,3.99104329613206,3.8595581725812633,3.90494517079634,3.6557142857142844,3.495629045337378,3.7900401829556034,3.747309042869149
audio_406.wav,2.5,2.5761735386581406,3.2475317460317457,3.2360454283370945,3.261108385371531,3.2276508247662985,3.2737398862020406,3.3309285714285704,3.4660621492704817,3.5086689819897985,3.376504554569726,3.290231545766195,3.434206349206349,3.389926232717899,3.6224019836756374,3.5321562064952343,2.8998015802854673,3.3353888888888896,3.3575327064910403,3.4990611909124887,3.4432191729013173,2.9338887934142903,3.4256666666666664,3.462563451980118,3.5604571229546997,3.550289347570681,2.495941638946533,3.419539682539682,3.248059778184778,3.496747994756113,3.573060913530109,3.055470504920051,3.4028650793650796,3.5646634900593237,3.649890086832526,3.6553758791786586,3.2437962345045777,3.4380873015873026,3.5125048408381745,3.531646853853475,3.591705263025487
audio_538.wav,4.0,3.306185393906596,2.963373015873016,2.9602559092142435,2.92170301568804,2.8315298600993475,3.6068149430248906,3.5890952380952386,3.5038678127428127,3.282101271340656,3.3150364646030988,2.6521562735239663,3.14868253968254,3.132287604370937,3.079894020520598,3.1410619854673985,2.7313372206082,3.095269841269841,3.076223404681737,3.1294130338440582,3.001999661698573,2.603311809919314,3.4043968253968244,3.499295300378634,3.4550421799632622,3.4097778375874,3.197843631108602,3.44086507936508,3.502695548278881,3.744544858609116,3.626971832803464,2.947715104426593,3.6671269841269845,3.6983155979822655,3.7298386433662856,3.589042800173722,2.51621331655902,3.342269841269841,3.44354158649992,3.5320067788212115,3.483775600138753
audio_631.wav,5.0,3.4042344541331153,3.6512698412698406,3.6385109026775697,3.6069450088756727,3.734780782107093,4.1896998495781235,4.213849206349207,4.3240291606541605,4.218137266385664,4.1813574291465825,4.476292610168457,4.101738095238098,4.108642087079587,4.504140826495004,4.413279363674982,4.222848699824428,4.009619047619048,4.027185405643738,4.314114778438143,4.133694813635267,4.373653630189834,4.19588888888889,4.184258257174924,4.172863954102933,4.2383626324359875,4.530841827392578,3.538412698412698,3.5404891158224494,4.0748583451901,3.9351714036993193,4.018696628784654,4.308746031746032,4.4049530824114145,4.223001183860634,4.2050024599082585,4.330695475018575,4.123611111111113,4.034823092031425,4.205070378869581,4.246515439576876
audio_5061.wav,0.0,0.21775226235760078,0.03988095238095238,0.001777777777777778,0.017528690132559643,0.020974138769035963,0.0,0.03815079365079365,0.004351851851851852,0.014734623892690429,0.017827450328970512,0.0,0.0,0.028604497354497358,0.0,0.0,0.0,0.013301587301587302,0.03353703703703704,0.0,0.0,0.0,0.0011111111111111111,0.03666666666666667,0.0,0.0,1.7086849212646484,2.9665317460317464,3.0538708898218707,3.006281013577329,2.594801379304194,0.024033690519112305,0.014349206349206353,0.011915343915343914,0.10294727084082596,0.05862878169899013,0.0,0.010190476190476189,0.03265873015873016,0.022470852442287997,0.002395385893932216
audio_196.wav,4.0,2.74950256386855,3.459960317460317,3.420354600646267,3.041788911753613,3.1619828559072736,3.120732718210563,3.4911428571428584,3.587992347159013,3.2921809445682686,3.3520406788436325,4.3602830568949384,4.155436507936508,4.134419339919341,4.423741510136751,4.339470706313997,3.8957431431010043,3.9999126984127003,3.9277746050246054,3.9424678832953526,3.8788557095186413,3.8875568068291386,3.903103174603176,3.8133406008479533,3.661912536110654,3.7891774963807543,2.2094579537709556,3.3652063492063484,3.2847277768527774,3.2790237083418217,3.255991247590451,2.741439620614942,3.4262539682539686,3.5742564857981534,3.1326744155926156,3.280042316893685,3.3603978171574482,3.863857142857141,3.823262956950458,3.7281105979390965,3.8946629245404654
audio_756.wav,4.0,4.099978213893629,4.237095238095237,4.203216129549463,4.284264146764781,4.3942814815315705,3.8109188828552276,4.294325396825397,3.9226201899951896,4.082831138251475,4.160248806806357,3.3889670372009277,3.8197222222222216,3.850922888839556,3.803924547012065,3.824185485752027,3.413750026141921,3.9710158730158738,3.9534285313451982,3.7240981646341282,3.8165242429587862,3.4888553128020745,4.033952380952381,3.8757064278314286,3.864270115229791,3.9140572500449937,2.6394426027933755,3.5301825396825386,3.4787714245630927,3.409235669555406,3.5054418395928244,3.0741568811790287,4.041103174603173,3.706337670816838,3.8471390966927124,3.8770972305237756,3.0700360820086217,3.9959841269841276,3.908791490916491,3.7427552509419058,3.856074990247027
audio_649.wav,5.0,4.13420981880401,4.08436507936508,3.8753089626422956,4.145040997025902,4.165725633180151,4.604044562917611,4.332801587301587,4.297726418643086,4.6152458820895825,4.575161659229917,4.800710995992024,4.512150793650792,4.489273308481642,4.758297491960978,4.80092792548141,4.922902759328176,4.513595238095237,4.467276655443322,4.773403718005,4.77983578890139,4.9556861452656245,4.69284126984127,4.672130738089071,4.9297278015036206,4.864597531513451,4.960635503133138,3.508936507936509,3.582945736362404,3.9748587493545524,4.187912933103702,4.995791710061231,4.143484126984126,4.2213072991823,4.538897241430284,4.466789463743958,4.899611855863513,4.680595238095237,4.667595919512586,4.901217449637137,4.917387521284672
audio_27.wav,2.0,2.8038711024810303,3.4244682539682554,3.5174356708106704,3.13642856718856,2.9186087989116474,2.581603130642749,2.9680714285714274,2.9795859187109186,2.609822776296685,2.6589472338866833,3.139130115509033,3.3368571428571436,3.2326034551867893,3.2363172719076707,3.284909199888746,3.042069125386286,3.3674285714285723,3.2854161255411243,3.1045359394214818,3.1603210585650388,2.8293121671317594,3.144769841269841,3.1468608644441978,2.8848730838456915,3.0377942739882218,3.1727802753448486,3.2085714285714295,3.2501223344556682,3.213784660936064,3.4112655336272497,2.768973468534037,2.9794047619047617,3.025508758217091,2.9804257418483218,2.977230927304209,2.821247348800745,3.112587301587302,3.0621381673881665,2.937605424294962,2.9771385097479484
audio_681.wav,5.0,3.3770121960294612,3.267357142857143,3.0475628846462186,3.468870891342879,3.534917348892266,3.4989073371488355,3.220912698412698,3.1861884118967456,3.6491025627548193,3.531827777721729,4.188569227854411,3.923079365079365,3.930480934189268,3.9695906861654766,4.085287387341155,4.281605711018483,3.941753968253968,3.8255563371813377,4.041432009721745,4.053218457248188,4.220917911147441,3.938968253968254,3.7843064173480845,4.373250627113262,4.1277154993863165,3.159416755040487,3.639968253968256,3.5834344976011643,3.7751210105920783,3.61908247445675,4.230051868202249,3.284857142857143,3.220366041366043,3.439768933085663,3.346808041104398,4.64214424293914,3.876055555555554,3.7753510609760617,4.322232959002018,4.036340175975263
audio_556.wav,2.5,3.6395716707629657,3.5032222222222225,3.485485898360898,3.334091757845408,3.6300998215546314,3.5946626211786685,3.5987539682539693,3.7873619821536493,3.879904330931808,3.950334568866992,2.955816109975179,2.8874999999999993,2.9591344195927536,2.8157462370256225,2.6818803116065273,3.0674126869597207,2.956873015873017,2.9282121952121956,2.8491172396411,2.751049342821588,2.996117775319,3.080222222222222,3.118574575116241,3.066396962220414,3.0525710841796863,1.3062358299891155,2.7613174603174593,2.7740099638016313,2.648648012326126,2.825756612774138,1.423585013590962,3.417055555555556,3.5857049262465934,3.552692938323854,3.535812983996941,1.5941443052656286,3.006071428571429,3.1372755146088482,3.0342827485979833,3.0883508950581304
audio_185.wav,3.0,3.003445743955018,3.075984126984127,3.068834962876629,3.1079027955294047,3.247914392103251,2.8329667238993923,2.993404761904762,3.010818328276661,3.1692270975174943,3.1904290055923155,3.1634673277537027,3.219468253968254,3.376864598364598,3.393843092116016,3.278921424852616,3.3351533045142894,3.289849206349207,3.4657586240919573,3.433657678033525,3.43901237003563,3.209645931166895,3.1775079365079364,3.244425619133952,3.1074451318443645,3.0473218501688577,4.589046319325765,3.4322619047619054,3.4159711322627984,3.352918365603007,3.460014298427399,3.4439144624582934,2.993246031746031,2.997476935101935,2.877210564802263,2.9902117846093383,3.6206736316036463,3.222341269841271,3.260698152156486,3.0547996958410235,3.0799996800071177
audio_369.wav,5.0,4.1729173072615175,4.145642857142858,4.090342345925678,4.298714107808224,4.123703098727231,4.452708291211458,4.4493730158730145,4.515462167462168,4.623136715548986,4.611439271195555,4.4721910158793134,4.638055555555556,4.524842813051146,4.6634194446406685,4.6383423309257905,4.578437827136697,4.689849206349206,4.571132068548735,4.678601412028544,4.688166979937715,4.3965762462569,4.713468253968252,4.613966810966812,4.908175614003352,4.824377372030672,5.0,3.9447380952380957,3.9189032526115866,4.126753756033915,4.174904973257665,5.0,4.391428571428571,4.467085798460798,4.751869123613117,4.701604886533422,4.8936257167141735,4.659007936507936,4.602149851691519,4.872119362997485,4.836853740132642
audio_241.wav,4.0,3.122049610770844,3.9157698412698423,3.835636604136605,4.112357140294372,4.001144980433742,3.7194330061629923,4.4454682539682535,4.442636944845279,4.543242802431135,4.52834543234644,4.813236236572266,3.9544285714285707,3.900684829059829,3.9727414814900563,4.067895064271677,4.621136137433681,4.050539682539681,3.8889513387846706,4.149574235285105,4.138681191548749,4.6063155292516775,4.251111111111111,4.215601460268127,4.385089890095668,4.3860214251266925,4.827108542124431,3.9038730158730153,3.9424206950456955,3.998104342075827,4.09728402337997,4.03760892665612,4.441492063492063,4.439321869488536,4.622334611132586,4.489775408689796,4.395575885356214,4.251150793650791,4.207729477312811,4.39532062674461,4.363334321916919
audio_98.wav,2.5,3.5409839675495114,3.269111111111112,3.2686907421282414,3.4393065561871814,3.2532330592937004,3.371234265382,3.0338809523809522,3.173664442039442,3.1677363996858,3.04730441346524,1.8428883949915569,3.2173015873015873,3.181487037653705,2.8380832877169406,2.6990641033081686,1.986861773542626,3.084873015873016,3.059884265425932,2.6816479527751107,2.7340477216187495,2.2102811950654853,3.030523809523809,3.04332334640668,2.7021901311101293,2.7658332223641593,1.3269143501917522,2.651214285714286,2.598906263489597,2.2958806394941713,2.194087108600017,3.208251545988279,2.907373015873016,3.159437209395543,2.900349932279756,2.899573996295388,2.1812864385124975,2.9928650793650786,3.037617504409171,2.7019915891304684,2.6650606578591804
audio_389.wav,5.0,5.0,4.4249841269841275,4.415194384319386,4.784412468709164,4.682934490179142,4.881545212406773,4.556904761904762,4.566877250835584,4.91387309354084,4.955861687744252,4.4259664217631025,4.476380952380953,4.546559684143019,4.564304253853877,4.585553053638309,4.708777582448849,4.5136031746031735,4.575178617678618,4.610406519519166,4.644142435761385,4.762469333873857,4.559126984126984,4.577961957795291,4.685082956126648,4.768944835117112,4.620269616444905,3.814150793650793,3.672052549302551,3.8174683723115215,3.7431058515273166,4.896741298772954,4.552579365079365,4.522762085137086,4.906039262977174,4.768759853264094,4.592342096668548,4.574928571428571,4.585088844797177,4.672445355057274,4.799100851784113
audio_357.wav,5.0,3.2216389943693824,3.2737619047619053,3.2163527187228165,3.449043599634899,3.3680492829819753,3.3997087444100935,2.880388888888891,2.7880890390473723,2.8489716185859586,2.8158656612834005,3.494636058807373,3.4,3.272742384159051,3.4155278517828815,3.4679136824651313,3.6185454783289526,3.347166666666666,3.292933461600128,3.507902581389954,3.4264735062691205,3.7121743754663954,3.2401507936507943,3.1151332170915516,3.140305396073293,3.2567330233073304,3.9669254620869956,2.847507936507936,3.0472177714261046,2.8747019329697228,3.0345213774807167,4.122878414305963,3.0314999999999994,2.9731263027096357,2.8358937114878624,3.006364443622408,3.5571512385513713,3.2383015873015886,3.106655071009238,3.1990128647446965,3.1556861997653627
audio_112.wav,3.0,2.47788379457667,2.9827777777777773,2.9100697851531194,2.7608014147693325,2.737839304209444,2.115244720786357,2.7175238095238083,2.696751402918069,2.310757414182694,2.3286139703444144,2.9834230740865073,3.367984126984128,3.3281254100837434,3.294513581390479,3.315770960901702,2.534618055624305,3.131761904761905,3.2330418069584734,3.030160009410093,3.133829282990836,2.288576066831187,2.9396904761904774,2.928867564534231,2.7696442459408215,2.705079363103015,3.7343531449635825,3.524349206349207,3.650119007535675,3.902066439980971,3.788451558260627,3.1761866146683624,3.0961746031746027,3.052004040712374,3.1925620775360994,3.1642188608786483,2.948293074997673,3.086119047619048,3.0216624979958326,3.0282523610931924,2.979298121907702
audio_675.wav,4.0,3.777553690367744,4.099103174603176,4.041499398749398,4.053264318688618,3.918385476871005,4.086983191993863,4.310825396825394,4.292180970264302,4.304432790999977,4.271073359198361,4.110949198404948,4.294317460317461,4.379837201378869,4.3421133954977265,4.458842775170816,4.166213223928923,4.37447619047619,4.308573953823952,4.427610513929538,4.362141634875574,4.1836526918090575,4.442166666666666,4.477764850889851,4.423084182268554,4.502597343168343,3.592334508895874,3.4955238095238084,3.383543430335097,3.343277936196064,3.406717460700264,4.105169544278877,4.256833333333332,4.225231711190045,4.230434846455537,4.160163993381753,3.9648616399135985,4.442460317460317,4.4309854374021045,4.484836053736884,4.526146394753366
audio_113.wav,4.0,3.9647002706253125,3.2405476190476192,3.3572779458196123,3.0828041790804606,3.2023854613178533,4.002105146796599,3.233198412698412,3.4607690850815858,3.2669250114756463,3.338122198719454,3.7293460369110107,4.203722222222222,4.116639850889851,4.065550615535472,3.992622931501016,3.8806021222703357,3.7726111111111122,3.8280577770994433,3.6880877321478622,3.6848087727292618,3.9923561479066656,3.6740396825396826,3.759409912618247,3.6104250387424632,3.5731328039816304,3.2360138098398843,3.5691031746031734,3.4074842919426254,3.9457431713716082,3.845186073758956,3.3091957966782037,3.4427301587301575,3.537619869328202,3.450674027115691,3.4817322308432446,3.2511437162935573,3.66784126984127,3.77463356242523,3.750716189879911,3.7204942015594096
audio_483.wav,2.0,2.4175319362813137,2.7293253968253963,2.7669988915405583,2.6841408607554733,2.723849295575222,2.3362596850536628,2.830380952380953,3.0730448548365215,3.0694944981781673,2.9812472255971567,2.5391788482666016,3.0303095238095223,3.180883866133865,2.7611229870556726,2.7252990748981722,2.378358931259458,3.0205714285714294,3.158806765765098,2.723028743015586,2.7157445853574615,2.2399026924513685,3.1210476190476193,3.2462928475845136,3.047509829964845,3.00053757447596,2.779869715372721,3.147420634920634,3.1667049698667333,2.767078323408087,2.9213352064605655,1.9435772419228992,3.12934126984127,3.3235867265450594,3.2394105286568675,3.1664321704469445,1.8522346494222874,3.3034841269841273,3.2830180976430974,3.203367536648278,3.0263210375987053
audio_474.wav,2.0,2.6166513132574187,2.581174603174604,2.6218628300711635,2.734696464602346,2.6828257464834757,2.2303178461281163,2.8790317460317456,2.7968499617666285,2.5433805791068593,2.754091385173139,2.449414332707723,2.530698412698413,2.5773272206188866,2.603262114142796,2.597628336937816,2.4458020034045163,2.4771904761904757,2.536066948483615,2.4986240749788347,2.574771981834187,2.489329061198274,2.6356507936507936,2.682740228906896,2.7790348201473747,2.8618401993490807,1.5974138577779133,3.2731031746031736,3.2289007265882272,3.2688214282765107,3.1763999866536,1.0754942466424353,3.0011666666666668,2.8789961042044374,2.593987596097982,2.557887035625019,1.4838933892590627,2.7741269841269847,2.7771665900366878,2.709702909062815,2.77818097361183
audio_725.wav,4.5,3.9851320269265056,3.572111111111111,3.5883571598154926,3.9469080977890627,3.7928679794340705,3.9593908565129747,3.7758809523809522,3.7725382796216125,4.074008492977717,3.9635758337905034,3.7354041735331216,3.438150793650795,3.452041839333507,3.36862653691349,3.3280125224391823,4.383001494648606,3.4715873015873018,3.5008023812607134,3.6430200477729358,3.4986043284199315,4.345853544437671,3.567420634920635,3.5399215768799093,3.593757780334214,3.5768303264033388,4.1704756418863935,3.4354126984127,3.376679388512722,3.801642135715699,3.7908043602145085,4.215024413210677,3.676785714285714,3.674420912420913,3.8410426686034636,3.979212497092602,3.850156253644961,3.5816031746031753,3.5391716570466567,3.646013625785942,3.665642160775976
audio_774.wav,3.0,2.7123196084380523,3.0920476190476194,3.0911356729690076,3.0506840800606505,3.084668341308086,3.2572361109229404,3.149222222222223,3.003591602070768,3.1282873323540787,3.0647761246833785,3.995790640513102,3.5324444444444443,3.576287117203783,3.644776953921616,3.703603959857487,3.671231885209876,3.557055555555556,3.569223825557158,3.6443807728766955,3.6643919193603622,3.470183583697788,3.4846190476190486,3.4603036947620276,3.452844770692185,3.5064287487221724,2.715195576349894,3.0752619047619043,3.0643432046348713,3.1248737233622705,3.002031929073121,3.21722391573901,3.125412698412699,2.969614858906526,3.1087195496921964,3.105932685795383,3.963059341461103,3.461698412698413,3.3794443750693746,3.438838140642352,3.5235775283033384
audio_588.wav,2.5,3.671186134379944,3.082214285714286,3.1070388962888966,3.1453395119431846,3.2863702380037814,3.449855692851654,3.0019682539682524,3.1109994727494725,3.136472377568543,3.241729223096392,2.92045005162557,2.7792222222222223,2.7979028178611514,2.6103852702263164,2.664915439548964,3.3850372014197725,2.720857142857143,2.745379268879269,2.68235425720871,2.742757010573658,3.1982165364534914,2.723261904761904,2.867143498476832,2.67204992138056,2.7904517283378945,3.245001792907715,3.12929365079365,3.0381340449673786,3.0361141052980365,3.0800710631396258,3.188981190768423,2.858396825396825,3.088299177674178,3.0708636471361768,3.13133666876006,2.8257354706699886,2.7385634920634927,2.780582072248739,2.6378289053905983,2.7532180696232698
audio_395.wav,3.0,3.9031382265889474,3.9293650793650805,3.8958151956068625,4.198311275168258,4.043086823289449,3.7019752841473887,3.466992063492065,3.4564030383197046,3.5085895843417543,3.561580127877742,4.009287754694621,3.830936507936507,3.855545372837039,4.14375002816563,4.013280623465051,3.9847711125247494,3.9526984126984144,3.992220919512586,4.093330359484976,4.00692451944552,3.9025330661273085,3.7396746031746027,3.6598430335097007,3.5572816533060436,3.6748687718783835,3.6068121592203775,3.15034126984127,3.165901997693664,3.4848850710367625,3.324329779465811,3.4557185410535656,3.3494285714285716,3.4024983226649894,3.30235209076042,3.4049161747405567,3.8620747996178175,3.6664682539682545,3.6774154071237413,3.4596925254030033,3.524930132997861
audio_210.wav,5.0,3.663858837645849,4.31775396825397,4.147356462981464,4.121327624630143,4.130189009245844,4.1474193539820705,4.6252619047619055,4.55932702020202,4.572962384780939,4.559944638738486,5.0,4.563071428571429,4.5547701819785145,4.67398930485577,4.724045249839252,5.0,4.62265873015873,4.612173661215329,4.699140460387119,4.817005242487377,5.0,4.721420634920635,4.674136143177809,4.766062890908383,4.788319617641233,4.9862972895304365,3.974309523809525,3.9924983041649704,4.3594573412200015,4.395199619398593,4.925544236905392,4.6206428571428555,4.580235309443644,4.6191816595471975,4.571063244091065,5.0,4.709174603174604,4.645012239303905,4.734488345005054,4.802297834415781
audio_309.wav,3.0,3.2807418944132962,3.788698412698411,3.857808486266819,3.5606631875072217,3.5242933464623136,2.944612813241134,3.0722619047619055,2.9852174260924262,2.7104178214990813,2.6822052897671633,3.075452963511149,2.8940317460317453,2.8686886801470144,2.7297394760892963,2.628335530110402,3.105087322556144,2.8767460317460323,2.891934529976197,2.765191816576598,2.681651320153827,2.9571178276242605,2.794825396825398,2.7663902979736323,2.4963130531779094,2.4500969282605207,2.7372111479441323,3.414531746031747,3.4123776516693183,3.4577107771167674,3.305869954128396,2.8394528138902153,3.1950476190476187,3.0397275687275687,2.8426639180462687,2.8301105370161914,2.8944737109393874,2.9265396825396834,2.8370246312329654,2.6312096504225515,2.628613353280891
audio_457.wav,3.0,3.6505856912018344,3.047928571428572,3.1636697068363735,3.3605648598938616,3.429338519134774,3.6981571442650165,3.078214285714285,3.2416499318582646,3.1864988912992906,3.299526826845849,2.656074126561483,2.9499761904761903,2.8839961920795254,2.8388500910665813,2.8015210806979414,2.8514338064914093,2.9775555555555564,2.843816337983005,2.8875767501172054,2.810020034593201,2.932153603079469,2.9841746031746026,2.882970003761671,3.012976685704355,2.9089443615196457,2.4381586710611978,3.153571428571429,3.174209309209308,3.061408340014145,2.9766217200413116,3.1063540723018193,3.0055793650793645,3.1558281394531402,3.1348438103542304,3.1293483776498072,2.583654733699254,3.0007936507936512,2.874726390893058,2.987815034651776,2.9053087712402568
audio_492.wav,2.5,3.5797277025751697,3.1117619047619045,3.1852786873620205,3.0909421976175846,3.012513279480146,2.8753105431366133,2.88986507936508,2.8447316279399613,2.6381538411997343,2.60985130619636,2.5328756968180337,2.9075317460317454,2.9873274811608153,2.879960812169449,2.9854722777142393,2.6674880719791005,2.969912698412698,3.0433781450031447,2.9214257769213354,2.9694433525136774,2.5586758867284782,2.888468253968254,2.833483218941552,2.8032287433901657,2.7548114068314624,3.047565460205078,3.2571825396825393,3.202877717961051,3.123632711061962,3.3258945692127164,3.3050893087321023,2.9765476190476186,2.9184401092734427,2.8491827392010407,2.9189837475266516,2.524851347918721,2.9216666666666664,2.909348585056918,2.814298916297215,2.8872457021410725
audio_738.wav,5.0,3.9385312111814272,3.365071428571427,3.364058037641371,3.616255126007726,3.58977606769982,3.697694794210262,3.271460317460317,3.312364730948065,3.343739978534398,3.3248321553913947,3.6428428490956626,3.396341269841269,3.396336620169953,3.293753684827292,3.446539239742279,3.934660311353707,3.4542380952380953,3.4350322285738955,3.6381366557771666,3.6653001578272204,4.006611046690195,3.472682539682539,3.600346343471344,3.809916779951028,3.7339269005293083,4.022022008895874,3.502388888888889,3.5018108419358414,3.65846481122232,3.639442550491321,3.95451243352426,3.2436666666666665,3.336731641814975,3.163716405210644,3.2203147732514488,3.3828169961266235,3.4424365079365074,3.588909171075837,3.7187747241127256,3.611945563362454
audio_305.wav,5.0,4.805814549179022,4.091753968253968,4.085163079204746,4.62778317757795,4.546699317434085,5.0,4.589579365079364,4.508030042488378,4.8848734313049205,4.894295382470678,5.0,4.585452380952382,4.555154561487894,4.609841103925489,4.686908278814609,5.0,4.649619047619049,4.604147825939491,4.766819025225089,4.851807853577544,5.0,4.716460317460317,4.687240620490621,4.841326933793709,4.841836533043646,3.971761147181193,3.9444365079365085,3.892755106005106,4.27553990873065,4.225299613606162,5.0,4.395666666666666,4.436269881353215,4.780449067520045,4.834438143430045,4.973106526004108,4.706880952380953,4.67495007615841,4.897938444959541,4.876755608381216
audio_123.wav,3.5,2.1426847193305707,2.607960317460316,2.6780507255090584,2.6569737367828625,2.611337596848926,3.0958230303882233,3.376126984126984,3.232202293077293,3.1890652380506364,3.15294275626862,3.8679489294687905,3.3923333333333336,3.2086431577681567,3.380731750818446,3.2201196670340497,3.3786783904129756,3.1146269841269834,3.0725111508861516,2.9705990103357465,2.94328813039815,3.357200614267437,3.3548809523809537,3.263200500117167,3.1467120605897727,2.890599086881559,3.1303924719492593,2.955944444444445,3.0062218722635397,3.3130928294809827,3.228009218389549,3.036870780962792,3.5243333333333347,3.24467291967292,3.2515856940339956,3.1592124856910506,3.1393284302326294,3.3263571428571415,3.2061401761818433,3.058142902161911,2.802061089155002
audio_5053.wav,0.0,0.7049318909409553,0.002857142857142857,0.004351851851851852,0.014128921732953414,0.0,0.3699897062594381,0.005555555555555557,0.007129629629629629,0.0,0.0,0.04813392957051595,0.005,0.053048280423280414,0.007506469413877462,0.00238730772896704,0.24773065107748948,0.02504761904761905,0.04364814814814816,0.025698546574635994,0.0175739628264527,0.2604241154751549,0.021634920634920632,0.055256613756613754,0.005536056952497494,0.0011429089341330092,2.058582862218221,2.9868492063492056,2.893946786238453,2.2983118654947137,2.3896354937987225,0.30109595014877133,0.009365079365079366,0.0038148148148148147,0.005369442943004274,0.006415407408826888,0.3873833390878468,0.03468253968253968,0.03772685185185185,0.01635300171146371,0.017170966538997856
audio_89.wav,2.5,2.458488233315708,2.785444444444444,2.7711346801346806,2.8325679116301146,2.830067699493492,2.4361833693460104,2.7756587301587303,3.030500986667654,3.0538309568755917,2.9662787122670147,2.6597371896107993,2.9450793650793656,2.8532395197395197,2.777460781853769,2.8460473474559813,2.1577018951269484,2.796753968253968,2.7186223544973545,2.476914349357273,2.561172289283777,2.1173560840085117,2.7593015873015876,2.7758167449834112,2.428935581698379,2.3895170181169982,3.204556703567505,3.3147619047619052,3.400497574955908,3.3637086419897737,3.4929590213313735,3.0758870933796563,3.0708730158730155,3.1789803791887135,3.1969372421601094,3.250497039811052,2.4956770359321,2.890611111111111,2.9322281406864747,2.6103550721847113,2.705393266366683
audio_747.wav,3.0,3.4622625822535054,3.6373095238095225,3.6579774931858258,3.7019381252425005,3.6495725217343953,2.8479879585431314,3.0219365079365077,3.000673815382149,3.086993512366592,3.131626335620877,2.7428272565205893,2.9065238095238093,2.915700726742393,3.0123191508383815,2.902936763240264,2.8045518240702143,2.9086984126984117,2.9543660999494326,2.9986496827185776,2.8908829526515354,2.8410665711632834,2.869325396825396,2.8747125621292287,2.8013140923849726,2.8392831181070295,2.529879172643026,3.410507936507937,3.306839185505853,3.088721772202065,3.109092746745185,2.8687505029915044,3.1795396825396836,3.120170073753408,3.243870980728834,3.1303773112701414,3.1531831670610746,2.9631031746031744,2.9143412220495555,2.8236187797562913,2.980464657003153
audio_115.wav,2.0,2.399971910063991,2.720738095238094,2.766516394099727,2.4821908448842382,2.2843297820135615,1.5548990782869339,2.5894285714285705,2.4717516634599974,2.0034493550021075,2.029325989076591,2.67922306060791,2.650007936507935,2.7342515031265027,2.7121372555289835,2.575891781276639,2.3610830753624765,2.5455952380952374,2.6927181676348337,2.575069128248782,2.458731513182785,1.898005434919216,2.4863333333333344,2.524655503447169,2.2758501348895646,2.269300315913084,2.259088476498922,2.9156190476190478,3.0053450746784094,2.9482017068550754,2.6461380446167277,1.4733022595201968,2.743880952380952,2.5686739818823145,2.114023110168597,2.16394566670141,2.2957576108656776,2.5432539682539677,2.516469336219337,2.2242341421537253,2.246832276633633
audio_235.wav,3.0,3.225141925398333,3.2372777777777793,3.2003890075973396,3.1584983844701555,3.0429934302415957,2.6552818235754567,2.7945873015873026,2.692215608465609,2.318501049771901,2.3948016221228534,3.4776767094930015,3.1813888888888897,3.1954739257655933,3.2289482774887994,3.299774411378553,3.16085667624267,3.1471825396825395,3.1409577120410455,3.3131054705564105,3.2252038549110567,3.051467082357352,2.946230158730159,2.921019993350875,2.862069971902935,2.83211376130896,2.8643301328023276,3.3113333333333324,3.1723235730319055,3.482804094308399,3.3225697575203257,2.326743879814503,2.8590952380952395,2.6941539001122337,2.4944079592902146,2.4589583071625154,2.9324229045332033,2.938055555555556,2.9242376635709975,2.787734799461964,2.7676030325173033
audio_414.wav,3.5,3.05829421287603,3.619920634920636,3.5458934923101597,3.5632287223934234,3.531619491670464,2.9568107648997213,3.151611111111111,2.986970679012346,3.003660034930439,3.035634195946203,2.1347972551981607,2.750880952380952,2.7817557920474587,2.725312311767008,2.7390436377624834,2.080721761757792,2.7869047619047618,2.821133084508085,2.8050984071291594,2.767390081686512,2.170321279229848,2.8218412698412703,2.8056624979958307,2.8170400155444777,2.8153712828261814,1.9548522631327312,2.71268253968254,2.823367200700534,2.3570930334023994,2.381753770273977,3.870830186725422,3.2058015873015866,3.0254911153661155,3.1099767783841252,3.124145476649268,2.4398648045981184,2.8751428571428583,2.8067422238255575,2.8225751274415813,2.8255308116804763
audio_56.wav,2.0,3.2113546935702733,2.884484126984127,2.9903085618085625,3.1078188130490765,3.2450276887676512,2.7800227102065183,2.7083333333333326,2.8557054195804192,2.840395030674784,2.6556334717674654,3.0032872358957925,3.212428571428571,3.219979945979946,2.8886361856134664,2.8616919251576367,3.154754975776004,3.132039682539683,3.1216326759660085,2.9566612979128486,2.8525125043417923,3.0619536892776273,2.8695,2.921931758056759,2.9084853816772207,2.8683050926642317,3.3053995768229165,3.1408888888888895,3.2426497730664394,3.0520573412495398,3.060229119240328,2.998783576989313,2.843722222222223,2.9770220989069025,2.7973326899476985,2.813343815724988,3.1598177105649348,2.927722222222222,3.0269179817096483,2.9047832688333206,2.831561811255599
audio_43.wav,3.5,2.2746689033617575,3.155126984126983,2.819917474500807,3.127043082022954,3.1318633846283226,2.86233400300293,3.167690476190476,2.972008172383171,3.3092516945304773,3.136968689750168,3.9833837350209556,3.421111111111111,3.4636748297998285,3.408206861577396,3.316000457906995,3.906137551486656,3.3008015873015872,3.3389421797338454,3.181391555734567,3.2717379310935577,3.9308351971890354,3.476595238095238,3.602580934497602,3.5703910556736425,3.599945687764331,4.314978917439778,3.671246031746033,3.7362639952639953,3.667963092507034,3.7485139152261557,2.8060078460002047,3.280912698412699,2.938240984324317,3.306166531712721,3.047165289858475,3.9753882603212354,3.5592539682539672,3.6049278699695364,3.672664053632848,3.582621488312617
audio_394.wav,5.0,4.702996064261933,4.415055555555555,4.362500320666986,4.879623571203772,4.833398139368022,5.0,4.705119047619047,4.788759259259259,4.8834781172231025,4.976589939128599,5.0,4.65342857142857,4.492473137973136,4.961237035574757,4.978574999997559,5.0,4.703150793650793,4.520527817861151,4.9149403338984365,4.995491540416089,5.0,4.780555555555554,4.678885822510822,4.953540775195271,5.0,5.0,4.02572222222222,3.950632876382876,4.287126831633924,4.258598248561655,4.818808631183557,4.548238095238094,4.681116465324799,4.776981507551634,4.841339745397936,5.0,4.755817460317459,4.674299843674842,4.888263234124982,4.972474718896687
audio_423.wav,3.0,2.866308344048909,3.13643650793651,3.106656855490188,3.0146400043775046,2.8802828143240347,3.4560718955873546,3.415436507936507,3.733673998840665,3.8281680733594228,3.680409069859472,2.889976183573405,3.0501111111111108,3.036606125356124,3.014363637227397,3.1059620367960252,2.584765092698863,3.06429365079365,3.0428388848805508,2.9516298239439696,3.0540817163767104,1.854293059996021,3.2566428571428587,3.561759479717813,3.477847932409496,3.4918779915314886,3.5002736250559487,3.1326825396825395,3.0116734546317887,3.343214081649347,3.179292964642953,3.5408144073234986,3.405357142857144,3.7072059884559887,3.7449681779116637,3.4441365696099866,2.193821695549436,3.2402698412698414,3.535563333271666,3.3867511254128986,3.362832265121488
audio_579.wav,4.0,3.9859188094230507,3.5222301587301597,3.549542570084237,3.7805126601130588,3.867897520617701,4.05175672634794,3.648460317460317,3.6715082170915507,3.7269332632825933,3.7098342037588754,4.275155226389567,3.5292460317460304,3.5743272668689343,3.6401517840586526,3.5904896482537834,4.277199244309334,3.6443492063492045,3.5827620851370843,3.624320391343243,3.6431493267519564,4.185481732648019,3.9081349206349203,3.8201007757674414,3.7510930836011833,3.7495027774025598,2.8147828578948975,3.397214285714286,3.3457600408850414,3.1624063474661828,3.005853369222061,3.609805351411824,3.630912698412697,3.685892846351179,3.5520524359772083,3.553174807005585,3.661423705747273,3.865079365079365,3.7767323633156966,3.633282451838388,3.7322039431593486
audio_172.wav,3.0,3.5476302026384468,3.433690476190476,3.402079906204907,3.4586857304524288,3.477637852091773,3.3055072437469164,3.146761904761904,2.9256035954785955,2.901378786685379,2.819469708559865,2.977446953455607,2.8414603174603186,2.862497955747956,2.8492614044332245,2.852032497016463,2.6838032389371294,2.8926190476190476,2.879179032387365,2.846443786543856,2.8501889746630127,2.9211503999021278,2.8404206349206347,2.779638451055117,2.6040631186251684,2.6141497674380596,2.6901907920837402,2.8934206349206355,2.944469316177649,2.7879396000476517,2.5870061705905765,2.625320483912095,3.152468253968255,2.8615669191919193,2.859315194520653,2.7950941162993033,2.8507033672637454,2.8784682539682542,2.7967374539041217,2.6259213185741372,2.664802691437853
audio_144.wav,5.0,4.020207773493626,3.5267380952380942,3.4504332187873845,3.4802299779208408,3.5692500351625003,4.299301666219043,3.9221190476190473,3.906438510563511,3.761877102760392,3.687996892018537,4.280625343322754,3.27446031746032,3.264866983325317,3.228897505238132,3.431219154634782,4.229014694349228,3.291142857142857,3.2465548479298487,3.2820626834792175,3.363690581379624,4.119162682075104,3.5244444444444434,3.5031009299342646,3.403319268481995,3.485272235275318,3.445976972579956,3.332301587301588,3.2736133758217094,3.7430281964257475,3.5853582371796997,4.709613707167605,3.7415,3.642716527299861,3.5468464502050847,3.5008981475380794,4.043164692401048,3.460785714285716,3.4219982964566302,3.3190430716722665,3.25117751821587
audio_151.wav,2.5,2.392473923549326,2.967833333333333,3.0906397275563946,2.649922588304459,2.752357246014298,2.1796543453119974,2.6769761904761897,2.744736672278339,2.3626524356327407,2.495204049626082,2.1056849161783853,3.0080000000000005,3.100334736251403,3.0311557247431424,3.008325905487584,2.0109454864272553,2.9263015873015874,3.076747023038689,3.0507907980808397,2.9683727654526177,1.9863673434041882,2.808126984126984,2.9473381572131583,2.9575708054848335,2.894909156647653,1.2153000831604004,2.6729523809523807,2.6553411495911496,2.1760751089684938,2.1415039620296104,1.3007417112618418,2.809238095238095,2.8215967813051144,2.3712274693488653,2.403268503158754,1.385178052499997,2.8858095238095243,2.9126911976911987,2.916268766923066,2.8004489671537143
audio_65.wav,1.5,2.626255452000848,3.0573888888888887,2.9636391879725217,2.9695058584687977,2.6698915101933696,2.2420633115533852,2.6854206349206344,2.5667133437550103,2.3286815134969063,2.4478700203421684,2.48748246828715,3.0904206349206356,3.0574215892132557,2.6697828558116097,2.730914004716,2.3399007471897284,2.9938571428571437,3.003764029180696,2.871690877304912,2.736872481765346,2.2828988443377543,2.8443095238095233,2.70846268237935,2.4457793310556624,2.553982399372875,2.4751744270324707,2.8305476190476195,2.913161924495258,2.8042790831218505,2.716295066346588,1.794060057374783,2.700063492063491,2.597180535513868,2.543304478103865,2.549888739349868,1.9220519041304165,2.7782936507936498,2.701031810781812,2.5014731149322196,2.527294557143042
audio_481.wav,2.0,3.284958402545289,3.2812857142857137,3.325679181929182,3.007444550517531,3.07702078608609,3.601368716039026,3.512817460317461,3.612902410860744,3.286166768351302,3.3179449289106713,3.14581028620402,2.9384523809523806,2.9665085901752573,2.8095551683622837,2.7703709674383004,3.050319481477994,2.8643571428571426,2.9401229156645825,2.771417262101083,2.7339121858951496,3.2930528556595235,3.4125476190476203,3.526286005661006,3.3662978076916663,3.319039727841645,3.8457149664560952,3.682984126984126,3.699265097556765,3.7689021558662765,3.969885240583453,3.8194373968807427,3.705388888888889,3.7622928691678688,3.701966974998019,3.501014805178983,3.2404398601592894,3.495944444444444,3.623448392656726,3.5171902087655553,3.449252645063574
audio_262.wav,4.0,4.07255329901967,3.6655158730158734,3.73061738570072,4.037850423391881,3.997655384368843,3.905958781940974,3.8138492063492073,3.9256453500203494,3.908014841595931,3.9548007117263118,3.45902951558431,3.534436507936507,3.4854712740962737,3.4928887811411404,3.5053648460215334,3.398711204863119,3.5723809523809513,3.5307399822399823,3.466995567933574,3.571194245024618,3.3795826131476825,3.5969126984126976,3.5666164483664478,3.4915280948121663,3.5460430209349116,4.2261935869852705,3.4566349206349205,3.390704324995992,3.507260377419255,3.5456632281004388,4.026201885941794,3.9244047619047624,3.9076420708920705,4.038010586096463,4.106357992630073,3.733552575235187,3.6045793650793647,3.544932391682392,3.375906677051109,3.702144370930158
audio_229.wav,4.5,3.899537041723866,4.083809523809524,4.149633377425045,4.408095541114551,4.322072816772121,4.759443802950356,4.367849206349205,4.433688538313539,4.823414464409858,4.710855828570718,3.9647831122080484,4.026317460317461,4.146591974383642,4.467057967412637,4.357405784918016,3.8500644238959523,3.9707142857142856,4.151725505975507,4.373154642501993,4.341746686553495,3.9894422542363572,4.162015873015872,4.276332110790445,4.407870478981537,4.530754692918266,3.6769423484802246,3.694769841269842,3.7207115199615206,3.9815375810868012,4.11324871587879,4.442364711243275,4.207801587301586,4.363174549216216,4.611125040020626,4.562831574400355,3.930813467800547,4.119611111111112,4.219782126823792,4.40599195560696,4.529393429040832
audio_22.wav,4.0,3.2028674794174647,3.2763968253968265,3.2920530256780256,3.3595197343486762,3.4091834663215614,3.1377054961139876,3.382611111111111,3.4409603174603176,3.3562022775978977,3.4430678326341355,3.9544804890950522,3.7167936507936523,3.809903539361873,3.717827937811936,3.693617032451163,3.7484502979936125,3.5131190476190475,3.661069501486169,3.494540374678186,3.571238006078603,3.5833711600119655,3.5126111111111107,3.565400078316744,3.450328500667407,3.519534629326604,3.8583348592122397,3.3466031746031746,3.352487965737966,3.4564747492523034,3.473440145079177,3.24889749542221,3.373436507936507,3.354390560601344,3.330174160177675,3.4685777915844462,3.6638762149652258,3.5300476190476204,3.579933341350008,3.352079686208833,3.4537587716487326
audio_434.wav,3.5,3.0372041257015407,3.381650793650794,3.4116496435663115,3.3045885383937645,3.3003697845387734,2.617655057408624,3.23254761904762,3.1660790875790883,3.1844387897846964,3.1912393656176543,3.4019309679667153,3.3313333333333346,3.3494932829516166,3.4186708013360296,3.3733896913897925,3.2805186581254318,3.339650793650795,3.3711225672475664,3.4665806882503296,3.3867306355839335,3.2673321951585863,3.2853730158730166,3.193613997113997,3.2144224734438063,3.1410556033635664,2.3571690718332925,2.947285714285714,3.055299963924964,2.855183696232995,2.7582161966242658,2.126982556595623,3.1526746031746034,3.06762782279449,2.9031512143743843,2.9473563268068825,2.664586041600464,3.202960317460318,3.1645225607725607,2.9823854640787033,3.006078023329463
audio_488.wav,3.0,3.481535758361202,3.293404761904764,3.31659132996633,3.1287987821820664,3.159101006243826,2.838023696557879,3.051579365079364,2.9490421476671482,2.8757233942293787,3.0280365916622576,3.4348436991373696,3.1147222222222233,3.0694916934916936,3.096531690838754,3.110174106472286,3.6219667838602945,3.1459761904761905,3.1086820787237452,2.9938615871315037,3.090472896808054,3.594970401027215,3.0451746031746025,2.889245791245792,2.9706377678926295,3.0542218370244743,2.7353997230529785,2.90515873015873,2.901072069905403,2.668500689353666,2.674336252452845,2.7836923414366077,3.0153095238095236,2.907200747554915,2.730526353584553,2.756003956360749,3.192482004197411,3.0127619047619043,2.9174875649042313,2.95727667621525,2.95117701465036
audio_439.wav,3.0,3.6278545223169645,3.6247698412698424,3.651704460662794,3.6847251711644637,3.5888496727410413,3.686239580246808,3.5412698412698425,3.7360732122815468,3.706235560256076,3.725182749061424,3.348810911178589,3.022746031746031,3.0309171337921335,3.216332971883618,3.1377603547025625,3.3360914058486357,3.1340317460317464,3.051816078982745,3.0803771816862935,3.1677068348300277,3.233413514351812,3.175642857142858,3.2251463043129704,3.362197670881876,3.2933538910061557,2.5854150454203286,2.945880952380952,2.9067156084656087,2.88219880183556,2.753441883673377,2.7471977837497903,3.5111587301587304,3.5796362248862255,3.3169093819795763,3.2453927967273426,3.0221645957861782,3.139579365079365,3.1919804121985496,3.1328163669924316,3.107698086098557
audio_160.wav,2.0,4.125343082948046,3.8591269841269837,3.9505180421430413,3.9476433314244113,3.9007618097094414,3.3343708932382348,3.1616904761904774,3.0870976215142876,3.120699114097254,2.994049099605902,2.159010887145996,3.2480158730158735,3.2034893578643575,2.8109865089119204,2.892319642256391,2.0758458430908715,3.277539682539682,3.2655016233766223,2.9427786194681347,2.9378842830484957,2.166949874992951,3.0281904761904754,2.9197544369211035,2.6302389863324698,2.5740522817906033,2.650348663330078,2.966309523809523,3.006258133841468,2.797734241393209,2.713349428783585,3.384756895825251,2.9798650793650796,2.918271745230079,2.9707780226871727,2.866619848481086,2.8659138049988577,2.9646746031746027,2.9223430597180595,2.579070296188268,2.4835848990054354
audio_594.wav,3.0,2.8095786507050895,2.7974761904761904,2.770708854417187,2.7938913686387745,2.652459936188423,3.197227977459036,3.1389761904761904,3.253684884559883,3.2208053832111845,3.2103931846656395,3.7559497356414795,2.9637380952380954,3.011767997434663,3.123719524414563,3.093761184451622,3.5227089435716414,2.965968253968254,2.9213192640692642,3.1092929230073536,3.073238304154369,3.5334971321930126,3.1090793650793653,3.285406345198011,3.1438947033548197,3.2062634743476734,5.0,3.8233968253968267,3.863119428411096,3.9595340983551925,4.077824660962559,4.89018846829465,3.3668333333333345,3.5008034234284238,3.6184543279649213,3.5064151302631767,4.39472269543408,3.189047619047619,3.3356489760239754,3.363136843863934,3.415478254755797
audio_651.wav,5.0,4.1642715164710316,4.086214285714287,3.891682917391251,4.07821471988598,4.141599051466528,4.623109851075266,4.3300793650793645,4.428588824755491,4.612238172053594,4.565140096674237,4.43660831451416,4.570198412698411,4.504656246531248,4.587891895219382,4.555810174689241,4.439166132427147,4.5940158730158736,4.490999959916626,4.5172222883231425,4.6179810015915,4.506209621342536,4.717373015873016,4.704834415584415,4.85870428200479,4.843819195316137,4.027207771937053,3.4365555555555556,3.302522566939233,3.8159344695425563,3.7796301180847856,4.229209542583013,4.125912698412698,4.3295033870450546,4.480693582359942,4.468701597931414,4.2159070533232255,4.719539682539683,4.665814854898188,4.753090139633739,4.7712413115966354
audio_569.wav,3.0,2.7067627984282896,2.722952380952382,2.812098321431655,2.6096585257250835,2.774879887968083,2.8524333314141828,2.801071428571429,3.0189770322270313,2.933092200270995,2.816291743148359,2.344763914744059,2.775325396825396,2.6740664181497515,2.4730529859488795,2.485149164490195,2.57644265189396,2.7499920634920634,2.6984036796536794,2.504128776441712,2.5391439422101985,2.491998150116324,2.6958571428571427,2.8536466203549544,2.6046001155177083,2.7193758018253362,2.3403016726175943,3.017944444444445,2.9716369587202927,3.2331871272836725,3.0723004342787963,2.7205499975216694,2.844238095238095,3.168863534613535,2.9465485801321294,2.8915131337015576,2.68469076244971,2.8021269841269842,2.87017486371653,2.609932007932408,2.7584341892128648
audio_440.wav,2.0,2.98435376741651,2.575246031746031,2.698568698277032,2.6644372624979726,2.6709319782651395,2.144303223778493,2.454277777777778,2.5523571767738433,2.3512231070509473,2.3781138845601686,2.018673618634542,2.424119047619048,2.520334235209235,2.2941412816052815,2.228986072661354,2.0433149165397277,2.4555396825396834,2.494717372134038,2.37150918670075,2.3038463170927677,1.8614581805848875,2.4251984126984127,2.498304571971238,2.3439814176557117,2.2935107659299905,2.620264689127604,3.242650793650794,3.19034245307162,3.3707114513501018,3.233217892996763,2.2166362329854175,2.661476190476191,2.7113596018179345,2.4429366566301405,2.428777013055676,1.9180109692685658,2.4928253968253977,2.5563934784351456,2.4396230477837206,2.355366714304656
audio_658.wav,5.0,3.5935347528024266,4.162801587301588,3.9690600911434246,4.082548231721184,4.116588552288127,3.3303810742259348,4.06993650793651,3.886266093474427,3.9843872968768594,3.9973074001863496,4.889882246653239,4.514015873015873,4.543393498476831,4.589648378623343,4.583146965839766,4.591531400286261,4.544523809523809,4.53302801827802,4.636522117874319,4.626848971062281,4.3698045397667435,4.488285714285715,4.383520121853455,4.342947427433342,4.342408338384037,4.537326335906982,3.810103174603175,3.880625403917071,3.875178581314015,3.922056830475738,3.5855205643351518,3.998404761904761,3.848551006092673,4.04136242393344,4.093333586645174,4.311370846945957,4.452198412698411,4.416343921510588,4.3565186739925705,4.472648260837377
audio_274.wav,3.0,2.9279298751623166,3.305071428571429,3.3640930258013597,3.2208865689889996,3.2204186773452665,3.1244484414547635,3.3661269841269856,3.4993016674683344,3.346109919683974,3.3203777938833987,3.177245537439982,3.208825396825397,3.162106535439868,3.1324718665299724,3.194878854172945,3.191408216559633,3.263269841269841,3.2038305213305205,3.2826892219710495,3.250381455925781,3.3871534104886245,3.224714285714286,3.2113855018438353,3.1766623150914213,3.2939743993800454,3.6449158986409507,3.844253968253969,3.743277272110605,3.6858664361525935,3.5438422248407293,3.3267729451932895,3.3357380952380944,3.50299605178772,3.462245105120522,3.4170729346913427,3.6656819027146823,3.221285714285713,3.213187460687461,3.223438405845192,3.427775298502196
audio_5065.wav,0.0,0.048401050844079606,0.0011111111111111111,0.0011111111111111111,0.0,0.0,0.3280746723342176,0.0,0.0005555555555555556,0.0,0.0,0.16882125536600748,0.0044444444444444444,0.36692724867724874,0.021577560428750805,0.042540908830496556,0.15727641970487527,0.004126984126984127,0.3284336419753086,0.06022364652698894,0.0327846602558295,0.22098941459783003,0.0011111111111111111,0.317389089305756,0.0459132904573156,0.02777422793070648,3.306329886118571,3.94011111111111,3.8880000400833725,4.004725642090947,4.022375798083847,0.3318664756025231,0.009047619047619047,0.0029629629629629624,0.050002415296269004,0.06659162256387868,0.34792659786396457,0.005555555555555556,0.3165575396825397,0.08927127248830642,0.04723583077448377
audio_158.wav,2.5,4.16137656095918,3.835404761904762,3.8474029196112536,3.970260429729223,4.05067170743953,2.9114884205942615,2.988000000000001,2.965968755010421,2.994848062790048,2.892499564530748,3.4151974519093833,3.337420634920635,3.309758272591606,3.2981199426533503,3.3823700546866178,3.426917524377758,3.4004523809523803,3.3865178771845437,3.2461590410328385,3.438230100830338,3.244757100630935,3.16036507936508,3.098271103896103,3.2014382704125044,3.150451830886478,2.438559134801229,3.3110317460317464,3.2458419265919267,3.2420449127239963,3.33054068342771,2.635659323032872,3.017738095238094,3.027042389709056,2.9242676613341616,3.067747712649576,2.860240654499748,3.169801587301587,3.154710978835979,3.2349316518402333,3.1970891403313577
audio_493.wav,4.0,3.391276139551548,3.6294126984126986,3.599924583132917,3.7345523087873413,3.589775228191128,4.27293401536646,4.163738095238096,4.115505710339044,4.4420991303129425,4.400823991858592,2.9837028980255127,3.0198015873015875,3.0161629882463212,3.1047890967951157,3.033738391301401,2.925421343655223,3.0836904761904766,3.131977400685735,3.198169505815786,3.136474109420367,3.3855250230830456,3.5198095238095237,3.639272001147002,3.9876083039573786,3.869177194908694,3.787229379018148,3.4732222222222213,3.4760719404052742,3.690979859762145,3.5309072328638025,3.1084734498547655,4.106444444444444,4.094936267436268,4.208822886237887,4.30201178284999,2.7588868248142346,3.5205000000000015,3.6489235810485803,4.0487826550846515,3.837731055056834
audio_646.wav,4.5,4.769517261639089,4.0317301587301575,3.9682462768712767,4.208741786864178,4.1108705668089796,4.989947730226525,4.236825396825396,4.214625477917145,4.441627834672938,4.463475911380301,4.531650384267171,4.007531746031746,3.9983973803973805,4.105361973055136,4.1770076428779985,4.889311555574806,4.147507936507938,4.0562969576719565,4.162525750696815,4.273933986598901,4.905475941599843,4.242103174603173,4.30880870980871,4.451938039474601,4.410965148394695,4.882585207621257,3.291349206349207,3.274614337822671,3.280689026881701,3.309437968763657,5.0,4.353349206349207,4.3313005651755665,4.340896851495459,4.486930888559084,5.0,4.189444444444444,4.232423175589842,4.326067103823429,4.354237476577016
audio_64.wav,2.5,2.9042114112103246,2.77447619047619,2.78607285615619,2.814167112363352,2.7108397598837946,3.1112676420617773,2.947746031746032,2.7614954505371174,2.636007045852168,2.7597955882745855,1.6030563513437908,2.7004761904761914,2.668892909559577,2.4799716118230344,2.322666385428851,1.7624159330648723,2.7196349206349204,2.679139215722549,2.463301116876815,2.51126588720048,1.8330038582360884,2.6930079365079362,2.6421641337058,2.392502392035872,2.515236516052052,3.4620296160380044,3.234365079365079,3.221252753963537,3.2606920284942635,3.152301514675672,2.903808460262478,2.8616984126984133,2.6754960517877184,2.5108288687913825,2.5030171130440704,2.1037525476006547,2.671888888888889,2.6368901283901285,2.4181009580935604,2.4565747815677255
audio_451.wav,2.5,2.988006172426615,2.869174603174603,2.920104370937704,2.976278469001862,2.81126279651512,2.558351386674031,2.5767222222222226,2.4860732924482916,2.4279761624691587,2.3665519027375455,2.6572766304016113,2.640746031746031,2.6804294995128326,2.6869140802904568,2.612937298335787,2.5703111216692753,2.694063492063492,2.6990914702581374,2.752846800472448,2.7022662388183036,2.674223806790952,2.5423888888888895,2.4785659571909573,2.39335647065308,2.3777643772144166,2.8828631242116294,2.9080555555555563,2.8376255503755505,2.894003230543646,2.843340678367142,2.283621668947355,2.5871269841269853,2.5362087341670683,2.280635377325304,2.392700747796445,2.427531258636188,2.555738095238095,2.51472440984941,2.4574059028801876,2.41238006387731
audio_277.wav,3.5,3.894404922938668,3.9534206349206347,4.012009018759019,4.091933518777066,4.064625196534899,4.262730305277951,4.230785714285716,4.244918735585402,4.327339694023107,4.43103481425902,3.4998793601989746,3.6702380952380964,3.8320615649782312,3.7248417985409135,3.8114900221442816,3.9269987289107084,3.8214920634920637,3.8883565816899153,3.8213121762411615,3.8217687395124162,3.998725893531713,3.892285714285715,3.926410960952628,4.011738597694886,3.8669665211181226,3.1563539505004883,2.956420634920635,3.014618458701792,3.0180528282130528,3.0750567981701784,3.4679203338687326,4.0647777777777785,4.018720679012346,4.143893598438599,4.140954399804194,3.4414482678954825,3.845095238095238,3.918427510760844,4.0530440051198555,4.024127627888558
audio_491.wav,2.5,3.632758236340004,3.0025793650793666,3.1163417909251243,3.2907004502333117,3.1719915508684395,2.6721634848385243,2.751142857142858,2.7179828813162157,2.251256248311068,2.46335010729364,2.6150062878926597,2.7302539682539675,2.7340748603248604,2.610999113292391,2.654007445327899,2.5010918896784466,2.710587301587301,2.7139516008682674,2.676209523561304,2.681035323285986,2.437828195675475,2.6213015873015864,2.615549230090897,2.6064172837656194,2.5638545892314375,2.061437805493673,2.792063492063493,2.7912534225034222,2.511402640809765,2.413365372374162,2.0330808777456295,2.6539523809523806,2.621675424883758,2.466706810207745,2.3788911814032256,2.367067121978252,2.6089365079365088,2.634827462660796,2.598026054542198,2.576081913477345
audio_52.wav,2.0,2.8757101924973387,3.0118571428571426,3.051202100368767,2.8951969614452513,2.881326259366794,2.908057029620196,3.149484126984128,3.385283682367016,3.025644344961543,3.0978450329137126,3.5147082805633545,3.3856507936507927,3.495388301513301,3.2891784577655794,3.2029455030287988,3.206177552344252,3.292769841269841,3.4194132857882855,3.294434502127617,3.396553954072639,3.0933356369646225,3.3596666666666675,3.466495830558331,3.4646451233258926,3.229843355890525,2.548799673716227,3.275119047619048,3.269280529655529,3.069112738844863,3.1508249766642877,2.091471671348771,3.220198412698412,3.2916776818860156,2.9632548040853006,2.8377577769528806,2.887112657011059,3.3860476190476194,3.4376578483245157,3.3490024730014025,3.2053839860776634
audio_743.wav,4.0,3.428278953238539,3.5539841269841275,3.7719168532085194,3.755388423187219,3.83743801247077,3.853559523903993,3.699238095238094,3.7312528829195504,3.705835439442079,3.8675563454728827,4.055883169174194,3.8179047619047624,3.8113619528619522,3.6769420570674227,3.759966069454125,3.996091089016424,3.6061746031746047,3.8084903198653204,3.7692176325934796,3.8006084775904063,4.282741430645971,3.623873015873017,3.70597576035076,3.7295919426667616,3.7288389258534202,2.2051103909810386,1.9008174603174595,2.477733471775138,1.6949386333399783,1.6113070526019937,3.3660398506642406,3.6637857142857126,3.8177827180535515,3.8666672634348873,3.8552605838811975,4.049909892262144,3.596079365079365,3.7039897787397797,3.845387487352864,3.778885064433968
audio_243.wav,3.0,2.8832065925263053,3.020150793650794,3.122673833882167,2.7863924658024133,2.7302419577985497,2.891164235151326,2.749730158730158,2.844076338784673,2.5593623191791104,2.5671595815940127,1.677134116490682,3.0037301587301584,3.0544179678346346,2.966711755676726,2.981243253429867,2.338493552154818,2.9766507936507947,3.0448892527225855,3.0097245647225126,3.047794436401791,2.233483848974044,2.9847936507936503,2.8894780682280676,3.007549019315192,2.9962177249232274,3.3012758096059165,2.7723730158730153,2.746964486131153,2.331366259893379,2.302795358636794,2.9656326688736083,2.7256111111111108,2.7262982603815935,2.56924505846551,2.442486747627172,2.242486784086425,2.9140079365079363,2.8336829867663202,2.8737242015314934,2.8673011959749872
audio_661.wav,5.0,4.496018881877526,4.134992063492064,4.100488261738261,4.288685440710398,4.260999957597536,4.7886827896113955,4.069936507936508,3.893165572082238,4.28052615863011,4.378815511875199,4.570761998494466,4.098833333333334,4.026259359467693,4.0787106079190565,4.2480343429438285,4.967201114933027,4.174722222222222,4.130180920930921,4.514190686514751,4.498267260016827,4.991714373168755,4.182142857142857,4.024834555876223,4.441263965008378,4.429440973864385,4.579103787740071,3.8560000000000003,3.726639209555876,3.4036756321582424,3.714654432809502,5.0,3.8286190476190485,3.737867405742405,4.238211172819988,4.21886253796671,4.990801788908371,4.108158730158731,3.9399702781786115,4.30281324360637,4.378654583777926
audio_456.wav,3.0,3.1519295459472194,2.9990873015873007,3.0578108958942294,3.204520607247559,3.205751387021372,2.8789599526821408,2.888563492063493,2.8303514633514624,2.757600433787425,2.871051677261278,2.786891539891561,2.9785079365079365,2.9402574015490686,2.8618271524175825,2.874494865920402,3.1212367299149366,2.968563492063492,2.956953110161443,2.795411393114249,2.88764393930976,3.144226155690504,2.9147777777777777,2.8673726551226557,2.8398347592522817,2.7594547075058853,3.0034873485565186,2.8094920634920637,2.8353051423884765,2.6037620151455,2.4584404821993338,2.6638220037795604,2.875666666666666,2.8127228034311362,2.9896468090722865,2.837793085832646,3.1925763148700774,2.9258174603174596,2.860815500857168,2.8185197881803004,2.791052392730748
audio_90.wav,4.0,2.4487363319007476,2.702674603174603,2.5774406966490297,2.6920275575531587,2.574556876237922,3.572286868247428,3.3668095238095237,3.624245669454003,3.5419651609445153,3.4124590149489067,3.6744144757588706,3.4903968253968256,3.5590938752605425,3.5214112547385867,3.4715665988588458,3.1322462304529726,3.235333333333332,3.4358550014800016,3.3375797155079425,3.212890527638901,3.4597088048667715,3.6335476190476204,3.77123234327401,3.7436496788594784,3.594638077808814,4.25760555267334,3.574000000000001,3.6275596579346576,3.5490243616112185,3.6243493448892123,3.8226716040779443,3.3587936507936527,3.6199046169879505,3.3352130536487046,3.3198262792371085,3.582705270943532,3.6452539682539693,3.795260381593715,3.680219265592795,3.7022618689093085
audio_735.wav,4.0,4.054117473102527,3.647730158730159,3.5500208633958628,3.490036448379421,3.6036339988377226,3.564985620609443,3.463198412698412,3.4249255975505974,3.5681074619357216,3.5586133246255933,3.651867628097534,2.8751825396825397,2.9371894139810792,3.0260157369511003,2.7950346353364792,3.8235555801848142,2.9839920634920643,2.9958327336244004,3.0205946006963544,2.9126396405634303,3.6936344231917198,2.997285714285713,3.054552689594356,3.115093310042535,3.042263722495161,3.9938700199127197,3.370968253968256,3.2195903093819758,3.1193646082529463,3.14399366281485,3.9508878606411977,3.5373968253968253,3.692621512746511,3.7382923903561895,3.724131622205842,3.47276176546167,3.061261904761905,3.144115720699053,3.254589654848266,3.11141969232359
audio_775.wav,4.5,3.9280746305688847,3.882793650793651,3.7108307433307437,4.076228572477935,4.057966744236868,3.6895776231113673,3.4926349206349223,3.489738183113183,3.530138241052836,3.493820907286125,4.730745951334636,4.455674603174604,4.37712860442027,4.4138480721394115,4.411921023943935,4.7298623931173465,4.467642857142859,4.3400161705578375,4.4790337384606085,4.561419270602566,4.687643581919127,4.030738095238095,3.9710106513856513,4.04307018388423,4.130196548980894,3.048820734024048,3.2242777777777785,3.1676665464165463,2.8574564734589423,2.876324323363631,3.782855173032838,3.46147619047619,3.5683227312810644,3.637248876139754,3.6876229520246184,4.819208117096579,4.039603174603174,3.9772222222222227,4.094887433001621,4.1195112223479144
audio_587.wav,2.5,3.626015358821073,3.442119047619047,3.3478316529149867,3.2586996428354964,3.193197223962913,3.556600639999107,3.0270317460317457,2.9994157169990507,2.953792206169444,2.9858374354421944,2.668363094329834,2.7087301587301584,2.699162878787879,2.7538458066300016,2.6764464031786517,2.6543381112572857,2.7287142857142848,2.779557274515607,2.623373099393977,2.620693684739248,2.5931811625561623,2.764039682539682,2.7923042220125556,2.569891064297924,2.6137722544078312,3.2897280851999917,2.918198412698413,3.0270393114510763,3.0480323967596665,3.102473832890818,3.473298810551057,2.994428571428571,2.9402773368606696,2.8565946551945047,2.86847813101062,2.69666193464361,2.764579365079365,2.7959512308678973,2.65605016687654,2.5921797855812083
audio_103.wav,2.5,2.8256208755971493,3.3532301587301583,3.4076411921411918,3.54779297838652,3.4308461377076633,2.1963780348208517,2.679722222222223,2.747689572772907,2.538912599785395,2.5528581685303826,2.5998071829477944,3.0126190476190478,2.9744492143658814,2.6968812727645513,2.7266065213046136,2.269545994946115,2.9786587301587306,2.9919541847041846,2.7361552865039656,2.78111963501032,2.0415927452135025,2.7008730158730163,2.822264850889851,2.6250234356927504,2.537985010569569,1.7104292313257854,2.8826428571428564,2.8429341738508405,2.4079585866009263,2.3772336876290683,1.5693728448590034,2.7263333333333333,2.686976691518358,2.462575707427763,2.4482539575142717,1.5932995933944074,2.7446269841269846,2.7604622013788664,2.4182390928270228,2.489396836245381
audio_111.wav,3.5,4.118105420528008,3.6180158730158727,3.6495029075862404,3.56496482752692,3.5676278181485084,3.6290998520340607,3.7017301587301596,3.8414437753604425,3.9509122830149934,3.9634700538631855,4.281603495279948,4.152761904761906,4.196191237774571,4.059704025590225,4.005502095928461,4.327186035572709,3.900087301587302,4.040005587005585,3.889064611114313,3.9548793753947638,4.1308850599420515,3.8874126984126978,3.8354046015712684,3.838168148527709,3.9154705764704025,4.3513132731119795,3.18984126984127,3.2192399760733093,3.4173880376718415,3.2705784361164945,4.033192251040643,3.6677222222222228,3.6560931815098474,3.757543794576625,3.814286691522751,3.511015195649513,3.875468253968252,3.8393532748116086,3.9409039171894586,3.983687290536468
audio_421.wav,2.0,2.9613584629123744,2.9050634920634923,2.900007221173888,2.729937083370279,2.6695218081731693,3.0259369660931656,2.881563492063492,2.871203551078551,2.603638695250453,2.624348030869985,2.2520941893259683,2.652420634920635,2.7059237614237617,2.8903324093432308,2.749727714236169,2.3840578505545498,2.6201269841269847,2.7045672799422795,2.7034004080931004,2.6043255794898035,2.5862585742535185,2.685785714285714,2.7708384038800715,2.6518393068402286,2.6987261320292255,1.4010613361994426,2.6986984126984126,2.739458217708218,2.247603962071219,2.2154385331635287,2.941515308010981,2.8430158730158723,2.8336499118165785,2.4998997316439446,2.432717375876544,2.251838997883526,2.7291507936507937,2.7953381433381437,2.526300693092182,2.5763401781772397
audio_683.wav,4.0,3.6724511282526358,3.9569761904761904,3.941981099147766,3.9511285522890898,3.9013260416501523,4.1488454233907,4.242793650793652,4.232641452683118,4.261815068175905,4.292598987602301,4.412762800852458,3.7557380952380943,3.710455088121755,3.909068001103204,3.868262483413916,4.485758647613969,3.694095238095238,3.730309514559515,3.7910357601937092,3.8600998814419047,4.507588417332077,3.7968412698412703,3.9163595494012173,3.887379053788615,3.9076419196849024,4.885793368021647,4.215896825396825,4.138646447688113,4.77538552869022,4.7455556929352225,4.514545058812208,4.174896825396828,4.331859601817935,4.33468820977743,4.350628243877253,4.77463791628882,3.781119047619047,3.8927327733994397,3.9953806365273974,3.977968517326359
audio_152.wav,3.0,3.0217028354158635,3.044198412698414,2.994820614570615,2.927353610020695,2.970934646931299,3.1847110390200637,3.3128412698412704,3.3323433341350004,3.254626206270999,3.2379923894581553,2.6065367062886557,2.756309523809525,2.828500681417348,2.6489230741667815,2.6592829064031775,2.0739515486256477,2.831103174603174,2.852830727914062,2.6949623460180967,2.772471499733689,2.230765481171491,2.951261904761905,2.978889570306237,3.0260210908876,3.0678943582902356,3.112635930379232,3.4390079365079345,3.477540596748931,3.65705224993934,3.6134491035143186,3.3176291553103003,3.275746031746032,3.2846443001443006,3.1497898500041526,3.24856389753633,2.4593126588299783,2.9561666666666664,2.9826976696143372,3.0125226951631934,2.980168429008971
audio_134.wav,3.0,3.122508000961138,2.6421587301587297,2.586060140476807,1.9517130217390413,2.118731128612638,2.6098178842658233,2.385039682539683,2.315556457431457,1.7306575866363954,1.9232791264963716,2.2474783261617026,2.809507936507938,2.5918159571909567,2.466664683814026,2.5662494221005416,2.483046101262539,2.7722460317460325,2.5200468736510393,2.520781687726123,2.455138904397145,2.44603422380551,2.558079365079365,2.292638528138528,2.1955014551811334,2.147498237262878,2.5109244187672934,2.7442063492063498,2.8086559042809047,2.658550616051043,2.7233385834652246,1.6470680196448295,2.4580396825396824,2.3190031866281866,1.6482283259652746,1.8392518208993414,1.609506580070238,2.5126031746031754,2.2377977793811126,2.136823229714596,1.9792563586719416
audio_12.wav,4.5,2.9892513958223095,3.1146825396825406,3.144426414634747,3.3208861454280996,3.4897583273392994,3.2016332616912813,3.223095238095238,2.917484532442866,3.19656345809805,3.326241302907968,3.006408214569092,3.593865079365079,3.800369261910927,3.535658908002743,3.439531304181035,3.3927303634831376,3.3842222222222222,3.5959502966169623,3.261195069811036,3.4007008489500996,3.323440167413358,3.4784206349206364,3.4922513551263545,3.447097399655343,3.300846560251248,4.073677698771159,3.398944444444446,3.3247944231694224,3.4030958219096283,3.365509361369875,3.685552140272213,3.2102936507936497,3.006914361872696,3.036798677312584,3.1435521655814838,3.2805281951716627,3.566333333333333,3.5483236131152807,3.4473794385667276,3.3710324125308397
audio_232.wav,3.0,3.0412349549291817,3.351103174603175,3.3262498134581464,3.2365360515362247,3.209288852005607,3.0046408211889215,3.2113174603174603,3.157098945807278,2.9822823627264583,2.972941034417109,3.3996873696645102,3.312388888888888,3.242905944364278,3.2408023854520516,3.1928049305415196,3.0648682009232004,3.244039682539682,3.25732245069745,3.202236714019605,3.0829466231241285,3.247468067786348,3.199412698412697,3.1429270282186947,2.9965659917763556,3.063552088134441,3.2234245936075845,3.2107619047619043,3.1888107848941183,3.0498833832530874,2.9706166322104237,2.431720611179935,3.0131111111111104,2.895785994869328,2.671402552454999,2.7209331581335285,2.2195571512267285,3.1038571428571444,3.0260531968031974,2.8554667570955186,2.9373118152566917
audio_36.wav,3.0,2.971195546786118,3.260293650793651,3.2080467742134395,2.993632552829574,3.2358291110645694,3.0983854541286093,3.3215238095238107,3.225532206990541,3.246395157984519,3.138724137808705,2.824714263280233,3.069539682539682,3.096954553162886,2.985348318957332,3.005868563376886,2.870856506254532,3.134706349206349,3.197033161283161,3.040114031314839,2.9322212877126628,2.8226686558678886,3.106809523809524,3.141542227833894,3.0862403236752307,3.004207564155538,2.6112507979075112,3.0293968253968253,3.143959888876555,3.2048675593746965,3.2884449982569226,3.588092687236248,3.3428412698412693,3.139855645897313,3.2492667375228463,3.27973478832444,3.0575072005998165,3.1463015873015863,3.107758517716851,2.994688030976841,2.998323965433132
audio_268.wav,5.0,3.5578451434799834,3.548920634920634,3.6106581797831807,3.8188780460086846,3.673708715533081,4.147484358641685,3.61670634920635,3.7355507255090585,4.1824253831627844,4.158855814435834,4.120288848876953,3.2337777777777776,3.1294971741221738,3.12058624942293,3.2579434182502056,4.107378608341214,3.242666666666666,3.102153525486859,3.2872075346595513,3.2767012807551423,4.3362849015439515,3.2936269841269854,3.2249407721907732,3.652835677710362,3.5448619325481108,4.23214864730835,3.613222222222221,3.5122359291942633,3.665808875061009,3.8500379263876234,3.990572955873571,3.514214285714287,3.6807050842675846,4.130057404962423,4.08584593349019,4.21498622130753,3.26970634920635,3.0865302829886168,3.540696696683135,3.439484833476129
audio_68.wav,2.0,2.5782311542261067,2.752436507936507,2.633508718133718,2.665488039674203,2.8379604566092134,1.7113252434088537,2.435793650793651,2.418963752297086,2.3591676470928586,2.2481709895999678,1.2550323406855266,2.856436507936507,2.8253285649535655,2.529121202130872,2.502249678806267,1.4154327845156354,2.8402460317460325,2.7931166025332694,2.5219587271750563,2.540147944183069,1.3149175416628318,2.572714285714286,2.543699834116502,2.37480185317566,2.2551157642170874,1.4665390253067017,2.674801587301588,2.64908072945573,2.734549174174031,2.6098772099927494,1.466533667035798,2.4686666666666675,2.3611453361453356,2.249096988886123,2.211262146130477,1.0905357515964667,2.5731507936507936,2.5245813291646626,2.178323965163789,2.2424229549906585
audio_729.wav,3.0,2.6187163282781523,3.480039682539683,3.4394881491964835,3.235523639368942,3.34014633417408,2.4905125359164324,3.3918174603174607,3.367368578951911,3.342726993179698,3.2856816268945983,2.7693421840667725,3.2023650793650784,3.189521658896659,3.0656719104265107,3.0396746101075007,2.7402512451842553,3.2163968253968256,3.28320153920154,3.2473341080663993,3.1902515490509296,2.551517410571621,3.1703809523809525,3.1582328134828135,3.219677515318416,3.127846927494448,4.92473824818929,3.587309523809525,3.535854013270681,3.801967807502637,3.991330558735551,3.8643747372527706,3.334269841269841,3.3576749777999777,3.535242749512129,3.4382195839296337,3.3062889027475677,3.2189761904761895,3.198527364610699,3.1153835933470506,3.294556583843686
audio_247.wav,4.5,2.9108918142795446,3.130944444444444,3.0427815194065193,3.1896951152313107,3.180031036313578,3.3787081382093316,3.6074523809523806,3.727796219212886,3.8646479352465204,3.8302204928064456,3.77408496538798,3.294111111111111,3.1870667912334576,3.3793454514318237,3.3905255386235376,3.6503934078985787,3.2279761904761917,3.1020132475549147,3.308665395630376,3.253174482121634,3.676241866241194,3.4899365079365077,3.458179875679875,3.630814433038372,3.656708169353806,4.111174424489339,3.7070476190476183,3.716019560686228,3.9609146670518243,3.816945712361384,3.444251311364116,3.6533968253968254,3.7969529159112487,4.175296801210534,4.109249651130711,3.630240766538307,3.485428571428571,3.4924855299021966,3.8378753320129526,3.9048181953474876
audio_224.wav,5.0,3.845381178510109,3.600809523809524,3.6354249839666526,3.667928662562678,3.737596724342648,3.631652537342164,3.0234365079365078,2.924092910176243,3.1339112711043513,3.0319349394805903,4.394966761271159,4.25002380952381,4.244459796376464,4.449128942948409,4.368453796751955,4.333411636357946,4.113333333333333,4.177826983201984,4.333680193953359,4.243694548957821,4.1202915064292815,3.766865079365079,3.668317037900371,3.569294293724372,3.734411029174193,4.20873228708903,3.9522698412698407,3.87780291005291,4.088624127768797,3.928266938894153,3.996474721969944,3.520873015873016,3.412865395407062,3.6859085459087937,3.6020523450753843,4.217091945048174,3.8834999999999993,3.697427598635931,3.8652231234244603,3.898767010758597
audio_425.wav,3.0,2.525614254895667,2.951793650793651,2.9122609785820575,2.7431899948331395,2.645499757271361,1.6536057520482423,2.8324603174603187,2.807445406445406,2.4716000094782675,2.4098721827778697,2.707082827885946,2.8390555555555568,2.8555697995722498,2.7751875263834633,2.781312198891254,2.22331644311063,2.8678492063492063,2.8670488400488394,2.7142295032684287,2.688425409163829,2.331210436060361,2.816095238095238,2.755459262959264,2.5670897778696413,2.631696894195286,2.1076911290486655,3.1306825396825406,3.1621071012321007,3.019065478617263,2.850850101736814,1.8324181712525203,2.9917619047619053,2.9907943522526863,3.005082192739414,2.8608034646044804,2.3982669795944087,2.8540317460317457,2.8288699294532633,2.67580761341995,2.6562550463072228
audio_392.wav,5.0,4.082815830182301,4.468412698412698,4.334976691518359,4.480344432039193,4.549965716401566,4.465064118274504,4.484841269841268,4.476657948532949,4.659416955480261,4.7006176612827,4.802963733673096,4.029896825396825,3.9385377384960716,4.202345262454354,4.0371585811981205,4.96184577603977,4.112119047619047,4.130294131794131,4.443371102256258,4.309098649494271,4.956856240465638,4.221373015873016,4.319148419481753,4.5502022746706885,4.502955495016219,4.385281244913737,3.518261904761905,3.566796476671477,4.040317707496674,3.9217653963943895,4.396093308335223,4.3251269841269835,4.4133537481037495,4.447469026740484,4.634769485540295,4.868981304049827,4.246468253968255,4.290776521318186,4.457892428072956,4.524154989021993
audio_615.wav,4.0,3.2509693776643673,3.3581507936507933,3.2770713252796586,3.3821385337690804,3.362875789261457,3.4515766302223114,3.180039682539683,2.960694563152897,3.270270359609423,3.2398714168237333,3.7732163270314536,3.318230158730158,3.340994458473624,3.3859303719023255,3.365925384266807,3.6475961160580983,3.318801587301587,3.335242296283963,3.362234075588359,3.427877870573988,3.6559787382479088,3.221825396825397,3.179895590520591,3.4072849336659545,3.3961329094802077,3.1419259707132974,3.493611111111111,3.3548833990084,3.3571331084198857,3.114679344733158,3.431078659919118,3.0523888888888884,2.903122901789569,2.9888012467742264,3.0487369970044615,3.903681086110596,3.1638412698412695,3.0890410222493556,3.2898061273684163,3.1601287160626996
audio_245.wav,3.5,3.9194651818820385,3.7856190476190488,3.9223853908437225,3.880283013422313,3.786471428249954,3.720028301741245,3.7326428571428565,3.6014174822091483,3.8233696623652604,3.883053788990649,3.9818619092305503,3.6999047619047603,3.643532814407814,3.782018191799543,3.671166527876762,3.679482413275976,3.7921825396825404,3.7029931349514675,3.6673876241559555,3.765510269679787,3.5896406953015423,3.706000000000001,3.5711681559181563,3.5881657771763122,3.7806294595641154,3.4101293087005615,3.504833333333334,3.3848352372935704,3.665489709987547,3.7799753684299815,2.8901428459323557,3.7197936507936498,3.600715896757562,3.9337791633321744,3.8647598283161044,2.935814812081699,3.729738095238094,3.5754827996077996,3.6724372260912457,3.766031586785422
audio_271.wav,3.5,3.88864776724331,3.492373015873016,3.417779120570787,3.5123376153988883,3.662119073391798,4.046059773296245,3.256309523809524,3.215301726051727,3.3676787788932767,3.4012785456559342,3.1358835697174072,3.316563492063493,3.330828222703223,3.2590269545054618,3.092286414291692,3.9684082716623243,3.3157698412698413,3.2600033870450544,3.2040839567356465,3.156642287770509,3.9626510449489465,3.297166666666667,3.2536007495590824,3.339576839740786,3.2702513134537075,3.6511693000793457,3.247150793650794,3.2629051026134355,3.3833357012987157,3.209709825979683,4.056793070260626,3.022960317460317,2.8971718620885287,2.9002385094601966,2.935827776601744,3.4503536165008755,3.1586111111111124,3.1172759216092554,3.1872549288374525,3.0953813075386765
audio_321.wav,2.0,4.006419474170706,3.544182539682541,3.7288773633773626,3.418114691572672,3.4994957510690328,4.108973932642832,4.064293650793651,4.103504162504163,4.359860284930812,4.143835214253199,3.730026642481486,3.64315873015873,3.576683774558774,3.565402413102848,3.635887574223867,3.4800357207744574,3.7109285714285725,3.6593679052429064,3.8068675811187767,3.773115202147245,3.6249725823992818,4.004714285714286,4.138273906648906,4.169206758571959,4.176064726659795,3.536486784617106,3.418698412698413,3.4007817891984558,3.274966425249423,3.133827776113666,3.7122407371965713,3.9352460317460327,3.9358096039762707,4.198082612979462,3.9236431014186572,3.0133303098642887,3.935611111111111,4.053123450623452,4.256042533564365,4.168057377616536
audio_5043.wav,0.0,0.15473170327216268,0.0,0.0035,0.0,0.0,0.0,0.002380952380952381,0.007203703703703705,0.000588235473052787,0.0,0.46055420239766437,0.012388888888888889,0.054821428571428577,0.007161318988340413,0.0,0.26917895006898823,0.0015873015873015875,0.042608465608465616,0.0038727436565502544,0.0,0.0,0.01777777777777778,0.046981481481481485,0.0013917667471411346,0.0,0.06632828712463379,2.2730317460317457,2.274404778863112,1.532571648014784,1.4198547499865966,0.0,0.001746031746031746,0.018703703703703705,0.0038651348035337956,0.0008757237689831491,0.0,0.002698412698412698,0.04018253968253968,0.01984078844825112,0.0
audio_187.wav,5.0,3.885909055854548,4.200960317460319,4.218906766073432,4.220164730207228,4.2790382767420745,4.40506001133627,4.582000000000001,4.627050631467299,4.792926209302698,4.774645523099367,4.950521469116211,4.713507936507935,4.680618494160161,4.908399888459506,4.797449729368993,4.77901794654323,4.728515873015874,4.7022366522366505,4.874587148653735,4.828165595308502,4.908246919382781,4.761611111111109,4.741259126675794,4.830541877989467,4.923824847948706,4.855703671773274,3.366920634920634,3.308932639890974,3.7913684232803218,3.4902149650854306,4.933159938150646,4.464253968253968,4.552072076072075,4.684587713070477,4.691573565444554,4.961420894942761,4.708452380952381,4.695532213157212,4.8479122815795685,4.8601908781556284
audio_221.wav,4.0,3.646883358989914,3.810230158730158,3.729715864382531,3.5646347907429785,3.659236035707341,4.239050480487874,4.413198412698413,4.53283774250441,4.087324025611427,4.217274531660794,4.235529740651448,4.249261904761904,4.237421822005156,4.42534267411301,4.440056831320989,4.145326877853693,4.226753968253969,4.216751242584576,4.267327385281768,4.2607610627976795,4.1725990834730124,4.359579365079364,4.462413328954997,4.420485650001037,4.354527475986701,5.0,3.6220238095238098,3.5949978663311994,3.8556585291880054,3.8395751033969265,5.0,4.491174603174602,4.550226859560193,4.384605549113227,4.4100190980905,4.316887701750441,4.354349206349207,4.452088263588262,4.452516031134593,4.514029680478402
audio_219.wav,5.0,4.712638359068079,4.393753968253967,4.3685392154142155,4.764028353078453,4.783697504662414,4.935009297095835,4.511055555555555,4.495363369655036,4.783113514951762,4.740661155295884,5.0,4.21565873015873,4.037258069091401,4.233458154743921,4.356272162549413,5.0,4.201539682539683,4.099089839173172,4.350026604092513,4.408116953762762,5.0,4.409023809523809,4.259537645995979,4.631943746740686,4.514143912792666,5.0,3.599706349206349,3.5282123231706564,4.001792728173851,3.898368304171212,5.0,4.479777777777776,4.452203066994733,4.6817084429102165,4.593779836981351,5.0,4.3167301587301585,4.252676448551448,4.546057198027838,4.533054085587346
audio_601.wav,2.0,2.9217203786380295,2.5769523809523807,2.676106449106449,2.5002170271098874,2.4003728473313184,3.091209602189801,2.644126984126983,2.7521830345580347,2.7842478345114063,2.813523441315066,2.7609732151031494,2.7452777777777775,2.8208879854713196,2.745571986345863,2.884003374596405,2.716029783371654,2.616031746031746,2.7829739458072797,2.6658327050833623,2.755563446925064,2.6610541703003805,2.628888888888889,2.777489627656294,2.764375811556713,2.8798032914839617,2.3628197511037192,2.941007936507937,2.922922691506025,2.915228103648635,2.7532404995582986,3.0930747299213053,2.8050317460317458,2.8554377936877935,2.7047993712238476,2.697364009527169,2.538098890068444,2.6819603174603173,2.788030281446948,2.7042399628617346,2.764452961754183
audio_100.wav,2.5,3.859099482147038,3.3053809523809523,3.427164849039849,3.1525097248998555,3.0981883149870537,2.8190608419309053,2.87534126984127,2.85588751988752,2.6705304908722134,2.6171040743220053,2.096118768056234,3.081460317460318,3.1111587301587296,2.7893266767925318,2.788348325895629,2.54957646519745,3.1696587301587287,3.1343747070830403,2.9687716996576476,3.0236022796721493,2.320355453579946,2.966753968253968,3.078687456062456,2.781065226156752,2.820619350485503,3.2081398963928223,2.8460158730158738,2.8670047514214176,3.0962941458754205,2.9286614866033838,2.9669201331912025,2.8367222222222233,2.798249739458072,2.773219840131574,2.6618265409698725,2.77537271762211,2.9108412698412702,2.9916658927492263,2.863302782328352,2.7980084717882483
audio_227.wav,4.5,4.500718806030641,4.27170634920635,4.283836359628026,4.411951614355236,4.395296175600666,4.897515256956485,4.336896825396825,3.9969187833771174,3.9295005228243256,4.05992681016306,3.978313366572062,3.955095238095238,4.091647025813692,4.2153650544339,4.131414406848115,4.089897681746498,4.042071428571428,4.149879329004331,4.093071265636431,4.159153089853796,4.168555328145169,4.078682539682538,4.015203891787225,3.998838615789513,3.9656305483922814,4.880223274230957,3.9708015873015863,3.9822225629308967,4.36055180141818,4.402746032408371,4.964087308259634,4.325619047619048,3.979144115144115,4.092371394437994,4.213306212202647,4.74895915811162,4.105587301587302,4.090042315708983,4.16985474427747,4.150937507819318
audio_411.wav,2.0,3.069033031681242,2.656142857142857,2.704699709241375,2.704062724495438,2.6310458996874364,2.8458860118736875,2.65731746031746,2.6060535452202127,2.6217315688746656,2.6199120597123127,2.374109665552775,2.900992063492064,2.893109249546749,2.779711213600437,2.7738393073421963,2.4433467545932794,2.8806666666666665,2.8595022045855374,2.9195873021442047,2.8422507517989017,2.3531746395808333,2.792166666666667,2.7092989217572545,2.703887754169425,2.7736418409303183,3.3471827507019043,3.099285714285715,3.10290658723992,3.0297410853084252,3.2473890333947057,2.20833180724143,2.7641428571428572,2.7230299021965685,2.6419442380665976,2.5741232479329046,2.453492952077134,2.788880952380953,2.717851791726792,2.695155839949205,2.6561439377219354
audio_28.wav,3.0,4.001320599165903,3.595158730158731,3.6655805213305226,3.7381243811010094,3.6618533786354095,3.2495310919708427,3.272190476190476,3.4757187442187436,3.2584271042872346,3.1990975873374645,3.2141501903533936,3.2200079365079364,3.2034760578927237,2.9609507233690526,3.06315772422442,3.70724878277462,3.367277777777778,3.4121176123259453,3.3814456777466355,3.311267764870849,3.642981979938501,3.2463015873015877,3.368499579124578,3.3168079122279437,3.220385222003556,2.00480063756307,2.844666666666667,2.9160645604395596,2.557445369958321,2.5862304039341337,3.428626506758223,3.1930000000000014,3.3805512789679457,3.2087474781843963,3.202821768283988,2.971355419071131,3.2208253968253957,3.344240628198962,3.2770591093129107,3.184195149273988
audio_653.wav,2.5,2.3351122126924135,2.819674603174603,2.7994169087085754,2.7902311265508426,2.7141351751110157,2.3898137083934894,2.7231904761904757,2.7642459037875713,2.6833151308376944,2.6666805659376394,3.0918449560801187,3.235055555555555,3.260431297097964,3.3726102948590895,3.3742950174402355,2.969015506669939,3.258357142857143,3.174696528779862,3.452697644315901,3.2999194203117095,2.807701999698971,3.1381904761904753,3.1229739658489657,3.1038635640103127,3.2567082954361717,2.569471836090088,3.029674603174603,2.9095920684254017,2.806538688708971,2.9674173381895823,2.855071430491463,2.8613333333333344,2.8544785153118486,2.9053441445325596,2.895731880635059,3.2982832871609724,3.082555555555555,3.079598270012486,3.155048630390187,3.0564104837746524
audio_29.wav,3.0,3.052895354678823,3.1198492063492065,3.154318083151416,2.893264413670876,3.0011886022513625,3.38785530621173,3.55395238095238,3.544734244921745,3.3028443601514517,3.3608561948772198,3.7996747493743896,3.464174603174605,3.6313106060606066,3.4083678787903775,3.392241483648043,3.601943640843732,3.3462222222222215,3.519490079365079,3.4583029078970378,3.396659344788482,3.40513123555773,3.759119047619049,4.006085701335702,3.566352280767589,3.6617699437812425,4.125026702880859,3.735119047619046,3.6822251359751363,3.94753178865721,3.9649039102246313,3.327753686706681,3.5545317460317443,3.711260400093733,3.4718655692364933,3.3382042299906316,2.8101193950008643,3.7286507936507944,4.049132492507493,3.6668460718304985,3.690580168004082
audio_470.wav,2.5,4.011937978875579,3.464539682539684,3.570033420283421,3.728519059337577,3.7150540664445586,2.9310369322840018,2.8628253968253965,2.8850691438191447,3.023788305506423,2.979075270401411,2.7573915322621665,2.865595238095237,2.834775141525141,2.6468003479398683,2.793917384947416,3.1019209871935005,2.8970476190476186,2.880134854343188,2.709592774521972,2.8321083869045793,3.0753926276446246,2.7534603174603176,2.767655303030304,2.6648277579163104,2.7314199291647276,3.1120002269744873,3.3480000000000008,3.3933680455347126,3.3103890431626852,3.455133762216752,3.367518145675047,2.958976190476191,3.027734688151355,2.965006276301573,2.9761546984551384,3.3213441928063676,2.805428571428571,2.8344894858228193,2.702192434881534,2.784895003405097
audio_356.wav,3.5,3.2248145435074953,3.316341269841271,3.2588965263131935,3.3585940917690587,3.35643296420206,3.6066445438792054,3.348380952380952,3.2582285106868443,3.278155082294011,3.2747974543226306,3.6849618752797446,3.663150793650793,3.5383349382099385,3.7790565461162458,3.700804604897178,3.662618469929694,3.6367539682539687,3.522158175158175,3.551238122398305,3.6716135755803747,3.6993150189513333,3.7281984126984127,3.66278103686437,3.795173112555305,3.6967160710025855,1.9719332456588745,3.1934682539682533,3.243737834696168,3.1498413472932634,3.2237128229734906,2.965501141047531,3.261944444444445,3.229491081449414,3.1513150352296435,3.377683831198546,3.3732834366158486,3.6444365079365073,3.6796393698893692,3.8327135851428284,3.6543983136774583
audio_365.wav,2.0,3.3554864253206116,3.174119047619048,3.2310227411477417,3.439133805308822,3.3638485626365338,2.109999531906988,2.6583809523809525,2.7769106079106076,2.6865078752478233,2.6166010430248097,2.061532219250997,3.030992063492063,2.6332666145582806,2.5502806311004935,2.510847154457244,2.037022839393389,3.0271904761904764,2.622442230608897,2.5623628105097853,2.5472747074754847,1.7997957307423247,2.902261904761905,2.6073901345568005,2.5010300648314714,2.4363000335795726,2.1355085372924805,3.0974444444444447,2.9409760763927437,2.765132268922466,2.7448875182399792,1.5940028830406572,2.892293650793651,2.8773165784832444,2.880652436251592,2.7713610254838166,1.446721183497082,2.9432063492063487,2.585195877425044,2.4687626274768233,2.5718648820283674
audio_58.wav,2.5,3.8356889688864477,3.236896825396825,3.095478321061653,3.037864123291662,3.1248194296633316,4.002888434846219,3.4381746031746023,3.3365725108225113,3.5807480118655306,3.5002443850403604,2.786712408065796,3.307214285714286,3.2922700982750004,3.0684527322800785,2.9455111420126365,3.154043014951666,3.1088968253968248,3.2779283910533903,2.9082950382587764,2.9385495874379295,3.178331367844929,3.217738095238097,3.1627359029859026,3.057189689238547,2.9396564937022975,3.4964272181193032,3.317182539682539,3.44659261263428,3.3682873527916137,3.4700357195844496,3.5581535085812703,3.4579126984126987,3.3676183322849997,3.551986334787621,3.5209172083712006,3.3579432173667882,3.2484047619047622,3.261573438906771,3.095518659367053,3.071342613660153
audio_708.wav,3.0,4.127573186881725,3.7432301587301597,3.7189540613707286,3.7430573024774234,3.732162268195314,4.0248818129797925,3.5283253968253976,3.370138286096619,3.4851957161774796,3.386955314267342,3.8902382055918374,3.6962539682539677,3.6606127745711086,3.5422306835545316,3.527064325281972,4.0247342977423735,3.735571428571428,3.7739704385121056,3.526643357167431,3.62465524334455,4.092601402083891,3.6531111111111105,3.6104016631516624,3.8298005495792644,3.7618524037392103,3.4117443561553955,3.2727936507936506,3.288336328794662,3.1421391994924197,3.1519585280129134,3.7110325515662494,3.419873015873016,3.1578540117290115,3.392981021812538,3.292599029166406,3.82008873559468,3.6534841269841287,3.5846542870709523,3.802410646680061,3.5599647577242464
audio_319.wav,4.5,4.912348934102181,4.70113492063492,4.631857128982128,4.963178198875772,4.97412434006823,4.995100880126066,4.845293650793651,4.894606882315216,5.0,5.0,4.852555910746257,4.544650793650794,4.332045394420396,4.676194615183536,4.75641820476253,4.922279918840091,4.536277777777778,4.410135868760869,4.782387035142627,4.822151185119499,4.931252988030063,4.747111111111111,4.799191763483431,4.949377007362709,5.0,4.207568724950154,3.6266984126984134,3.548955212996878,3.8559394739782547,3.6670950227169214,4.91781450927127,4.638619047619045,4.6411695942945945,4.7447095501889365,4.773030197829803,4.622209446495847,4.714198412698412,4.70687323633157,4.937159363017273,4.984136648552581
audio_5067.wav,0.0,0.1792311206410401,0.01973015873015873,0.04124074074074074,0.020149439579243436,0.014693025413861706,0.5286969037717776,0.030277777777777775,0.01824074074074074,0.032989361524314156,0.044673739045234175,0.0,0.024634920634920635,0.09284964726631391,0.007983873564583672,0.0019054071488092577,0.0,0.015682539682539683,0.08037522045855379,0.002930744165366887,0.0,0.0,0.0036507936507936514,0.10754563492063489,0.015297356249296531,0.007123357800152378,2.730171283086141,2.9635317460317463,2.8445709367792698,2.599229359599802,2.8001307676762868,0.6711508925013003,0.03557142857142857,0.025912698412698415,0.07624690969840099,0.032819098012629076,0.0,0.007238095238095238,0.07839417989417989,0.017896493245049928,0.016007880616650472
audio_135.wav,4.0,3.4074759813227886,3.0770476190476175,3.0713965941465937,3.282722008705987,3.299038674274531,3.943775040121731,3.604650793650793,3.6366311913395246,3.7642450308666167,3.7645861359980994,3.2353274822235107,3.4056587301587284,3.3712398095731424,3.1917337411432136,3.2190895356976448,3.4398382687162923,3.29270634920635,3.3263995325661995,3.2065094309757334,3.2804111894341617,3.5540690137938906,3.428817460317461,3.3571026319359647,3.5537012725154824,3.559310279301904,4.937252680460612,2.790023809523809,2.6846532788199453,2.258774162895445,2.3868667674328,4.795577610418057,3.487658730158731,3.5191251680418354,3.5833446642779507,3.519536162641644,4.053511808566493,3.4544126984126984,3.3209363460613464,3.568427635656132,3.5452915717742393
audio_612.wav,4.0,3.6718855493666243,3.8811666666666675,3.882557015515349,3.9617541681382886,4.127037185764105,4.460897676287648,3.97034126984127,3.8890202343952343,4.295050100478859,4.2443678704093415,4.01830252011617,3.8699126984126977,3.7578855218855227,4.028924873961861,3.9835477091578517,4.015532210632432,3.9256984126984116,3.8136863445196774,4.213007076253077,4.11870987463399,4.24019589665531,3.803079365079365,3.653987026680655,4.120648803353062,4.234129065510327,4.640506744384766,3.575539682539682,3.56965967674301,3.9621069078466618,3.8256701090728957,3.8610752091917475,3.6829682539682533,3.608475909892577,3.862400923513573,3.857914240005164,4.002054701483601,3.70370634920635,3.6073717933301275,3.9136805024053998,3.993338797750018
audio_373.wav,5.0,4.9875274009815636,4.571436507936507,4.562166211874545,4.70669371467172,4.792155313487608,5.0,4.549126984126985,4.4596809363476035,4.823967321811566,4.8704446870709726,5.0,4.5239047619047605,4.499161540619873,4.864610400128584,4.846995777234031,5.0,4.62331746031746,4.515621062579396,4.938290453854772,4.882196475374982,5.0,4.624499999999999,4.57729200737534,4.85639564953886,4.802823825809383,3.189180612564087,3.3883492063492064,3.385182524265859,2.9660375505819285,3.1703402579678173,4.7107027552385,4.397952380952383,4.3211677396677395,4.495326989620357,4.45507699162972,4.904211394931168,4.620841269841271,4.539863997113997,4.730903921357554,4.679284386148028
audio_680.wav,5.0,3.695088325920011,3.58034126984127,3.4349210218793558,3.880002741565588,3.999361375105535,4.264433600352269,3.9346111111111113,3.9592036790370124,4.215772705481367,4.170355675939866,4.732163270314534,4.296944444444445,4.327840548340548,4.500977623686407,4.55473742220061,4.840534921762077,4.276484126984126,4.249118643701976,4.376490663246066,4.521087763022728,4.991945603547407,4.360714285714287,4.346216249799582,4.8216147998266985,4.7277588066457765,4.141069253285726,3.568198412698413,3.5298106970190304,3.707705761464503,3.66205548301282,4.573446560524226,3.8277777777777775,3.9564951314117978,3.9584211647045926,4.052527859962514,4.924558632423367,4.305777777777778,4.312300603717271,4.7296199452146865,4.616650106311535
audio_63.wav,4.0,3.21632584954277,3.54502380952381,3.49070342312009,3.525007929828915,3.5270221306110643,3.323890855699259,3.7367936507936506,3.7612415547415536,3.6293443892494373,3.6743595888926044,4.219770749409993,4.056611111111111,4.115967840801173,4.320751289887303,4.194947679532,3.6374997478695223,3.83084126984127,3.93176807760141,3.9214918295451238,3.933773557777343,3.900449168225263,3.8827619047619044,4.029190496232164,4.033715194683445,4.200049203374689,3.3963034947713218,2.6747857142857137,2.8080785695785693,2.615836765842801,2.627951397352796,3.1871819512450745,3.6241269841269834,3.6659464532381194,3.5174657122222635,3.6116979756536183,3.71935380138482,3.8608809523809513,3.986014149430817,3.9110749248137426,4.065451233488724
audio_700.wav,2.5,2.797890723858343,3.1409920634920625,3.2405440454607124,2.9535480817361175,3.0419306690179138,2.6390483041312476,3.015428571428572,3.01725125645959,2.7026881337713893,2.8256183893740974,2.670214573542277,3.007690476190476,3.0111177449094124,3.0203477241276695,3.102133195187888,2.5743529448539166,2.9387301587301593,3.0011478351895007,2.998993164278503,3.080872371658368,2.484611432438511,2.926690476190476,2.9622075547908886,3.02965466574023,2.9016468576650176,2.439348061879476,3.3761746031746043,3.375516182891183,3.3458500314543804,3.3322720323742385,2.6355558584581336,3.0873571428571425,3.1569694133027473,2.9539498795762835,3.127446907629716,2.790249990735718,3.014761904761905,3.044313865147199,3.14616568781533,3.100070193794045
audio_429.wav,4.0,3.8937905575679204,3.4520000000000004,3.461076431284764,3.494196265964746,3.537431278003311,3.684778773070235,3.240119047619048,3.170693647401981,3.112431340929034,3.278262775689136,3.9137794176737466,3.3907380952380954,3.4099371292287963,3.416124250384945,3.465931416288021,3.9778824163264432,3.3889841269841274,3.4503560667727338,3.4159115235804833,3.4012944253290733,3.9125894951794256,3.337373015873015,3.5149389160222504,3.3268564607493922,3.2908000100165964,3.709826389948527,3.2582777777777765,3.3330109951776623,3.4057961469930818,3.505560137350295,4.090619365695148,3.296817460317461,3.3148792041292037,3.433267979781728,3.412295322605311,4.160251376621843,3.3381031746031744,3.5026143794477123,3.3289889478370314,3.3659195503268418
audio_745.wav,5.0,4.396266478570998,4.4772301587301575,4.350519400352735,4.557656787892977,4.545906814252548,4.1604001088807765,4.285849206349207,4.0414033697783704,4.302914342792648,4.4240094907684915,5.0,4.567896825396825,4.434970037678371,4.747412016454862,4.792148988137299,5.0,4.582158730158729,4.437228999395666,4.724245248429146,4.684953663826691,5.0,4.514738095238094,4.353841599758266,4.551517242681009,4.694972426038004,4.99046007792155,3.7370238095238086,3.6281799465966125,3.7057872442648585,3.8097117027003393,4.303782678744475,4.157404761904762,4.026724357432691,4.32414032044488,4.332204153387406,4.873430110663213,4.412714285714284,4.31681807235974,4.573652988736587,4.614257519355742
audio_731.wav,2.0,2.880876543312342,3.030063492063492,3.1015594960594957,2.7654847236616944,2.6671349879763095,3.1296382448582407,3.132515873015872,3.1315433563350226,2.979758636080287,2.977872344219726,2.8019442558288574,3.106563492063492,3.2292456262872924,3.0332566615414973,3.0631706871881725,2.8088474529284695,3.1166666666666667,3.22921526313193,3.0866997960487574,3.1061800715333683,3.0095464171247435,3.1589841269841252,3.2029071268237934,3.0881418381767465,3.102104308758953,4.248538414637248,3.0146507936507945,3.085833376500043,2.756365894167439,2.8258552031356117,3.148941686376014,3.163825396825396,3.1109375732292395,3.034916097407047,3.00019640038156,2.49653717886233,3.15263492063492,3.1781304066304066,3.075378472966546,3.073099854474435
audio_461.wav,5.0,3.8560982484386055,3.5097936507936502,3.581559847650533,3.6082185331084986,3.59987939698885,4.197385549326838,4.112023809523809,4.220203091661426,4.131769089177091,4.1293043240051475,3.4778963724772134,3.149365079365078,3.182364249947583,2.9120695006332653,2.993162922384658,3.8559656293226574,3.2047936507936505,3.207363491446825,3.011792092786363,3.0690147350455335,3.6975769296536143,3.4530396825396825,3.4491330243830234,3.320385357517741,3.3089293618837465,4.798524220784505,3.946492063492063,3.9163050699300697,4.277985644630511,4.3060562281429435,4.584999714671041,4.134761904761905,4.258181334098001,4.218544713487389,4.257538321555635,3.7709680666123635,3.45047619047619,3.5038588063171403,3.3881723644023545,3.4394903014459586
audio_79.wav,2.0,2.8233641148610817,3.0398809523809533,3.240536804245138,2.642084675862515,2.768578851335446,2.4198753132166484,2.5196666666666663,2.439623116081449,1.8840919255642552,2.0786049450132227,2.512939691543579,2.8778888888888896,2.8620484006734004,2.7063464133384723,2.7117083830760937,2.397381785448824,2.8440714285714286,2.7387973985890652,2.5833093560643166,2.529172907220726,2.159416814585805,2.639198412698413,2.5959161440411442,2.4335866105012953,2.3554593726469855,0.2888658841451009,2.80329365079365,2.732476850310183,2.4611154304583764,2.465069753202538,1.0048763516978994,2.6522936507936516,2.563274490941158,1.9548367151657107,2.129377439603956,1.1441007909787788,2.6832142857142856,2.620008076799744,2.4466671687780983,2.349204774415526
audio_5038.wav,0.0,0.0,0.020515873015873015,0.0859642857142857,0.03546525060670697,0.08178450312145195,0.017072380010436355,0.021428571428571425,0.08118518518518517,0.031516594767119925,0.07912439863992456,0.29320796330769855,0.007301587301587302,0.09493121693121694,0.0165528066710725,0.010368116630607466,0.16438967189758236,0.008095238095238095,0.11478968253968254,0.0,0.009889265911608902,0.13583508428241067,0.011746031746031747,0.09671097883597883,0.0037873477909547205,0.002605739183695013,3.5688817501068115,2.6852936507936502,2.813758397466731,2.5248341531866085,2.5221059042498997,0.66237692463623,0.017619047619047618,0.0767473544973545,0.04890955730530788,0.034007683981572716,0.49596276564573466,0.006825396825396826,0.10061904761904761,0.00588140463111534,0.0030629769900303097
audio_760.wav,4.0,3.9736207992098938,4.027253968253967,3.992175278425279,4.022587384136737,4.098243979531989,4.201949788823005,4.271960317460317,4.418751262626263,4.601094029785332,4.473948588593539,4.114658673604329,3.924825396825397,3.935911375661376,3.995649390320017,4.102114071406722,3.95795022671753,4.135134920634923,4.070884530592864,4.097271242066691,4.313119029411767,3.951593439430868,4.192444444444444,4.197160123826789,4.267208275639363,4.278263785215859,4.222812334696452,3.7763095238095237,3.8353727244977254,4.106955134623429,4.2437333850054015,4.818252458520653,4.333261904761904,4.453183942600609,4.713073779641388,4.647429905620442,4.0279313489567,4.173468253968253,4.266124511291177,4.31909040658335,4.216239958451925
audio_72.wav,2.0,2.793485852561932,2.86173015873016,2.847159204992538,2.901453061706654,2.8684273203076125,2.7741662273596117,2.6573968253968263,2.657561415436416,2.4600526173533606,2.40546472116322,2.675069014231364,3.2627777777777776,3.3735022153772163,3.1114743209935676,3.0887474534073447,2.1208699238448134,2.9885000000000006,3.1504317179733836,2.90958104041214,2.7906812537571075,2.2166840438402,2.828515873015873,2.8536569603236273,2.556576196715911,2.487397363087345,1.3065884908040364,2.5934206349206357,2.7656300767134105,2.373105971750439,2.1664496238069186,2.285351502335852,2.5675555555555554,2.5659308561808563,2.4937715363671686,2.4492092516623707,1.7897501796401196,2.819039682539683,2.8280139166389167,2.4203577824644555,2.438395536680288
audio_696.wav,5.0,4.204347448689376,4.232936507936508,4.0497832892416215,4.311958871609351,4.408870857349366,4.540722781656825,4.699126984126984,4.796509700176366,4.784228330910227,4.837426721970373,4.822317441304524,4.885476190476191,4.85654365079365,4.945793615869603,4.999584548298841,4.841963528934907,4.87813492063492,4.857019761103094,4.9692145832762185,4.975093575821522,4.89622653093292,4.914801587301588,4.929529521404522,4.992189683013566,4.998237089855899,3.645244916280111,3.9361825396825387,3.8940884640051308,3.863643117635796,3.9549931831070517,4.1371180635648805,4.671015873015871,4.725160092993427,4.779539728519207,4.827843043820621,4.553420608347309,4.8999999999999995,4.901349206349205,4.968021376521765,5.0
audio_744.wav,4.0,3.8412505350227946,3.868039682539683,3.8654551451634784,4.106319107997736,4.0451820464571595,3.79451302243845,3.5925793650793643,3.3584666583416585,3.933056117702104,3.9892205757273307,4.485293865203857,4.027174603174603,3.9574453262786604,4.102357558576945,4.230736478793997,4.26724914479669,3.8850317460317463,3.900442053317054,3.8509093894028052,3.978087109374327,4.108931263352383,3.87397619047619,3.7740823959990615,4.030924766023785,3.987966080056124,3.3986682891845703,3.430833333333334,3.356374158249159,3.059637940109036,3.1542818080401105,3.672599781956263,3.3554761904761903,3.1931073602323607,3.4865890140858853,3.5556089956225256,3.9386493517910846,3.7293253968253963,3.630061429311428,3.730933944988996,3.7934177944432936
audio_662.wav,5.0,4.5957966828771735,4.10123015873016,4.150274430816096,4.530712369711761,4.465887284126534,4.8996321809034304,4.188595238095239,4.229141374058041,4.532468639816371,4.701763561585159,4.763721148173015,4.37418253968254,4.344896876271878,4.329866642194587,4.283889100794489,5.0,4.46795238095238,4.439494547119548,4.574650253253568,4.556264882274703,5.0,4.450246031746031,4.446831415498082,4.629198977363266,4.56890905996833,3.9503210385640464,3.972396825396826,4.096228697228697,3.9757225951076207,4.0346517954347965,4.741492870263321,4.203507936507937,4.177955578372244,4.718305941112431,4.667313101959975,4.992173623148748,4.492936507936508,4.420888047138047,4.686538242429449,4.7195179179327615
audio_570.wav,3.0,2.8545961310319896,2.929436507936508,2.9104541546416542,2.6933818421035607,2.6612665673208586,3.4859340929322102,2.846269841269842,2.7442698458948453,2.6977704786105314,2.7735962502665665,2.2480105559031167,2.4772301587301584,2.4818069885361553,2.3547116238853754,2.421431426616336,2.6494415247041463,2.561539682539683,2.5758913940997274,2.4903995305840674,2.4566443674708487,2.8068668163747392,2.5563492063492053,2.5344864980698314,2.5560779435818373,2.582098853716533,3.3846918741861978,3.2080396825396833,3.2811366457616455,3.1732533230249538,3.3540883593098543,3.2905188651504442,2.963500000000001,2.773264931056598,2.7001842217236933,2.708941591618206,2.4400950769579133,2.579571428571429,2.5766340788840787,2.5123019777602154,2.49655276822816
audio_10.wav,3.0,2.6078475870336555,3.0945396825396827,2.981163948705616,2.979213231700499,2.88822546664309,2.8614890037879306,3.0147063492063495,3.1493069985569977,2.8343819291974963,2.924598150761741,2.6231374740600586,2.9733015873015876,2.9286259219175883,2.760464631532552,2.7072260802323473,2.860124689050158,3.0121825396825397,2.9842809243225905,2.818225828166647,2.8403903557744052,2.886011267653423,2.8429047619047623,2.930893251809918,2.6848425464377144,2.742394820419365,3.8515928586324057,2.9803888888888888,3.016330188874307,2.819661723251835,2.854984620121632,2.5605625580794737,2.8798968253968256,3.110869272702606,2.741731811348353,2.8117677060498085,2.9648616863902064,2.8553571428571427,2.9303485449735454,2.6222667744336157,2.715811307312865
audio_628.wav,2.5,4.194088578593944,3.8574841269841262,3.83859745655579,3.584473752093192,3.77023285845395,3.5787496217742056,3.232071428571428,3.1744871579038243,2.9411013697399206,3.082396474327126,3.1342283884684243,3.905214285714287,3.9898603495270173,3.8538318230166744,3.9115331896070695,3.4389269055635587,4.000690476190476,4.037229370937703,3.93411564251539,3.8802559640569414,3.2851759927688753,3.6926984126984124,3.6969528079944745,3.45823762962166,3.6267816002355624,2.4249213536580405,3.004349206349206,2.858651157484491,2.8075329733176653,2.6241563793319163,3.755731313961561,3.229190476190476,3.0507179394679405,3.0078942615942132,2.9429912711620845,3.204336873783515,3.6922777777777793,3.6479351713101713,3.476927509972103,3.507510851440712
audio_606.wav,3.5,2.617153776520492,2.9063730158730157,2.8057808842392173,3.1636135826084697,3.0194780094270826,1.7255788573341118,2.7275793650793645,2.5313847402597403,2.2723344178197107,2.4167844725611602,3.318429629007975,2.687801587301586,2.751852096977096,2.806787249960902,2.7438345204329573,2.78121563277929,2.62165873015873,2.6857809443642773,2.790516296870963,2.704328585295766,2.6167511686673186,2.741674603174603,2.6383407811324484,2.7974327593997956,2.754452194450277,3.1520934104919434,3.2366666666666664,3.0570863596280264,3.0010348050086173,3.0025839075250644,1.5398493870584307,2.94118253968254,2.731165484207151,2.294033108787096,2.472178486484545,2.7567687250276456,2.831174603174603,2.7719532663233646,2.7905435410924664,2.7244442101801987
audio_73.wav,4.0,3.8768627751769826,3.83297619047619,3.9099364308530986,3.5851723546212746,3.385272644511725,4.037885374876184,3.5896825396825385,3.523237034570368,3.2182863491227596,3.155367568567794,3.2970269521077475,3.740531746031747,3.745272150688816,3.7421285438269085,3.7113044553560575,3.504181314002745,3.618269841269841,3.771794528002861,3.690806022261217,3.581263137473176,3.2850338475804057,3.504658730158731,3.515805361305361,3.4148237972647624,3.3244106134457945,3.5875638326009116,3.1881269841269844,3.1310771404521405,3.0989785280977658,3.0299609678957524,3.8653795138013063,3.5432698412698405,3.4894625621292277,3.294389641145406,3.23261155994301,3.3233089271679166,3.537047619047618,3.4528944805194803,3.408288226488215,3.357621973994649
audio_605.wav,4.0,2.6836237500877793,3.2804365079365083,3.1296239932906604,3.1140415398570234,3.0413864528893053,2.5739573425756155,2.8946507936507935,2.577077935952936,2.537639571499836,2.7050546609366197,3.6020610332489014,3.58652380952381,3.5628575066908397,3.6895728354954294,3.600139813504367,3.3056343407590822,3.5665952380952377,3.473071067821067,3.741685009393052,3.7079857148260174,3.2595542421880146,3.3358809523809523,3.043040753999087,3.2010264439887144,3.2366305804595634,3.823582092920939,3.658007936507937,3.6626977513227508,3.980875911934317,3.9801872906941878,2.6359987357594554,3.081404761904761,2.838861249861251,2.664871077171508,2.7594809167703995,2.9515467407368856,3.2516031746031735,3.0974768718935386,3.122433256738946,3.0550390440003814
audio_106.wav,3.5,2.412719743725174,2.8764920634920634,2.7508351170434504,2.9152205726806693,2.8375000378688795,3.2020953236242753,3.3865238095238097,3.440508446800113,3.1571268326252073,3.1928306340459685,2.9488590558369956,2.8072142857142857,2.8133151555234885,2.5281944062085757,2.6921562697628034,2.7673429799722515,2.71502380952381,2.6984581575831577,2.553644445111324,2.5681744559203556,2.856338138698117,2.9277777777777785,2.9833558401475067,2.784748274580165,2.865425797791445,3.1945422490437827,3.007753968253969,2.973911391078057,3.0784619420579786,3.026960932012114,2.696194969334238,3.189468253968254,3.467001883918551,3.200999416186447,3.2446722692510366,2.6968278451740644,2.987428571428572,2.937698230781565,2.725361747809328,2.9053826959885125
audio_306.wav,5.0,3.5476913403326655,3.834873015873017,3.799865378448711,4.00330986452724,4.063505346473126,3.633084859740148,3.598849206349207,3.6203534413117744,3.831615887899396,3.874477152891443,5.0,4.444444444444444,4.411916245791247,4.490550270186207,4.567250802536889,5.0,4.490619047619047,4.41574993987494,4.694850514043645,4.670257737349748,4.998591091628166,4.228777777777777,4.081588023088025,4.395323366172184,4.25898806874402,3.293166160583496,3.3115238095238095,3.4416912316078974,3.518649184085849,3.448342950687586,3.853103688383142,3.6527698412698406,3.7154410974827647,3.8753008143978054,3.784339367765425,5.0,4.152753968253967,4.104722418014085,4.359578753121629,4.258054873568342
audio_75.wav,2.0,2.699231965864337,2.8327619047619046,2.8362666901000235,2.5440828087379668,2.491020878280345,2.8909619865836196,3.0059523809523796,2.925701549222383,2.9554082108209196,2.8416586398702663,2.6896068255106607,3.0325634920634936,3.030849007474007,2.8871805954212753,2.796254445592444,2.6904434744012424,2.921357142857143,3.010692384775719,2.857172813994152,2.885785700622707,2.842975714800751,2.995690476190477,2.9936968648635314,2.9570704426382157,2.8983874401210756,3.471496264139811,3.2031349206349202,3.1794609148567488,3.0416886754727854,3.1758749377415327,3.3331144715210677,3.1312063492063498,3.10012536075036,3.1707739440078764,3.1008817259257415,3.0556580732540666,3.102738095238095,3.0571702741702746,2.974605766283036,2.9035772287012542
audio_550.wav,3.5,2.94896267738485,3.076119047619047,3.139984657317991,3.571821477772549,3.4565827537871954,4.127433623607723,4.007460317460317,4.134063994647328,4.243414744669731,4.270401336846119,2.8766520023345947,3.139682539682538,3.025319684944685,3.163811952675715,3.118829612119935,2.9707689067715304,3.1228571428571428,3.0170122670539334,3.065020263393557,3.1130880786777104,3.3678003969974384,3.4354365079365095,3.5115978835978834,3.7741852668996874,3.762292392547755,3.3676981925964355,3.6662619047619045,3.661662504162504,3.7631259723672046,3.650201810958663,3.759180693563174,3.9554365079365077,4.044982528274194,4.270885033103021,4.232701183746238,3.1855460838109715,3.444206349206349,3.5590391013307676,3.6800894919993006,3.649907282276819
audio_340.wav,5.0,3.967041031966506,3.995055555555556,3.791776693985027,3.9680900564722297,3.724964428243638,3.9952379488609537,3.9169206349206362,3.7853829565496233,3.8430437673893003,3.9251545769114844,4.665319601694743,4.39226984126984,4.43560139705973,4.5492359405021645,4.459316473546198,4.217508108795802,4.362857142857145,4.349402256693923,4.428486048617691,4.352363934559784,4.296041158199375,4.242690476190474,4.1311010316843655,4.2708129001964865,4.304732188979272,3.301607370376587,3.633841269841271,3.614837835004502,3.8267262020861197,3.852941442236658,3.777692681130331,3.9545158730158723,3.780864518197852,4.040828179118919,3.99954912289973,4.3702578193287245,4.253833333333334,4.079721380471381,4.399595129641006,4.350756002999868
audio_272.wav,3.0,3.725023108265384,3.5867619047619055,3.574308003815356,3.8431361921752454,3.6967771080047775,3.45620336466336,3.540841269841271,3.685327986827987,3.666429940129655,3.6253558129950165,3.353944778442383,3.3040952380952398,3.2251203803912136,3.1458197474467826,3.1010860512178087,3.313238674519065,3.241722222222222,3.286006900506901,3.2387176410104885,3.150154588789494,3.343328946578705,3.2094285714285706,3.2244949733908057,3.219931389887428,3.2751852151251026,3.234644810358683,2.9158095238095236,3.0643074780158117,2.659660041627505,2.573243314308213,3.5814074125025654,3.6452539682539693,3.8017300330842,3.7797378247321007,3.756290353076711,3.3131721400050487,3.3301825396825406,3.293103565416066,3.2963730103276574,3.3392381154145667
audio_518.wav,3.5,4.17907876224092,3.8379841269841264,3.8324672118005445,3.6670449242274734,3.726982219851313,3.3731460678715712,3.186563492063493,3.0647785994869334,2.998259413453148,2.979191721488624,2.3850550651550293,2.8973730158730153,2.9430555355138686,2.7855586644053827,2.7378496073805594,2.254946394223325,2.9492460317460307,2.9954592552509225,2.785618164948076,2.7621634094862113,2.210151883143526,2.8492619047619043,2.812501783710117,2.6088725884497936,2.523964771671869,3.3018749554951987,3.4349603174603165,3.593727813852814,3.469210030717518,3.697911344616069,3.2592988263556344,3.3257777777777773,3.258085192585192,3.355488986722476,3.3628609119220116,2.7210936376020984,2.9640873015873006,2.9358099924766585,2.8423720276435795,2.795239883280111
audio_34.wav,2.0,2.9394715974243124,2.9286428571428567,3.0563178996928997,2.9736412715414176,2.953860634949985,2.820680160331498,2.84818253968254,2.9474581930415256,2.9342825751963297,2.9494261909674417,2.491328318913778,3.0237698412698424,2.925907038948706,2.6174640000692855,2.62039706334405,2.738377662965135,3.052261904761904,2.9301522304855627,2.8082672210952153,2.8127514851908586,2.790328051089654,2.9035238095238096,2.8113203463203456,2.6823820309974913,2.7436137523445563,3.472459157307943,3.487230158730158,3.4305621616038287,3.682323238179368,3.7604933230157798,3.106294382682403,2.9221825396825394,3.109899612732946,3.146358386197967,3.1277734355185274,2.697132677226621,2.9355476190476195,2.903145121853455,2.783466737357452,2.7681925037054618
audio_87.wav,2.0,3.516366685897733,3.2651349206349205,3.2582475271641935,3.1490269665925523,3.225485577620971,2.7272683004016613,2.779634920634921,3.0601261624178293,2.716426428041624,2.717436747282433,2.1953179041544595,2.94565873015873,2.985701448243116,2.7730805856368073,2.73084017937877,2.032082574924662,3.026420634920635,2.9694707391374067,2.7557623693949918,2.7239904807337765,2.0550194419813996,2.7647380952380955,2.9561617256200594,2.680165326648886,2.567390922899723,1.7855103413263957,2.95911111111111,2.964931235431236,2.728251919951372,2.7244836895705578,2.3204112714086835,2.832365079365078,3.026755802839137,2.7863892361619214,2.668427878840468,2.442066766503995,2.846714285714286,2.901905990614324,2.6755277169898157,2.68177666674101
audio_211.wav,5.0,3.509778769136639,4.39824603174603,4.255362594195928,4.206727986728165,4.410258800400143,4.0703759260211845,4.338253968253966,4.347639508639509,4.31918413398608,4.25216794114904,5.0,4.625841269841268,4.6106900676484,4.894705599934794,4.9789679904837625,5.0,4.712198412698412,4.661178471220139,4.915917731314594,4.898067467718103,5.0,4.604563492063494,4.545206349206349,4.636514099292484,4.694531902111069,4.069721380869548,3.5845396825396816,3.6406171143671133,3.637411332788887,3.829341749369936,4.154967651443795,4.272944444444443,4.3601339838447695,4.512812685385145,4.370884796727118,5.0,4.540142857142855,4.49681112714446,4.6527303061337175,4.70788771756614
audio_431.wav,3.0,3.6090075424686368,3.7341031746031743,3.7691758303424963,3.757391170662124,3.656259583590051,3.4682682419450805,3.1335793650793655,3.021537006203674,2.9620539020457124,3.016526487434314,2.8441294034322104,3.2949365079365083,3.5318915868082534,3.381615028521825,3.420659288257161,2.988312082917434,3.425047619047619,3.576122775372775,3.404370599754342,3.430122904660756,3.0935836069781586,3.2030238095238084,3.3096120052786717,3.104990428552803,3.1467293622027435,3.3931591510772705,3.5387222222222228,3.5737937463770795,3.601299359411126,3.675967453436934,3.8727138527929506,3.186785714285715,3.0647503006253007,2.966568921755236,3.0479599723932655,2.9289269617943,3.18484126984127,3.3329840267756925,3.1092530420868267,3.1150998984052656
audio_555.wav,5.0,4.197646197881961,3.792896825396826,3.879729135062469,3.950676882912676,3.8797707613630785,3.890120768665296,3.627150793650795,3.518400758192424,3.4649640722033506,3.4254218610138127,3.3959995905558267,3.452246031746032,3.4322860935360935,3.5189523677787626,3.563828873901149,3.591901529071759,3.404730158730159,3.4817862230362238,3.5007956958807136,3.6179105225401003,3.5109626611593288,3.4071269841269842,3.390929513387847,3.375198859788848,3.475801794289154,3.933145523071289,3.7376507936507934,3.803686548019881,3.8260522457930697,4.172928693182218,4.025119515239722,3.7083253968253977,3.421390672599005,3.5034655083468356,3.5629673726033104,3.8725534898985186,3.4031269841269833,3.3826080200663533,3.2861960621629027,3.3767229184669194
audio_648.wav,5.0,4.386980859369654,4.0165476190476195,4.02258261183261,4.296555508829866,4.215861933212989,4.612767186583784,4.1829285714285716,4.188657979366314,4.166768692389134,4.256755680259242,4.620776017506917,3.9078888888888894,3.820109708193041,4.119119993627381,4.126774619064623,4.428436975408894,4.071492063492063,3.8383506832673504,4.106308583599709,4.26270130661562,4.315876493396435,3.9938333333333333,3.777745189995192,4.009302358262851,3.9709560903157772,2.770052989323934,3.03111111111111,3.1009685962185958,2.6107253102192733,2.7044017779762792,4.108626738719944,4.113388888888887,4.07258347362514,4.2643946436118725,4.129230290638844,4.090783737306632,3.9900238095238088,3.7443858625941964,3.879010472263024,3.8704295669547135
audio_5051.wav,0.0,0.37396649339621674,0.008253968253968255,0.027949074074074074,0.009895769110873328,0.026514789409055564,0.1589329785317871,0.007142857142857143,0.017013888888888887,0.0,0.0,0.1623690128326416,0.059880952380952375,0.19285286935286935,0.05267707938843092,0.04115038367787922,0.2283751521200211,0.012888888888888889,0.2600039682539683,0.009156804280595995,0.026472657670513915,0.17976721519071903,0.021174603174603176,0.14561507936507936,0.027022553557899582,0.00877717717286306,1.012182315190633,2.6150000000000007,2.67141624270791,2.3669072076023387,2.3578823455017903,0.09774142648692097,0.006666666666666668,0.02694973544973545,0.05149955830527029,0.04812424933596115,0.0,0.030984126984126985,0.13558862433862437,0.0036368980657002967,0.012739107924663144
audio_422.wav,2.0,3.253798178977912,3.0840476190476185,3.147176940343607,2.889603822650072,3.0553800141476493,3.281360487929105,3.309198412698414,3.587159695243028,3.265428822707492,3.198060335943239,2.3205503622690835,2.8940317460317453,2.8629685628460138,2.730033388852369,2.7888378797684754,2.4033011593184526,2.891007936507938,2.880858473316806,2.592302207352674,2.611008246572208,2.4319367009535804,2.947603174603174,3.0268267334517334,2.8259904014633572,2.7771172808708062,2.3133404652277627,2.8542380952380952,2.8663011633428304,2.67694913852905,2.5976633380205105,2.3123622026580786,3.364523809523808,3.561178050344717,3.2616598657668034,3.2948417031923025,2.3496585989755836,2.9373650793650796,3.0699998782082125,2.8104212805849333,2.9166481104595974
audio_627.wav,2.5,4.207776967306989,4.008190476190477,4.020149871733206,3.8639447969459155,3.9058908170060547,4.0666809005724,3.8342063492063487,3.7049438185271506,3.754012510100969,3.734931789753011,3.577615658442179,3.772523809523809,3.963124278499279,3.7630676720479355,3.6855708246216836,3.6528454952958804,3.819674603174604,3.9847378609045276,3.8347189040560923,3.6988471355083603,3.7416480535261862,3.836833333333333,3.8625787699954373,3.637213117293332,3.642377273100148,3.044752279917399,3.195357142857143,3.1550378186628194,2.8620518059922886,2.9050485124522427,4.028593790445568,3.735190476190477,3.644072974864642,3.709366751531052,3.515044904157643,3.835119983608715,3.7932222222222243,3.8482225737225755,3.613679400112891,3.648438640657711
audio_122.wav,5.0,2.5243448070862944,2.983690476190476,3.011699232865898,2.8129346236488697,2.9641841119897907,3.2793388177083753,3.335031746031746,3.3856733482566814,3.3237233651482967,3.396366395603524,3.7679269313812256,3.1196746031746017,3.0998155101071774,3.444159221127183,3.3318228733993913,3.7204362879473813,3.0147698412698403,3.042639189514189,3.1366405667944606,3.144283974465997,3.6544516463619576,3.181730158730158,3.290220218053552,3.2970029818150803,3.358045727007907,3.501601457595825,3.2758333333333343,3.3352906522489865,3.2066319631395004,3.372523544786109,3.8605009231030496,3.359825396825395,3.4873876447626455,3.3103492107292776,3.3874613472072057,3.9040083970974226,3.1839206349206353,3.3649867262367272,3.380937904244988,3.402066178604756
audio_88.wav,3.5,3.735744542072877,2.9330476190476205,3.041837403337403,2.9425649357280665,2.94208330961259,3.925196081211077,3.214277777777778,3.288085573782942,3.2476114065160577,3.361724159736555,3.6069448788960776,3.355166666666666,3.214841670675005,3.257987734933774,3.2657099871513915,4.163598994481624,3.2481666666666658,3.186276951443617,3.2580272748995918,3.302001927967042,4.395835297173083,3.166166666666666,3.135420308086974,3.3350634579401515,3.293921393911876,3.8152281443277993,3.5901587301587288,3.637870225453559,3.7550508393810804,3.7281398707241884,3.93381079348478,3.4371190476190487,3.446363215488216,3.379626530986395,3.4839479792289203,4.30447207366626,3.275547619047618,3.1951895542728876,3.4043337631276507,3.387197596938265
audio_165.wav,2.5,3.414901540908957,2.81252380952381,2.951880144546811,2.830112920026995,2.856699594493612,2.954838689475563,2.6808492063492064,2.618818443901777,2.6571667595929758,2.6088342092334966,2.2630537350972495,2.774595238095239,2.802377657835992,2.4943557321445344,2.438586322391395,2.1429416174463607,2.7355317460317465,2.751465332506999,2.393910796947155,2.487603909198924,2.2592170793126383,2.6004126984126987,2.6169552469135797,2.3596468899130927,2.345526120126127,2.6311516761779785,2.5305158730158728,2.630915885040885,2.3557234061688677,2.5658910432771513,3.064386130314775,2.6618730158730153,2.577987924566356,2.5778797659531434,2.532818060485184,2.5644340298924453,2.660587301587302,2.6517726625226623,2.352543977872809,2.4854545549484435
audio_276.wav,3.5,3.9551176329395914,3.7457936507936527,3.7878012496762508,3.825964779117022,3.8665688090378203,4.023543226018369,3.7819761904761897,3.6285090057908675,3.590286790660459,3.59010678757388,3.410132567087809,3.450626984126984,3.3987597895931234,3.3150568363822175,3.29215430053238,3.2522074454178154,3.497849206349207,3.4444727078477086,3.358215014891707,3.2838492134050714,3.2551279924785796,3.5237460317460325,3.5576193328276653,3.3166703365621797,3.379709014919806,4.357138315836589,3.7117539682539675,3.6400266076516083,4.124868972909636,4.237874993159333,4.384666873171956,3.850206349206348,3.5251321949655288,3.6167313814561766,3.8383753759630097,4.087058332643736,3.5958015873015867,3.5363723884140548,3.450167121823281,3.5231712847751013
audio_746.wav,5.0,4.466011350789583,4.15843650793651,4.075603857562192,4.192454266475463,4.162260797131615,4.567273660708564,4.429206349206349,4.400031305114639,4.53129233097786,4.469069496101307,5.0,4.41134126984127,4.304444142277476,4.55509757318368,4.615584836236624,5.0,4.459476190476191,4.269648438979323,4.60546163685812,4.613599460737704,5.0,4.500119047619047,4.447053910595577,4.703989871980881,4.732061730812116,4.912729263305664,4.075793650793652,4.003074735449736,4.274380018971794,4.5189757214778075,4.812188368330396,4.356484126984127,4.347772907647909,4.557648450775719,4.547119517244751,5.0,4.487007936507936,4.4737941117524445,4.719222883404672,4.806321397948792
audio_252.wav,3.5,2.8213050975356704,3.1161587301587317,3.151074889616556,3.1390128476407675,2.9694070201526634,2.794192904185032,2.957047619047619,2.752668408751742,2.785923088746704,2.818594197524669,3.0662149588267007,2.8214206349206354,2.8719165047915047,2.760350951794369,2.7669199018743122,2.8385934690092163,2.8273888888888887,2.7875226532726525,2.8012549830336737,2.7602598782569534,2.907910614302376,2.794460317460318,2.760981148481149,2.681015528722828,2.6219562028681147,3.841773430506388,3.6431507936507934,3.579003326919994,3.920749436772535,3.8695955804809725,3.000723313058062,2.8625634920634915,2.8062903932487266,2.6663992521558213,2.746449252245968,3.2905065211447155,2.80320634920635,2.721971193929526,2.659075612601083,2.7057326884236086
audio_266.wav,4.0,3.5260902862282517,3.0533253968253966,2.9959025542358884,2.9302710881894387,2.994798515588407,3.9103685961102754,3.235134920634921,3.1068796943796944,3.251342066161858,3.2716895684219,2.6216746966044107,3.2278730158730156,3.222133357383358,3.077822105042065,3.1339072527401917,2.6463928288209693,3.1342301587301584,3.163091678383344,3.1714256627289985,3.1516265772579004,2.9133650388798933,3.2015000000000007,3.166869354411021,3.2539295794322336,3.2172976431948004,4.992779890696208,3.3398333333333343,3.307786098161099,3.5650300872176666,3.421277412845626,5.0,3.1894285714285715,3.1663749074999075,3.4276124686818243,3.483697278619968,3.7978890857981553,3.1912380952380954,3.1774760902677563,3.1480445669102934,3.3451811753980247
audio_611.wav,4.5,3.3330276631367934,3.4161428571428587,3.36824873583207,3.314036474721822,2.911816739250422,3.2830681636831387,3.223373015873016,3.1797423178673174,3.238874999342977,2.9338686937697624,3.149647076924642,3.360531746031745,3.4172575117783457,3.342216163797135,3.3572637277573656,3.0168283755223904,3.4101904761904756,3.3839695967612626,3.305593128410406,3.2565016662137243,3.0646692403376483,3.2851746031746027,3.3124347458097456,3.2659246675485822,3.1932877363470595,2.965061664581299,3.505412698412698,3.459174445924445,3.5016199997338666,3.4079199033942,2.5612819181244677,3.1073015873015866,3.062290160456826,3.1129365344801836,2.9039459618870502,2.85669204934923,3.2458095238095233,3.2532816257816264,3.3420211366625914,3.249836318353669
audio_5058.wav,0.0,0.5297594332484384,0.00753968253968254,0.009820987654320988,0.04652910727240411,0.017800443536179524,0.0,0.016023809523809524,0.008240740740740741,0.08089643866145214,0.04280875456643582,0.0,0.0011111111111111111,0.04321428571428571,0.000927963926461363,0.0007300704919979468,0.0,0.0025396825396825397,0.035605820105820106,0.03463306114414613,0.017060679177229022,0.0,0.0075,0.028592592592592597,0.09410534238119499,0.03359317967574997,1.6284138758977253,3.1489285714285713,3.175756750965084,3.050509173106544,2.858251856947598,0.0,0.006031746031746033,0.018314814814814815,0.11268187734226491,0.0840766288629365,0.0,0.0022222222222222222,0.02866666666666667,0.07383898701278915,0.07424488830177862
audio_81.wav,3.0,3.562987277243711,3.5150158730158734,3.3854851059434394,3.3887839607863945,3.2474557661355408,3.9696208386972214,4.0326587301587296,3.964820085778419,3.8656351132238362,3.957969028377567,3.5729835828145347,3.692142857142857,3.973292536167536,3.896388227314089,3.730709797523973,3.442779406835695,3.543706349206347,3.747616907783575,3.568452782840992,3.448566416470797,3.5620541226314426,3.7595873015873025,3.8768696226612906,3.685154966354403,3.685465762772189,3.0616963704427085,2.8755317460317467,2.7990646128562795,2.651479067063646,2.864652293239789,3.6135231435403337,3.82261111111111,3.774269139810805,3.7294341426810154,3.8014366123797743,3.1698930187441317,3.794571428571429,3.8912741887741884,3.704930366042946,3.7412008127004377
audio_3.wav,3.0,2.3357325377464484,3.1105714285714274,3.027644825853159,2.930660147665743,2.9319751381327515,2.5425142375235503,3.1481507936507938,3.3072420974087637,3.3613976017899705,3.3413239567758546,2.5534238815307617,2.98779365079365,2.901605499438832,2.4948970889034277,2.5839227662701143,2.3455065068507945,2.994253968253968,2.88354322991823,2.664152335507934,2.67661649138879,2.434749495103778,3.0335317460317466,3.0902506336256335,3.1885521118230664,2.9978272975915115,2.556532303492228,3.2565793650793657,3.2752813883647227,3.2990596154584004,3.316965105112653,2.0792204025261465,3.189214285714286,3.283464185505853,3.1505687893102423,3.0839431266593116,2.224800208549588,3.124825396825397,3.0710989257655927,2.9393819117936304,3.101142409511189
audio_21.wav,2.0,3.596594491078308,3.4308650793650783,3.3294532196198863,3.0745733019182744,2.956582438630735,3.258104006648141,3.0128253968253955,2.9739587757921093,2.7667098272394455,2.718028525873528,2.5695720513661704,3.336214285714286,3.4147727873977876,3.18499159883935,3.08757043659951,2.739377888513556,3.317817460317461,3.472310166685167,3.0705239520537275,3.0444441104584032,2.6559285572812636,3.0601349206349213,2.9805723489473492,2.7339233591513654,2.771298830212187,2.713801304499308,3.204753968253968,3.038701351118018,3.1696097942862753,3.121062383529113,4.280445820090403,3.102880952380952,2.9752951539201535,2.9717768796476474,3.1545640497711442,2.9279237012117156,3.0558412698412702,2.9949667708834373,2.7209006392903485,2.8461134575484555
audio_190.wav,3.0,3.3794664182767478,3.1276428571428565,3.170955767997435,2.93659356440132,3.0560320876394855,2.850538490559046,3.1355793650793657,3.21565595053095,2.9493540506172624,2.905399051735587,3.399590810139974,3.1148333333333333,3.070298314339981,3.16679878980221,3.195255081738163,3.088981498262982,3.095658730158729,3.1080047699214366,3.176687715634334,3.13538293542252,2.990603250901889,3.1566984126984132,3.2863399470899473,3.064433079710255,3.116116333779067,2.655999739964803,3.0325396825396815,2.816260603593937,3.1403093747548048,2.7680534344203607,2.918991803864648,3.2274206349206356,3.198618471035138,3.023171761215517,2.96652481024041,3.026439080746407,3.1367380952380977,3.3011148357815028,3.1983528504757657,3.057834751835198
audio_189.wav,5.0,3.550310959861163,3.495825396825398,3.429755284838619,3.2286881278826,3.378301687659414,4.033408541346694,4.124388888888888,4.194551479384812,4.173233890602047,4.131345981200119,4.36997127532959,3.9735079365079358,3.8199878547378545,4.201452983023352,4.145200897402624,4.21200927537249,3.9907777777777773,3.9193076398909725,4.221120328990973,4.150263151577967,4.436030492178752,4.192444444444445,4.214731866127699,4.312195125853555,4.410776571267275,2.955735524495443,3.2713412698412703,3.343807716974384,3.535442030269784,3.7119134174313033,3.289724440885555,4.157761904761905,4.27200438912939,4.376434743659811,4.318043146375747,4.341065443711818,4.1700952380952385,4.199303127428128,4.257993356076633,4.354391594612888
audio_519.wav,3.0,2.66628666835819,3.2448809523809543,3.2263234096150772,3.3751933276288413,3.2693231015569886,3.027664632273943,3.115865079365079,3.282437570145903,3.3212466923142956,3.407768010470074,2.9574170112609863,2.9680476190476193,2.966581509539843,2.951910788019769,3.0212015913909234,3.025878664953023,2.9710952380952365,2.983151128192796,3.126097404436953,3.0779476050155323,2.9603808175795705,2.857063492063491,2.8619173881673894,2.9141834700943714,2.925375811771018,3.739682674407959,2.927444444444445,2.8790170940170943,2.693499939649193,2.7955253401738513,2.797343641849816,3.0066269841269837,3.097292523834191,3.2878075375318248,3.114874005369627,2.8699283491119463,2.8337698412698415,2.865030571280571,2.7936994361072105,2.9324757746463725
audio_748.wav,2.5,3.0935078765986694,3.3750634920634925,3.388498032831366,3.4689347772059,3.4881459219649913,2.7766450629269097,2.89718253968254,2.8891998264081593,2.762779001462706,2.8827588599859943,2.930931250254313,3.1222698412698406,3.0148918951418953,3.00489413743403,2.9127629558729926,2.693588514373452,3.045952380952381,2.974207599499266,2.889001023233942,2.843847431236025,2.6695824601496714,2.9495793650793645,2.8793197851531196,2.8140376316673907,2.8397166189312393,4.308562994003296,3.313238095238096,3.279230386897053,3.2717853906645415,3.38371214094949,3.8118769025550443,3.0381746031746037,2.8460445927529263,2.8696005797339352,2.9193080133574507,3.280355066126654,2.9920793650793645,2.8920663256496595,2.7957680865949635,2.8839968937444573
audio_505.wav,3.0,3.086529094787163,3.3000476190476182,3.3319346070596065,3.42995096510251,3.502014652544369,2.0717575250332314,2.8412857142857155,2.820342678926011,2.663654237554353,2.712347450320293,2.679227272669474,3.0374126984126986,3.0113574974408306,2.9621607474249942,2.8303798985783057,2.615127378168173,3.032309523809525,3.041707143165477,3.003239182223885,2.9193914077308762,2.5188787052571295,2.8846507936507932,2.8443609846943185,2.6989679247552654,2.6589995722661652,2.4250075817108154,3.024000000000001,3.006274194940861,2.6678476356683265,2.6725264052611912,1.8239443562190765,2.9002777777777773,2.9178093542260197,2.8732576087037,2.785621891311808,2.7840324948118167,2.895920634920634,2.914942659192659,2.8061999720909108,2.787463169711098
audio_361.wav,4.0,2.9349417743483017,3.2770000000000006,3.2410373638706975,3.352338638979651,3.337686547439015,3.6740992934876395,3.2827301587301583,3.2739963647463646,3.2670416749320093,3.21830058265703,2.9113829930623374,3.2089206349206343,3.2978353143769823,3.4044171946449064,3.3851374290804244,3.0859834879979693,3.2193571428571435,3.3415298297381626,3.488613238082214,3.4289597999324166,3.4511894284071976,3.2177063492063507,3.231335611918946,3.359159462663367,3.3719303846923103,4.941940466562907,3.3978888888888883,3.4285506253006255,3.901551699631545,3.968855907855453,4.797500357124135,3.2750000000000004,3.237774018419851,3.320282225942277,3.3121522822818767,4.55698586334658,3.208079365079365,3.2840257828591164,3.398492320527939,3.360550731327896
audio_5052.wav,0.0,0.07895283218005433,0.01988095238095238,0.0065,0.28782056199225947,0.06685769215043287,0.0,0.012063492063492063,0.005515873015873016,0.16252405282160232,0.10918990287271275,0.035639683405558266,0.0044444444444444444,0.04479012345679012,0.006921313931324051,0.02364992303343988,0.08150119487107348,0.012500000000000002,0.05716865079365079,0.05045414482673418,0.013375215309067627,0.01435560994279017,0.014301587301587301,0.05021957671957672,0.04867743972696789,0.009548583044767649,2.0604496399561563,3.093722222222223,3.0178869895536558,2.8773435175503663,3.005216069663295,0.0,0.007301587301587302,0.014462962962962962,0.23963065965539962,0.1684234412353657,0.0,0.008888888888888889,0.05666203703703703,0.062452572664160745,0.006650059104032852
audio_16.wav,4.0,3.299500139670377,2.9694523809523816,3.1066625843292504,3.203491237888526,3.1724851012845705,3.3654741446046272,3.4885000000000006,3.5444692390942394,3.6939786489265747,3.868009874084215,3.9747583866119385,3.904738095238096,4.057202818786152,4.108733486243786,4.055491500227283,3.5576430279448803,3.549126984126984,3.8015871551288214,3.770299849040363,3.8166311852189323,3.5328176360077777,3.8599603174603185,4.084179911909078,4.021984198584147,4.061832957096067,4.587062358856201,3.161714285714286,3.1331466450216445,3.0579147112601426,2.9295553607037266,4.4843557171281025,3.5141031746031737,3.5593155663780665,3.8045816390180733,3.8297483589852277,4.264072009320027,3.819960317460316,4.039130266338602,4.058356399789929,4.109128803860966
audio_327.wav,5.0,3.608708983566269,3.6209523809523816,3.53269262373429,3.5950779724779647,3.796457816897696,4.384624616919363,4.408388888888887,4.483539523747857,4.40528933772891,4.38261704115806,5.0,4.784857142857143,4.787805054513387,5.0,5.0,5.0,4.789126984126984,4.806891814975148,4.999314178124323,5.0,5.0,4.8079285714285716,4.777807999099665,4.955848482534895,4.935098502054401,5.0,3.9950396825396823,3.980729073395741,4.286141963383815,4.343976613312443,5.0,4.396484126984125,4.482002238502239,4.6814661053709115,4.460371520894728,4.97791879483518,4.778650793650793,4.758838203463202,4.934554305006958,4.963157283641679
audio_313.wav,3.0,2.972925522577157,3.7677698412698404,3.716329121495787,3.669429776144233,3.840032271779782,2.7919010698962965,3.1984365079365076,3.129179299095966,2.906323542063961,3.124305618347821,3.824946085611979,3.5818095238095236,3.596902831736166,3.676844782233791,3.7906634595742745,3.629387536967652,3.572769841269842,3.5481429974346637,3.809163120652754,3.699835729400561,3.717318143876771,3.395047619047619,3.390729457271123,3.430027888967819,3.4858114461452967,4.37086288134257,3.8289682539682546,3.8594697293447298,3.987967867155421,4.043465572217671,3.583336743143528,3.4406349206349205,3.4465189178105855,3.5903045847830577,3.567529545312732,4.2426469176582104,3.4467777777777777,3.3971317941317936,3.5487909948718457,3.6131721651018864
audio_589.wav,2.5,3.8793864454284024,3.232785714285716,3.305026744860078,3.586996878527479,3.7080900224205333,3.06422678430706,2.717246031746031,2.795578383036716,2.851174717483488,2.8237197339424704,2.8401808738708496,2.581404761904762,2.657283756367089,2.6497610516067227,2.565762412711738,2.89439386024138,2.6385873015873003,2.7180492424242417,2.735660819682689,2.6005461367058795,3.099380747589987,2.6117777777777778,2.5848879870129866,2.598470002262584,2.537293748740446,4.2340114911397295,3.267214285714285,3.2705528730528735,3.5369019062403404,3.2724322724589423,4.002856086599283,2.775269841269841,2.803268378226711,2.9490998142013236,2.996062695793238,3.5089841064689353,2.642079365079365,2.6184186877936875,2.781601435303847,2.689162264174479
audio_416.wav,3.5,3.218982977011913,3.876007936507937,3.927764323639323,3.97375926083269,3.788087639113183,3.0462132302709257,3.4293968253968257,3.2436670582503915,3.1007095798152804,3.239851101921589,2.9186762968699136,3.28952380952381,3.330309471392804,3.346679144846311,3.488703281760499,3.0300932806824257,3.3611349206349197,3.3902682101848765,3.253607966698802,3.4056207346257437,2.940119724146424,3.200761904761906,3.0158367003367004,3.0509616922841314,3.0367600411158264,2.2613839705785117,3.0371984126984137,3.0654584643751317,2.9284702715793074,2.8726142135959436,2.464876682277071,3.304476190476192,3.0843663219496555,2.9817233926629,2.9467467906735667,2.7079248184386784,3.150785714285716,2.9707791514041513,2.976698988995942,2.9141271995380524
audio_762.wav,5.0,4.320081848264029,4.6259444444444435,4.592789582331249,4.807760899111915,4.79614815209516,4.274898820616079,4.671714285714285,4.7940834335417675,4.490911747288846,4.65072838844362,5.0,4.345015873015873,4.43217462321629,4.439921597138707,4.582675423877486,5.0,4.481984126984127,4.458980433147101,4.550181686207097,4.52315595126521,5.0,4.576833333333333,4.650883197049864,4.705781383977512,4.731210402142125,3.1323512395222983,3.3221746031746036,3.27308022995523,3.029197840058298,3.204863578724725,3.572197406212574,4.445650793650793,4.552851110309444,4.4426277272315,4.423258568422955,4.90517422651654,4.554253968253968,4.59714448822782,4.590179962606433,4.674274963522858
audio_714.wav,3.0,2.8218090532693485,2.9014126984126984,2.9148592518592515,2.6862506866830898,2.7471877768200534,2.1627422089223876,2.6536746031746037,2.7707142733809405,2.364982894195849,2.483842741262237,2.290593147277832,3.04811111111111,3.1266722582972597,3.073897028700024,3.069134016322798,2.195538769071853,3.0546825396825406,3.058597342472343,2.9939414625056897,2.9415023599488244,1.9668908321697902,2.931999999999999,2.940160479952148,2.7540226958863037,2.804803756206193,4.496191501617432,3.5137539682539685,3.6230421569171565,3.589336225365894,3.632856428207513,2.6078534963709656,2.8954920634920636,3.0371501893168555,2.9350725650069642,2.906820696780826,2.2157139098541565,3.0145793650793635,3.0266036771870097,2.9371956060652296,2.971588802049851
audio_455.wav,3.0,3.355356532664707,2.959912698412699,2.9453216814050154,3.085212462835537,3.166612755093944,3.2358597730408403,2.955095238095238,2.9422377468210814,2.9705423154279473,3.1304311095167265,2.7510239283243814,2.9494126984126976,2.879617925284592,2.6897314538713935,2.7097397825472718,3.054967332525448,2.8977857142857144,2.9426480078563415,2.76573516561661,2.9709112595529956,3.0413144041678666,2.9290396825396825,2.9094237814654487,2.9476174545975,2.947267291638376,3.0450851122538247,3.4337222222222223,3.548147903022903,3.4536542898311304,3.3980441143284277,3.3162070349426958,3.0028730158730155,2.968135201218534,2.8494433797579357,2.954263096611513,3.2954145050519057,2.9373412698412698,2.965765171556838,2.910788703028611,2.9460107691130095
audio_42.wav,3.0,2.394547962919909,2.9652619047619044,2.9775915303831972,3.0551654669190174,3.0443495871503177,2.317675719030841,2.6340079365079365,2.5991939033189033,2.7684684563520823,2.6565138073105743,4.004406372706096,3.4930476190476205,3.5729742310158983,3.356610312401266,3.4043595203048027,3.4339180645073877,3.326134920634921,3.4082383557800218,3.234239922178727,3.227423218971493,3.390543356854902,3.031269841269841,3.058871828788495,2.7993515685917174,2.688487517627378,4.0699864228566485,3.4351428571428584,3.3111235739569076,3.2084821243812285,3.294017579608021,3.120341531710976,2.93831746031746,2.959156789198456,2.9747296108232675,2.91158118084535,3.3820669082447217,3.1300793650793657,3.199513965972299,2.9020493627013733,2.980036285663346
audio_561.wav,4.0,2.7163196783873196,2.804880952380952,2.8796741375908046,2.830593823573835,2.7391433118863624,3.1680069781184717,3.4164285714285705,3.438761263427931,3.366472775398885,3.3862874158830025,3.3646621704101562,3.2108412698412696,3.098171476671476,3.216202913262618,3.382771374651782,3.0406629173375888,3.159039682539683,3.100942346234012,3.309992372740311,3.296772246162844,3.018867672998342,3.418579365079365,3.480331703790037,3.5716194761657487,3.5090200551522535,3.150416453679403,3.3373571428571425,3.2645489310072637,3.11780481193046,3.278179762577757,3.1438180629688577,3.3921904761904766,3.448124700916367,3.172355517954226,3.18299217120016,3.151714002409534,3.408253968253968,3.452826520701521,3.4928522473510863,3.3672765730525445
audio_226.wav,3.0,3.1970778387563237,3.2142142857142875,3.1919827186702183,2.95386012219891,3.0434496319906743,3.387759859957439,3.2351666666666663,3.1522204986371656,3.123596034893303,3.047738506403766,2.347883701324463,3.090896825396824,3.090712247628914,2.937143149076005,2.928188907088767,2.587412427997443,3.109666666666667,3.0761944691111363,2.8470118963170976,2.9253058476623752,2.939614706807728,3.114055555555556,3.076464706589707,3.0176955407988433,2.9743337055893573,4.529547532399495,3.8363650793650805,3.8289383718133725,4.298784445685791,4.34974358061159,3.6650482927106256,3.3157698412698413,3.248780303030303,3.24250405035159,3.2241761448142654,3.278317134653961,3.1574603174603175,3.165340287798621,3.169523812358625,2.9958687165352287
audio_110.wav,3.5,3.3376780524745655,3.088126984126985,3.197353963937298,3.2426391331752513,3.189773437394791,3.363677600457883,3.1862142857142843,3.037152637485972,3.069979733283997,3.0789818049713573,4.687046368916829,3.4900079365079364,3.409360554568888,3.6872156109561764,3.7091231469694605,4.039751459434471,3.369960317460317,3.2596154231570895,3.441921977004841,3.3844592687195827,3.8896908989282544,3.3479126984126992,3.2921144734894736,3.3389837687585953,3.5197367532775754,2.7048447926839194,3.1100634920634924,3.2049147025813696,3.3026725528641996,3.3463009405533986,3.3802521987191523,3.1318333333333332,3.1101568092401415,3.265237187934384,3.1065928808824617,3.5702730057631444,3.2952460317460335,3.271837261503929,3.3493601666762722,3.360049072994061
audio_739.wav,5.0,4.743075424245707,4.048492063492064,4.100334033250701,4.442106863837956,4.397763317820789,4.080632863681436,3.4241666666666677,3.273039233914233,3.583651543485875,3.467833478301479,4.458612124125163,4.074960317460317,3.9590948865948867,4.112882213425938,4.207410331821442,4.746577583796425,4.196976190476189,4.0096518157768175,4.309116200039296,4.440840200776539,4.553359700367459,3.7004999999999995,3.4980021043771052,3.7072923000875515,3.7698216340293063,4.129276275634766,4.160126984126983,4.05525238496072,4.3358951919169755,4.4215350252552765,4.432399962747701,3.57997619047619,3.4801750780084126,3.9649601654623265,3.9681050193613743,4.855703210362674,3.7996031746031753,3.565078591161925,3.924362518906625,3.937821193134473
audio_504.wav,3.5,2.690328746177784,2.4709761904761898,2.514392941934608,2.382745873496485,2.3947043907416394,2.629274271414019,2.621976190476191,2.691213383838384,2.333877257296839,2.4702353402013,2.916966358820597,2.6027222222222224,2.591127320210653,2.4982841347337317,2.4088322719766677,2.648614273190407,2.5633015873015874,2.6042806344889677,2.431112124167122,2.434372714252165,2.7515928856337957,2.633936507936507,2.6437696470196475,2.4862997598382566,2.511964647713856,2.3913089434305825,3.1323730158730165,3.227428535970203,3.124641789243162,3.036041968767987,2.172034722049158,2.8264999999999993,2.8341052388969064,2.4942834419628714,2.5926144228757786,2.5735059851769813,2.686,2.74460664643998,2.6241033872527804,2.5764642113985183
audio_379.wav,4.0,4.069323943112473,4.197380952380953,4.243360352610353,4.169470182304072,4.161753282637147,4.045569726183646,4.481698412698411,4.579252912211243,4.305094929037028,4.3688262934719715,3.8477965195973716,4.0345555555555555,4.139397486772488,4.245791425209922,4.201967569446613,3.6649828840724656,4.181777777777777,4.169605379188712,4.028550090904585,4.057904711476582,3.5956447336430557,4.352436507936507,4.437472883597883,4.224351897133965,4.150328953407873,3.7525626023610434,3.619285714285714,3.617587617629285,3.98123475107626,3.934679117098218,3.87253598219232,4.413103174603176,4.520361592111592,4.381929624992277,4.420728697124244,3.678159606072009,4.328031746031746,4.4492540484207135,4.320964182856216,4.2348887193294855
audio_520.wav,2.5,2.680802490131555,2.58145238095238,2.581413259579926,2.6277033179705414,2.6861030851846945,2.2143169960360862,2.499968253968254,2.42020658970659,2.331640963169295,2.278113792759307,1.891990025838216,2.792738095238096,2.822938211479878,2.7850565805260885,2.824552216554299,1.7349647708787044,2.7458333333333322,2.837927984052983,2.8416676415343436,2.770972880054194,1.6573363175489126,2.6226428571428566,2.6145579405162747,2.4964818773717563,2.373604240837202,2.8120479583740234,3.078785714285715,3.133280457197124,2.8348764389651397,2.956475600824819,2.5325626752453707,2.686039682539683,2.5988778921695586,2.496628527473321,2.407245095613902,2.2853471681854023,2.707555555555556,2.659369227994228,2.5433304923238853,2.493056066447881
audio_5068.wav,0.0,0.0,0.0007936507936507938,0.0029999999999999996,0.02722734180988115,0.01830584074348694,0.0,0.0,0.0005555555555555556,0.03085430447292507,0.008428482806552085,0.2050629456837972,0.005142857142857143,0.014375661375661375,0.0,0.0,0.01518951966745948,0.015436507936507938,0.013555555555555555,0.008994848112882365,0.0,0.06180160702245496,0.0009523809523809524,0.007851851851851853,0.0,0.0,3.2188024520874023,3.7037698412698408,3.734712781046115,3.951437051013046,3.910652635679096,0.0,0.011111111111111113,0.0048703703703703695,0.0646419377097374,0.021675397627306914,0.33607707364517925,0.002698412698412698,0.018805555555555555,0.005154206647547367,0.0025589610142816807
audio_30.wav,2.0,2.709850666069799,3.185761904761904,3.1317359800693136,3.100426703961947,3.1196255765783776,2.5477183182226044,2.9645079365079368,2.982043899002232,2.9001545623596825,2.924078500110353,2.4324626127878823,3.0124682539682532,2.932415040206706,2.511389165988683,2.5299235129061284,2.4439641234194296,3.0050158730158745,2.9881413046829715,2.6961180235678786,2.789619555419451,2.1775766528833125,2.8703492063492053,2.835194624819625,2.6110190432446743,2.435478797488694,2.043065071105957,3.0134444444444455,3.166860972360972,3.0095423308976392,3.160475243240049,1.8771226448696272,2.84454761904762,2.8968770504187176,2.7890002068366786,2.602637731045084,1.8589042456552605,2.8201904761904752,2.753970959595959,2.5815978988851316,2.4166998583805377
audio_5041.wav,0.0,0.06600545893858945,0.0,0.001388888888888889,0.0010363039239417071,0.010753613079014896,0.22998126274913,0.0009523809523809524,0.0033333333333333335,0.0038208028799896726,0.0,0.0,0.015039682539682539,0.046658730158730156,0.01301123047336792,0.005566002300540883,0.031114521367359888,0.0,0.03342592592592592,0.00040417282829192095,0.0,0.11478544591778676,0.0,0.05307186948853615,0.0,0.0,2.8223071098327637,3.060023809523809,3.0388400673400677,3.1280439263419866,3.113584439888596,0.3150950095938219,0.0012698412698412698,0.0048015873015873015,0.023582048933559585,0.05757703990420859,0.25993121306002437,0.0,0.04706565656565656,0.002599348509527667,0.0
audio_485.wav,3.0,2.4515104993535197,2.596626984126984,2.612204217079217,2.7969386642526346,2.7415571383582447,2.625287656239916,2.6462857142857144,2.479561501769835,2.4679645318285917,2.4120674522458483,2.7402149041493735,3.1395873015873015,3.114175480383814,3.1553193662976433,3.1695504706996354,2.594233048920276,3.0348333333333333,2.97913437025937,2.9569691402699974,2.9821873851129,2.7403359798001587,2.866785714285714,2.7921173471590133,2.862329650088469,2.813504346459819,1.8544867833455403,3.0040714285714287,2.9823646384479723,3.0244917627797094,2.9194793668348793,2.104830191433495,2.8636746031746045,2.716141500474834,2.4424927515297696,2.63276806486347,2.706320766011212,2.8707539682539682,2.8107388922805594,2.8153159113651154,2.7419247991479967
audio_475.wav,2.0,2.3218283042553858,2.4903888888888885,2.5798560606060605,2.470814751384187,2.3830398923976315,1.5303479581036104,2.406761904761905,2.349535052910053,2.1338266193317477,2.110555420169763,1.9588720798492432,2.3549841269841263,2.4970350282433613,2.0574513042915936,2.137595797044165,2.021083973443766,2.355984126984126,2.476858047816381,2.017845130324412,2.0931305609859723,2.151359355346972,2.356785714285714,2.416033744033743,2.0343442474021027,2.035522503090351,3.3370625178019204,3.019246031746031,3.0370713607380275,2.629922296707863,2.7224727231777357,2.0075011706913624,2.582261904761905,2.6209746071829403,2.1520793249088754,2.1338588336067104,2.938365420269308,2.5784047619047623,2.585825224158557,2.1902380615125048,2.224431297043914
audio_145.wav,4.0,4.2231779621153835,3.805888888888889,3.6511804653679643,3.9534731416140367,3.664640990179196,4.443756776073929,4.044849206349205,3.97179339333506,4.051651605270565,4.015971196439117,4.108975410461426,3.538523809523808,3.551176399218066,3.816334480330917,3.974760933088895,4.555390893791529,3.6184920634920634,3.586766935225269,3.9555145135482603,3.92702758954435,4.7713340156292565,3.8989603174603182,3.828185789519124,3.9851822360362608,4.138125456078791,2.9405945936838784,3.3408095238095235,3.4376857124357127,3.308062476997177,3.3299582903993694,4.266417831944374,3.8265238095238097,3.8125638528138523,3.764234241455439,3.8403963387347066,4.660886752798001,3.8035714285714284,3.7264455868205864,3.898847174213191,3.8991405191860036
audio_308.wav,5.0,5.0,4.626984126984126,4.572859279609279,4.940390304479252,4.835100285131735,4.839157416212699,4.165801587301588,3.932424507591175,4.326614742032146,4.242869874393914,4.843539714813232,4.288634920634923,4.279980154105154,4.2667019159335196,4.355095774854601,5.0,4.380460317460318,4.356719456469455,4.398846712047163,4.289553201513592,4.999179712938525,4.168746031746032,3.989233164983164,4.185522461637084,4.188854913479218,3.863999048868815,3.7720952380952366,3.804658682367016,3.963516497314639,3.9973812248463894,4.944869040249135,4.101952380952381,3.8134874338624347,4.437270764125766,4.426758225240667,4.9574089816176565,4.2242380952380945,4.044258678050343,4.214593539974569,4.299395619299863
audio_184.wav,3.0,3.1982807521788827,3.3625952380952384,3.3830321699905035,3.4699531732320374,3.4637939334814907,3.2200391671765405,3.20020634920635,3.0912740315240317,3.28788059799184,3.1431391971156812,2.9423721631368003,3.5366984126984122,3.4677128627545284,3.4678082022985826,3.3858012594736393,3.1464752333342325,3.5905,3.457426647426646,3.580080133493741,3.3562239269821394,3.0300030481965474,3.407785714285714,3.366064079439079,3.2229994703065294,3.3516639649785134,3.4387120405832925,3.525285714285714,3.6270787268287266,3.807127077129227,3.641111979837753,3.342785832557098,3.279571428571428,3.2767427849927855,3.4766696176173713,3.457357824030524,3.199519304350597,3.4509365079365075,3.4007894959978295,3.3270543717063386,3.4322595950258292
audio_586.wav,2.5,3.3449394072480754,3.0967777777777776,3.1059558682058683,2.8926623677564334,2.8518186378918085,3.389891575733605,3.0029920634920644,2.9111523368606704,2.6853824844477523,2.9707319217787016,2.782811085383097,2.844174603174603,2.8455392570392575,2.990416802010165,2.828682531720423,3.032259090541068,2.8437857142857137,2.8592829901579897,2.811954319020964,2.81948366914399,2.995499023961429,2.786507936507936,2.7356578066994737,2.6042839440971632,2.5365133347540443,2.6685478687286377,3.415603174603176,3.3418763998347334,3.137215383425978,3.2685720068383546,2.772890450845613,3.022714285714286,2.887087736337737,2.6944956056813925,2.7681013757239055,2.590972122285037,2.8523333333333336,2.818982327857327,2.66758550717191,2.5939793995332074
audio_398.wav,3.5,3.6573215242719974,3.788150793650793,3.8527540437957097,3.9143368786220747,4.104374469840359,4.288663919318769,4.017031746031745,4.048759081241925,4.387250786446541,4.382867946172216,4.574117024739583,4.47272222222222,4.56549719416386,4.577252044595262,4.690127008075336,4.548956146628726,4.562388888888889,4.5915574995991655,4.688184190719341,4.608770114290387,4.6017248907459605,4.364198412698413,4.2578628346961676,4.473430980787531,4.53915720784515,4.309981346130371,3.8055952380952376,3.8093899711399715,4.174366934557981,4.246422406743363,4.720056403874378,3.9542301587301587,3.9987352081923166,4.304836261176727,4.244232412825956,4.604832833589646,4.28954761904762,4.280739604531271,4.476435356482669,4.542993708289764
audio_726.wav,5.0,4.49406637807149,3.754674603174603,3.760726141142809,3.6138551717045346,3.6276302315292313,4.094493261835437,3.7408968253968244,3.6655946368446375,3.8996930170237927,3.795382441763955,3.6501780351003013,3.6324126984126988,3.4438593351093343,3.7437203128641805,3.6937849299932175,3.7919494782295593,3.6872857142857147,3.5535318462401797,3.6846164184408234,3.7303826255034847,3.67756983315079,3.8078809523809514,3.616871713163379,3.846397441025464,3.773670636975639,2.7708562215169272,3.4895158730158733,3.3425316273232935,3.0576631464200514,3.1518799195254505,4.137566310389981,3.7108253968253977,3.630543223751557,3.7469133596857875,3.7492138167801055,3.6900308660775756,3.842460317460318,3.6015311925728586,3.9022279166641067,3.836063098822111
audio_466.wav,3.0,3.607878524305244,3.153666666666666,3.268306156806156,3.0816319105902763,3.1956677923679266,3.902893148580148,3.2755396825396823,3.329070125861793,3.458265525712175,3.380667432400116,2.941205898920695,2.9502380952380953,2.979548206423207,2.8883909350617714,2.8888146788274796,3.1879874206859,2.9754841269841275,3.0013773849607186,3.0784690675380424,3.07784146159709,3.5857137692147414,3.047912698412697,3.125467652717653,3.2404156543434826,3.247082765022908,3.6411054134368896,3.5496111111111106,3.5043350461267124,3.4792454642601935,3.598693149731661,3.918665913636524,3.368349206349206,3.455914875248208,3.414608296106712,3.5307512554918,3.571631024538508,3.1007142857142873,3.2089311953478616,3.2673438011827503,3.365788038699924
audio_218.wav,5.0,4.263808988000102,4.016809523809524,3.9890817037900383,4.144326923410624,4.118012900575081,4.381457891725767,4.431555555555556,4.453933877850543,4.512689071763166,4.418537295034287,5.0,3.8627063492063503,3.727798881673881,3.9281408755662177,4.008343675601281,4.961678353210853,3.8914603174603157,3.708437343520677,3.847581275061876,3.982988310573221,5.0,4.13752380952381,4.29066243016243,4.426529108862771,4.404607742076736,4.002461512883504,3.4210079365079373,3.3789210049210046,3.6524987365863297,3.480337387898094,4.558391850417162,4.419555555555557,4.500854156645824,4.4619897071790895,4.438791463967424,4.977685724376509,4.131333333333335,4.262083160666495,4.316412371222636,4.3495276510061585
audio_644.wav,3.0,3.8610482267464623,3.7351825396825387,3.8464415584415583,3.838421288539218,3.8298598142924583,3.500547354740288,3.3891349206349215,3.0716820571403907,3.4367787379942656,3.3600977538509302,3.778030792872111,3.9433333333333334,4.003150553150554,4.07964722182781,4.1806902610393495,3.6035169695416465,3.9589920634920635,4.021653659611993,3.911468276572332,4.033134971903704,3.4687475718561913,3.6656190476190478,3.616232603815938,3.7801897032950524,3.6860384389198324,3.107072353363037,3.5911269841269835,3.609097718639386,3.787133164338279,3.851516946984289,3.492621333948737,3.3169285714285714,3.1256258617925283,3.315994659538724,3.349840137128154,3.5827676178361405,3.716087301587304,3.5804080286996967,3.633760554482439,3.730686035614255
audio_351.wav,3.0,3.690145321442009,3.3397142857142854,3.2880249935249934,3.071478045742229,3.2176782121389973,3.3720767011645307,3.0912539682539677,2.965406078489412,2.7427160858779147,2.900847242985037,2.578178326288859,2.8142460317460323,2.8490417869167874,2.901267946161088,2.7794637601829795,2.8119646652382975,2.847460317460318,2.9451305715889045,2.9045562896935913,2.8975002478093423,2.7393242119282797,2.835015873015873,2.769730946522614,2.8494368173104796,2.774080390756502,2.738508145014445,3.265912698412697,3.3116896344396345,3.214963972786228,2.971117098090421,3.8274122737262757,3.064833333333332,3.0540585772252435,2.817987061821834,2.995772361844379,2.9585731616552184,2.8529444444444443,2.928383257174923,2.8742479427853342,2.8902299288158635
audio_248.wav,5.0,3.057260210014309,3.260833333333333,3.153381639964973,3.0111201223575943,2.9665828283666573,3.5911370725771286,3.295412698412699,3.411830024913359,3.7109940964247095,3.6308870917197917,3.8109699885050454,3.6183968253968266,3.4257791359874687,3.5683817189386815,3.525871258529803,3.934574688225576,3.3707777777777785,3.3167231980981984,3.3586300808608054,3.4235701658882984,4.07301350734695,3.310857142857143,3.298123322664989,3.611554901690947,3.486677852654297,3.504216194152832,3.320119047619047,3.3200668590668596,3.2670083553023486,3.3393186945257107,3.1847799706918845,3.1810873015873002,3.3746979070312406,3.539515953171589,3.4882475612591666,3.6419929169229817,3.2958015873015873,3.2474353455186784,3.539352282030965,3.5391765806045776
audio_83.wav,3.0,3.3446321966698584,3.3843253968253975,3.4526598833265503,3.5036150743678998,3.4701674812307455,3.576558615866249,3.957111111111111,3.9649141845808518,3.985460593478468,3.9712917756832486,2.980437437693278,3.241904761904762,3.248120751162416,3.2760856703388725,3.3840519865408076,2.71143650351334,3.1858174603174594,3.165070727112394,3.2447580668549922,3.3338500780990574,2.9314474767694247,3.4957063492063494,3.567345859387526,3.501459930494954,3.53206876239309,2.1261746883392334,2.7940396825396827,2.735620452078786,2.380844854129671,2.362019882405469,2.8037131180098043,3.8387222222222235,3.925469029427362,3.711360705561464,3.6104704797128364,2.7775383631887216,3.415444444444446,3.5849110688694013,3.337677597353577,3.47643345638962
audio_71.wav,2.0,3.1861259948761522,2.9140873015873026,3.0734692575942577,2.9388148484363015,2.9393086799672723,3.3676539658639846,3.219984126984128,3.2648098660598666,2.9483979379876697,2.8064743501947054,2.9510865211486816,3.1475396825396835,3.109457858499526,3.106476799009757,2.985593278760938,2.7938259786397714,3.0546349206349213,3.0572206589706585,2.922371359634583,2.901772963455071,2.7805056551253506,3.2445158730158727,3.4048385441718767,3.103572858784464,3.105745439272359,2.6423643430074057,2.978992063492063,3.0065392662892676,2.577691151186573,2.6356793792190363,2.528765058534949,3.1786507936507946,3.1990039266289263,2.842004925282776,2.7393653390661714,2.403299828691889,3.258404761904762,3.3904336620169953,2.9804561929541946,2.9617737054744206
audio_287.wav,5.0,3.1523545399634068,3.4783412698412692,3.314459295334295,3.7079222966431935,3.6036523227556265,4.09511030990686,4.227079365079366,4.299716491841491,4.397377434090237,4.529762099989747,4.472044308980306,4.109103174603175,4.033732011815345,4.407740687909185,4.545940386146634,4.0777450546913006,4.075023809523809,3.940194149985817,4.17809811006796,4.348337699891913,4.316959832579652,4.319055555555555,4.292697301155635,4.515276152976976,4.613637333896844,4.138620058695476,2.9476031746031754,2.9894380788964114,2.526783842115422,2.5527366363638784,3.870528912670854,4.118301587301587,4.118821231237899,4.2778536123781405,4.313610046806036,4.466305282332918,4.2770158730158725,4.2406498516915185,4.477784215698995,4.543053929977408
audio_367.wav,2.0,3.2660095610786537,3.20054761904762,3.2633961624794963,3.2818661533638083,3.202716747013534,3.229972934092253,3.202126984126984,3.211740560365561,3.1802295579574875,3.1592403047718807,3.0450151761372886,3.0063571428571443,2.887889274305941,2.7692349792841746,2.7820973605346837,2.954970674058559,2.9762857142857153,2.8947396184062852,2.9192454803663543,2.877204046625797,2.632529249068267,2.9747142857142848,2.90180540601374,2.8376716992664597,2.6738165081654555,2.3005468448003135,3.2298650793650787,3.107397290980624,2.9315237951957496,3.027672562090937,3.0981904787059023,3.0360079365079375,3.054025583213083,2.987328118524901,2.954281363407738,3.0193224615927243,2.944261904761904,2.851298180214846,2.811431854792051,2.606526570227547
audio_166.wav,3.0,2.8789413053311037,3.1647857142857148,3.1051065893982552,2.964298023194622,2.791492085173188,3.2201626396541996,3.386825396825397,3.5128083675583675,3.1261575563612403,3.204663558063963,3.269319772720337,2.9583253968253964,2.924552734302734,2.7673800663361536,2.8094589945441784,3.2655303937357716,2.931944444444446,2.937221340388007,2.8505907469166956,2.8797564391267567,3.2762705659806675,3.195007936507937,3.249763147346481,3.056411230982942,3.184709495521409,3.404829978942871,3.1266666666666674,3.0399133859967193,2.9274924105670532,2.9992090685172683,2.5912957050860856,3.3452539682539673,3.4034837801087803,3.262785681484269,3.1629462410784606,2.869207802894715,3.1890634920634917,3.218928865887199,3.096725365438688,3.0351327046601964
audio_94.wav,2.0,3.006819869847771,2.5203412698412695,1.902502084335418,2.341294631692792,2.17999268875783,2.447041978044008,2.299238095238095,1.7191798664298668,2.0156283484685393,2.0914791590866137,2.8111573855082193,3.3931984126984127,3.35736197290364,3.0941011345972718,3.2237860596587935,2.2497123696271863,3.122444444444445,3.2290990120990126,3.114689384713651,3.0632749681139573,2.137428356241553,3.046888888888889,3.0521644605394624,2.840643977183211,2.794197101680098,2.9776981671651206,3.40445238095238,3.3702391420308087,3.542660915140532,3.4751094572065035,2.182133803349884,2.2261269841269846,1.6524975949975949,2.1240268103095405,2.0499993949369837,2.3610049918817895,3.0387301587301594,3.00926601330768,2.8091480585655795,2.8690691332095692
audio_108.wav,1.0,2.9576769412176582,2.7340873015873015,2.7637048861632185,2.8266550632464953,2.866911235931577,3.253270304956773,2.990936507936509,3.212358502608503,3.063926100084393,3.0600847316731454,2.7904308636983237,3.1924999999999994,3.161862398404065,3.324040960522941,3.2616814267740684,2.7942870193557834,3.052777777777777,3.0488690900149233,3.1052713860141723,2.961731100141744,2.726313643501387,3.080674603174604,3.1852221220137893,3.053017672036047,3.0368947030193545,2.9642624855041504,3.2921746031746033,3.3201466003132665,3.066274269970902,3.220992943483252,3.1964216412762645,3.1808809523809534,3.296783992242325,3.1610064088815637,2.990015433968536,3.034302928182217,3.1300476190476183,3.280425605258938,3.0504576924529574,3.1005605822189284
audio_511.wav,4.0,2.591861722954539,3.014198412698413,3.1136480803147477,3.041042130565636,2.943346650722338,3.5932805047431273,3.6865873015873003,3.8031241197074515,3.7203804993324385,3.7218630287387806,3.0913151105244956,3.209087301587301,3.221282311823978,3.299390143136735,3.232636125132062,2.8280773674192368,3.206126984126984,3.2493466533466537,3.260178196025354,3.269899169891491,3.0433029645384457,3.4252539682539704,3.524629583379584,3.5338939478525098,3.4510206810954975,3.672471761703491,3.4207857142857137,3.4605678179844843,3.810130783414147,3.7499901338386987,3.575367561390872,3.7096349206349206,3.831438861293028,3.8108537638421027,3.8485200673062585,2.990918592096758,3.4453730158730136,3.515787271370604,3.5567850087926516,3.5369308949177642
audio_5059.wav,0.0,0.036449929251810044,0.016444444444444442,0.03297089947089947,0.0,0.0,0.6820515512418237,0.019714285714285715,0.05158068783068783,0.0,0.02762594801117674,0.0,0.028079365079365082,0.04340199615199616,0.0,0.0,0.1915718811075786,0.037492063492063486,0.04687301587301587,0.0,0.014956787666058532,0.43596128028805836,0.023293650793650793,0.05368871252204586,0.0013472841629748216,0.0,2.530794699986776,3.356896825396826,3.324989043364044,3.3030579892550307,3.21696415503002,0.4316191806051209,0.023801587301587306,0.05596957671957672,0.0074601357390137145,0.027850650029324783,0.6916552766614005,0.017103174603174603,0.0626984126984127,0.007619622099408364,0.005999119839409733
audio_310.wav,5.0,4.519531971496529,3.755325396825397,3.6792874486624494,3.7378120160124007,4.022072882573829,4.162306728130399,3.7236507936507928,3.486904828196495,3.8279689090231765,3.8152613572569116,4.618820508321126,4.261166666666667,4.358416458541459,4.579595042726701,4.546795892444947,4.603096123959193,4.1040317460317475,4.203180956389289,4.312885457913547,4.2918214569101805,4.396204671623184,3.9892698412698415,3.92362744354411,4.186311668019152,4.2320230747290735,3.8342262903849282,3.361984126984128,3.3351150778234118,3.263014562837816,3.3727073547945547,4.504287096438161,3.5579206349206345,3.328078378411712,3.6029631481448234,3.460386707818152,4.461876691077571,3.9949444444444446,3.7571872093955423,4.067972871473766,4.0611316608623875
audio_50.wav,3.0,3.284550924783268,3.156055555555555,3.1684203913370568,2.98932122652456,3.0629697441709935,3.131944023228657,3.199103174603174,3.2132016794933453,3.2787275938318223,3.3456632426287585,2.6318633556365967,3.1994206349206347,3.194499700916367,3.0762001027792105,3.04677274335435,2.6752382337572147,3.0956269841269837,3.1806990740740737,3.0824495155064766,2.9893307048213003,2.7957295597961003,3.1632222222222217,3.209843634760301,3.271606764323817,3.1411000435671705,3.4920691649119058,3.4039920634920633,3.430353475228474,3.445644954841345,3.1566401488942444,3.3397526059635823,3.3134523809523806,3.315707269582269,3.25937637321789,3.327748313290232,2.8635842960327977,3.1955634920634917,3.316705878997546,3.2966913435067764,3.248123457796362
audio_6.wav,3.0,3.6310024760074486,3.282857142857143,3.443639169472504,3.3093987759758066,3.451065482309943,2.9109858851414665,2.9740079365079364,2.8710332491582498,2.698974352611349,2.6889551709921498,2.945258378982544,3.8186111111111116,3.8998192841109507,3.837510020614431,3.6066689146865407,2.8533439646796146,3.6976746031746046,3.796830732539066,3.5951653061027575,3.568717864233422,2.6247849529510137,3.281880952380952,3.3123488933905603,3.144438231087607,3.0723753053454304,3.2139155864715576,3.412698412698413,3.3540666848583496,3.3735280621963373,3.3828898317356106,3.008242650358225,3.1615158730158712,3.1062663339746663,3.1176214283262773,3.109312399350816,2.3623148839453774,3.399611111111111,3.3817086540003216,3.2310228412332997,3.262251781211111
audio_515.wav,2.5,3.5060194520170267,3.8076507936507924,3.8215093055093057,3.8172785733895247,3.9517373679807863,2.879571362974627,3.319849206349207,3.3208807689224353,3.340801247612481,3.2967140009672655,2.6578620274861655,2.9555634920634914,3.061908585241918,2.562093612144158,2.6274558053082777,2.4169280424166018,3.0268174603174596,3.109650472983807,2.7415326036661765,2.842657097618566,2.385153365508254,3.0391587301587304,3.105322328905661,2.9048704508345016,2.7901131564673918,1.8635099331537883,2.7783492063492066,2.7724201539201547,2.24930270225486,2.345425742484777,2.624651132534599,3.24284126984127,3.1607380983214313,2.8993929069358266,3.0157292750988702,2.5088955663047154,3.0677857142857143,3.021952701619368,2.8306540853772897,2.7860818837831864
audio_742.wav,4.5,4.4052629329927315,3.978396825396825,3.9810183181016527,4.213908789236502,4.206147828727168,3.6391546349212955,3.547190476190476,3.4697811046977716,3.494078561432452,3.5631390574295154,4.652661641438802,4.09295238095238,4.0971093474426805,4.232832573525891,4.182567476086953,4.24806484791432,4.062849206349206,4.091538251871586,4.241771347564415,4.263612330990274,4.047790749605059,3.885484126984128,3.815414939998275,3.88664880217287,3.915653480315919,4.543105920155843,4.05681746031746,3.9859200937950945,4.154236314202772,4.065811243735212,4.429138324200248,3.454952380952381,3.349931838223506,3.5705432207830294,3.53131389225066,4.6184775511578895,3.811365079365079,3.721613094693977,3.814449875312197,3.82831440072505
audio_545.wav,2.5,3.407226250688771,3.1202222222222225,3.1764037798621136,3.21071139472649,3.1160202082279373,3.1043817465450245,3.1094523809523813,3.117128908128908,3.267994451731169,3.0941928140341983,2.658942937850952,2.867769841269841,2.9011847124371637,2.7995299624742107,2.810874724571619,2.912095554772028,2.8985,2.9392396862396857,2.8844695672319483,2.8672994148465563,3.0068211330064503,2.9575634920634912,2.980059283309284,3.001361007474806,3.001752176075614,3.6473958492279053,3.815642857142858,3.7922413173246503,3.9385579918632057,4.080485863206644,3.442218164743041,3.1918888888888883,3.130475869809203,3.1970494563589966,3.2013341537684163,3.3949724799162637,2.9632619047619038,2.9813802046718707,2.9912394340994926,2.9793971606284013
audio_489.wav,3.0,3.6412257222133455,3.211436507936508,3.198846030512696,3.10213616543204,3.073942566133844,2.572688553544062,2.808507936507936,2.855355800064134,2.7468386058924015,2.7523840091234626,3.0121492544809976,3.069317460317459,3.037366235616235,2.871956611364478,2.82587922545815,3.001732762714976,3.1008095238095237,3.0576979918229914,2.971390596311279,2.9636720143218205,2.6938534137325725,2.883992063492063,2.8636094476511134,2.6849996221349026,2.7189127475905437,4.069664557774861,2.9973095238095233,3.023002775773609,3.1980308454005724,3.2329438333254097,2.8657026484917214,2.8178333333333327,2.767599046015713,2.5239456327497582,2.6341605748497314,2.8956910106836777,2.838246031746032,2.831920594837261,2.6349424283531024,2.739800038210774
audio_697.wav,5.0,4.185870744866656,4.347650793650794,4.293517386934055,4.5105762908335505,4.518517249087008,4.969723493171233,4.752563492063493,4.823154293237626,4.870176497574803,4.832559233206815,5.0,4.814801587301587,4.783754188712522,4.990907952351265,4.9966890778930475,5.0,4.826373015873016,4.8148458994709,5.0,4.9768551406170305,5.0,4.893119047619048,4.893697510822511,5.0,5.0,5.0,3.581603174603176,3.617080547538881,3.9637324249494745,3.8462804833375253,5.0,4.627563492063492,4.694647429730763,4.825496134519003,4.795675679099847,5.0,4.807507936507936,4.866740248948582,5.0,4.999896686400163
audio_225.wav,3.0,3.35593315269832,3.377150793650794,3.311482683982684,3.7213611543445246,3.7142064871722162,3.0800612088073684,3.1616349206349192,3.072180964097631,3.2444651809141862,3.2970718532802894,3.185535430908203,3.5418253968253963,3.3437415007831675,3.605814917269934,3.4551401657053815,3.170764832600027,3.4769285714285716,3.3640279704863048,3.525356157799577,3.4451995742868786,3.1136103676312423,3.3784603174603176,3.1115302228635566,3.216053354448244,3.1172258251731257,3.387477477391561,2.9478095238095237,2.902108101774768,2.6031924301747114,2.517281560630483,3.5789971998147947,3.021031746031747,2.8032988955488967,2.8703250878934945,2.860686774424096,2.8864913241527304,3.3066904761904765,3.0810907780491115,3.0883387156818833,2.950539140407944
audio_553.wav,2.0,2.9800736260864205,2.9221111111111107,2.9686061839395177,2.7472705222016263,2.859498459631748,2.8333950711824265,2.973436507936508,2.8370454946288284,2.606536339004256,2.741892906636854,2.4107015132904053,2.65513492063492,2.7113642376142373,2.700101213293775,2.6798701274018204,2.3546327955726603,2.622349206349206,2.6609863223196553,2.579845662957562,2.5793268560709905,2.418963400726059,2.6323333333333334,2.636120677162343,2.4987743667699887,2.4257347112912875,2.339724540710449,2.888722222222222,2.9721262795846126,2.8743378664355013,2.849848417184308,2.731372464337332,3.008000000000001,2.930506273047939,2.8710943672599485,2.829644862116835,2.866590647533881,2.6984999999999992,2.6457926810843477,2.547233387223347,2.541338057748186
audio_237.wav,3.0,3.187863631753793,3.4147460317460308,3.450986098777765,3.43404272559649,3.498000462171605,3.2596334735885466,3.1710000000000007,3.0819326599326593,3.22935233572387,3.0671650281228775,3.7320573329925537,3.21961111111111,3.1482505303338635,2.9564199595282985,2.93148730223902,3.632419728430348,3.216912698412699,3.117570767195767,2.975585105714103,3.086373934468994,3.7036665806292732,3.154825396825396,2.9804312770562773,2.8528126309938835,2.9919135841160203,3.6677215099334717,3.4985079365079375,3.4581350563017232,3.234815130981087,3.207681174491018,3.766303390189656,3.4525396825396832,3.323358095608095,3.624818209495217,3.430340224583142,3.966174163266769,3.2201984126984136,3.035936193436195,2.9667401115929866,3.2564740457933716
audio_197.wav,4.5,3.7257915223769573,2.977246031746031,2.9120972021805347,3.14874630339321,3.0626779204265766,4.5682382732985864,3.62647619047619,3.5743440016773356,3.9314367946921287,3.879350929355184,4.904327233632405,4.089666666666666,4.167425478842145,4.552568566548794,4.557673316578704,4.8544420927744145,4.025841269841269,4.141242544492544,4.561239805503944,4.5053227653407175,4.939628868243744,4.231984126984127,4.257827590619256,4.686095482452327,4.555304550065707,4.74108091990153,3.604246031746032,3.596493344618345,3.9491107042749456,4.126955701320618,4.76535812083682,3.625182539682539,3.6695448532948536,3.8963309681469123,3.757236236344502,4.898385767335151,4.15142857142857,4.2581621372454705,4.563771342359943,4.553968813251959
audio_449.wav,4.0,3.946677268616068,3.534690476190477,3.449047558922558,3.8368177087674433,3.8156061712688074,3.8438734696034143,3.6264047619047624,3.7215850029600035,3.9390729830718016,3.870696447518421,3.330177148183187,3.084174603174604,3.00689884189884,3.0525101939046597,2.9225517010346764,3.677219900748087,3.1343333333333336,3.0330059523809525,2.9968169994742087,3.04759531089001,3.5831678566298097,3.1019603174603176,3.159633545466877,3.1702669001634085,3.193965252611779,4.151393493016561,3.6509047619047617,3.727653113861448,3.9454355773635457,3.87128816815185,4.433382973552246,3.7402936507936513,3.8282519426833157,4.147286395972238,4.003172244517171,3.8494738289981325,3.148650793650793,3.297178791887125,3.328020270542359,3.2634496396515256
audio_567.wav,3.0,2.611233148854024,2.877095238095238,2.8484920958670954,2.7389740064304244,2.7319832616253215,2.5887394568079007,2.6986666666666665,2.674283690075356,2.4324195092004977,2.624243096423336,2.0660245418548584,2.563071428571428,2.638761661178328,2.5487068465580003,2.4736829305374943,1.9406678488919276,2.5893650793650784,2.6304570121236774,2.635357191042005,2.5038189716926555,2.155182064860567,2.566563492063492,2.574615011531678,2.4930250441227826,2.49976595407962,2.2088116804758706,3.0294999999999987,3.086816498316498,3.031410773564204,3.20609901896286,2.6354092902487687,2.686666666666666,2.635871578766187,2.605060742687394,2.655206275988128,2.2268873591532503,2.5647936507936513,2.578372238872239,2.5102774853234084,2.4873319023972678
audio_477.wav,2.0,3.855059158350296,3.8439920634920646,3.92797834264501,3.901173249621337,3.9502186512505113,3.64638557866717,3.472960317460318,3.3525897127563797,3.6209186058998113,3.5001435111726473,2.6173946857452393,2.755563492063493,2.7686217054550384,2.5196582772455827,2.2698426562535077,2.942666645404189,2.82115873015873,2.8331303310886646,2.3856170688423397,2.5422959811191923,3.043338215517599,2.8265079365079355,2.81090027256694,2.6100635334367843,2.58964035470375,3.017488161722819,3.2537222222222213,3.355115359948693,3.3478909278030744,3.251680695089481,2.5982762613145103,3.3385158730158735,3.285766293891294,3.414264160830081,3.2369829790457003,2.155553986201672,2.9343968253968256,2.9127050464967126,2.74892367074883,2.653214377194392
audio_728.wav,3.0,3.9370931667413074,3.745420634920634,3.843460035335036,4.064059463573412,4.021366062390862,3.7755030984103235,3.6485396825396816,3.7401064506481174,3.857995202009206,3.7898569691474857,3.2851405143737793,4.055309523809524,4.046550807217474,4.101173216674547,4.049695065435914,3.6349704861844536,4.022785714285714,4.035561111727778,3.881082533181639,4.011445094295442,3.6011938304922193,3.7926587301587293,3.882194097569098,3.9609486667052516,3.9755288745783126,3.5858681201934814,3.611579365079365,3.5904988159988154,3.8751423688039623,3.9742039636354654,3.5722763899134793,3.4570952380952384,3.5395810393310394,3.6325769541186954,3.435979909810585,3.774479754733877,3.8013333333333335,3.8995537579704247,4.091558014441804,3.8581796950940217
audio_377.wav,4.0,3.401384393983726,3.2552936507936505,3.2783359017525684,3.309555163485296,3.413927505982798,3.3066285309150163,3.4013095238095246,3.3089873513831853,3.58944352302202,3.6026785994863264,3.897996743520101,3.894484126984125,3.845049102132435,3.8303427916071393,3.881798728726943,3.443798608250304,3.8409841269841274,3.7539946319112985,3.7981148458788976,3.8589910291995495,3.622598478441374,3.784912698412698,3.800813883647218,4.091910076208233,3.9403686159811984,2.9875030517578125,3.50997619047619,3.454735850569184,3.362843604263109,3.230354448440707,3.827640526616765,3.4061666666666657,3.4029635703802366,3.5580405509932636,3.6709935691994615,3.9945406037219464,3.8466825396825395,3.7981253345420014,4.128428017837572,4.087667347608074
audio_633.wav,5.0,3.8886916926926545,3.844166666666666,3.8539270498020493,3.7484540314652044,3.8893098898055194,3.635137027265951,3.8513492063492056,3.5903230935730943,3.473302831365713,3.5857239331351067,3.4144583543141684,3.3133650793650786,3.4308392255892257,3.2015237655745885,3.2957042873028386,3.239603268575878,3.4420079365079363,3.4596318943402298,3.38017296104427,3.3037575757001156,3.2013524985344333,3.5111269841269848,3.3890820506653836,3.5148126179908217,3.4486808314758632,4.535508950551351,3.582531746031746,3.513805404472071,3.817091317839092,3.7329226363133965,4.340621936345116,3.871396825396824,3.659332471540804,3.6948376883722642,3.792414310668122,3.5802916315315336,3.5512698412698414,3.4442878787878786,3.535116971730796,3.399669388295711
audio_690.wav,4.0,3.0045603805058807,3.332333333333334,3.4445318662818654,3.2943259843284203,3.3095864578336376,3.419801040763631,3.249928571428573,3.053449706158039,3.137970128806927,3.208631192976799,3.09555991490682,3.0997698412698416,3.0767803878220548,3.216052601977433,3.2328037483697334,3.431995105943693,3.108730158730158,3.126563291646624,3.3042187289779896,3.262973705522127,3.7543228485021047,3.0155238095238097,2.9924220779220785,3.1023185044967967,3.1376194988676667,3.6299177010854087,3.421714285714287,3.4552655523488855,3.5703414945129555,3.3600191782863607,4.320767697142913,3.1468650793650803,3.098241669323778,3.1189794152174595,3.2105536578244394,4.3214622070768485,3.031230158730159,2.9833178488178493,3.0405609639885345,3.1121917294273005
audio_525.wav,4.5,4.42775911666357,3.8929047619047625,3.839145969770971,4.20819639071681,4.111889913094804,4.798745751064151,4.536873015873016,4.520947029822029,4.657900633256264,4.659037833766644,4.230259259541829,3.3776825396825374,3.3781373318039982,3.523213337953153,3.556771071753921,4.307847718909901,3.4569444444444435,3.4376928334011665,3.6259450744829564,3.7342182082022197,4.384084115212847,3.746269841269843,3.759050779467447,4.010162641304908,3.9807413854550227,4.142838478088379,3.3435634920634913,3.3165082078415407,3.209066093423857,3.1601214583437858,4.845937535686656,4.419714285714284,4.365400847609183,4.287248235161968,4.368276154911908,4.3383201160275116,3.641555555555556,3.720885265968599,3.9019348603036463,3.9171115398285643
audio_31.wav,3.0,3.2164323357952114,3.2364999999999995,3.2966823546823547,3.3432608069970287,3.3872826814119996,3.2361219346818486,3.5333174603174604,3.6239342308925657,3.822356540875052,3.7644970598913834,2.2435218493143716,3.059190476190475,3.0617739004822337,2.88025422835427,2.808151789430666,2.0915881631003503,3.011515873015874,3.106808581850249,2.8918497873432183,2.8362587945661133,2.1807392509474237,3.1780079365079374,3.170831842540176,2.900806064262376,2.9626524817557987,3.932309865951538,3.5113968253968246,3.4128957092290424,3.8031331365278507,3.5213440257070636,3.440821180373923,3.5822460317460325,3.636178651595318,3.632015164538696,3.750021017424565,2.790597043527864,3.244222222222223,3.201528568653568,3.063714408572636,3.057491995414283
audio_676.wav,4.0,3.405863991800968,3.7784047619047616,3.768711279461279,3.734493499837221,3.681676751235108,3.6988739685255965,3.9462619047619043,3.9428696612029945,3.9724507529416275,4.085574015163079,3.755513827006022,3.9896587301587303,3.956807619849286,4.122332110809249,3.9915075552066277,3.6072328590360354,4.022619047619048,4.0288753206669865,4.057119467302898,4.033609486574586,3.749932780467217,4.070238095238094,3.9931893939393936,4.205996463637134,4.137129519334018,4.2129364013671875,3.4404841269841273,3.5491480294396958,3.6073209675763818,3.6947125705947648,3.9068397776877792,4.05611111111111,4.051231163897831,4.343777361903268,4.351786755235035,3.682035794737532,4.153087301587302,3.9697571749238407,4.307262857674283,4.273127503188611
audio_263.wav,4.0,3.7328870846627265,3.5279126984126985,3.609376475376475,3.5788151616760397,3.547045565690995,3.958106741520156,3.760222222222223,3.7091148172814847,3.849290140049978,3.840983227667381,3.2313778400421143,3.44586507936508,3.3309980359147033,3.140541120758472,3.1820033171258255,3.1747649828132363,3.4363968253968262,3.361391213724547,3.2339494417222805,3.294969082027196,3.2835238085528347,3.5077301587301597,3.481930617222284,3.6660603043253146,3.601105990589884,2.3686749935150146,3.148436507936507,3.1683364428781093,3.173737627372889,3.1454006772563026,3.5247370341092465,3.64963492063492,3.5476109554026216,3.6235437095880374,3.546669306937485,3.209755405236084,3.5051190476190484,3.4290666247332915,3.419694719276111,3.42091960742072
audio_5070.wav,0.0,0.006032811530145861,0.09102380952380952,0.1773855419272086,0.03780912638831897,0.05038828735305098,0.0,0.10350793650793653,0.1478020282186949,0.0,0.009719038376057537,0.0,0.025396825396825393,0.07570679012345678,0.008100903482836156,0.0015502381498839308,0.0,0.010595238095238097,0.07765343915343914,0.005402526675208691,0.005164365676650834,0.0,0.05884920634920635,0.07800859788359787,0.003060443036029721,0.020974633145208837,2.5327184200286865,3.0535793650793637,3.0094705680122344,3.1983976873195847,3.260111081860271,0.0,0.08038888888888888,0.1617699214365881,0.041246012443176445,0.06094475432323778,0.0,0.0022222222222222222,0.09812433862433863,0.010470941995974314,0.0361521461434327
audio_510.wav,3.0,2.8848545152097547,3.183960317460316,3.2030853837520503,3.3348690228185767,3.206016406442783,3.6388824192886955,3.649674603174604,3.9646744428411105,4.012621436079415,3.9020406317371816,3.0229801336924234,3.2461666666666686,3.307288399871732,3.0716394947100603,3.118339105887852,3.095054235301482,3.2864444444444456,3.2708706077872747,3.1795224928218926,3.2053788991037098,3.196120646078971,3.533269841269842,3.7605449535032864,3.7474289818813253,3.641185526337644,3.086646477381388,3.0774523809523804,3.101174837508171,3.0712658692485717,3.016694125632591,3.0660739570847064,3.749873015873016,4.004559964726632,3.980524394746227,3.9626518073812753,3.127320001357486,3.59368253968254,3.743740265906933,3.7292633296388416,3.6858486074831966
audio_577.wav,4.0,4.076613623943662,3.124563492063492,2.9834927749719413,3.302698486240619,3.1227760018252764,4.15078080005173,3.1568174603174595,3.005822372072372,3.1250613331353065,3.1801206337501995,3.902590274810791,3.7128888888888896,3.629869909411575,3.617446965363276,3.4791777772030312,3.9412481651237012,3.6111031746031745,3.515738415905082,3.495336226157954,3.3174411785573454,3.94687007973751,3.506912698412698,3.3952755608588947,3.400528034752231,3.259329653627056,3.799922545750936,3.779198412698412,3.8213472592222595,4.084708323531023,4.152508330805317,4.274455550723318,3.214007936507936,3.2173929095595764,3.308167827733806,3.51998470577553,4.283152446292024,3.5642777777777774,3.4238414486747826,3.5912135155141005,3.3911003842437317
audio_230.wav,4.5,4.009054940161513,4.1078174603174595,4.029635662177329,4.156308879005806,4.087400038809073,4.855442946814064,4.634063492063492,4.6373162331495665,4.6312424999456265,4.720803598375107,4.9821516672770185,4.105436507936507,4.117526455026456,4.395164373419853,4.360048904483556,4.9315890683481625,4.064261904761904,4.072403926320593,4.169783199566466,4.255202813809686,4.965133663655435,4.297603174603174,4.316470578803913,4.331438184071259,4.376594185377078,4.366541862487793,3.737111111111112,3.7575865770032433,3.864787247272165,3.8742641409877123,4.7811195810853855,4.500928571428572,4.531371512746513,4.520464932461203,4.619303203649851,4.943480691605875,4.285015873015873,4.336294432419432,4.289216004944863,4.402499782642435
audio_314.wav,3.5,3.774007754025156,3.8629523809523802,4.005686828603495,4.071322096568633,3.91403101851493,3.1304778888845477,3.3470317460317474,3.459838467088467,3.576106389215012,3.5257768575841006,3.6925700505574546,3.2769285714285714,3.1659004930254935,3.6067705337194784,3.3784133924241044,3.84847424615146,3.2880396825396816,3.255677549302549,3.582993284019126,3.4620294951271915,3.779245858652434,3.133373015873017,2.967694244027578,3.160841190154146,3.2218393585676215,3.2111542224884033,3.438722222222222,3.2665312095312102,3.573985742854098,3.365945928688729,3.1684784114219497,3.2660634920634926,3.1458492664742668,3.4922076971482703,3.498403856030001,3.911917658469721,3.047674603174604,2.962854276895944,3.2148348278051118,3.1811944161917443
audio_641.wav,4.0,2.0161552121965824,3.0002380952380956,2.9933133702717036,2.7070270883950287,2.788964966698939,2.392782893352741,2.913531746031745,2.8285801574968237,2.5641895733115283,2.6828486477523747,3.233846584955851,3.1948650793650786,3.2190108826358816,3.061733003778727,3.1861356648059886,3.1119135902613944,3.1165238095238093,3.0964160237910234,2.9110881706511726,3.141933257999966,2.7840846210468126,3.02052380952381,2.9748361391694735,2.832990270557726,2.8743179092414013,2.673462231953939,3.5473571428571433,3.5743469971386648,3.6094517944035496,3.5696893532425817,2.6072286099976245,2.9326507936507937,2.9812185515102176,2.8601039104094053,2.9173196893996654,3.016332943840233,2.9671825396825393,2.9965165960582625,2.877196518771806,2.9314083722799054
audio_689.wav,4.0,4.103620161004954,3.739587301587301,3.7824341106424444,3.3701734256889857,3.6197098836241524,3.7424904183501244,3.655444444444443,3.710385333802001,3.464313895667852,3.5389716091202827,3.9916138648986816,3.3957063492063497,3.33713563596897,3.5558848061598254,3.5887484629780673,4.147304190745903,3.3756349206349205,3.359358806317139,3.4565446780863005,3.555393552042934,3.976838449180898,3.4911190476190463,3.52623831569665,3.5759961321836933,3.6545014537571667,3.8218448956807456,3.6011428571428574,3.659713633588634,3.45774488577223,3.637976890474468,4.3444124967180455,3.5561190476190476,3.600017516434183,3.5018880636403877,3.678896690666864,4.1900032774803515,3.47263492063492,3.5270283975283974,3.5399837644393792,3.554819554976275
audio_352.wav,4.5,4.134128020934018,4.115714285714286,4.0881794332211,4.125912805538438,3.999072124051528,4.212669206739341,4.0215,3.88710041655875,4.3022914935646375,4.258377305834316,4.408320903778076,4.155793650793651,4.317463078588077,4.564989422146252,4.400325539240758,4.153170671218452,4.333634920634921,4.298709119584121,4.462183342181902,4.521731740507527,4.261289000759565,4.117984126984127,3.960177581677582,4.325461367293902,4.155349295923538,3.7978692054748535,3.2221111111111114,3.2031381118881117,3.4661367477719414,3.3760751497388033,4.147761049707502,3.8365793650793676,3.707361030944364,3.8840944959740002,3.829967118711496,4.269421920482716,4.064738095238094,3.8893521324354654,4.308106889910467,4.08140881841705
audio_193.wav,4.0,3.2337323515129266,3.6046746031746033,3.568837289253956,3.7286684652913227,3.6402659513481495,3.121836273236479,3.637706349206349,3.6715272042772047,3.7502223540952895,3.662777658569294,3.8675730228424072,4.100936507936507,4.10839119368286,4.020410374108326,4.078509679471093,3.3814078786495263,3.89652380952381,3.864704391287724,3.6191870466544955,3.7535049589098244,3.412044102154999,3.7326111111111104,3.7908007255090586,3.8289919315639014,3.8463446449722416,3.8752421538035073,3.8225158730158726,3.74061868378535,3.9229505201097834,3.833647118328138,3.467447093280967,3.579285714285715,3.696552063677064,3.5772500570346373,3.751497076066769,3.7464632604545725,3.7611984126984126,3.8002604879688224,3.8149954771477748,3.9388759413927583
audio_5049.wav,0.0,0.0,0.003492063492063492,0.006216931216931217,0.0,0.012065660584504777,0.0,0.003968253968253969,0.015453703703703706,0.03158696978509625,0.0,0.0,0.0,0.03167724867724867,0.067525349680293,0.0329494522691795,0.0,0.004761904761904762,0.03514957264957266,0.030616890911466674,0.010714391298802042,0.0,0.0,0.020833333333333332,0.02040780626645433,0.016324469251825974,0.5586952368418375,2.5984206349206356,2.7302114690864685,1.9909419448542949,2.0173731089907414,0.0,0.005873015873015874,0.011231481481481481,0.014960460500770552,0.015651615340869247,0.0,0.0047619047619047615,0.01955026455026455,0.030887834022422112,0.014230816636382553
audio_300.wav,5.0,4.338127502355073,4.20481746031746,4.244656926406927,4.278228240323098,4.3487752976283245,4.635097731630393,4.5334047619047615,4.507587528212529,4.5820011117891815,4.665723068189514,4.818923632303874,4.7518650793650785,4.7681836620169955,4.903900931328782,4.877552931349228,5.0,4.773174603174603,4.748135982844317,4.915052324934166,4.901241554105269,5.0,4.747142857142858,4.771901014109346,4.84306173592826,4.953178966575585,4.7061662673950195,3.771476190476189,3.781321115612782,3.950108356879099,3.979653512394839,4.913814246604982,4.427595238095238,4.455402779319446,4.493431899837783,4.570306928830891,5.0,4.74445238095238,4.722682038640372,4.915575424770703,4.913602952166719
audio_581.wav,1.5,2.7865751029163097,2.705658730158731,2.7963721340388012,2.676502620599917,2.7545237233731967,1.9729308902951903,2.5496111111111115,2.6210910185493526,2.3481281340213958,2.398626364241981,2.632879892985026,2.7592222222222227,2.586186568061568,2.4764506916007325,2.366918269105719,2.3580931843787574,2.734690476190476,2.629680194805194,2.3507004748669935,2.3586386658424483,2.1417638453909906,2.6887301587301597,2.6274207752124417,2.4097110254586886,2.348464296097241,0.6409939130147299,2.6945158730158734,2.589968152852957,1.995075938332679,1.9034213084613567,0.2681178373847648,2.7348253968253986,2.6691315937149263,2.4105985089725634,2.377463762298696,1.5331171549601852,2.7760158730158735,2.663398635315301,2.367656300673989,2.369344880299957
audio_164.wav,2.5,3.4612648567578788,2.9385793650793635,2.9861322874656206,3.0114065309606324,3.039279122876066,2.3073029781419594,2.584103174603174,2.587790249873583,2.457041311684764,2.294769170150529,2.2419676780700684,2.578650793650794,2.622098785473786,2.43370246889519,2.4077829826936674,2.453346671293778,2.635111111111111,2.653717877801211,2.590307766295069,2.5253258682986846,2.209702393174382,2.5447142857142855,2.5989224987974993,2.5390933503023443,2.377640160464239,1.5234766006469727,2.6360000000000006,2.494003021669689,2.1907498493931783,2.2455224429253615,1.3477912082761367,2.656190476190477,2.6075274971941638,2.4156197096521907,2.386827574564139,1.0565489460811102,2.61686507936508,2.6580579605579606,2.487696272719875,2.411986078992059
audio_502.wav,3.0,3.90168447679553,3.537650793650794,3.5680990321406973,3.224848301636861,3.293536381789386,3.651677109512759,3.311373015873015,3.205456452498119,3.1696037915756192,3.1440583524909917,2.8168007532755532,3.017000000000001,3.0608146945646943,3.087656853468666,3.023896581266495,3.329712234964164,3.140738095238094,3.1412934257100917,3.1164517495354835,3.16593179100714,3.4560849067852697,3.0470793650793646,3.034226932018599,3.0342976286114314,3.030121803584955,3.656072457631429,3.1708174603174597,3.0487001208667883,3.296156874541532,3.1156075076473435,3.731246692787378,3.271142857142857,3.059456857956858,3.0024853759621095,3.159427033343229,3.595175385801548,3.07734126984127,3.0187874979958313,3.001970674536191,3.0094490384534454
audio_380.wav,4.0,3.369075383189028,3.7233571428571417,3.775088120983954,3.5313158847051898,3.5854495515429377,3.5698433629108877,4.0660396825396825,4.238991582491583,4.008895869981569,4.034593645501203,3.515744606653849,3.4380873015873026,3.340097122013788,3.2002686688455504,3.2486163188864716,3.32278426981638,3.452095238095238,3.3872380751964086,3.3484350151991826,3.2335669039797152,3.4243531912012237,3.7453809523809514,3.892696428571428,3.838175797040694,3.789674498364335,3.630986531575521,3.3495714285714278,3.3671164344914346,3.474511399846536,3.5656382680176635,3.5288037037776103,4.094857142857143,4.305340041131708,4.305203756382664,4.184547509552517,3.5147704988591184,3.792452380952382,3.8924283309283307,3.8931629280865585,3.795457423552181
audio_15.wav,2.0,4.128781851654125,3.32252380952381,3.3611818921818912,3.4611523929281187,3.584507679422901,3.442583301039806,2.9985714285714287,3.277777972027972,3.1566423508063526,3.202950540280232,2.7061681747436523,3.5072222222222234,3.57260912390079,3.3546633696718757,3.181482090904881,3.1905770116778682,3.3220952380952373,3.5492137646304323,3.409476029374957,3.3528732093786022,3.217907571917484,3.1819047619047622,3.4874934725768063,3.1261423530661396,3.1064160599771875,1.8574191331863403,2.9779841269841274,3.0291204921621593,3.4042627246417574,3.1247854497239707,3.534199307263309,2.9279365079365083,3.149471661054994,3.137602492982966,3.127751574577396,3.1731344127963403,3.086841269841269,3.440219015552349,3.24474805244273,3.098706033483771
audio_238.wav,4.0,4.913409088581324,4.2302936507936515,4.154287931204597,4.399980508905962,4.299952175346519,3.379343788678869,3.3271428571428565,3.3720561953478616,3.448471451905373,3.4114283868642876,2.359814167022705,3.1757380952380956,3.10308910996411,3.048876550480396,2.9390889169908756,2.740058918312286,3.21468253968254,3.2078382157965497,3.0662114565118372,3.0760264017697714,2.9094209740544827,3.0723015873015878,3.1103330126663455,3.083509383304366,2.996202608317155,3.4136288166046143,3.301896825396826,3.2923191638608302,3.2103854522008035,2.861003777445314,3.5234140508684724,3.367769841269842,3.3198658949075615,3.372312810640539,3.438161748120463,3.03683504130082,3.093857142857143,3.1446198076614746,3.0993902700078326,3.153942440626358
audio_53.wav,3.0,2.55369831464008,2.8717222222222225,2.871897987814654,2.8087910241841976,2.792135825152323,2.4756655155063934,2.6163968253968264,2.6525864860448194,2.5674275056834683,2.5815362810908247,3.172947565714518,3.3442857142857156,3.4735635121051787,2.984534940164751,2.952691973055647,2.4588646256500546,3.1368492063492064,3.319427709636043,3.042457939595579,2.9191988659102353,2.389218524010331,2.8872619047619046,3.007940127773461,2.6395045534245223,2.5363121402435365,3.6744513511657715,3.139444444444445,3.188906308197975,3.2811424238787885,3.190285795878389,2.9853467262003677,2.634190476190476,2.6248519474352805,2.6076913478757384,2.7351548096521565,2.840096722069426,2.8583809523809514,3.0084464886964892,2.6161107124319107,2.5976935044775757
audio_283.wav,4.0,3.3903154529261594,3.4698174603174614,3.4535732246148907,3.6309547165238456,3.549202961419057,3.400340655850903,3.340523809523811,3.380260569677237,3.482049911156267,3.4454022028489937,3.6500819524129233,4.14936507936508,4.03395231311898,4.369877077423021,4.076446577063486,3.5283809081637094,4.133801587301588,4.098139426931094,4.2054058279179864,4.090247531116593,3.540890249368788,3.880952380952381,3.843994348244347,3.903192278511136,3.8275828166743815,4.8640774091084795,3.8841507936507926,3.8990248008164676,4.041941518707071,3.9988206260919354,4.909022633066127,3.445952380952381,3.4993840950715938,3.5049125867792625,3.495301356173609,4.5104778027286,3.884563492063492,3.865338672130338,3.857189715032465,3.9222569138935715
audio_614.wav,4.5,3.799562677398351,4.021428571428569,4.016112291258125,4.25415704346582,4.179106853686644,4.182364213021552,4.31070634920635,4.424527289068956,4.489113634444643,4.40670328995695,3.673202117284139,4.205912698412697,4.275317861151194,4.222080011719598,4.267403886408564,4.149443154863639,4.424777777777778,4.327702007868674,4.460039193428105,4.396831958260891,4.10847922144974,4.4410396825396825,4.537549142215808,4.4443318269380825,4.512967596113177,3.4382636547088623,3.297380952380953,3.349958273208274,3.441980101252401,3.4519789903241835,4.345665757892032,4.2235555555555555,4.344772719564386,4.364471648213441,4.281038137746989,4.081716753363971,4.498484126984126,4.4974230522563845,4.5178952855379295,4.5409177907962714
audio_121.wav,2.5,3.877037375150655,3.2532301587301604,3.202324894241561,3.263095597698454,3.326632964481256,3.7135107912658953,3.1384682539682536,3.0912152985902988,3.188050468307777,3.1519178368492113,3.4451781113942466,3.1192698412698405,3.149094035594036,3.3567289676290417,3.224420994825761,3.6807695311126394,3.1803730158730157,3.1595184923101587,3.159587347329126,3.2533735832785347,3.503983610781718,3.016722222222223,2.967983064774731,2.9516738694286793,2.9428529587361196,2.0826582113901773,3.422507936507938,3.4587980399230402,3.31341549078693,3.302965196776333,2.748101713484541,3.148261904761904,3.0516178343261675,3.0755339213600585,2.9942937257538866,2.7024405862588217,3.0206666666666666,2.9437199975949966,2.8587516089859473,2.888471869142959
audio_216.wav,4.0,3.5552790366824247,3.4651666666666667,3.489565544023877,3.4445771238990353,3.4489806437725936,3.583474901508662,3.5697539682539685,3.669884299342632,3.566242962294963,3.543539245412909,4.031791528065999,3.8434682539682528,3.74031575677409,3.8227875981584964,3.8514507024498363,3.6128504741480074,3.7452301587301577,3.731116917033583,3.6745973130994565,3.729476229375853,3.3393342170448563,3.7390238095238106,3.7377654922238257,3.556525701300672,3.7043548020202857,3.8949639797210693,3.6460476190476196,3.567107683982684,3.5322699792833863,3.550991485829352,3.5944422235564435,3.7420079365079353,3.8235660419827084,3.8275010060088306,3.7507281107276556,3.2256974464764254,3.755253968253967,3.7167609150109153,3.533458933005124,3.7664558692045627
audio_552.wav,2.0,3.402241096170869,2.9327619047619042,2.976441125232793,2.7199218152488656,2.678599020304052,3.502923905714885,3.5015,3.599019901394902,3.3280159514291463,3.3731217025955456,3.155103921890259,3.0591587301587304,3.0070894660894667,3.0966303556275023,3.16189123844104,3.2684455403895636,3.0206111111111102,2.998500841750842,3.009450252761263,3.029277617455852,3.2024651422366177,3.4149920634920634,3.438995954662621,3.4537425667692454,3.4178307269175487,1.5846819877624512,2.6572698412698412,2.694029704863039,2.620015738822533,2.4554089297754245,1.8443753680106802,3.416904761904761,3.482670456087123,3.261037564979626,3.131302395798388,2.5925387975040413,3.332246031746031,3.454342214883882,3.3282373369169136,3.315049857525883
audio_514.wav,2.5,2.7645329923731086,3.046007936507936,3.0502199760116433,2.847907381899135,2.771350339554855,2.563196641881772,2.8794365079365085,2.900892598142599,2.7460789189015355,2.7601224330758463,2.615324099858602,2.6665317460317475,2.7117834819501483,2.5071848762496725,2.517265275593811,2.57688937331404,2.769888888888888,2.768690215648548,2.729247059073742,2.7629646997078523,2.462294584799061,2.6971666666666674,2.8162485770402443,2.7513709926280945,2.7668248002872544,1.7364511489868164,3.439373015873015,3.538783620700288,3.129705151494092,3.2447343007012353,2.249237698307256,3.027706349206348,2.9631419352252686,2.986648716491448,2.8791779641523596,2.0071282275496665,2.7375952380952384,2.8052630872214213,2.8090900354598407,2.818635005055121
audio_593.wav,5.0,4.0355499160116395,3.8138333333333327,3.729797225922225,3.8051905653519653,3.7464386557329745,4.2021398646611745,3.9067063492063485,3.8764581329164653,4.036231014298106,4.038229707860789,4.382111231486003,3.5807301587301588,3.4142364826531497,3.836799710942324,3.9001517254747924,4.452302407255587,3.637349206349205,3.4890831591248257,3.9481773253944845,3.9401805621840444,4.612077231790791,3.8296746031746043,3.7696984265734277,4.088453351334718,4.056515586744067,3.969780445098877,3.538119047619047,3.528470190303523,4.05213112337232,4.013369012937246,3.5969915834292094,3.7930476190476194,3.675489186739186,3.959681779396212,3.8031304965102835,3.8871946053927373,3.7681984126984127,3.6930323041156385,4.024062746831341,3.948716431065176
audio_565.wav,3.0,3.0274449844305824,2.8500555555555565,2.8126579685746353,2.9142671674841534,2.9371196859719646,2.296527020173573,2.6128968253968248,2.5958351833351836,2.492804504357175,2.5182875796673208,2.880023797353109,2.6583253968253957,2.687821929613595,2.57048899778602,2.541604018367489,2.8423127272754356,2.68936507936508,2.7304554673721344,2.7403569048042598,2.6032635918618827,2.466829582463094,2.571563492063492,2.598703703703704,2.376686315216475,2.4445233671990665,3.1942923863728843,3.3044523809523816,3.316399651274652,3.3211794909114523,3.2388874119587463,2.655327957362298,2.8564444444444437,2.8839220278178614,2.789003465674129,2.8627754161216177,2.4198198878999664,2.7441746031746033,2.757040945165945,2.6377431221985757,2.62223370539675
audio_140.wav,3.0,3.772909461756461,3.464119047619047,3.570702038702038,3.266065447971411,3.4096405453063436,3.7892779092927067,3.4495238095238094,3.5146923462340136,3.5430904462357606,3.6080370744733177,3.030475298563639,3.25365873015873,3.152529911446578,3.105379925246403,3.197850391481196,3.0700027408450796,3.264000000000001,3.155238727322061,3.038328937037504,2.9931581671873286,3.2469828227915456,3.2259285714285717,3.2277157487574155,3.327104616663494,3.2849022149540565,1.8651834726333618,3.232841269841268,3.1387376096126096,2.745929404576008,2.723789595201188,3.1978184071505864,3.5268650793650775,3.5239974146224142,3.4733592005467853,3.5207977753230755,3.2289984845340047,3.225690476190477,3.2882828683662013,3.3476194796320193,3.3763261100239674
audio_117.wav,2.5,2.7860798025797755,3.345198412698414,3.2966653639570307,3.153026847793969,3.074432328355934,2.7430552905833707,3.1848253968253974,3.1393071311404643,2.803116075752841,2.817165397122963,2.4734110037485757,3.00518253968254,3.0398335599585597,3.080127225693692,3.024420567648095,2.3895250100805057,3.0368253968253978,3.0359059705726366,2.9550766544352935,2.878630774836538,2.333450069025577,2.926190476190476,2.9915949590532924,2.8509029208100447,2.8752290647302523,3.367227474848429,2.858785714285714,2.9341576802826794,2.917867478824382,2.736567603499219,3.1355518713676083,2.9832460317460323,2.889705231496898,2.4979273096971775,2.683607116383783,2.480489601566009,2.912214285714286,2.924971741221741,2.7437765474487965,2.8408324906241886
audio_495.wav,4.0,3.5079145275187678,3.561603174603175,3.4479186908770223,3.351067536670523,3.5622297188738137,3.747679787272441,3.599396825396824,3.622789421997755,3.799930067723183,3.7244210726242515,3.338286558787028,2.8988809523809533,2.882802489177489,2.9111072288874618,2.917533971352887,3.26683981394169,3.0532063492063486,3.0493672723881056,3.0520574531578037,3.1021857408200546,3.2283480068559687,3.2193968253968257,3.292867951492951,3.2517531367527917,3.240155747214322,2.054500857988993,3.1954920634920647,3.1649310658477323,2.9310076728140313,2.9712642241987552,2.6622825713672027,3.6069761904761912,3.59579627625461,3.7938054280523605,3.6597795096540993,2.628325991054633,3.2006111111111117,3.324024547982882,3.312459679822623,3.162017262643188
audio_652.wav,3.0,2.632656674344978,3.036801587301587,3.099628467211801,3.4595149065012865,3.332589039924997,2.939010352970916,3.009642857142858,2.898630725755725,3.3045689422724145,3.25656160146173,3.6008707682291665,3.484190476190477,3.5056142900309566,3.416647239202408,3.4955010635002797,3.3849697148118065,3.4720873015873024,3.4432275733525732,3.4432851578709425,3.540931322195887,3.4397350840044436,3.2634047619047615,3.16521478983979,3.3017713817813927,3.376491836190184,2.669835011164347,3.3194523809523795,3.3624629429212765,3.1971271534480117,3.1382182730549957,3.4484346080810866,3.0669285714285714,2.921614522822857,3.0930229801657663,2.971475257675032,3.348419244166872,3.317880952380951,3.1704639650472988,3.1684531275167473,3.3066726081980895
audio_645.wav,3.0,4.016494330785385,3.6891111111111115,3.8809466505716497,4.046911888983131,4.054875609245976,3.6665929427503077,3.4357222222222212,3.7496994594911257,3.587121809623808,3.625385745810391,3.284604469935099,3.8401111111111113,3.7382086216252888,3.7455745496550694,3.647010147914846,3.2542657694657855,3.7899285714285713,3.8445537918871255,3.7501493368703094,3.729375508345214,3.2301783669107773,3.6105873015873002,3.7306771083854415,3.7697560810742714,3.720165229364007,2.827425161997477,2.991142857142858,2.991218144509812,2.6841586157196,2.9528063790094374,3.362779081396745,3.3599285714285707,3.627108285233285,3.526792766750763,3.615870415567317,2.8450641050688916,3.6191825396825394,3.685265732724067,3.713736838601534,3.7175950067913024
audio_242.wav,2.0,2.4318603976480326,3.2170158730158733,3.3088140131473467,3.008096666906868,3.0503950667213053,2.490479802993482,2.7598253968253963,2.835683208766543,2.620138619159785,2.5734946443921616,2.6429057916005454,3.147603174603176,2.9565643862310527,2.8441239143711097,2.996370558741237,2.781500972771761,3.1202698412698404,2.9507510097926755,3.010558124478223,3.1743801814017636,2.5915743909381628,3.0788809523809513,2.9505657444407443,2.9032009733786004,2.926341442012189,2.399069309234619,2.9476746031746033,2.9054893933227266,2.9051928887716727,2.698151435178787,2.1259193141457366,2.6607380952380946,2.6533533642283644,2.625837389980681,2.621090250495275,2.597403409183342,3.0324682539682537,2.846613736572069,2.95278666284637,3.087249168958138
audio_4.wav,2.5,2.8459602395204784,3.4306428571428573,3.563095117845118,2.693742664544691,2.845081746700243,3.377327457939287,3.5166825396825403,3.2989426823176817,2.818013943183199,2.904782441958791,3.412505308787028,3.82013492063492,3.7956431978515313,3.8850592393260848,3.879712457107882,3.004019799709494,3.5769126984126984,3.625251322751323,3.3196635403163763,3.3400137215839982,3.0860210329115922,3.543253968253968,3.5309531625781623,3.3473177417151576,3.216992787144125,3.360544999440511,3.094785714285713,2.894932744724411,3.2395078356649454,3.3306723486163894,3.6961171891387075,3.467222222222222,3.507862433862434,3.0171341232359716,3.035985243832901,2.8666839730681524,3.6367857142857134,3.5484627286293957,3.2435525709152597,3.3608234717720937
audio_93.wav,2.0,4.005802249778289,3.3589126984126967,3.6115924723424713,3.7421631642228177,3.63874042924444,3.2930966532907746,2.8994047619047625,3.0794248236331576,2.929879960389002,2.9683477637696867,3.2590789000193277,3.635571428571429,3.6308001581751577,3.4700477207201494,3.4773060113317036,3.000989939526198,3.4357142857142846,3.5512862954946285,3.5380263771808376,3.418439630314874,2.971003472679785,3.1247142857142864,3.3156302509219167,3.067833146273786,3.0540547074406468,3.452056964238485,3.2834841269841264,3.249774811608146,2.7692590361651384,2.9172144252819137,3.3345519016195,3.075603174603175,3.221874679333013,3.1244921765153624,3.1188515281696993,2.8633874252037175,3.2640555555555557,3.334774871733206,3.1119244043309955,3.0711925038480765
audio_582.wav,2.0,2.684043200869681,2.7050238095238104,2.8976870891454225,2.2462683705817015,2.4100150432307728,2.35625467206283,2.626515873015874,2.555157708032708,1.7940579488094084,1.7574438413612892,2.586998383204142,2.6951349206349207,2.146112293570627,2.1727546962260234,2.062881910166242,2.45716940327272,2.6808492063492064,2.2052821669071663,2.053692664479079,2.0886888516178064,2.383586472398853,2.5868888888888892,2.083034291325958,1.9975824878777415,1.8713129919365796,1.5354708433151245,2.70902380952381,2.710407808241141,2.4490018338303376,2.437730505857757,2.349467118999551,2.7677777777777783,2.5087007375340713,1.9041495720476196,2.0152423758585614,3.062962794851092,2.6396031746031743,2.0567730479397137,2.045633990307245,1.9434546507697388
audio_222.wav,5.0,3.9698952203629148,4.415642857142856,4.326450897867564,4.4481812884420036,4.555221793929037,4.0885695191594,4.29115873015873,4.250487012987012,4.608346265217831,4.566178438962726,5.0,4.670071428571429,4.601361171236172,4.772600745616191,4.876031728808741,5.0,4.668849206349205,4.612624818173837,4.778457473380231,4.732174972739295,5.0,4.597357142857143,4.546744093959781,4.803733461299686,4.873779575409176,3.6597004731496177,3.4509285714285727,3.4294958236208237,3.222523471242552,3.3741506119194047,4.171442384717309,4.122746031746031,4.069436386915554,4.358301516799927,4.190797627169846,4.682193527558586,4.5438730158730145,4.474511488602175,4.7234291389079,4.7579929182153515
audio_5042.wav,0.0,0.0,0.0011904761904761904,0.007186507936507935,0.03393049414519588,0.050373151010041355,0.0,0.006507936507936509,0.003351851851851852,0.11926620551757228,0.13908464122069417,0.3298509915669759,0.12945238095238096,0.15093716931216933,0.02125335162996403,0.05441033007542445,0.20425527822312942,0.07645238095238095,0.12727645502645502,0.1685973987722709,0.10940622141314953,0.0,0.1057063492063492,0.15567821067821064,0.12506174211381807,0.14033477383607892,3.772080659866333,3.465714285714286,3.525787129537129,3.8055301819377862,3.6710750730857153,0.0,0.009841269841269843,0.005240740740740741,0.18001608871684902,0.20450324017301016,0.0,0.0959047619047619,0.15814784752284758,0.14211491662467635,0.16531641086019513
audio_253.wav,3.5,3.279261286779722,3.300698412698413,3.2252648246814917,3.084374354603368,3.0381422401414113,3.0049384911548054,3.111166666666666,3.044540404040404,3.0179137364629107,2.9600046313436135,3.1078059673309326,3.2717698412698417,3.3039207752124415,3.3088637414233424,3.347363769238193,3.334309190541098,3.2780714285714274,3.2947582093832093,3.3633547541918296,3.4179886141820823,3.1968978207632617,3.2479841269841265,3.2320974750558094,3.3876322105326326,3.18961771952549,4.015981912612915,3.3239841269841275,3.2867648647648653,3.053554862655634,2.9484437351382913,3.3107334710168423,3.003023809523809,3.0242822594072583,2.957642360194859,2.905233565751644,3.3916296792025116,3.171587301587303,3.1963963505630173,3.4186760266450626,3.292821170647491
audio_167.wav,3.0,3.114182376236453,3.1467619047619046,3.1812203321369985,3.133093686061938,3.1200277648884676,3.3059703592192626,3.7782857142857136,3.8481889931056603,3.745661812092301,3.719078620617721,2.5726800759633384,3.052571428571428,3.0009940476190473,3.0121229015082673,2.9655405733067544,2.7887974700156604,3.0489761904761896,3.0002105980439313,2.9074505900337733,2.931407029134283,2.7731705974358616,3.2604523809523815,3.1520421800421805,3.0158329777843615,3.065137633595308,3.4800299803415933,3.5141190476190474,3.408075729825731,3.465073334968482,3.6513067861025554,3.390090200743718,3.707674603174604,3.7281789882231053,3.5742948396682723,3.5903580247665894,2.6352421734547566,3.2708015873015874,3.2142979998396672,3.0462808535602997,3.0456395181381963
audio_583.wav,3.0,2.719123162903049,3.187198412698413,3.1085994268077592,3.202859872797817,3.207693731806484,2.13972086251858,2.8857063492063495,2.7326982523649193,2.8207000937069586,2.670095067200119,3.162141482035319,2.9574523809523807,2.9741513548180216,2.9818375414065508,2.8446375084265547,2.7229921154561825,2.952031746031745,2.9327253548920216,2.8171197320583854,2.7546848593872775,2.529026003556138,2.812761904761905,2.7270931537598204,2.64636020251548,2.5939194885200876,2.8847448031107583,3.4382857142857133,3.4036518311934976,3.358335413555229,3.261155237661631,2.4234769294041754,3.039960317460318,2.9902393362810034,2.8723992533668015,2.940787017830497,2.407748624076046,2.9491746031746033,2.870332887791221,2.776233763607568,2.7407364668983765
audio_682.wav,5.0,3.4629496606515766,3.726095238095239,3.714195355570355,3.912325684167436,3.7110822608751044,3.9433867260410262,4.014095238095237,4.128204906204907,4.167375734014655,4.168677670104443,5.0,4.230912698412698,4.3301956114872775,4.610659516539847,4.583741000463726,4.7088642327596,4.31761111111111,4.310382836299501,4.545449586514287,4.564503427315627,4.675427137916151,4.461198412698411,4.489183048433048,4.776810116192153,4.720247169294119,4.0066878000895185,3.530825396825397,3.474973351494185,3.569408873091176,3.5407839730454196,3.6544438003470847,3.8492460317460324,4.107273800273801,4.119656247690732,4.008812495133307,4.100025734621231,4.392666666666666,4.486412986704654,4.664914962351793,4.5697884371405975
audio_5045.wav,0.0,0.159606945781228,0.004603174603174603,0.030314814814814812,0.010982152023785994,0.01511711343498661,0.8037535591419892,0.0038095238095238095,0.03260846560846561,0.39866935787981167,0.3407022046076565,0.05141178766886393,0.07735714285714287,0.20572927689594356,0.04015426148773025,0.03013076264293497,0.0886348175262787,0.07038095238095238,0.18926653439153443,0.00040236866347820305,0.01873971859325227,0.23489928800434656,0.05488888888888888,0.19968320105820106,0.11541045449606056,0.10553800325226237,4.0869864622751875,3.8359365079365073,3.5562940100023446,3.8131080354450937,3.775633749389403,1.1589867628434953,0.00634920634920635,0.03238095238095238,0.4683846550693686,0.4978673889880713,0.4642932564968792,0.03283333333333333,0.17008381433381434,0.11001035022507417,0.14889073255692578
audio_173.wav,3.0,3.287557173398729,3.240373015873015,3.177317320025653,2.960921732360488,2.890162810994402,3.034370796206907,3.0746111111111105,3.035337532066699,2.927610922056259,2.911596258265893,2.940309921900431,2.8977777777777782,2.92248579352746,2.8651731892756858,2.9232637233464493,2.860678634633707,2.8828412698412698,2.8825474725891396,2.8319242511489064,2.8541916169056845,2.8064744698827178,2.945142857142858,3.0331437590187584,2.771118281895994,2.789105575606103,0.9631773630777994,2.7816666666666663,2.8427801118634446,2.5913395210380723,2.5249634662034715,1.9696385421648948,3.0469365079365076,3.0027211862211867,2.805693762386008,2.752565486603222,2.246374260455568,2.896015873015873,2.9980441518358174,2.685150864045925,2.7644964225729862
audio_338.wav,5.0,3.7492909199413815,4.063873015873017,4.084234611067946,4.096915826955489,3.9982180464933292,4.984764902563259,4.548285714285715,4.553118033201366,4.538975472180506,4.687689743448252,5.0,4.641198412698412,4.52380209296876,4.767407489087351,4.711316540428007,5.0,4.651674603174603,4.593031084656083,4.7788965858914585,4.804550357242925,5.0,4.672468253968254,4.657498877665543,4.88516905947721,4.86633010150252,5.0,4.2625873015873,4.173858999025667,4.771001095716391,4.709325579999471,5.0,4.585230158730158,4.606798067673068,4.70886836471965,4.714026932285011,5.0,4.687833333333333,4.639131527423193,4.903874387808482,4.832095992660225
audio_188.wav,5.0,3.6226458324886983,4.048341269841269,3.8797708171458183,3.907991905027204,3.8636245253320958,3.90863728060302,4.301166666666666,4.481421925296925,4.258971107744231,4.3908313825375105,5.0,4.730912698412698,4.7061346778221775,4.920068499381916,4.87939520153117,4.8747379782264675,4.764539682539682,4.6952005432838755,4.88524983836444,4.879221399777564,4.712905505599299,4.729079365079365,4.735417482209148,4.879044992011832,4.859960782400972,3.3242387771606445,3.2703492063492052,3.350354464979466,3.502068258210144,3.3500903524164034,3.327972111761934,4.244944444444445,4.3631692952109615,4.452032431451897,4.479378627256119,4.018430074806697,4.722039682539681,4.6887204585537905,4.918304274270219,4.891697227651143
audio_59.wav,3.0,3.610505943461058,3.091095238095239,3.0674555012888347,3.1898880669150773,3.115783154009012,2.829149249005702,2.680555555555555,2.5956761063011062,2.428100996664066,2.3806459485481404,2.6203717390696206,3.207936507936507,3.118436811645145,2.895368436512303,2.73214823495269,2.5341745034106347,3.1190396825396838,3.093051818551818,2.904155937955458,2.814262490736852,2.1880288103003394,2.8821904761904755,2.7905822942489613,2.4423405810900207,2.3985723855960464,4.060004631678264,3.889468253968254,3.8464998936248946,4.1624253778891385,4.061332292001433,3.0723954456535076,3.0104603174603173,2.9582815055315046,3.0218869158656276,3.0081670896583965,2.4444246705423827,3.0053492063492055,2.8817135148801825,2.5350575257519723,2.567779970110797
audio_318.wav,5.0,3.7237388706415913,3.831944444444447,3.797772021188688,4.078557194846742,3.939105321149892,4.283825705830245,4.097539682539682,4.182308887100555,4.4393215181600345,4.507785195008262,4.122741063435872,3.6533174603174596,3.6242793949877288,4.139081630451812,4.107103841027253,4.643910060182633,3.6760238095238105,3.6341677890011224,4.210916119989566,4.0967802700767955,4.644519289515117,3.88902380952381,3.9625801027676046,4.392459349308451,4.444061134602513,3.4958623250325522,3.2767380952380947,3.3045310939060943,3.349044658480501,3.256195636180939,4.742405601534133,4.217333333333334,4.210818201859869,4.415795041128987,4.3813981066286765,4.768801498066083,3.8314126984126986,3.8983917348084005,4.285201232440365,4.408985162399266
audio_17.wav,2.0,3.541597727753402,3.12234126984127,3.220258616746362,3.0075370486619692,3.1051167746533928,3.095909133720418,2.9887619047619047,2.886489337822672,2.829943075683912,2.7959259594845243,2.5689695676167807,3.2798650793650794,3.2521971084471093,3.012101541090638,3.134827751801044,3.081479515879933,3.317753968253968,3.246713504088504,3.102441084296302,3.144557302319806,3.0789841871236145,3.1993333333333323,3.0095883416453595,2.8319408673330826,2.846654786875616,2.771356741587321,3.002912698412698,2.8937482455815786,2.877816222295199,2.860212740669341,3.2282463398807306,2.986579365079366,2.8692500416250417,2.7152655649097723,2.8360655893635687,3.138966745917001,3.132793650793651,2.965774107065774,2.824555835350218,2.8005553824818556
audio_551.wav,2.0,2.897843675752617,3.064960317460317,3.038236552028218,2.930528245418245,2.7902276202309735,3.026184498862867,3.1348492063492066,3.1156705871289194,2.9585294086963256,3.009779164515819,2.9441586335500083,2.7177619047619057,2.789802493802494,2.781344332269118,2.782447727979297,2.871882802621847,2.7086825396825396,2.758888528138528,2.778250020565752,2.7370305801144887,2.7770541812428355,2.7788174603174602,2.823846801346802,2.8963602667387693,2.8620200118349666,2.8117968241373696,3.4240952380952394,3.4258016674683334,3.252774803845393,3.4185425449689375,2.843269975558242,3.3096825396825396,3.3254924242424244,3.031869519767375,3.103228276366083,3.194624477418381,2.9226984126984132,3.003992865159532,3.013687816790819,3.0528695540833
audio_275.wav,4.0,2.3017995937268982,3.1514841269841276,3.194216259049593,2.9797993074958065,2.9588641072680786,2.4437270404967353,2.9610000000000003,2.945419492544492,2.786158854973324,2.899956570496523,2.7241779963175454,3.3739206349206357,3.281362854737855,3.1040064353722805,3.1971112803398722,2.7133016578606983,3.3214444444444453,3.2704441731108402,3.1800087717302787,3.156103158808444,2.6961716385291994,3.144873015873014,3.1201451619368292,2.8153466860621053,3.091060899343668,2.2862890561421714,3.1031111111111103,3.122444777444778,3.17864436275577,3.129559871856106,2.1087626551135528,3.0352619047619043,2.969701545368212,2.770544078957304,2.8871380825492223,2.3005635407378295,3.09381746031746,3.0774945687029027,2.7013161212041052,3.1052294917153724
audio_368.wav,5.0,3.5099198523338964,4.286936507936509,4.252064094855761,4.31992459215725,4.343586530956661,4.241619185994501,4.738023809523809,4.708817019400352,4.807843464448671,4.8296950824610745,4.757253805796306,4.497388888888886,4.5254779140612476,4.939987636797354,4.880448171801107,4.31993092304167,4.51104761904762,4.539675838050838,4.876941106527912,4.820320713540881,4.502266527618037,4.64624603174603,4.659052248677249,4.805483593731801,4.836577675377041,4.776230971018474,3.8955238095238083,3.8614647867564535,4.346069246348304,4.12374646962007,4.317555587712611,4.709888888888888,4.704790612165612,4.872055887000897,4.893263500913949,4.411396395439119,4.643809523809524,4.637359476942811,4.781394886963004,4.87962895255541
audio_730.wav,3.0,3.405289731259135,3.0865634920634926,3.1904117726409402,3.0548193515324322,2.9135215996603017,3.3936583766347614,3.2530079365079367,3.2415572745156074,3.141554151252242,3.167291982962167,3.111819267272949,2.9900952380952384,3.0514697370530697,2.7111881760412384,2.822266992595047,3.222801763796912,3.0608809523809533,3.0473929712263037,2.764744139055141,2.810750961797845,3.3865726388518795,3.0098571428571432,3.0563031875531874,2.905151420878475,2.8712095359931973,4.025887727737427,3.573253968253967,3.591270701520702,4.015578698369905,3.917017204174796,3.438786907892607,3.2836031746031744,3.171526655443323,3.1091515698369663,3.196526515582763,3.387236267919643,3.1412380952380947,3.1327149702149697,2.986040946512764,3.0275685161238584
audio_5060.wav,0.0,0.11833932189843359,0.01146825396825397,0.048244708994709,0.03230540167972396,0.13133121181925678,0.18425065220056705,0.007142857142857143,0.039907407407407405,0.03735170533813215,0.09260169623450049,0.3857543468475342,0.008571428571428572,0.036787037037037035,0.015878081757969748,0.011419245461921426,0.4986904212852217,0.0015873015873015875,0.06557539682539683,0.01840512009254831,0.023335223402121602,0.5294976386816246,0.0019047619047619048,0.04296296296296296,0.004247175665300153,0.017457634976723525,0.5554194450378418,2.6857380952380954,2.8303466610549943,2.6360857891071827,2.513411027939489,0.0,0.014444444444444446,0.04362103174603174,0.03370311455497935,0.07341181500402767,0.10692129767070464,0.009206349206349206,0.059974867724867716,0.006244866170637937,0.0
audio_685.wav,3.0,3.613139975537798,3.402785714285713,3.423134712509713,3.181700990614676,3.2403168686546366,3.1530190424907585,3.4621825396825407,3.4608578643578647,3.1191546942535933,3.1051443372431358,2.7506518363952637,3.581730158730158,3.5859336250169576,3.7042401169110133,3.684871575889712,2.7859710454805247,3.5476428571428578,3.4818258855342186,3.5137832204066073,3.5176905702450063,2.65170980960499,3.4458412698412704,3.3662815918649245,3.290516223323216,3.2061339666657616,3.797957499821981,3.483452380952382,3.421678519011852,3.481119797765663,3.561568844277314,3.886933284538061,3.633777777777778,3.5764249639249646,3.4136742642581583,3.4715581007404226,3.145208370119107,3.5527301587301583,3.407112320685851,3.355572903455021,3.3065336311297986
audio_7.wav,3.0,3.2681333524127645,3.5335555555555556,3.4036246377079706,3.106385230918089,3.1941567251058918,2.6867937843415994,3.1891190476190467,3.3640971143054474,2.964840873889274,2.878281234278458,2.4393247763315835,3.1103968253968244,3.133437369729036,2.9028694666295514,3.0258308416601114,2.574896049888704,3.20881746031746,3.138400747400748,2.9947902625466973,3.1212046357828727,2.5453056437840726,2.959126984126984,3.072666666666666,3.026842906936069,2.888286830051797,2.982372601826986,3.2428888888888903,3.3408389265055933,2.7337814728181233,2.864055069927156,2.909042256196558,3.077039682539682,3.272706228956228,3.269897773808401,3.049313382784351,2.7914457835200697,2.8931507936507934,3.0816125340708673,2.9488671289738324,2.988369965545082
audio_204.wav,5.0,4.222945937961383,4.536904761904762,4.511921697130031,4.831226060755352,4.906009722659363,4.404573631822366,4.8223095238095235,4.834635301426967,4.993830082929286,4.959981852639948,4.513010660807292,4.4676269841269844,4.462590367965368,4.657017998576084,4.656306336430016,4.367678456635726,4.4704444444444436,4.513242011075345,4.725615681929696,4.7565652000097245,4.368966169532725,4.695079365079365,4.734727693602694,4.91209365015,4.8705525269519265,4.195347785949707,3.8229920634920647,3.831255579297245,4.01497091649624,4.232847914571743,4.431797055891703,4.697015873015872,4.721132094757095,4.802379335253381,4.944767354822247,4.361531232081163,4.617039682539683,4.761106240981241,4.855984979352054,4.851543225066207
audio_5064.wav,0.0,0.15458198902467757,0.0,0.005986772486772487,0.008426524892521636,0.0,0.4806742663188575,0.007460317460317461,0.007190476190476191,0.005843017009061576,0.03088290093569319,0.0,0.027539682539682545,0.04165079365079366,0.0026942919814850193,0.0,0.0,0.025873015873015878,0.02626851851851852,0.00015869467835093634,0.0,0.1572967841783807,0.010952380952380955,0.022957671957671955,0.030292282424932374,0.007795306569856337,3.024180253346761,3.6588809523809522,3.673036761078427,3.8682001103014465,3.8776491009032927,0.27712556010949757,0.0019047619047619048,0.011375661375661377,0.13266757038975688,0.0686769170406799,0.0,0.01253968253968254,0.048256613756613755,0.02369071594000204,0.01827664589040825
audio_127.wav,3.5,3.000248488508833,3.45036507936508,3.3575648317731654,3.229846575009454,3.3964797814494854,3.708310448339256,3.5639999999999987,3.5182934102934103,3.259333032427003,3.404852216811076,2.9063527584075928,3.6955873015873024,3.7611409840159844,3.808588383614722,3.8689301610743243,2.450087918116465,3.595150793650793,3.6180646444604783,3.705980090432655,3.758332451290071,2.5727044719620413,3.6467619047619046,3.740668751002085,3.5941755189949673,3.709261801800857,4.077768484751384,3.2597142857142853,3.2787144445061123,3.1663026910114573,3.1239215307063994,3.5363528399158546,3.485444444444445,3.381894139810807,3.1940041398294547,3.177966151691616,2.6857891775640628,3.611738095238094,3.734653326611659,3.6277249425186917,3.6948047333949314
audio_412.wav,2.0,2.867810699847834,2.666222222222221,2.688802107206518,2.684776661122274,2.610027758863838,2.661384771936079,2.564325396825397,2.497207485415819,2.548622932782243,2.431526631113885,2.5234440167744956,3.156865079365081,3.1769993432493426,3.146987486932879,3.11274407544569,2.7395415367254596,3.133658730158731,3.12206617764951,3.1423087857118754,3.1009992825303154,2.8523948895624236,2.9047460317460323,2.9015527497194165,2.7424001336928185,2.8040879186768346,3.396803140640259,2.9269206349206356,2.910726356976357,3.092576734931422,2.6932874668453928,2.609848323176547,2.6627380952380952,2.6585805475388806,2.456335194329944,2.434376721584116,3.240438993268803,2.931373015873015,2.8777101309184645,2.908319852423324,2.8286843022829333
audio_132.wav,2.0,2.4972055034315614,2.8647380952380943,2.7057664696414694,2.1671625757630526,2.3019111482783954,2.076867091713849,2.6026031746031753,2.4013478990145654,1.9982143944109296,2.0715221307373626,2.9176061948140464,2.731952380952381,2.738328463203464,2.5858297034649813,2.55681031566159,2.8989044788366094,2.698111111111112,2.6663223905723896,2.4090066636001537,2.3734109064156783,2.7331504778006868,2.6238730158730164,2.5595978835978834,2.3299918841290785,2.378815744880925,2.8200484116872153,3.2745158730158734,3.3077226091809435,2.966505692734333,3.0631335530026575,2.0136706227185117,2.7921190476190474,2.4054035994869323,2.0605809207877868,2.1044780557821494,2.3849134432308987,2.682857142857143,2.608797111838778,2.32887677798181,2.4009555498017003
audio_156.wav,3.5,3.6467682157928145,3.7294047619047603,3.7344298402215066,3.7617447334651715,3.624598313536143,3.743258382279061,3.743817460317461,3.7665312526979178,4.022681271882802,3.8572289508259483,3.9934309323628745,3.565349206349207,3.532966951258618,3.687994608441592,3.7323674935312083,3.9427092421306518,3.6335873015873013,3.6228172722339393,3.6735032977095483,3.7451185640457054,3.922385890472345,3.706380952380954,3.603301948051948,3.685011789191568,3.7374279552502188,2.7719282309214273,3.240571428571428,3.1849418374835037,3.1244003906198956,3.3151027533543242,2.9534500328519235,3.617769841269841,3.6127993642160305,3.6722140376566315,3.5021934228585736,3.8145109395117913,3.6097777777777775,3.580205868205868,3.5081429403051803,3.607664808258075
audio_426.wav,2.0,2.4392057451580937,2.7743174603174605,2.814487113195446,2.745966729492576,2.8034243302917226,1.926978732977205,2.7070079365079365,2.750921408838076,2.5162116613069236,2.527079991875735,2.99037496248881,2.7251349206349205,2.740962722462722,2.742399715358418,2.6493289177621935,2.799423743488908,2.7262777777777782,2.7550189841023176,2.680474547751116,2.5899979437790415,2.7018356543599715,2.687587301587301,2.6663503425586756,2.6072379424983634,2.5139554866613705,2.302736004193624,2.8625317460317468,2.9930913623413624,2.666492403531876,2.6027013925823916,2.4431416296317465,2.835015873015873,2.7833449713866383,2.6634013253629427,2.657014705750632,2.906932786783647,2.712293650793651,2.731392175725509,2.5683906855127474,2.525499523511942
audio_709.wav,4.0,4.484392566387064,3.94029365079365,3.978718506801842,4.105611145146939,4.136986620584129,4.627233917200745,4.04634126984127,3.9813957431457445,4.108985989533896,4.147063848946037,3.826547463734945,3.768380952380953,3.6578385179635173,3.636692007390943,3.544892564373317,4.124811295247054,3.771261904761904,3.7055296015712678,3.6625898342647507,3.7389499171907006,4.064136639662659,3.8265952380952393,3.721412181183014,3.7433945075088393,3.8435352594181396,3.357930342356364,3.7905238095238096,3.7919154934571604,4.037329863134731,4.119989237424605,3.8224924465965877,3.9728095238095236,3.896810700102368,4.2958263835193815,4.134250773707556,4.353789192707036,3.9021111111111124,3.7396309385059383,3.8264191625504345,3.845379930492529
audio_291.wav,5.0,4.777788121016283,4.120285714285717,3.908678842762175,4.295766298823948,4.429075181587103,4.6747641463645415,3.9110238095238095,3.679889030722364,4.204330947818834,4.168585928751885,4.194130261739095,4.200277777777779,4.0628623351956685,4.404403327019907,4.27306802015391,4.458746135203516,4.135730158730159,4.108672037838705,4.480537171578374,4.553465791421245,4.417328115429664,4.045071428571427,3.9940523781773773,4.348432813594645,4.221140949547635,3.322174866994222,3.6580396825396826,3.715696949655283,3.741071110846254,3.970085588182586,4.7209431987446004,3.730063492063491,3.689407643282643,4.174246577441196,3.9904802302561033,4.292165893690579,3.9738730158730156,3.8584256453423134,4.330989344543451,4.103810820198379
audio_523.wav,3.5,2.591540265992735,3.197230158730159,3.143681417348084,3.0646182714316885,3.1226618068479777,3.1951774733228717,3.812,3.909889329805998,3.915898210502911,3.928469942880678,2.8561832110087075,2.949968253968254,2.885843594676928,2.7878550080612414,2.7837518597234308,2.6413587279796604,2.889460317460316,2.8284526615359944,2.668300661970067,2.738747579092235,2.8757701767823156,3.1826031746031744,3.3462839891589886,3.0876540426997736,3.086324254634388,3.024456818898519,3.420793650793651,3.359141876641876,3.4958149187440135,3.6461843154563094,2.6305225415885407,3.8398412698412696,3.918989999198331,3.7365730108080197,3.8092169937143274,2.625239248955765,3.24331746031746,3.3461916509416505,3.048479741820294,3.128912369207376
audio_632.wav,4.5,4.000216478079369,3.9955158730158735,3.9611617795784455,3.877587433889012,3.8922183826088665,4.0186953850580265,4.080603174603174,4.1524786987703655,4.148121669557795,4.0297381374767225,3.2352994283040366,3.394928571428571,3.1715773655356982,3.2637632536111423,3.0729397206804108,3.4109498123316246,3.458436507936508,3.330076178451178,3.4682255736587293,3.381358606364726,3.482312707547804,3.6480952380952387,3.686794252044253,3.4685245568340455,3.734019210909556,2.698145786921183,3.010555555555555,3.057819715778049,2.7973970523179776,3.033849254004504,3.6516477565468346,3.994174603174603,4.1359267229683905,4.216682401337139,4.044352945847897,3.2522392482435953,3.600825396825396,3.6633331868748544,3.6003324074939216,3.7066854997682683
audio_684.wav,3.0,3.8991388384917776,3.463253968253969,3.470735616235616,3.779331750309726,3.8373125108341846,3.6854886722536304,3.558833333333333,3.732420073753407,3.6848016781863016,3.6583662820871283,3.0245449542999268,3.444007936507937,3.440458140624807,3.5111775111955956,3.4959928765731174,3.1521044147119066,3.408793650793651,3.456681272431272,3.5440649083998887,3.4184834108940136,3.151025128239748,3.562531746031746,3.551385822510822,3.6975419691009903,3.658148706752828,3.924055496851603,3.6725476190476187,3.575521746771748,3.8255995459585894,3.7416655365399465,4.286399980192788,3.63165873015873,3.9243552789802774,3.83673090382621,3.8626387177906634,3.324484609980622,3.5623888888888904,3.5391640282375576,3.618844123024584,3.6360494943755803
audio_512.wav,2.5,2.7321116744547287,3.1562936507936503,3.174377543752543,3.148476913361188,3.0166011640149173,2.3111062614047277,2.9803888888888874,3.029951027367694,2.9462706485988712,2.757535861605822,2.761472225189209,2.741801587301586,2.7742810445727115,2.9045339746906174,2.9350411588226506,2.4712689153339036,2.7432380952380946,2.836076244742911,2.7479793563169443,2.878134529642349,2.298974844193698,2.7829682539682543,2.8250604657687988,2.849412718202085,2.840901800960261,1.5591622988382976,3.4375952380952395,3.4078019095102428,3.2844265088740694,3.4188599486419022,2.1662750904200263,2.9570873015873023,2.91164250641334,2.710685158249413,2.6866737151288613,2.4347276989406175,2.7257142857142846,2.7869147349564014,2.7788401669142346,2.751096951478542
audio_764.wav,5.0,4.259499787995501,4.3680079365079365,4.272488975530643,4.258876087574684,4.256624178113465,4.617379021208202,4.375769841269843,4.231228001936334,4.133011864308774,4.173793473554545,4.952285448710124,4.035301587301587,4.111486932820266,4.275077628184962,4.193207977466702,4.363393555886322,4.183992063492063,4.132243545035211,4.182778249273379,4.238906692037346,4.422519050987372,4.248412698412699,4.182430543993045,4.241617075293033,4.290307132571112,3.198448340098063,3.6680873015873012,3.6311879008337336,4.002112821497968,3.9244978854184596,4.072141239281642,4.292015873015873,4.18746388488055,4.251185775220111,4.339309589318227,4.3579067208124025,4.2421984126984125,4.171785146951812,4.191735210925109,4.293316861066714
audio_585.wav,3.0,2.70291376573074,3.497761904761905,3.5428146406969936,3.552492622708616,3.5284789921985222,2.6562725205953592,3.299349206349206,3.3421314210480877,3.2514332499484344,3.247757236175721,2.478766441345215,3.0265,3.05020825008325,3.0183515787883537,2.9072668105893897,2.2752606108346884,3.0851746031746035,3.117613997113997,3.0845000046371904,2.9007598600022173,2.4033587910589755,3.1126507936507934,3.0941272647105973,2.9355168055517296,2.979234462799607,1.8373600244522095,2.9272301587301595,3.0204427029034875,3.0233061399583647,2.8382797779986384,2.2566893910089205,3.3087857142857136,3.397369801494802,3.197486781290509,3.1836059099886955,2.0280294008427155,3.0538412698412696,3.0851801023051024,2.911525659862424,2.9648618807294493
audio_562.wav,2.0,3.564488546020774,3.866642857142857,3.801794463252796,3.5664533487253167,3.7568424947175036,3.1764149515657443,3.0790317460317467,2.921484648067981,2.916232877616467,2.9153138652721453,2.4924139976501465,3.023214285714286,3.0133603094436427,2.7201361056543765,2.743852374053732,2.4791389038401452,3.12554761904762,3.0151508815258823,2.8212281323272417,2.7319153791551876,2.1944406763045436,3.0260952380952375,2.8317153278819944,2.384246045732383,2.4422968911940774,2.073124965031942,2.6583809523809525,2.6101435092685095,2.1210494174852497,2.189603616482911,3.019498958619479,2.989325396825397,2.875595965762633,2.675713362919765,2.69737297408496,1.8698900628987278,2.9768015873015874,2.852672298380632,2.4274121717841415,2.4834929573183384
audio_465.wav,3.5,3.236526757115495,3.084531746031747,3.126719004760672,2.814078148768516,2.848838207167418,3.3676401220109757,3.211674603174604,3.183854636104636,3.2366990134749245,3.13202712949977,2.5910330613454184,3.0426031746031743,3.0429634840468176,3.0332374380542184,3.0432211616565747,2.7399070041379487,3.0349444444444447,3.0505920869254197,3.0555506718414116,3.109528048826698,2.73269692860408,3.1461349206349225,3.197576274034608,3.291159729186086,3.2228625178275987,4.051607767740886,3.5656825396825407,3.5617089299589306,3.50846271699289,3.721048570891368,3.5184617587575633,3.2437142857142853,3.2102216009299345,3.2247271423883337,3.217667813271941,2.8804909094794873,3.1279523809523813,3.234839686548019,3.2918880016876386,3.2450134968716697
audio_37.wav,3.0,3.4427663828107513,3.273857142857143,3.2247012354929034,3.0672002016113944,3.0182447499019105,3.413888572434548,3.37934126984127,3.297273348565015,3.299683450670308,3.234492131926188,3.0586958726247153,3.622849206349206,3.5332938111271446,3.2937522642185066,3.2453835456645623,3.2013440486529845,3.465769841269841,3.424738927738929,3.271604180998455,3.129762661234333,3.41526387619872,3.457896825396826,3.413481962481962,3.301773989572368,3.2149169050110586,3.143981615702311,3.4680476190476193,3.458707038332038,3.316052919281115,3.3529095815204997,3.2282622567143444,3.542277777777778,3.543111192819527,3.4392409500226857,3.406341675999314,3.711121893383158,3.518015873015873,3.4804002124418787,3.4149367324459328,3.2998624231594236
audio_47.wav,3.0,4.161239345500914,3.6471587301587314,3.8196470844877712,3.813424312848202,3.9403453982590873,3.922002406267414,3.766896825396826,3.9332942720859383,3.9571027588873733,3.9253231346205424,3.8883020877838135,3.3742698412698418,3.486579785954786,3.2229899657357275,3.344612842290323,3.8727273983119033,3.3887936507936502,3.47306615452449,3.204585495538796,3.349020940715821,3.8683738932933642,3.5076984126984136,3.602107122815457,3.4931298442069143,3.5566699508972675,3.322709639867147,3.3564682539682535,3.3572526855860176,3.3967073257257385,3.264734441535103,4.356319595803012,3.82323015873016,3.9916954866121555,4.021784990885953,3.833148578805734,4.3451873805027805,3.569111111111111,3.6369277173443844,3.5633492681321552,3.5447288005840556
audio_233.wav,3.0,3.3331900878718357,3.2686825396825387,3.232516381766382,3.1678283024730587,3.2012870774674362,2.7589577416131843,3.0703253968253956,3.0832924806674806,2.8463588177780146,2.9314239585545767,3.0820974508921304,3.24965873015873,3.2978067703901037,3.2762007932726824,3.2626018892521995,3.0729103841360494,3.279793650793651,3.3100226871893548,3.218405536880018,3.2216734613836095,2.8523399292656504,3.0983492063492055,3.1797239935989925,2.9994918874054606,3.036555598936783,2.4888647397359214,3.0698730158730156,3.16641565687399,3.1089611674532627,3.093544508986741,2.923857582814721,3.056460317460317,3.087706609748276,2.938282136703427,3.0354187203368492,3.1882334082483577,3.130626984126985,3.1518919753086414,3.109181882161901,3.1240861920651355
audio_621.wav,5.0,3.9727364827040006,4.2008809523809525,4.197749278499278,4.216567902335485,4.190497036083727,4.166691444160299,4.553738095238094,4.652355158730161,4.431353308417026,4.555831331597774,4.348354339599609,3.968976190476192,3.9804517149517147,3.8961280684788906,3.8342195418830625,4.170170121903335,4.070158730158728,4.0504450549450555,4.131471327620004,4.108541772092686,4.301009514423504,4.321460317460316,4.327950637325636,4.19898012519609,4.269838871378018,5.0,3.8479603174603167,3.8009423693590363,4.175461199605249,4.1717245954341164,4.170174408737821,4.607134920634921,4.654247274330608,4.7058131994567,4.792124830813312,3.821971787635398,4.33513492063492,4.3200235690235695,4.191808987020976,4.215675236569811
audio_590.wav,3.0,3.3730008718026547,3.660523809523809,3.7474378407086752,3.6509533329639345,3.6414720410384014,2.511141781863406,3.1060634920634924,3.2517534610451277,3.1339246247075163,3.178678576897166,2.4344470500946045,2.817246031746032,2.717373257914924,2.2478324465316493,2.313168237442103,2.341609456272165,2.9440476190476184,2.7403745189995186,2.462462796007707,2.480572676064059,1.8679973006531778,2.7802857142857147,2.565457698166031,2.3917577268235335,2.32052065842062,1.5103487968444824,2.9764365079365067,2.819420732045732,2.265817065787933,2.3269866910981025,1.5231370715127641,2.943746031746033,3.0287740993574324,2.851292141841119,2.817832414719433,1.126495288270225,2.8326190476190476,2.623374699374699,2.337440788568207,2.202510466397005
audio_349.wav,3.5,3.1596402079149377,3.5772301587301576,3.665399765358099,3.848238991003585,3.7026026125852116,2.7951079281849522,3.0161587301587307,3.075618438660106,3.0018727919763766,2.9343437046389056,3.4043429692586265,2.9175793650793653,2.846960746044079,3.0222563478601554,3.1094716376430367,3.3029637298276935,3.020825396825396,2.9934663099246435,3.2749101915802545,3.223445793120718,3.1552918268821704,2.9294047619047627,2.8929297569714243,2.95076293154404,3.044002948176772,3.5633528232574463,2.626309523809524,2.6456044048544047,2.5143278441816306,2.77931146575745,3.6604324409608533,2.978825396825396,3.0903488348071684,3.144891829068745,3.093903604828911,3.6823033329345507,2.8923968253968244,2.8849813303979968,3.0275084037957334,3.0707951053810807
audio_387.wav,5.0,4.250124847899205,4.465992063492063,4.364269104352438,4.56215169990471,4.7383432719397875,4.372583998967904,4.501587301587301,4.567227413019079,4.691287867008827,4.75810501715353,4.307557741800944,4.1508730158730165,4.219040690790692,4.163273362323633,4.187934880512623,4.227432770743365,4.161563492063492,4.24021202871203,4.188263822954796,4.16367469994296,4.381613627594311,4.356126984126983,4.453060225268557,4.329022446678507,4.468542693769777,3.3895501295725503,3.390928571428572,3.40749851074851,3.4429796042292122,3.526622335625858,3.6207479179598487,4.261174603174601,4.250151242276242,4.500576017630193,4.364705007319107,3.7687510204045336,4.303531746031746,4.431539983164981,4.238499969262469,4.339352186050299
audio_630.wav,3.5,3.42539640342366,3.63984126984127,3.5482056539139877,3.1508678684468356,3.138944411451021,3.296663920889747,3.2798650793650777,3.04607752355669,2.8188055920370467,2.905214752259019,3.1965341567993164,3.749412698412699,3.6603336000419326,3.8228800677851864,3.605999526781382,3.1561679400095652,3.602515873015872,3.598135868760868,3.8018053484078482,3.553199382265744,3.2562109763657436,3.5634523809523806,3.378439961273294,3.2789684761481213,3.3549062379742973,3.797673463821411,3.9291904761904775,3.9187455492038823,4.0732232360396265,4.284769701670611,2.9563482506388232,3.5576666666666674,3.4184506989923666,3.553725150074428,3.504365892998182,3.0122134441895505,3.6060714285714286,3.480367444284111,3.5276667648776048,3.5604432229232756
audio_5046.wav,0.0,0.0,0.02607142857142857,0.03409413580246914,0.025549084399281014,0.03485988467544426,0.5106795511432476,0.0334920634920635,0.06294907407407407,0.044267614432549306,0.0807162252628344,0.10637211799621582,0.045952380952380946,0.12518033509700174,0.028811127935558112,0.029049852595287345,0.04921562584736927,0.021984126984126984,0.11739947089947089,0.009315718211605073,0.02450465785523606,0.39426662023483655,0.008888888888888889,0.12614814814814812,0.020203459547892298,0.0181497621555033,2.1765918731689453,2.9155,2.9405554260554254,2.3436866995405037,2.3793398221551656,0.2726848706133729,0.013650793650793651,0.05362962962962963,0.0735468127213293,0.06044143795639828,0.021986209450390575,0.010857142857142857,0.14009656084656083,0.005507261171603105,0.010455912308644316
audio_183.wav,3.0,2.5627574767711025,3.047444444444445,3.0535270886520878,3.1202757766210847,3.173593109095506,3.3793289258231365,3.2348095238095227,3.2462503838753833,3.3717337761535333,3.4200929089082037,2.687239726384481,2.9010952380952375,2.919131260623907,2.8189745302436946,2.862056347865279,2.654345707442868,2.8762539682539683,2.941058928725594,2.9329645055764484,2.8755475199138503,2.8837052947548094,2.9734206349206356,3.08850968013468,3.2840358468986484,3.124097852738881,3.5744106769561768,3.2613968253968246,3.162273687732021,3.1552371053020916,2.9996344439168747,2.7128420178784154,3.1725396825396825,3.2161223344556675,3.2781224133563622,3.2731385435983333,2.5203052410727804,2.9663492063492067,3.135757094757095,3.2655343953659646,3.0602532366891544
audio_607.wav,4.0,2.917585786978942,3.4841190476190476,3.2890386604136608,3.292489241009742,3.246144739172584,2.2617420436092615,3.0135793650793654,2.9298387846721177,2.414606776333163,2.4980937046692686,3.7189904054005942,3.6310952380952366,3.634544535711203,3.722233458040556,3.769423031619656,3.2862675813139504,3.570499999999999,3.5354903152403145,3.558201046833154,3.635392908133871,2.8869406963818487,3.482642857142855,3.349841951258617,3.356410138799092,3.4082573134016223,4.411211808522542,3.570579365079366,3.5590080914455906,4.072328664455552,4.136247469859346,3.4656156462391805,3.0777460317460315,2.996484066859065,2.650183825786702,2.6858879887658085,3.6399563233635406,3.4108968253968253,3.2875634118967443,3.2510561132027553,3.3389292279888245
audio_133.wav,3.0,1.733890841354335,2.8926190476190476,2.760696749238417,2.021983180683806,2.0760977264331664,1.9296429315684387,2.8077777777777793,2.5063166432333097,1.9661229500292379,1.9896291772115646,2.672720511754354,2.532468253968253,2.584200136283469,2.310886708724429,2.325018238294571,2.252885873751785,2.4949126984126977,2.561339492297825,2.2340278093412462,2.2165552233894275,2.133568392616462,2.5666507936507936,2.535367945326278,2.1994430658481794,2.255906499600599,3.103185017903646,3.074761904761905,2.962833859042192,2.9874810955447786,3.0563548945107386,3.2806917892261485,2.775126984126983,2.532778479236813,1.9182293590785682,2.0366808836161865,3.099434743667379,2.597698412698413,2.610863491446825,2.1691074045415797,2.329988037880495
audio_443.wav,3.0,3.6150084027758407,3.0545238095238094,3.126507996632997,3.0550372707542124,2.950561009518347,3.2856927741283677,2.858412698412698,2.8509804608971283,2.847914972890063,2.7516974656074975,2.771841605504354,2.91036507936508,2.8762566538399867,2.738633831004286,2.736914107573537,3.184977376580211,2.9216666666666655,2.8577669753086425,2.7993851862511705,2.7015752979839878,3.1654425507957455,2.863484126984128,2.7942339049839044,2.6522103177430565,2.7176049356818823,2.629421869913737,2.82054761904762,2.8114810251476925,2.6244179884764516,2.704116572387331,3.0360184814916154,2.78111111111111,2.711045037206803,2.6169517638403,2.523936457047787,3.53365789831251,2.7978095238095246,2.683898407148407,2.626320227673578,2.636855687106785
audio_55.wav,2.0,3.2750699894511164,3.3155476190476203,3.547437129228797,3.4035606966053997,3.5097330742838815,3.4443307817957236,3.7512301587301593,3.762840033423366,3.687843514133592,3.6735386966921015,3.6133522987365723,3.6118809523809525,3.680259393384393,3.5190312096118888,3.538754966501237,3.6555113783274593,3.4825714285714273,3.5944384720218063,3.4618247991110302,3.4949358212293067,3.5764133900855906,3.5677380952380946,3.649208643208643,3.6445617198347082,3.6545448021952915,3.605862538019816,3.3675555555555547,3.3047593887593876,3.2716060548987578,3.2970168817342604,3.3990334261653383,3.770682539682539,3.769982112023779,3.850606262295772,3.718521069703827,3.5396253633095767,3.5762619047619046,3.6122518900852243,3.6980119867173458,3.6443519512360876
audio_686.wav,3.0,3.7841117372840785,3.3529682539682537,3.3294689754689757,3.4859479979011696,3.475057104845023,3.021992979626415,2.883817460317461,2.8817701079784417,2.779058897793927,2.9260121808865445,3.1906182765960693,3.114698412698411,3.0039232603815944,2.9762007952723124,2.9316646084320745,2.996403780005759,3.166246031746032,3.0305161335578004,3.1119188061853635,2.9794082567856335,2.8628166947439886,2.904293650793651,2.824002264710598,2.7513747624408214,2.8056229839550437,2.98252002398173,3.2516666666666683,3.1692414930748263,3.179178060247166,3.1226605586054332,2.9080936726224524,2.873714285714285,2.9414576919993594,2.8391251127315384,2.866085607128639,2.9464392356305154,2.9224206349206345,2.8664593755010426,2.6668972013405394,2.8175737410051056
audio_740.wav,4.0,3.0653556042965966,3.4655396825396814,3.5330491267991264,3.08819894933322,3.203014652677293,3.5855783434982893,3.778849206349205,3.7885535513868844,3.831758210634069,3.8255316762797063,3.985609849294027,3.719119047619047,3.6948280901197568,3.9669276172655348,3.8658460274020108,3.9458891810460934,3.640674603174604,3.6609996454163127,3.848564215060703,3.7321413748382564,3.9918959766629616,3.731492063492064,3.612039482122816,3.853547015437929,3.807553876240277,4.1704427401224775,3.826888888888887,3.7732857728691065,3.7240245171448016,4.00355065118788,3.9237446175239916,3.7964206349206346,3.8669023044856368,3.7994068301643,3.727974197482643,3.980634314235188,3.775134920634921,3.6632099967933294,3.7875811988659556,3.8369381631296697
audio_699.wav,2.5,3.0885270042445896,3.2302619047619032,3.2674929992846664,2.948305686101007,2.8550648774783074,2.9159856950027794,3.318896825396825,3.087586185419518,2.84692047430192,2.8742634395740883,2.8581997553507485,2.8360555555555553,2.799790444123777,2.7128976744814577,2.793114003374999,2.596682725931497,2.840793650793652,2.8023359510859507,2.706276844885655,2.7011621827465873,2.9831289431331456,2.8713412698412704,2.834041312082979,2.865929296892238,2.775328956592423,2.4427661895751953,3.608603174603175,3.6599676249676256,3.6825128209793934,3.6804842565641245,2.282492224056221,3.403777777777778,3.069119167869168,3.2423596173100324,3.1524467217865944,2.4583036468115154,2.8926984126984134,2.850970913345913,2.8416899329048673,2.7946158879229674
audio_44.wav,4.0,3.5594714850163967,3.2423412698412712,3.0763199393199394,3.2830134239368634,3.0766663082900045,4.146579745489562,3.926079365079365,4.209510787052453,4.13250080607352,4.112397754808467,3.161811590194702,3.5510714285714293,3.617044221210888,3.379019478658534,3.5772879514600864,3.36119994486587,3.491293650793651,3.5567235650152305,3.4088893353242753,3.587459092600856,3.4820564113493204,4.01320634920635,4.212503151169816,3.96339627346142,4.015407910828899,3.206677198410034,3.6959365079365085,3.6969512863679537,3.587505655739212,3.721696819772518,3.1769063898815753,3.916777777777778,4.226598504890171,4.027245780061314,3.963064174639577,2.9285930237308584,4.004349206349206,4.206102753727754,4.064644325455439,4.06870702544592
audio_500.wav,3.5,3.093518462690072,3.0702777777777777,3.127430702014035,2.9460282255750667,2.9876282373968857,2.521927955170488,2.7625873015873026,2.662978314894982,2.5028608695174484,2.4354351113860027,2.6537373860677085,3.091174603174604,3.1018462201378854,2.9702291358319894,3.0094707364206035,2.736385053038935,3.0580317460317468,3.0887820605320613,2.97046553043287,3.0083870914971733,2.5331567041822223,2.8765476190476194,2.9012572550905884,2.7126813561335434,2.78274990169468,3.052694400151571,2.6453412698412704,2.747224966391633,2.7266399538306416,2.656098723443418,2.276890595527648,2.732126984126985,2.6970313852813845,2.379025148290013,2.3757768495829192,2.6960832395528236,2.8465000000000007,2.859139209555876,2.736613266872499,2.671623994922342
audio_265.wav,2.5,3.3594318958859053,3.5153888888888893,3.3282138077971424,3.584312750274733,3.656729372219475,3.2860709673757,3.1935000000000002,3.024049288674289,3.1888136132439135,3.2164042725502395,2.6315144697825112,3.1668412698412687,3.182795975629309,2.8350873168751534,3.024710980166114,2.3493318587390273,3.1385634920634913,3.1410128544295204,2.887866151621562,2.962210176717624,2.3401328717096974,3.145285714285714,3.1294947891614577,3.242104597340291,3.007415668624443,3.3527137438456216,3.289325396825396,3.253715115131781,3.261048188394941,3.3120223871119023,3.3393226756115113,3.1895079365079355,2.992106701940036,3.040759858313873,3.2195531871840317,2.4686623285275573,3.1565476190476196,3.1289904401154396,3.1543780602409672,3.1373559192149787
audio_125.wav,2.0,2.965344258873875,2.995968253968254,2.8448567975234647,2.904792947309609,2.9072298286389056,2.3747575047567033,2.6450793650793654,2.6155602853936184,2.6172720127113895,2.525009354087672,1.5244667530059814,3.058603174603173,3.1137100168350176,2.72382574535826,2.636828118385402,1.0573011520134092,2.881293650793651,3.0098705985372654,2.5863375248873677,2.5319703432342973,0.9794084832938271,2.7559841269841265,2.8168931377264705,2.4062935423146796,2.3337506833773216,3.1108994483947754,3.310626984126985,3.3954665504248833,3.5807507302315096,3.4288671874165773,2.4005974513673674,2.8015952380952385,2.7358366602533266,2.663352789771141,2.6883763541028927,1.510271180503245,2.8154920634920626,2.87434807630641,2.4952077867854747,2.428980478914236
audio_413.wav,4.0,2.99691391612003,3.8176746031746034,3.754145522687189,3.9329730312595026,3.732795321789981,3.590690173253215,3.907769841269842,3.8311421818921816,3.725126879306408,3.9454977738341857,3.4391621748606362,3.238015873015872,3.1803616522366522,3.340135207418399,3.226329985118962,3.4845744869752147,3.2709047619047613,3.2758769563769565,3.3461239880528804,3.198578123645057,3.466248757517185,3.320698412698412,3.2616274450857787,3.3853004360370726,3.3338213044403164,4.290731906890869,3.6941507936507936,3.7829301732218403,4.012474047348387,3.9405475867302875,4.28116531399538,3.9146031746031738,3.84328511611845,3.882182563203429,3.891480138264686,3.886398938293272,3.292746031746033,3.2907514830848164,3.430324827893214,3.34879822685412
audio_256.wav,4.5,4.11597913949378,3.5914365079365083,3.6275298359048356,3.380069519756861,3.539833230912496,4.0204658237360436,3.7266269841269843,3.5998680193263524,3.762589382158309,3.7732563716659997,3.7768848737080893,3.5596190476190475,3.5470269606936267,3.6090163316171036,3.768452723685366,3.8899242073735167,3.6137539682539686,3.569037519579186,3.709378834744873,3.7032158979991396,3.948666193540762,3.4868730158730155,3.406409257409257,3.6289531525255225,3.5224081190269807,4.381404161453247,3.708873015873016,3.5901361215944543,3.549297511454386,3.664600965854337,4.672781637918101,3.794365079365079,3.5634607884399547,3.9190244099533236,3.9313472194708794,4.199142288533644,3.559420634920636,3.4137150997151005,3.562552778572503,3.6042346942989005
audio_350.wav,4.5,4.297014134623663,4.102873015873015,4.078543775668776,4.3511424601151445,4.316106968313059,4.063089143412927,4.492206349206348,4.709754102379102,4.577798167324237,4.66236806924183,3.532475392023722,3.985642857142858,4.096731621773288,3.7819417737458765,3.812285365280219,3.483167527794688,4.101055555555555,4.202149660524662,3.994223405176172,3.8346051312581064,3.630039898116235,4.3174761904761905,4.407636564053232,4.077103028652143,4.147004886911134,2.4936830202738443,3.144896825396826,3.1784982764149423,3.2152464742138256,3.2864243133992814,3.5220064004518563,4.501380952380953,4.674057814099481,4.507617053458141,4.6223716154861805,3.0142483613548947,4.3260476190476185,4.420397135272136,4.093741195912611,4.227693677347738
audio_364.wav,5.0,4.117281542112257,4.022261904761905,4.0819313572230245,3.985513141527733,4.013971099640901,4.875657286552869,4.531238095238096,4.549842571009237,4.5408088761470315,4.635784548933709,4.764267444610596,4.378793650793651,4.42771444604778,4.668600335058751,4.820797176466118,4.459406091946069,4.407992063492063,4.404426354509688,4.609709725871617,4.7201066294285505,4.517611059803503,4.553936507936508,4.57197200176367,4.702452039405764,4.858747644052431,4.671176274617513,4.034912698412699,3.9728894901394907,4.256775495129229,4.271147916238918,4.871471671042859,4.60915873015873,4.606620576953911,4.569264067868302,4.690610648638008,4.920037359620983,4.522261904761905,4.583594055635722,4.633692046984436,4.826215234920998
audio_131.wav,2.5,2.2856554885625724,3.018753968253968,2.951591490299824,2.9600356675058976,2.995589771772117,1.9584151554900302,2.7026269841269843,2.6704911955328616,2.734207063794326,2.6005643388580935,2.1913087368011475,2.746063492063492,2.843594195927531,2.4062824581349935,2.268278584019356,2.3357335917460147,2.7182777777777773,2.8113736787903463,2.448899846516788,2.327108237930215,2.296261613324785,2.658396825396825,2.726239223739224,2.527467853884511,2.390243617043606,1.7688103914260864,2.5989126984126987,2.549565522168464,2.296586764967198,2.029660458654034,2.2244692495673832,2.5469841269841274,2.625661038036038,2.4487096669875523,2.3724758276740125,2.318560414398692,2.626150793650793,2.661765216265216,2.4245250150951416,2.200651617230727
audio_168.wav,3.5,3.4448639691295013,3.2544682539682532,3.2564166103957777,3.5233626722979463,3.3600440173229167,3.6949314739448074,3.3550873015873024,3.1828098059348053,3.013088446348078,3.171292837394294,2.983686844507853,3.001507936507936,3.0316052990219657,2.726285198045352,2.805796822748631,3.164329732880867,3.0875793650793653,3.040575296616963,2.866393522570112,2.8821676321568965,3.0981396510025783,3.1966984126984133,3.120819757403091,3.0737729019299906,3.0459788654888182,3.157362620035807,3.602841269841269,3.535405839530839,3.7035228735092303,3.7022282693390713,3.370609023572001,3.3444999999999996,3.249469316177649,3.15036438488109,3.1045425002873883,3.4290316305387925,3.238904761904763,3.194621512746513,3.113122634495703,3.0902211947234837
audio_557.wav,3.5,3.269743988379375,3.3552857142857135,3.30689029026529,2.95018364672934,2.9712826216576356,3.6483495516200684,3.4820952380952384,3.4621244388327717,3.197596565542636,3.3117188121184835,3.0250495274861655,3.078396825396825,2.982332591790925,2.8031700197417204,2.8809134210740486,2.7643255070119035,3.0752142857142855,3.0813505213921872,2.896892817956425,2.9413563544945256,2.8601066798224046,3.233214285714285,3.2139384319384323,2.913599907079981,3.096605514767926,2.6969474156697593,2.840349206349206,2.924025913900914,2.9399352119523954,2.7535216698271014,3.4355981654316756,3.5067460317460317,3.3558795756712425,3.2941510401168306,3.3611948359005983,2.777035676468536,3.2866031746031745,3.1855765453682117,2.9673112584633077,3.089248176829456
audio_670.wav,3.0,2.682748781559528,3.0298809523809527,2.8978291584958256,2.6272095383557237,2.569715113182115,2.9850475976573456,3.210039682539682,3.152600929934264,3.026275731780675,3.1292063945975266,3.7359368006388345,3.3415317460317477,3.338697802968637,3.338364479757912,3.3438329152136084,3.7519475569408045,3.2944206349206344,3.3514104737854744,3.3515050548049743,3.372290741125519,3.789602068425033,3.4575238095238086,3.5040382457049124,3.5771812317514757,3.590738923803024,2.461261590321859,3.148071428571429,3.0955965916799255,3.135343676916428,3.049824528124906,3.3543596522675707,3.3238968253968255,3.4040995593912253,3.163311323308784,3.1629867357495,4.220739912701481,3.403301587301589,3.5695867974617976,3.56578325210682,3.5128888520803443
audio_342.wav,4.5,3.6937663536193894,3.715206349206349,3.8553801507134846,3.771003417668981,3.744071640290977,4.334954541108551,4.3535079365079365,4.535654373404373,4.735769626669653,4.644544216612148,5.0,4.374904761904763,4.3842809644059635,4.665833616929093,4.53833275926879,4.978152146720309,4.342119047619046,4.434910293410293,4.616897317090735,4.6293077150663065,4.998695002048199,4.485055555555555,4.555633658008658,4.754423431719686,4.826802886906111,4.493284861246745,3.654142857142856,3.68441685320852,3.8305039814933024,3.759607346872041,5.0,4.314214285714287,4.487748015873015,4.676345732016416,4.691872325319323,5.0,4.463722222222221,4.544297538880874,4.832160894579551,4.7821921295344785
audio_2.wav,2.5,2.1448853881513292,2.6810952380952386,2.6864943266609935,2.0382340449576275,2.083917147484504,2.3721809923048762,2.4670396825396828,2.5275292423625744,1.9623546059952777,1.8623314355299787,2.2304981549580893,3.1430317460317467,2.9378150352733687,2.8993940119018156,2.87210766103694,2.7635269383688237,3.035420634920635,2.856386022927689,2.924351632507664,2.931599863400321,2.812734843025202,2.863198412698413,2.7385375118708457,2.8269339003323513,2.8052927706611595,0.4789605935414632,2.6879047619047625,2.711393257976591,2.2405288524206344,2.380335253391849,0.3082650717119299,2.5900555555555553,2.5652764874014875,1.9844187564213887,1.778316991462612,1.5759573291920148,2.8427142857142864,2.732217392175725,2.7533547703281926,2.6968141720946313
audio_5048.wav,0.0,0.018291217189032594,0.009047619047619049,0.01588888888888889,0.018297019585258808,0.0008659900840907285,0.8515375112203789,0.001746031746031746,0.017050264550264548,0.004691421286782369,0.0058784600952150766,0.05083473523457845,0.01734920634920635,0.03266666666666667,0.0,0.0036388280892865952,0.025394170953702815,0.006238095238095238,0.042014550264550275,0.003088595556318692,0.026463096985858928,0.37816476447571273,0.0,0.0498941798941799,0.0034084246952612363,0.0060843416946920114,2.672837257385254,3.0182063492063484,3.0054704678038,2.7887354903491954,2.852033444936612,0.7285147433778526,0.007936507936507936,0.023796296296296298,0.03744275629166496,0.035282393709942954,0.6514541350712822,0.010634920634920636,0.05098677248677249,0.0015993732580493016,0.0013666939369645316
audio_741.wav,4.0,3.07831829182754,3.194841269841269,3.296631553631554,3.1407024381102393,3.2957414232285096,2.809444831976366,2.8938253968253966,2.8919254649671324,2.768571510616379,2.919935624480828,3.1164907614390054,3.0242698412698417,3.0017131633798306,2.962637927312979,2.9408207005112206,3.0857883248181976,2.988142857142858,3.0278424923841585,2.9935417863869866,3.05877206739288,3.1459805428007086,2.894650793650793,2.9135416774583454,2.9177726030935145,2.9723631420128886,3.6216779549916587,3.8643730158730136,3.7517975373392054,3.9516855795092223,3.7561262185099977,2.91073965719225,3.263833333333333,3.275158617616951,3.3331256100777185,3.2887838297485352,2.7614116049085973,3.0002301587301594,3.046793159001492,3.0606495519404597,3.057889140163706
audio_294.wav,4.0,3.5478706951404053,3.8009841269841274,3.740209104167437,3.935259095131862,3.984313132636751,3.7795552410095,3.717801587301586,3.7257822717406057,3.7610687557094824,3.682443002388279,3.637606461842855,4.022976190476191,4.094631573673239,3.9390208110898652,3.8964415651906337,3.3911466793547285,4.024698412698413,4.1276071598154935,3.9121307663550087,3.8394108662351223,3.4790360636426096,3.897849206349207,3.939750494875497,3.907090163886416,3.8924262434086745,1.4517260789871216,3.249801587301588,3.1810882435465775,3.050308102557892,3.089964923715278,2.932679442403698,3.6627936507936525,3.693423520923521,3.819390042272413,3.6467502910210463,3.1586355030053856,3.929817460317462,3.9272127949211284,3.875896583896617,4.046194210360981
audio_370.wav,5.0,4.562065326970505,4.4729841269841275,4.430507495590828,4.764400020301443,4.686969671032979,4.921586323028898,4.784039682539682,4.764930047439852,4.989628924020927,4.999762688366755,4.039142529169719,3.8109126984126984,3.8604724514773534,3.8646562037388517,3.87884484718145,4.0356873115615315,4.134936507936509,3.99955727143227,4.0633432949395685,4.057800163556382,4.19333648039743,4.36127777777778,4.279255431297099,4.428009782473073,4.388275495489727,4.660914262135823,3.9442222222222223,3.940412832537831,4.354650102004511,4.390895661528834,4.495656062446143,4.6895,4.681877654752655,4.881111430828482,4.907685088800586,4.193768498223027,4.329134920634921,4.310827100368766,4.453683550136598,4.406695701746881
audio_417.wav,3.5,3.0030824403453273,3.503476190476191,3.5767170545503877,3.7950094816536364,3.740007161144519,3.262917073589818,3.6479920634920635,3.5965044770044776,3.8099748188387905,3.790120176178679,3.0528403917948403,3.2113650793650805,3.254597268472269,3.3385514964142486,3.283947441143129,3.161900126868678,3.2804365079365083,3.2917240460157124,3.4217916628329452,3.381906178218681,3.1645072315830594,3.251531746031746,3.1796667067500404,3.4005867660044036,3.4055960943147743,3.3759098052978516,2.768706349206349,2.7465266554433208,2.891727754166197,2.7121749215459467,2.9937286986804446,3.583380952380954,3.5644447250280584,3.5481623857126805,3.6148297395066624,3.0097500090079854,3.184920634920635,3.1888640171556837,3.3299526328377325,3.309060241996889
audio_753.wav,4.0,3.9069707664750424,4.016182539682539,3.9400804211220866,4.105677866817288,4.013057377592987,4.211056132192889,4.213912698412699,4.209166000666002,4.473876220429724,4.407876495567007,3.842357317606608,4.182325396825397,4.263641147432814,3.950006182638326,3.942949196154521,3.970426712446917,4.314507936507936,4.376939814814814,4.078606854593444,4.176292722609271,4.017331109971287,4.156079365079365,4.058370310245309,4.108327333430062,4.145599339409127,4.44517167409261,3.1730476190476185,3.1484517874101203,3.1871810915686845,3.187722737916187,4.052729333784288,4.052373015873016,3.991905461822127,4.224772585101114,4.237416077160587,4.0648497588458,4.118150793650794,3.9861255611672273,4.181508970497604,4.122257706295962
audio_533.wav,3.0,3.663854956589786,3.333039682539683,3.390437247937248,3.264019772419726,3.2976871625586526,3.9524447836580063,3.5391349206349205,3.714147186918019,3.647487883401524,3.603087021328356,3.427269776662191,3.2222063492063504,3.294667241708909,3.3737819826350317,3.3313869388434783,3.860765501917046,3.2313730158730167,3.2777357318607314,3.357506497573592,3.3563099937894822,3.902583385899493,3.2558095238095244,3.475291005291005,3.5039952599487365,3.530400189685329,4.231506983439128,3.2868412698412697,3.2394082892416236,3.2867890260832695,3.41059612875155,4.340120886463069,3.5343730158730158,3.8132788492371836,3.6522371268943807,3.661818636264164,4.138889588841329,3.2867619047619043,3.4626500259000257,3.5846557604977662,3.5666178006183404
audio_239.wav,4.5,3.0890967425989664,3.7440238095238114,3.674413900913901,3.9036304662522827,3.8733226630689117,3.607948741546513,4.149087301587303,4.1463084662251335,4.168962079311456,4.194434998642233,4.2405087153116865,3.7456111111111112,3.6878973264389927,3.686597888795274,3.6913475697288622,3.916643762953072,3.8098571428571435,3.6580062329645666,3.660796376297363,3.7160722887624082,3.8632804190414682,3.955047619047619,3.994481641814975,3.9386672421918867,3.875742206846803,4.843796571095784,3.7464841269841256,3.843329624079623,4.230084730559213,4.1426766753200095,4.482314931469045,4.222063492063492,4.1899635657552325,4.173381734778321,4.3351973134789,4.315953744899688,3.99284126984127,4.032971590138256,4.0252857577103835,3.9223071180524927
audio_566.wav,3.0,3.017708148668324,2.857531746031747,2.8134466829466827,2.6886832536830076,2.6834200788154887,2.3490881842600024,2.657880952380953,2.6370705729455732,2.278559445242017,2.3576060500408595,2.002337694168091,2.483825396825396,2.5513640541557208,2.37664051203121,2.441228421482361,2.178170030668456,2.5475079365079356,2.593271658896659,2.5129848313108427,2.457517255333033,1.903969317370815,2.5027222222222227,2.5331715568382234,2.4390879487631794,2.383686056191998,2.0991195837656655,3.006960317460317,2.910610102860103,2.7726403893162064,2.5639547655445702,2.3173474402120458,2.7288730158730155,2.780032382740716,2.467057112568789,2.5288593520368257,2.0534708649075673,2.597531746031746,2.580024388102819,2.4947046700148587,2.461000470342409
audio_736.wav,4.0,4.101205876250735,4.239722222222222,4.284592652717653,4.381753290941852,4.511729885153156,4.3454216000249675,4.056865079365079,3.7174479671563003,3.9110233808385284,4.125759337121451,3.113126039505005,3.4943174603174607,3.367274884066551,3.4016193816363476,3.330412311826258,3.3622395485044074,3.514111111111111,3.481705051121718,3.4266837474624885,3.4349369076533907,3.4538715830580067,3.5855158730158734,3.501096560846561,3.7249768231027147,3.5928472671521887,4.0029862721761065,3.2495,3.2600806631639974,3.1496276369261396,3.0802680116032537,3.960017881822988,3.887626984126984,3.4675728052811388,3.5574193278442574,3.6897076588917948,3.438690905491225,3.6067539682539684,3.5470806600806597,3.6379331187561177,3.7813026411324135
audio_541.wav,2.0,2.561795015726324,2.9451269841269845,3.0524254433837767,2.75539311939281,2.8469014130277217,2.114222054593333,3.0297539682539685,3.2484098925765594,2.910066572880243,2.8926235695222737,2.604748566945394,3.0703253968253974,3.0714849409849414,2.9107372626743397,2.8151023724446933,2.3381935424658575,3.0101904761904756,3.0815883530050203,2.880140506123432,2.6837299345798655,2.462379545333324,2.9775476190476198,3.063010788594122,2.8220631966746343,2.8131548912504774,2.8470515410105386,3.182968253968254,3.2722257696007695,2.969886294420286,3.0324755885840635,2.6241275693993513,3.150849206349207,3.447495430495431,3.204327811911956,3.1636795061770706,2.444164103383405,3.030174603174603,3.1435921023421014,2.8538169348815763,2.828825001949523
audio_531.wav,3.5,2.0785553036880655,2.802261904761904,2.4700975305558646,2.2793526250439133,2.314713076602015,2.0483365496437638,2.7576984126984136,2.6916288541705202,2.4134498992241737,2.2927053171219,2.761879841486613,2.744801587301587,2.7433283229116565,2.9261949704613994,2.794051559151812,2.688360068860826,2.7518571428571423,2.645510053218387,2.625055985481248,2.6588306217418682,2.5948488920973163,2.6653492063492052,2.641931176847843,2.5457193416579966,2.553504563117617,3.337235609690348,3.4625793650793644,3.3670961769711774,3.467462181678874,3.5402624700009557,2.4082457764270466,2.864960317460317,2.753452000160333,2.5176483965794616,2.6396331703982834,2.6346222241650556,2.6984841269841273,2.6890230880230876,2.4867005641443605,2.5704136880691126
audio_280.wav,5.0,4.460111031075058,4.280460317460316,4.35298525086025,4.7464724469843596,4.679518074346371,5.0,4.525396825396824,4.650625681417348,4.908187352585198,4.962288752766281,4.616839090983073,4.141746031746034,4.1309178290844955,4.5225091236480415,4.389944030001847,4.567650573900329,4.25147619047619,4.282571932696933,4.475993848898837,4.510854325649327,4.827919926569824,4.451571428571429,4.493983605900273,4.66342906416669,4.8443857272450295,4.549717744191487,3.712158730158731,3.692890119140119,4.224175161672747,4.103152275819975,5.0,4.360801587301588,4.469091203549536,4.681674621085815,4.660463623619503,4.879657004977487,4.415142857142857,4.433273609106943,4.70924808640976,4.75292133284671
audio_33.wav,4.0,3.6868500092590195,3.8240873015873014,3.894790565915566,4.0167139263611995,4.078616865004826,4.541998099716522,4.1253650793650785,4.235511201761202,4.36143513394359,4.299304466862144,4.024845202763875,3.828690476190476,4.059917127625461,3.9292877310097807,4.001420813397337,4.195046718506922,3.695015873015875,3.983876225626226,3.9417231348071353,3.8751636339381386,4.250643352812666,3.8584841269841266,4.060168871252205,4.16204859672043,4.1327235809463225,3.7784523169199624,3.6820873015873006,3.6789007535674205,3.5939265810905305,3.9149605252452204,4.5881832423632884,4.150944444444442,4.218973854848854,4.297816890084942,4.323052132203063,4.183261326578891,3.9073968253968254,4.108466530383198,4.167989896271127,4.1442880574604715
audio_307.wav,5.0,4.644497599759768,4.361714285714284,4.248048528631862,4.248855357866741,4.399160234184638,4.977686476077014,4.712452380952381,4.729806950765284,4.893224621676941,4.825315900351945,4.973084290822347,4.644436507936508,4.687793900543899,4.735573610257423,4.727790561505494,5.0,4.684214285714286,4.679181096681097,4.791533846548371,4.795650699742612,5.0,4.777738095238092,4.790894613102946,4.82624487854191,4.860607343634282,4.425259908040364,3.9148333333333345,3.8699454665704667,4.235972572471656,4.074753391286202,4.741756198448054,4.771206349206349,4.7370395299145285,4.884678039368649,4.893660176708365,5.0,4.775214285714284,4.789268570935238,4.877454890703281,4.90810897359315
audio_617.wav,4.5,3.2741508363052048,3.359285714285713,3.2888596681096676,3.5278688344615516,3.4424500492577486,3.2633597614913885,3.1495634920634927,3.09605889018389,3.4377530374222673,3.3419818507762487,3.5970280965169272,3.360261904761906,3.29058115958116,3.3141753731270307,3.4327424873801307,3.766686736161161,3.3254920634920633,3.254260339968674,3.2554887384816737,3.3996614381839727,3.6666677133006114,3.23897619047619,3.141271988813655,3.3681862318515883,3.3498244750008985,4.001942316691081,3.9336507936507927,3.912451311034644,3.8956596554567113,3.9306522449420207,3.390718451061062,3.3329682539682532,3.340501031376031,3.53899956093858,3.522883974005349,3.5835040687746216,3.290658730158729,3.2120862224195563,3.402832538999528,3.3015123795843047
audio_613.wav,5.0,4.060952015319074,3.8900952380952396,3.82114068493235,3.9158727853121165,3.9902285857986475,4.740011508696426,4.461658730158731,4.520684115267447,4.493470108271986,4.570752825761692,4.382643381754558,4.330380952380952,4.255897514522515,4.4167827164120395,4.340980121947646,4.714570603054697,4.437380952380953,4.306395169645168,4.5593227981439695,4.453021923763847,4.720085523365858,4.5792142857142855,4.5415801898718575,4.563984753822578,4.6126539667339985,4.21068008740743,3.8278333333333308,3.7373079883079883,3.9539306330464172,3.916311660490751,4.578126790180064,4.577603174603174,4.5586253453336765,4.532384592967655,4.433214261278833,4.60005391560155,4.578714285714285,4.548364576781245,4.623592560660007,4.5930435817542445
audio_472.wav,2.5,4.405946582101598,3.382785714285714,3.3273537989787982,3.1967388297908665,3.087874587415019,4.041904618258858,3.1532777777777787,2.9368521370604697,3.0696716722639485,2.9940678061997805,2.666799704233805,3.6779682539682543,3.630208672500339,3.7165872177817394,3.4904668507206047,4.050358922830735,3.7112619047619044,3.7186881914381917,3.6986162751572276,3.658304752648186,3.9755059559227957,3.3801031746031747,3.3825887461304127,3.272315578602915,3.3936455665006586,1.897914171218872,2.6658809523809515,2.709074888074888,2.663814385564585,2.5617155318722,3.2180079251243634,2.9355555555555566,2.825166786916787,2.7948551981986363,2.9571953900273797,3.3376187075872967,3.2900158730158746,3.3558148641481984,3.224912692659228,3.3085264423130982
audio_568.wav,3.0,2.5154311242487726,2.7106825396825402,2.6895109859276527,2.6905430360818237,2.5625868536721423,2.499043596789388,2.645634920634921,2.572021737521738,2.56865367681389,2.4572748430535443,2.0193594296773276,2.459365079365079,2.4561624178290846,2.456135852518949,2.3195989348229964,2.0728264403218875,2.5029444444444446,2.487572151613818,2.501060235258955,2.429745093520038,2.039711444696479,2.504253968253968,2.4689084094917426,2.4135196058017048,2.3139319256682316,3.1813058853149414,3.109468253968254,3.202944370444372,2.878549796491726,2.920371956040519,2.4627620622391437,2.7624444444444443,2.711935004810004,2.6737285329050082,2.6273585164276425,1.921205358886059,2.5634920634920637,2.5240737210320545,2.461989995629061,2.381845979613992
audio_521.wav,4.0,2.1560675425843088,3.2449603174603165,3.168605299021966,3.174702977074561,3.213482753615276,2.795129244512014,3.8157301587301595,3.917815502398836,3.839458798376075,3.759589656743518,3.3828564484914145,3.0570396825396835,2.9772185468852133,3.171027975171638,3.126291598620408,2.952158480575164,3.065849206349206,2.9840372975789635,3.0774915451878653,3.001105326703596,3.0525611401925428,3.41686507936508,3.569826136826137,3.380351987103414,3.3947007208846838,4.294368743896484,4.001960317460318,3.9457988091247898,4.08137736555309,4.071989614422679,3.10157768527489,3.93152380952381,4.06176370697204,3.914817171781778,3.8237347708807494,3.065420122085277,3.4403809523809534,3.6294814213564206,3.3974003458802624,3.4504607121610307
audio_401.wav,5.0,4.333075219885006,4.435984126984128,4.551344917428252,4.49196329603366,4.638065722370555,4.222806215194201,4.52323015873016,4.370429693763025,4.540604902512999,4.50610635179122,4.171874523162842,3.9895634920634904,3.8997352739852738,3.925604198073639,4.017392954547977,4.02760964108118,4.178730158730159,3.976526547526548,4.101072369234777,4.158118806446848,4.025280630865679,4.4456904761904745,4.396641713225047,4.430393154335722,4.432822185189821,2.6347849369049072,3.41859523809524,3.357388756305422,3.345125851489584,3.3880174757013877,3.381495647960661,4.378333333333333,4.152747795414462,4.217520151119756,4.243483720062662,3.94332453424458,4.367039682539684,4.363148789482122,4.29360942949774,4.214135042098772
audio_573.wav,2.5,3.593758717173793,3.4791746031746036,3.529799236257569,3.507985594311553,3.3934817640738273,2.8670611934446373,2.973103174603175,2.8448077400994065,2.7625232112837903,2.6890745879383036,2.317877928415934,2.7852698412698422,2.780960097001763,2.6981636857853695,2.586680778796729,2.19509592294612,2.7912698412698416,2.7959076386576385,2.6274946240494206,2.4525153049433484,2.4131865088183626,2.6974365079365086,2.651202841911176,2.3372003884431667,2.3503766432292084,3.088700771331787,3.0318809523809516,3.064611071027737,2.8159508624853014,2.617097499813992,2.4492761330633557,2.894944444444443,2.7951048766048765,2.5774468407629922,2.55574332450813,2.583262449802128,2.7464761904761907,2.6757228553037375,2.4155073176774735,2.3637790251332285
audio_180.wav,3.0,3.149648852285447,3.458230158730158,3.2826720177970174,3.2080120881374783,3.4443451403466376,2.9995401419989176,3.2361507936507934,3.0228216891133552,2.9067289360026503,3.0697936066763893,3.644070545832316,3.2053571428571437,3.099889329805998,3.208877691249017,3.086525938760484,3.3252745137133854,3.1032063492063493,3.0883175944425934,2.9495015180283706,2.939221841319968,3.448679237066248,3.1449841269841277,3.0691561046977704,3.0289987844757413,3.0215514034653648,4.327549934387207,3.361698412698413,3.3919504769921436,3.4647226589762554,3.437635485913718,3.402084186086942,3.2834523809523817,3.120384780343113,2.961937737462584,3.009084152869599,3.6134933584140385,3.1871111111111117,3.115321608946609,3.0393111044323855,2.9073076901655894
audio_320.wav,3.5,3.1898384925827608,3.7234999999999996,3.7148083459750123,3.4598703816026073,3.6720797014460493,3.167880078439813,3.3808809523809535,3.49776400913901,3.5010254054246315,3.51520092485719,4.18474547068278,4.235373015873015,4.28689578785412,4.473477723409023,4.566121578935861,4.244881206803089,4.08913492063492,4.1283689674523,4.125802654256952,4.318790171684272,4.392616425995457,3.842928571428571,3.975252038085371,4.245413351094046,4.237269861667532,4.097196261088054,3.675087301587302,3.5955052355052355,3.3907393578932012,3.4591394328850456,3.8783839542145895,3.409071428571428,3.53660476252143,3.5508133290491455,3.5429202020046056,4.795203507455235,3.708650793650794,3.971614488906155,4.265882939030266,4.166632425980102
audio_85.wav,3.0,3.5070296129925915,3.3356825396825394,3.5381975694059027,3.7580592083436923,3.9358383823715832,3.6137007671872383,3.544642857142857,3.6636755605505598,3.9307903648611906,3.9843392242222575,3.484785318374634,3.4703412698412692,3.4451340989257653,3.36837864072112,3.4799103075501354,3.69175334654091,3.4392063492063483,3.4673765432098773,3.453921840586194,3.5140920383781373,3.6284254287170605,3.516500000000001,3.4071357161357168,3.659493399261055,3.5501351626711273,2.2066816886266074,2.9569126984126988,2.9342820266153598,2.685660730222439,2.6696616746879975,3.494391223023461,3.4980555555555557,3.549508042883043,3.8743617462625237,3.904057322179543,3.653566165165026,3.5013571428571417,3.40513511026011,3.673886856615955,3.5619694370217725
audio_296.wav,2.0,3.4151514684959032,3.3303968253968255,3.3588977226477232,3.145423586578938,3.3132623740248044,2.7565090272873096,3.0534444444444446,2.937730710647377,2.849566313661209,2.851681319113015,2.1110891898473105,2.7529285714285714,2.8405162183495523,2.6794301709297947,2.7102004032351545,2.2536189138255263,2.8375714285714277,2.8603644580727914,2.6727819600421703,2.6896360719897765,2.4538559984391317,2.677198412698411,2.725457385207386,2.5625030665216175,2.6250551235144486,3.5461859703063965,3.514682539682539,3.407707892416225,3.342284393892777,3.3925806170540844,3.2791559936612322,3.246674603174602,3.2053833635500304,3.214386785522279,3.2170767122667816,2.3610134477892046,2.886063492063492,2.94473404681738,2.7270442725924995,2.864418255318158
audio_250.wav,3.0,3.0464826661328233,2.706777777777777,2.9593203247369915,2.6678362468314494,2.6909259723296537,3.4365440101640754,2.823063492063492,3.183042167708835,3.1714775543498224,3.1499285513152775,3.6203790505727134,3.0722380952380948,3.2266762265512265,3.485723553073512,3.3725489906402797,3.7683093783065935,2.9888015873015874,3.190009968426635,3.262640757406231,3.2599207862544852,3.895831574646023,3.0314603174603185,3.299055214846882,3.4397491096062467,3.3938972247705057,3.12989075978597,3.0698333333333347,3.0557196383863054,3.151097075072393,2.8161665999214556,3.349009221120094,3.0032380952380944,3.2672199004699007,3.0648738653877565,3.1851962964936607,3.7108963466178815,3.056833333333334,3.3248480177230175,3.4829018438027304,3.405026832747069
audio_346.wav,5.0,4.129924722363721,3.9737539682539693,3.836679064762397,4.0008624328485345,3.966205267823902,4.853319413880006,4.418039682539682,4.40881349206349,4.643784250975892,4.594280097213325,4.981136163075765,4.397063492063492,4.37091279091279,4.567417744342677,4.455876248882422,5.0,4.420833333333333,4.403024731441398,4.562412154370791,4.583468596284357,5.0,4.550428571428572,4.54238321709155,4.776217493594982,4.656574603258459,3.0138724644978843,3.6377063492063484,3.7080869053785723,3.5493045173381126,3.5050557549579633,4.298230574181604,4.3094126984126975,4.35462353695687,4.576389367394074,4.577980502913907,4.95151895586332,4.550190476190477,4.517254288920955,4.757702176586872,4.683427799016613
audio_335.wav,4.0,2.900489448707543,3.440857142857143,3.398631007881008,3.3560264794356858,3.157039283738143,2.929919950028466,3.3467619047619053,3.256014160222494,3.2830795435885567,3.078322468704106,3.2565747102101645,3.933436507936507,3.984364051072383,3.7123923851838008,3.682441644603062,3.2700151458366897,4.0289206349206355,4.006660381285381,3.7178565492338485,3.703621936208439,3.1498625665499116,3.8820476190476203,3.7726917069858246,3.6815059852728993,3.6511827259845817,3.2004316647847495,3.4954444444444435,3.4404766190599525,3.5291457256454115,3.593155619613069,2.9737745004300744,3.352293650793652,3.2578916947250285,3.2338848647686604,3.1518926789484625,3.1904523964129328,3.8378253968253966,3.7969446649029988,3.6995903519350706,3.6418107445394354
audio_20.wav,2.0,3.9161919638090996,2.9452063492063485,3.1677979535896212,3.1295558033305984,3.2280245004961365,3.5657571120097287,2.8640634920634924,2.664996753246754,2.8015364043432585,2.724201171737588,2.1403372287750244,3.2405793650793675,3.4399660092993423,2.950774321100294,2.91739876583206,2.4447406866608565,3.1504444444444437,3.315820631528965,2.743092708341969,2.704669556934314,2.8307216282356644,2.994825396825396,2.928504268879269,2.513499734375691,2.4080183198452225,1.8636051416397095,2.9178730158730155,2.905870717245717,2.7508574197129723,2.636568896795047,3.324568909765072,2.8938492063492056,2.763495182286849,2.643289162499054,2.604470586069221,2.541017521325371,3.0574444444444446,2.963143833018833,2.5558245910412762,2.5700681663223643
audio_5071.wav,0.0,0.10192401122875754,0.005396825396825396,0.0426213924963925,0.0,0.00496087237944639,0.37868997367576956,0.015365079365079365,0.016351851851851854,0.0,0.002314199309635623,0.0,0.007936507936507936,0.007296296296296296,0.0,0.0021839119235370465,0.0,0.0,0.015444444444444443,0.0016435691826503836,0.0,0.022198632636709775,0.009325396825396827,0.017453703703703704,0.0,0.0,2.4728810787200928,2.429007936507936,2.4160700518617193,1.9313775660781412,1.9593266882443272,0.7429177992281639,0.023587301587301587,0.05874470899470899,0.01939960393139618,0.007708727083372363,0.0,0.022341269841269842,0.02125,0.0,0.0
audio_558.wav,4.0,3.2711605632930176,3.1807301587301584,3.043978846770514,3.09368416628555,3.1080098967125473,3.8989683959848804,3.3545396825396825,3.2329311506394838,3.302859517068842,3.3507672365048538,3.659958600997925,3.2279126984126996,3.237014490139489,3.1825175097056686,3.2998267236966434,3.4026189686806476,3.1866666666666674,3.281302523094189,3.2072470169980694,3.2306724094451393,3.3880858651165453,3.320158730158731,3.4422994181744193,3.5628591989673155,3.373855748940677,2.1260931491851807,2.9480873015873015,3.0069618807118808,2.719317610738939,2.705120902245115,2.452412275399598,3.1973888888888893,3.0741851713101718,2.8905433843252495,2.9457687190794033,2.6095334895468656,3.3278809523809527,3.400843810510477,3.447845640043896,3.2330678169691063
audio_289.wav,2.5,3.1083023181086986,3.254,3.304885791677458,2.9657561347930375,2.828688120771455,3.4413196509296564,3.1796904761904767,3.1824771971855306,3.007336557464603,3.103682765988213,2.1511638164520264,2.9186349206349207,2.9952840708674024,2.8780540933899026,2.806233915537131,2.19165783247681,2.9589126984126977,3.0351767676767687,2.950952186759889,2.975486401273478,2.4855823990657533,2.9339206349206357,2.9899474907808234,2.839635462658554,2.8325895843257043,1.3096264998118083,2.4636746031746033,2.5423479005562335,2.5777490784498536,2.444076815223335,2.5329275628997205,2.96418253968254,3.130630677193178,2.850023093483053,3.0095466085391123,2.670868784357259,2.954626984126984,3.0521969434886103,2.855010070574488,2.8213116244572345
audio_620.wav,5.0,3.3318051914799014,4.085190476190476,4.07989285560119,4.414886739766693,4.446692754998511,4.498385648864722,4.695246031746032,4.7604523007856345,4.706537173914768,4.770011734682318,4.730942408243815,4.385174603174602,4.367192239858906,4.5907304247458285,4.725567646867689,4.599459673948244,4.469761904761905,4.3729017232767236,4.6445720128316355,4.729265107941397,4.645429987216219,4.736992063492063,4.711867303992304,4.950610701133113,4.946609070286418,3.8890902201334634,3.7034761904761897,3.88381324385491,3.901399704675415,3.930625957053732,4.399186667475568,4.620690476190476,4.711449033990699,4.662751792810624,4.719098724868052,4.441156210565377,4.658095238095237,4.6816257816257805,4.970936932973031,4.976959020793493
audio_665.wav,3.0,3.6979058549097856,3.7001746031746023,3.8292089792923125,3.7512463402770515,3.690982798368958,3.798306678193953,3.2226031746031745,3.3439609587942924,3.226699350266049,3.1591965713142005,2.6609463691711426,3.275468253968254,3.3016085596502265,2.8680943675819663,2.9289686130742076,2.568633429890036,3.526396825396825,3.5349596237096237,3.2037322605663987,3.2636526318736307,2.7879459406132807,3.372531746031745,3.399105671108122,3.398015895745831,3.176433467797292,2.7157913049062095,3.330246031746032,3.3422019045769047,3.3251868489626184,3.277591740390815,3.576284892076822,3.235809523809522,3.311844154302488,3.2988762122526905,3.309937570488506,3.0666998148373668,3.327642857142857,3.372921135962803,3.3243572029073234,3.222945035336197
audio_751.wav,4.0,3.8689767204507106,3.831444444444445,3.74628250761584,3.7437880688174836,3.8679664864614196,3.9324102511899817,3.6866031746031744,3.605103820562155,3.847248277234492,3.6941861040775454,4.031188726425171,4.002436507936507,4.094995570787236,4.047754862252911,3.971471824330107,4.0052839013703405,4.108150793650792,4.116056778098444,4.07261640444467,4.001850036267164,4.053928387499313,3.986261904761905,3.937859517026183,3.986256335189379,3.9798621122757596,4.241612990697225,3.969984126984126,3.913127625460959,4.288841419998283,4.303161110082492,4.310624807804409,3.6868015873015874,3.6683088423921766,4.0122880449704,3.999052417856589,4.092716772797201,4.110793650793652,3.925903278819946,3.9585919792424598,3.9490374957424854
audio_442.wav,2.0,2.900244466648298,2.746642857142857,2.759479004020671,2.671281122116367,2.6606286132431545,2.453590360262368,2.60818253968254,2.7297877446627443,2.5806709795437293,2.5539728081591626,2.752761125564575,2.577206349206349,2.6616175229091907,2.300741664109404,2.2977850429214324,2.5045229570951064,2.5613968253968262,2.6518073192239853,2.2465482706258775,2.362217689196281,2.4029060367572272,2.5692222222222227,2.684360249318582,2.297105977090284,2.309582191915747,2.133519411087036,3.211380952380951,3.1640995455162124,3.110312672141259,2.943249443150293,2.2572659565323794,2.7054920634920627,2.8108171180671175,2.4870074770374786,2.5208502429317625,2.221397942684713,2.6527142857142856,2.675013281471615,2.242187284054714,2.297284978662907
audio_362.wav,5.0,4.039175145059471,4.070349206349206,3.992922659130991,4.12758816592565,4.036683053784131,4.830454577409282,4.649714285714285,4.775883237133237,4.8078764537718035,4.813476115088225,5.0,4.2247063492063495,4.325210918710919,4.548810136340362,4.539737796747239,5.0,4.320642857142857,4.31433879238046,4.60014738894545,4.5198526431777255,5.0,4.5410634920634925,4.59928561022311,4.563292414083038,4.64212169291983,5.0,4.205007936507936,4.167086259419594,4.584568070869114,4.538231860794929,5.0,4.590388888888888,4.685295454545456,4.911001410804156,4.9474408790782745,5.0,4.468452380952382,4.577798901715568,4.650336599506397,4.789572642391238
audio_311.wav,3.5,3.6520535958147335,4.078722222222222,4.051364431864432,4.19016279976359,4.055557220078186,3.460699374492846,3.3953253968253976,3.427408645366979,3.437436031881537,3.4663798072022325,3.336930751800537,3.5921031746031744,3.4606614172864183,3.7576438777113164,3.719732428954012,3.1190401655850213,3.576484126984127,3.4921550316966985,3.8110854340851588,3.7510138944569262,3.0934523473302704,3.350825396825398,3.2930501489251487,3.7267182859002745,3.531396982966529,4.432272911071777,3.443515873015874,3.253689814814815,3.593640544333119,3.4779708407733305,3.1900423636130455,3.203460317460318,3.3617616041366047,3.338336743179354,3.3014770230947725,3.143778989257718,3.341968253968254,3.2636638808722136,3.716369297691076,3.602632722807865
audio_724.wav,5.0,4.079195669762656,4.403436507936507,4.126773983732317,4.345810697407102,4.377318666932722,4.569246762588753,4.690436507936507,4.744434628642963,4.82852165218095,4.906048357331355,4.926284313201904,4.732500000000001,4.648580146705147,4.871116165256065,4.85090681746748,4.738184837527435,4.761777777777777,4.708853755812089,4.843577467093983,4.867089486827354,4.786086727619713,4.790753968253967,4.717130932339266,4.848812084376738,4.929596664191959,3.6596547762552896,3.597603174603174,3.647529362612696,3.713954914024555,3.732369223651942,4.6999231100542564,4.510158730158729,4.5636363513030185,4.6078959186671185,4.657026331309525,4.98335070928541,4.737436507936509,4.705872995831329,4.945179744476683,4.853327455054953
audio_39.wav,3.0,3.609677915413822,2.6338492063492045,2.614737760696093,2.493405509202101,2.609856458694738,3.0511487718821413,2.8586190476190474,3.0249547397047394,2.9169574854411073,2.851559353854924,3.120185375213623,3.3301507936507933,3.328212000962002,3.193059996414684,3.2660374464742765,3.2695187423883803,3.089801587301588,3.0428283167449828,2.97068689404245,2.999207801096132,3.3606671371504198,3.0183095238095237,3.0760115023865033,2.9379869474942804,2.936260937643185,3.535158713658651,3.136444444444445,3.127376382876383,3.314136427340056,3.2466593325085475,2.765323867113081,2.841031746031746,3.026966857216857,2.929582853908425,2.823749582943775,3.3124792980875153,2.9783492063492054,3.0464746071829416,2.935084807130295,2.8975719888428633
audio_290.wav,2.0,3.100813232309136,2.792174603174603,2.7617864357864357,2.0190945617803493,2.2051865534916155,3.221652113943147,3.260388888888888,3.317736639903306,2.788957616837885,2.7781760948585474,1.8570562998453777,2.8218571428571426,2.8534906127822803,2.338814798747231,2.3810683511166952,2.1807889822247533,2.812261904761904,2.7979043610710277,2.1402398514573666,2.127045233898281,2.387889231672505,2.967214285714286,3.0664955707872372,2.325814852476553,2.600323644433629,2.131953239440918,3.1703492063492056,3.0247921461254794,3.130607905331525,2.8451294370095233,2.801705183654764,3.238396825396825,3.2561897346480677,2.676202750746704,2.634377630383065,2.5689933163889904,2.9539682539682537,3.0839049021965685,2.309770379974205,2.5424630225757348
audio_23.wav,2.5,3.352442486245908,3.1264523809523808,3.0967763162763173,2.9756877722031696,3.0199149527756037,2.921045818819078,2.8497142857142865,2.9696045867712537,2.969825299294761,3.0088229343259143,3.3057031631469727,3.706055555555556,3.604338784672118,3.674172895869933,3.495047084988082,2.9590611717621322,3.4591746031746027,3.5074274290524285,3.357454121659648,3.506851981798144,2.8165076244923064,3.3151904761904762,3.51322747314414,3.5355809048546987,3.4392639267019036,3.732646385828654,3.278706349206349,3.298431156806157,2.826890197788702,2.8000992865599508,3.5529449685238164,3.0111825396825385,3.138641921350255,2.944593805699632,2.976417173551359,3.4445544758163322,3.3619126984126986,3.5411706210456213,3.485133007338554,3.3935635395331527
audio_624.wav,3.0,4.1350470124969405,3.948373015873017,4.00865396177896,4.137648678705621,3.9696886022367273,3.868873060431243,3.8955158730158743,4.059575557158892,4.012208973713075,3.9901365556891455,2.9026461442311606,3.4582698412698405,3.624213070879738,3.3719878496242264,3.2899098352210463,3.006532821787721,3.565404761904762,3.70677210598044,3.40725096737998,3.3829514560731937,3.3749415950861112,3.5652222222222227,3.6298502346419013,3.495361355300405,3.4710834321839186,3.188042481740316,3.3694206349206355,3.280641091932759,3.186361765091195,3.26989688596533,3.2600858162004585,3.782079365079365,3.897448260073261,3.9425241210752504,4.024520595724426,2.9336722163302738,3.6216428571428576,3.6442419232002563,3.583677506265707,3.5981029260144406
audio_206.wav,5.0,4.431190790758781,4.478626984126984,4.4357872451622455,4.836082924837706,4.80278201227025,4.122959928426504,4.4851111111111095,4.451079110704111,4.558552627030169,4.504678370075308,4.121265093485515,4.070222222222221,4.07323466810967,4.272034918814328,4.247525063007639,4.551801007033239,4.163404761904761,4.1522681778098445,4.374665352665427,4.332590714651443,4.530463170075836,4.2581349206349195,4.319435934435934,4.516245603679643,4.413623889373173,3.7654308478037515,3.5492857142857144,3.5314155289155305,3.7177236948426375,3.820437002523308,4.838601335869917,4.435309523809524,4.446111161215329,4.5466714201919,4.4195036341158245,4.955463724595339,4.217722222222224,4.345735156818489,4.552245026108453,4.491249142327939
audio_288.wav,4.5,3.2705723867406795,3.42370634920635,3.3112470137886802,3.897711971893822,3.813191212945694,3.5632082903039026,3.370809523809523,3.2287917946251277,3.646112226535259,3.4406527887213376,3.9943254788716636,3.738761904761906,3.645704585537919,3.847627139061189,3.8137350520762436,4.059316022814216,3.7415634920634915,3.5903525918525916,3.7351432264149467,3.8606815892281237,4.016555102937615,3.727531746031746,3.7321409331409328,4.1375137649529,3.9966948606071675,4.0820216337839765,4.007222222222222,3.934225715642382,4.114514165323895,4.026069243643817,3.661368417208491,3.7769285714285723,3.611141230682898,3.9017970474087345,3.8746394074989134,3.5976618466358765,3.737484126984126,3.797044091710758,4.289405966652034,4.125405634919223
audio_60.wav,3.0,3.174385327236807,3.2955079365079363,3.2874738305449083,3.2690020766733077,3.238763452867969,3.234373212713788,3.362293650793651,3.4297167308000636,3.508196886215201,3.570715021800392,3.356799920399984,3.570928571428571,3.6631914983164973,3.5890140864898306,3.547272815491025,3.008226736937766,3.413460317460317,3.561685319310319,3.575654883050507,3.5698917036074307,3.133738690482629,3.4961190476190485,3.550791305916306,3.392189466562924,3.5125610587768126,3.7142178217569985,3.5423968253968248,3.5933605900272574,3.840291760030517,3.924453383320694,3.2286455241228977,3.485468253968255,3.534741173949507,3.576185993609269,3.6352377317693296,2.83575824613714,3.5195634920634933,3.546661115119448,3.4857275581783718,3.55814497410308
audio_80.wav,2.0,2.8457332881642556,2.728468253968254,2.7860184768934766,2.709397161675289,2.794847790893769,3.151889518479225,3.1637857142857135,3.420705519788853,3.4976256744079883,3.2323681401505158,2.5586976210276284,2.808809523809524,2.836972061888728,2.858347498800624,2.776948013300641,2.156093578304453,2.6903650793650793,2.7209601972101978,2.5546815141124117,2.556984513520172,2.3714462087129307,2.8653809523809524,3.0710673801507133,2.9860151039826817,3.0903201634180864,1.329481601715088,2.7900396825396836,2.8152645841812514,2.923847010538204,2.5842435208498187,2.085331920757465,3.1751666666666662,3.5015095799262475,3.4798267966833207,3.2947610772071485,1.8105694556916963,2.8495555555555545,3.119340271293703,3.0986220886239146,3.0811423788232184
audio_214.wav,4.0,3.8597746377159896,3.789785714285712,3.761760141093474,3.8644881726163054,3.7454457365772207,4.4947070265268865,4.484285714285714,4.5458388124221445,4.5774850131944875,4.567197924107997,3.9513407548268638,3.986214285714285,3.9184747212663873,4.0184909151704,4.009876017029459,3.7185319716086553,4.041936507936507,4.017339657256325,4.062683576949881,4.124016902839615,3.979398459687637,4.215595238095236,4.2150312681146,4.252495745127309,4.348390492731077,2.6581260363260903,3.3974523809523807,3.3630642366892367,3.4207268133193485,3.5513915622772747,3.7713496776894977,4.56731746031746,4.614139231139231,4.504798142524073,4.485856759453226,3.8144562393798096,4.185507936507936,4.226798200256533,4.187110228840598,4.3280168155885415
audio_599.wav,2.0,2.345863125486695,2.5011349206349203,2.5892008377425046,2.5700361014917794,2.4245728372667084,2.4852061883211944,2.6591904761904765,2.630775479150479,2.5643501256423575,2.63945016434948,2.302760044733683,2.469349206349206,2.5200891454224785,2.504195741016803,2.490297147086553,1.797516333632007,2.476095238095238,2.5052196568863234,2.352655174876119,2.3564781815295075,1.8966586641285168,2.4941746031746033,2.5329187710437706,2.500064969857356,2.4354182146790495,3.4731090863545737,3.412230158730159,3.4073450376783705,3.3610886904929855,3.3432103204128425,2.772043320654624,2.850579365079365,2.8214103134519797,2.9303199157243003,2.846251611903998,2.132705210291784,2.5833174603174593,2.6340564774731443,2.442570667381966,2.526435574206195
audio_5063.wav,0.0,0.0,0.0011111111111111111,0.0008333333333333334,0.0014379454969503825,0.0,0.0,0.0,0.0015740740740740739,0.06739700702018671,0.05451841659325832,0.15563575426737467,0.02801587301587301,0.06072222222222221,0.01860370409928834,0.005514136930826381,0.018411710513135837,0.02338095238095238,0.04870524691358025,0.010382326238277761,0.010911890911761202,0.0,0.017587301587301585,0.04963359788359789,0.01012540213387477,0.010109017008184453,4.05833625793457,3.514087301587301,3.5127241277241272,3.262758865026633,3.433253146343509,0.5986055860206019,0.002857142857142857,0.0014814814814814814,0.13302577724661266,0.13048369027875328,0.5795201721413861,0.024325396825396823,0.06504232804232805,0.0019449763699383813,0.013910295537027391
audio_207.wav,4.0,3.8237844344277065,3.9215079365079375,3.872307827974496,4.130573299896345,4.05115964706336,4.034373222485218,4.006317460317461,3.97379242979243,4.3371969023944885,4.227287657178707,4.041520357131958,3.608150793650793,3.7208733565816883,3.5697776150098206,3.602796802664301,3.9272872586652743,3.6069285714285706,3.818769833561502,3.733687094377187,3.759994728674041,4.124158519200148,3.765190476190476,3.8190716397799735,3.966645030515371,3.8859860820698215,4.351784706115723,4.1022936507936505,3.9866852191018864,4.139894803374665,4.115642695545975,4.098192114357706,4.082650793650793,4.131398821857155,4.46091870768615,4.32535610674906,3.6586523914216857,3.709793650793651,3.8262856772856773,3.98109224298287,4.020321142866196
audio_438.wav,3.0,3.0179453917944348,3.4680476190476184,3.4962411847411836,3.242855680877204,3.2152435489125373,3.2821780813830244,3.2677142857142845,3.5963042929292945,3.4492840850107815,3.332547607396947,2.581876754760742,2.7578571428571426,2.765762045053711,2.874904619491802,2.858737909900204,2.7938292558907705,2.8312936507936506,2.8937866362033025,3.010666102186832,2.8636196695333336,2.8487847842501455,2.9365476190476176,3.0077578563411898,3.115471733583462,3.10864758755792,3.6798104445139566,3.151896825396826,3.2966207712041053,3.257694073042335,3.3684077375127472,3.2692843698767877,3.225142857142858,3.470724853849854,3.425465309858844,3.382648967113088,2.988548601860252,2.9512619047619046,3.034434263267597,3.195585602795735,3.0504383715558867
audio_332.wav,5.0,3.8349852988513358,4.24318253968254,4.180056364931365,4.476172038362954,4.485984436537421,3.9279973627446183,4.657873015873015,4.64713144417311,4.703874013069805,4.733044270850155,4.605730056762695,4.5206904761904765,4.572744548661215,4.616950102412552,4.518912745775942,4.270764792806671,4.6453968253968245,4.629579906204906,4.660135031624101,4.646035924752072,4.255731361089715,4.650658730158729,4.6714962922879595,4.684134952185258,4.691238345526901,4.296370506286621,3.9517698412698405,3.963674356507689,3.9910146665026027,4.105114456550594,4.050420988644903,4.585801587301588,4.558631012506012,4.838870087550494,4.894837350324571,4.184145575086494,4.652047619047619,4.636705747955747,4.626608188473811,4.7579234369567365
audio_159.wav,5.0,3.642848556297134,3.5207380952380967,3.511390277931945,3.570356439761937,3.472839801035656,3.8020977202691775,3.492492063492063,3.3799306434306424,3.120190592798757,3.2294422228264916,3.832296133041382,4.027158730158731,3.840649050024051,3.974360557148587,4.135510943872503,3.7422155110561532,4.013301587301588,3.849567193608859,3.9879516916178184,3.940427591742218,3.7385965517508306,3.813817460317462,3.73823840973841,3.9031503908827685,3.86193395276376,3.6050362586975098,3.414626984126985,3.4968227096977103,3.505013444377335,3.4185064209863256,3.8764924119933895,3.5681349206349204,3.452309170767504,3.319381409363882,3.32828725473326,3.600721933002042,3.828484126984128,3.6605507455507458,3.951066798384209,3.7691922765630754
audio_478.wav,2.0,3.7232883309464397,3.4745634920634942,3.5551938832772163,3.473752725978251,3.42431978275779,3.4249215392791417,3.15581746031746,3.0077189770106436,2.9963972412246416,2.9341040751913012,2.668922742207845,2.805619047619047,2.791602027511342,2.6570059605998266,2.5952695963627432,2.79845794046645,2.9849761904761896,2.9125496864246876,2.6600479868082014,2.7209602511331394,2.6583041400200034,2.920293650793651,2.8924476788643454,2.7882135687997045,2.7526853733679464,2.8001112143198648,3.07247619047619,3.0053502408085735,2.774414281601451,2.7852100144551764,3.58433957392522,3.0823571428571435,2.9755852912519583,2.839512873103974,2.961683274579952,3.1532423824790676,2.951753968253969,2.872436948853615,2.7013378468305635,2.754854241916604
audio_46.wav,3.0,2.8931796809580277,3.045293650793651,3.0882746065662743,2.8152880799140596,2.7881948047227887,3.2903186740466133,3.4226666666666667,3.3309629228795887,3.195802936729331,3.254320732196408,3.5189273357391357,3.626579365079366,3.709732973816307,3.595270006195211,3.6449390965908672,3.564069450828186,3.606158730158731,3.612699952824953,3.632673689098064,3.6836993934163824,3.634141009812746,3.7274126984126994,3.7187072217905537,3.63169040567043,3.625819915801083,2.4234213829040527,2.60011111111111,2.5037882164132164,2.3397022367912386,2.2386663360414896,3.0790419848114348,3.4005634920634935,3.31585196978947,3.287134294289949,3.2613259266234915,3.5456606362599707,3.6228095238095235,3.6463841189674517,3.5513682215923734,3.5632690857673346
audio_130.wav,3.0,3.251792362471148,3.7301428571428565,3.675383806008804,3.366481922817377,3.5644456042850963,2.636991258132586,2.9435634920634914,3.1517440013690017,2.7756004474908575,2.8078329958596164,3.5064423084259033,3.4503333333333344,3.436976780935114,3.26931973434335,3.3510287942061763,3.5065736604960756,3.303714285714285,3.477305114638448,3.267633961008201,3.235470390242019,3.3135291417760335,3.008412698412698,3.115151436526437,2.8521146105987154,3.02187369382662,3.306861956914266,3.2237777777777796,3.0887661736411736,3.085375784762633,3.0222902395252778,3.1670644061692212,3.032420634920635,3.240721835263502,2.8566884078277215,2.92479979332904,3.8672097017980267,3.126404761904762,3.209326050492718,2.9812694155216093,3.0749376843019323
audio_437.wav,2.5,2.6073681454942266,3.1693888888888893,3.041460508627175,3.1140896940548686,3.030638802682589,2.7819689505943828,2.777888888888888,2.813660715827383,2.714392567713809,2.7721680601153174,2.448423226674398,2.804531746031746,2.769963043129709,2.9005834024335617,2.7942698394317245,1.9611558355559942,2.8107936507936504,2.782742498242497,2.855592085395905,2.676718398075856,1.984198944228756,2.7812619047619056,2.7416919793169794,2.819835923751537,2.686928592904478,2.3568994204203286,3.143603174603175,3.1182884800384794,2.983212423264707,2.921276549715955,2.428137222405504,2.659777777777778,2.6988174125257447,2.75164377587989,2.6187302622658213,2.3421249601393925,2.649936507936508,2.659453116328116,2.632269401427638,2.561346282443115
audio_771.wav,5.0,4.2733651452554,4.318761904761906,4.307691758858424,4.138546995162936,4.114899668786861,4.333827162498056,4.477944444444444,4.631730319063652,4.6413977264884245,4.568534546212991,4.76531187693278,4.209103174603174,4.274662123370456,4.396880380120925,4.395417155294747,4.789608857899307,4.369523809523809,4.3122756333173,4.6306219712032535,4.5383811992719885,4.809818792315293,4.473920634920634,4.384035011285011,4.650144410475964,4.600492277255241,3.893667459487915,3.7058571428571425,3.6957717051467047,3.9014799852811337,3.997530752978425,4.276981006335369,4.49136507936508,4.5866552629469295,4.536388219506318,4.5872217718183785,4.493517454243321,4.4294047619047605,4.405842125467125,4.679970837377655,4.615405219510006
audio_759.wav,4.0,3.8498665447821883,4.068960317460318,4.046685433393766,4.096009260960713,4.1438940900585415,4.409318828662111,4.408,4.4160643553976895,4.6465439426105055,4.595901759283895,3.705477555592855,3.8650317460317454,3.8361219737053056,4.203374348794692,3.9279071617560426,3.749937954392024,4.021888888888889,3.859970862470862,4.122931563917027,4.090144506564859,3.8608988656765413,4.196912698412698,4.179991682700017,4.229766202087763,4.310807206599699,5.0,3.850206349206348,3.8363944589361254,4.061010473544622,4.126958471771604,4.65409732771173,4.341777777777778,4.373033539762706,4.458224832593847,4.546442116228134,3.835506206540219,4.150857142857142,4.247322069905403,4.279453377330973,4.3192198738815675
audio_25.wav,3.0,2.774438720520589,2.6991666666666667,2.748684903422649,2.854357648645634,2.699519761003548,2.6919269232819936,2.531388888888889,2.638178671637004,2.6685710132869356,2.586826052140338,3.126030604044596,3.455253968253968,3.45904142308309,3.2340981114678993,3.281347013723849,2.7196928956439472,3.234079365079365,3.337154140612474,3.0711955852128363,3.1165098598396743,2.4940542489754445,2.9514761904761913,2.9954454912371578,2.6479038319032844,2.7304242963650953,3.19977601369222,3.3480317460317472,3.1801667930834605,3.290097746343609,3.3069286695946567,2.6233563529925825,2.669563492063491,2.6281881914381917,2.674164699375311,2.516778547167485,2.4712628831812578,2.953531746031745,2.9850827922077916,2.598245007967433,2.6711751377747426
audio_191.wav,3.0,3.8741882177826725,3.2403888888888894,3.3441864154364147,3.526904837739378,3.5916421946332977,2.321745010729179,2.8233174603174604,2.8559376826876814,2.708346940061403,2.770050567993186,2.4569271405537925,2.807214285714286,2.8684552351243533,2.7482479951146472,2.648080315217165,2.631538135298316,2.811539682539682,2.858568416151749,2.6676358161260403,2.6158172198705114,2.4492423099774823,2.7887301587301585,2.8538447555530886,2.6235726540036417,2.528077050489335,0.8358800411224365,2.7242777777777785,2.6797168618418623,2.219512648987872,2.1075078278193633,1.932269786648393,2.780674603174603,2.792546917588585,2.6273887880519435,2.7151071512761966,1.8485442953395816,2.786126984126984,2.8600341710758372,2.6529256483613577,2.6605390797205497
audio_182.wav,3.0,3.357216156102066,3.372396825396826,3.256173368298368,3.37448658553118,3.2269247828668775,3.3705235544985013,3.1909047619047626,2.9960523288439957,3.001650974053147,3.0986927609938424,3.2420655886332193,2.8928253968253963,2.898057078723745,2.8234777947150036,2.8124175871878614,3.4054517083230293,2.8405396825396827,2.8838132978132975,2.7747579710663697,2.7732879274933793,3.4583425476520784,2.8724285714285713,2.967506821881823,2.9155484422559326,2.8896062905368445,3.9133617877960205,2.6107777777777774,2.374756060297726,2.4008498450069147,2.54596792486509,4.621900466069969,3.2792222222222223,3.0449218374218376,3.3148452410381704,3.287707457093914,4.13455918374494,2.9584365079365065,2.958367623117623,3.0052374720895934,2.901901333412136
audio_236.wav,3.0,3.6613865345986127,3.5012301587301593,3.6126078242744906,3.6885727274006466,3.6007968172071254,3.265416644613005,3.20802380952381,3.600662505704173,3.5676910065921246,3.467701517408298,3.178818384806315,3.2471746031746016,3.2216895473353815,3.077246077561797,3.051674816169095,3.3279893960810845,3.272119047619048,3.244723565015232,3.1121343411286637,3.144613685322224,3.315352207751662,3.22765873015873,3.298359680443015,3.2502421258823424,3.256418822066626,2.1638036568959556,3.123126984126984,3.0013166139416136,2.613324014778802,2.764677862450983,3.1326619777429303,3.154492063492064,3.4410488816738813,3.232228235789028,3.2481632304337107,3.471957559360893,3.1759444444444433,3.298832411415745,3.263576226207841,3.271537592156157
audio_24.wav,3.0,3.5258648603235514,3.7905952380952392,3.755298846215513,3.9626457872544765,3.8559770227521546,3.09961808021333,3.345841269841268,3.1286150546983884,3.2037775859163786,3.201163696647551,2.0607977310816445,2.86915873015873,2.8534738178488177,2.507104702441916,2.388900954095181,2.2490313365332573,2.8617936507936506,2.9139272163022163,2.6253790400034673,2.5748298504654383,2.175234338357893,2.8699999999999997,2.8506552937802936,2.538590545287963,2.466713725000974,2.2290228605270386,2.8093095238095245,2.870333754208754,2.445487205158127,2.353151713984895,2.5182240859040825,3.228896825396825,2.929795650337318,2.9406726571350283,2.8398286582816983,2.047189626371433,2.8605396825396823,2.801419398502732,2.486545039809847,2.500858350170415
audio_428.wav,3.0,4.496762207260411,3.6504761904761884,3.604986928195261,3.558418558365569,3.638534029488713,4.171402252467364,3.2398174603174597,3.0873543986877316,2.918743115291863,3.0462781143530715,3.8923753102620444,3.2413253968253968,3.196226905810238,3.340728543255624,3.2396019169328105,4.09411700176228,3.345468253968253,3.303078342953343,3.461554422142346,3.5482096903852547,4.234514913494051,3.197896825396826,3.049195713237381,3.1541174765092723,3.181522435421519,3.3879361947377524,3.157246031746032,3.0813897383480717,3.2649091593887754,3.147402732798136,3.772345141659418,3.2093333333333347,3.10761931278598,2.8262977842662136,2.9616392833888128,3.745825620449274,3.125944444444445,3.0279739226822566,3.068749930974447,3.1502733803855576
audio_678.wav,5.0,4.256490451912998,4.209841269841269,4.227160012826677,4.347365830117557,4.226664422914971,4.881808015972669,4.60334126984127,4.643245290203623,4.654661908645699,4.702323565575569,4.774499893188477,4.467190476190477,4.616385508010508,4.642178389318684,4.704696239861431,4.669958660942597,4.389412698412698,4.542132810091143,4.6283449907059655,4.620707954015593,4.545563646155735,4.6300317460317455,4.680358164983165,4.654080372535177,4.751704228030117,2.6728564898173013,3.553920634920633,3.5228426126342787,4.0887855453725575,4.10009005428858,4.033848188074702,4.519777777777777,4.574469630677964,4.680063799065589,4.622457632279835,4.527071806771387,4.559960317460318,4.678381212922879,4.741323554159508,4.738535848696265
audio_591.wav,2.0,3.284091599785709,3.3813015873015875,3.2213776154401152,3.51998414319594,3.4746303725677183,2.522752978430091,3.095452380952382,2.995197506197506,2.9878036707303104,3.131720289597991,2.3234549363454184,2.7548333333333335,2.812678551386884,2.25183181729794,2.441444564571359,2.515801853058432,2.7380396825396836,2.739640051306718,2.2362243726536106,2.486966894066415,2.554005249832835,2.771396825396826,2.7620435829602497,2.2969961925207794,2.5149885013435793,2.090263764063517,3.1789126984127,3.1392899631232978,3.1206249284116008,3.0655113150147053,2.1662367116576924,2.996468253968255,2.95543308080808,2.9177783186077844,2.7875065616947947,2.245680851217404,2.816357142857143,2.824775853775853,2.23868125412381,2.5921440833671032
audio_597.wav,2.0,2.671927788510432,2.6921587301587295,2.6964595558762228,2.597850767145238,2.566938512911648,3.163174033995894,3.1665634920634926,3.5074215707132375,3.5517567028797763,3.421659362217294,2.4362809658050537,2.7238492063492052,2.7818144648561325,2.71160426623659,2.610886054066099,2.3407119042739257,2.6792222222222217,2.7401657863741202,2.785370937313742,2.6855744384600873,2.4280204921042783,2.8705079365079365,3.143937850729517,2.941997583487249,2.9084478382376067,4.272115548451741,3.6511825396825386,3.776519068894069,4.010077434306614,4.077026433092614,4.130933424771667,3.3392936507936515,3.7242970316720325,3.5724761293411476,3.6905750687271723,3.5422775789542573,3.010825396825398,3.2145489448822775,3.074414237546271,3.1661963027485136
audio_580.wav,1.5,3.6078955897648455,3.348150793650795,3.339212935212935,3.231312827098229,3.2205930362045385,2.695073597442587,2.804761904761905,2.906942252192252,2.7931154790171018,2.79416217174623,2.2315561771392822,2.789626984126984,2.675507426215759,2.5633712455552025,2.4673733862156904,2.506608405616188,2.7687460317460313,2.7305106344273007,2.4912316739574933,2.4163309856110935,2.2890120411954613,2.784269841269841,2.8186144919894915,2.587222568314638,2.5562670037327115,2.950467268625895,2.681095238095238,2.6951450756034085,2.5098071183426613,2.490062688568001,2.719022736739515,2.704920634920635,2.8436861564361564,2.612865860739987,2.5941821252872352,2.3806065237777303,2.686753968253967,2.7889352653519324,2.5651467250993174,2.490920346231286
audio_19.wav,3.0,3.4900915054916015,3.1240158730158734,3.076285321160322,3.127420332800844,3.3604148684939257,3.3351265406086714,3.172809523809523,3.2411715321715326,3.104486646464407,3.212222927375924,3.870403210322062,3.6658888888888885,3.7633531252697927,3.600104108471211,3.7100402093768445,4.0029389496863175,3.5076587301587296,3.6682805527805535,3.6678159958586143,3.7018813029585202,4.0717552048986825,3.512722222222221,3.6418438336355017,3.7586111717388833,3.698724269160628,2.1078117291132608,3.2309365079365073,3.0880317460317457,3.268782571625953,3.263390228335686,2.3066995566917115,3.129238095238095,3.242843200009867,3.180394463213791,3.1421593184358123,3.3145619034428897,3.491444444444445,3.5894350186850184,3.6884561490858716,3.552964128947982
audio_476.wav,2.0,3.7143781947715877,3.471865079365079,3.656670425253758,3.34988434105284,3.3668262956714567,3.032519680635012,3.2849920634920635,3.442326542284876,3.1819862794093985,3.171326186598787,2.892256498336792,2.96831746031746,2.9740116318866328,2.796091392258069,2.7487716959543413,2.8729177446699983,3.0021825396825395,3.0185819504569515,2.7615635523902253,2.784872802834201,2.8123316280726964,3.0689523809523815,3.272149779233113,2.8283726048255553,2.8714208333268245,2.5207722981770835,3.1073888888888894,3.0373591547341547,2.8832993557331714,2.8169408115579984,2.676899707883598,3.2334920634920628,3.4219635534218873,3.1604891901860377,3.1078186154713765,2.7140834270399625,3.0717698412698415,3.2468098244348247,2.682306291942856,2.961862719543607
audio_375.wav,3.5,4.60802439399335,3.6416746031746032,3.585999714791381,3.781788657712665,3.475661674457923,4.480864450139945,3.2532698412698413,3.2431289096705775,3.1517159633536527,3.1265871615298457,3.382134517033895,3.327515873015873,3.345225849767516,3.545499969497064,3.609144872247311,3.26818892526583,3.389928571428572,3.525374458874458,3.624499585827302,3.637303379544821,3.457194676567497,3.3473095238095234,3.347045594837262,3.3628959658540936,3.351581574288009,3.538144826889038,3.4460714285714276,3.3861101090267756,3.48341751635364,3.3788570806798304,4.202811549231014,3.2564761904761887,3.274575376783709,2.9736351237448293,3.016643899613117,3.2116899662089637,3.306793650793651,3.3619524811608144,3.3278846329811906,3.33056636563339
audio_642.wav,3.0,2.744562685916128,3.0383253968253974,3.1191989553656216,3.121876323003414,3.1533630094441065,3.072391795487318,3.1703888888888883,3.3435854392521054,3.650078520222545,3.6797707422944783,3.0171480973561606,2.647126984126984,2.719569865319865,2.587894843913761,2.5180694229755596,3.3120055601476914,2.751055555555555,2.771533064928898,2.678310275411679,2.6429088266029463,3.401184828534793,2.7966746031746026,2.960519250810917,3.139522029169207,2.9903788634794455,2.405376434326172,3.0172619047619045,2.9291022526855865,2.2246954951725972,2.458401734893481,2.7695113946672634,3.026039682539684,3.3634331070164407,3.4954608747095324,3.4484528586635457,3.1841419816487435,2.7329523809523812,2.95203254307421,3.0384063600088234,2.9327375183176088
audio_66.wav,2.0,2.143030875432753,3.0271111111111106,2.937625041625042,2.68655690135512,2.7239960347023975,2.1048031584760434,3.1432539682539677,3.095707104623772,2.737282088155075,2.89732865387975,2.4785404205322266,2.863007936507937,3.053675646883981,2.7570364508222287,2.7981222503236807,2.4268591803237816,2.892515873015873,3.0315442643775974,2.761945694919062,2.8125394666530696,2.3340295213600712,2.992150793650794,3.148903379028379,3.0387049423274237,2.910873433235931,2.7578352292378745,3.278071428571429,3.3111733806317147,3.326370304385353,3.242212207346435,2.083164187883518,3.1027698412698417,2.9659302980969655,2.8140692863631216,2.8500650617195546,2.039204332238772,3.0069126984126986,3.1116252405002407,2.913469446037805,2.8766093502520995
audio_186.wav,5.0,4.503864641860091,4.454309523809523,4.508380080567581,4.461909719730424,4.51517192434122,4.456093516780675,4.600174603174604,4.591455868205869,4.527883182949258,4.439463736714721,4.720829486846924,4.624063492063491,4.623347069597069,4.880900808243331,4.832155111241744,4.850840468386253,4.695738095238096,4.664988947780614,4.962539511788761,4.842579848459439,4.714296835995872,4.631238095238097,4.566551639718306,4.738409464650947,4.7161781529934546,3.7704595724741616,3.6544841269841264,3.8263601861101866,3.7411758457897943,3.8317150020527535,4.5723444006540825,4.521825396825397,4.5410025113775125,4.659564850760103,4.52497913449831,4.8170261085702535,4.651373015873013,4.542215885965887,4.717901582997533,4.730221318227623
audio_713.wav,4.0,3.5323504443061196,3.7646111111111114,3.9361206571206573,3.72746962742399,3.7313701193123996,4.196639790405972,4.290507936507937,4.2268687331187325,4.060840539294612,4.204021894016065,4.3166680335998535,4.320682539682543,4.350421496713163,4.393472557624936,4.463617185372112,4.48110390087832,4.302595238095237,4.368004757588092,4.509652528306158,4.517754638125189,4.57369226271248,4.318460317460317,4.423161656244989,4.437283855756035,4.455770747774679,3.626150449117025,3.812634920634919,3.831276558318226,3.950180473374182,3.943047526343624,3.7193470536491398,4.333198412698412,4.21140320481987,4.310260311402156,4.2448545906425394,4.175530285015491,4.3657142857142865,4.412780242905243,4.511402425004566,4.548359550810948
audio_354.wav,3.5,2.882561431468652,3.7383253968253967,3.668440944857611,3.8740852941150075,3.7438388550755213,3.7847783589295543,3.717341269841269,3.769539532997866,4.081402836811615,4.042254906781199,3.50807785987854,3.4400952380952377,3.2478910903910907,3.418516074949481,3.3808835522961846,3.68877012077909,3.4900317460317454,3.3895213002320843,3.472075189721187,3.4900289847714023,3.883491639725264,3.4764682539682537,3.406693936667621,3.4425879867336313,3.5085405717826568,4.179152011871338,3.3901428571428576,3.297258452966785,3.4048648625326705,3.325551877317865,3.757590332201161,3.660396825396825,3.676376783710117,3.6944283163865523,3.826579680319329,3.735177873224352,3.5310238095238096,3.4000459262959257,3.3779041375854475,3.469117381116742
audio_768.wav,5.0,4.075868654381735,4.205873015873014,4.270311133311133,4.263229576830496,4.21282875581483,4.649111978421054,4.676412698412698,4.728347747931081,4.797808474834021,4.822997649302805,4.976733684539795,4.458904761904762,4.5357641756391756,4.766978867012256,4.7276727379524575,4.810110086256851,4.530753968253968,4.5946197413697405,4.806640098311577,4.718191072421187,4.905430812976286,4.6870714285714286,4.677616341991343,4.859803540084504,4.814105136887965,3.699073553085327,3.6421746031746025,3.676102713644381,3.643093044571297,3.7905334958794277,4.682580914371511,4.505158730158731,4.54608401475068,4.570143331778165,4.581158613864278,4.824585414318777,4.6660634920634925,4.627595719095719,4.759195111233539,4.793132811020051
audio_14.wav,3.5,2.8901597986598073,3.1082222222222238,3.0150783737867077,2.8236907166271266,2.9017030150581036,3.3039677639536547,3.516571428571428,3.520911025702693,3.559362612655889,3.5793557006508956,3.8580703735351562,3.8112142857142826,3.873105419272085,3.952747191430054,3.881581753364145,3.9152022732844363,3.6134126984126986,3.6794199535032868,3.6842221770803505,3.7075056702806464,4.100361292364828,3.7860793650793645,3.816191518358186,3.8698281797541667,3.874370433512969,4.670838356018066,3.2861507936507928,3.189451247826248,3.1012413924095092,3.005753519372176,4.2338634474154935,3.5048650793650786,3.4765797859547862,3.7122299614547933,3.75285031020249,4.500130982825763,3.7786984126984127,3.811558207224875,3.9083079201775157,3.8093533077380783
audio_208.wav,4.0,3.8127721933847316,4.047174603174604,4.019747260455594,4.300617675137862,4.1827501873803286,3.692645602302893,3.8703888888888898,3.886166746833414,3.979442945551476,3.9226755416910097,3.7502857049306235,3.9032460317460314,3.811375605875606,4.030457823033417,3.950585084483025,3.5485891012148216,3.9486111111111115,3.8464594402511065,4.181054886316621,3.9943455094726743,3.553128556773608,3.890269841269841,3.828952821869489,4.158988502669691,4.149239310553216,3.1248218218485513,3.842801587301588,3.8138209876543208,4.304205877942656,4.17009950193713,3.41241013902004,3.75345238095238,3.7055381254547917,3.841399253898521,3.8886260133920696,3.578236933581886,3.8689603174603167,3.81261660253327,4.3072733376482875,4.114678706180158
audio_418.wav,2.5,4.07062383325107,3.542960317460318,3.5677155128821796,3.7410079359264494,3.6540089463941423,3.931569497128404,3.404063492063491,3.502317680776015,3.5498569656445738,3.6207003486175453,2.984058221181234,3.178587301587301,3.1649614336281005,3.455155129642043,3.1701125249380357,3.6379145280112084,3.264246031746032,3.2684674735213957,3.4618992019507027,3.2550862310583497,3.611385853796295,3.2941587301587294,3.315249179832513,3.4204666102248407,3.3955449999469938,1.8548415899276733,2.693936507936509,2.7839609063775725,2.331601610143365,2.357410376885666,3.2222639989708988,3.324238095238094,3.318718815135482,3.339841884538233,3.3669636702172023,2.9568671682495373,3.244,3.3041627246210585,3.383769775698268,3.3393828198186046
audio_212.wav,5.0,4.703304562459144,4.499484126984126,4.291080966872634,4.33034916571473,4.40261672245357,4.677462102521944,4.4480634920634925,4.362278009028009,4.524298135157818,4.464674518448691,4.903365770975749,4.334476190476193,4.238816253191252,4.5320150760110325,4.622886227665897,5.0,4.351436507936508,4.3149198193781535,4.683098628559281,4.697198273701971,5.0,4.385769841269841,4.340647869106204,4.6537193625079,4.70813443718777,4.445472478866577,3.8067222222222212,3.6189748476831816,3.7151293973904926,3.6492608357235894,4.715178107389849,4.410619047619047,4.292920092253425,4.303505721967388,4.20659484293284,4.833718209341183,4.2774047619047595,4.229851726976726,4.602377085067732,4.514087822797927
audio_177.wav,2.0,3.0707522703012713,3.3026666666666658,3.1527039627039635,2.95971377755985,3.015815924778709,3.4538843484591637,3.4320396825396817,3.595646785313452,3.4809609354819067,3.415016337496098,2.769230047861735,2.8976031746031747,2.995096280262947,3.0025187573123344,2.852281085269226,2.5852235338268117,2.928841269841269,2.98373329756663,2.8772201161338002,2.907587880527089,2.5084169915052135,3.0220793650793656,3.1516442199775536,3.1302054233558216,3.033314155482758,4.502076069513957,3.668253968253968,3.6041127684044354,3.7929136056288044,3.829114140393774,4.213348763722166,3.5910476190476195,3.6788621733205056,3.6251300640986983,3.525793533262442,3.2428151728991925,3.0955714285714273,3.208073753407087,3.0406659127612534,3.0515670881856587
audio_503.wav,2.5,2.690863647482479,2.8459920634920635,2.7692810507393837,2.5883349375737863,2.5636533408202644,2.709521439640069,2.8307936507936504,2.843114976073308,2.531582174229365,2.5946068881423496,2.7728357315063477,2.688357142857143,2.8058570626903965,2.7299100122840776,2.7100226740825684,2.588665592501543,2.801595238095237,2.7932009780343114,2.6826514349336166,2.660835090463683,2.5707308544771323,2.724738095238095,2.820928170594837,2.7538323724218956,2.7270458321149533,1.394462029139201,2.771317460317461,2.8811590868282053,2.675905607232665,2.4426065765585125,1.5839970713079456,2.78211111111111,2.9527382432382425,2.627443852548508,2.614200280975052,2.1758072974884164,2.7326587301587293,2.8304303813470475,2.804334325959267,2.660028717869254
audio_564.wav,2.0,2.8344020064067834,2.9755873015873013,2.9042942998359664,2.8711430141943715,3.0091009990266193,2.859445270632533,2.6002380952380957,2.47386248011248,2.5117912543822403,2.5230902253260106,1.6162292957305908,3.0061984126984114,2.5689125380792053,2.4312565220906897,2.462769973638768,1.6778465879410913,3.0363333333333333,2.6280331088664424,2.5642662800364655,2.6003951417646474,1.7429978475406893,2.8949920634920634,2.4892872775372776,2.466600326977946,2.4077681392574455,1.127633770306905,3.026722222222224,3.04959751668085,2.7411417117827397,2.813807539216826,2.5725654366222797,2.6031428571428563,2.5294610189193527,2.3505427257568847,2.4923203638005003,1.814149620484505,2.8004365079365066,2.4725586820586822,2.41028690565735,2.3555033004470114
audio_257.wav,4.5,4.365306080906323,4.176992063492064,4.21019729653063,4.370074457295729,4.462308392846821,4.562537608773112,4.215992063492064,4.1127872775372785,4.294349023658118,4.369205986602675,4.290126323699951,3.9859365079365077,3.945082541159294,4.071764031635936,4.220311395900098,4.4972950910663485,4.062460317460317,3.988766688558355,4.294006038165825,4.239830580322848,4.653084328840348,4.154206349206349,4.091427903886238,4.2762074566495665,4.355166097809838,4.576564788818359,3.4267460317460317,3.3889481005106,3.7147557954823345,3.662644053008147,4.738953051748179,4.099912698412697,4.009105439313772,4.229146789355844,4.284270090387165,4.84647610217159,4.0613730158730155,4.015218701052034,4.236807382777614,4.260978085543982
audio_408.wav,4.0,3.023280697203258,3.725126984126984,3.739561432394766,3.629453811109732,3.6495971435918206,3.289261188166522,3.385246031746032,3.434632293632293,3.551775193264847,3.4914393663656713,3.5847651163736978,3.7566666666666673,3.7990303076553076,3.828493666083982,3.8204012915688534,3.7651434621227,3.7485952380952363,3.7950112480112477,3.9775135139299316,3.8633713695204697,3.588664881501959,3.555523809523809,3.5356546015712684,3.8754729608465497,3.7200134941852827,4.02180552482605,3.459944444444444,3.5190808419975093,3.3538286021983255,3.412860034529468,3.711356291591411,3.4334126984126985,3.4288267596600925,3.481375955657395,3.3958756132531422,3.931797438256126,3.5093015873015876,3.4863997206497204,3.709559621029768,3.6665395269743555
audio_468.wav,2.5,3.3967103430650027,3.4459523809523795,3.626446147987815,3.766623291565755,3.5373253677684655,2.492301078351641,3.0937142857142867,3.017125701459035,2.808761745084778,2.811824116513715,2.720754305521647,2.9029285714285713,2.9144615538782213,2.9351977076938294,2.930594391135319,2.705093317089546,2.991317460317461,3.0076572971781297,3.0382794137314195,3.03287645543717,2.5159035243904064,2.848793650793651,2.8575208418125086,2.7149230690380133,2.721050758178054,3.3828396002451577,2.937785714285713,2.950284619701286,2.7925671364087705,2.8158793932843516,2.2815993531440957,3.0600396825396827,2.9406919731503076,2.7355952082113295,2.637709534728316,2.1715128002229336,2.8919444444444444,2.8749982224565556,2.7276378233300957,2.779948433031128
audio_574.wav,2.5,2.8539191941189213,2.563571428571428,2.6710672799422794,2.3756034584497194,2.356921179431017,2.296824088812697,2.52413492063492,2.5235230787730782,2.1063713622797215,2.031440378691441,2.7937982082366943,2.6838571428571427,2.782063963813963,2.7898419270395998,2.7341992057952544,2.4425781675785383,2.6697222222222226,2.7065567102650427,2.663347706309344,2.615284214743106,2.340881504129934,2.5198412698412693,2.6060726773226777,2.408929380234784,2.3112403638809766,2.675181229909261,2.891047619047619,3.087209891959891,2.859605309518606,2.860827778118582,2.942795202632811,2.708714285714285,2.607122935706269,2.3018539219685095,2.4282885601137294,2.722398016690318,2.579111111111111,2.605419344544345,2.433159764004032,2.3446323404223857
audio_26.wav,4.0,3.2346136094884836,2.8269841269841263,2.826777504902504,2.9964242071431673,3.1194625553171496,3.4360435784846994,3.0118571428571435,3.2500171094337755,3.395886582731526,3.413131139099591,3.232393821080526,3.5721507936507937,3.4347234447651114,3.557012362027908,3.321593287566048,3.3331468299338542,3.446396825396826,3.293849741308074,3.434245187448669,3.4655811177137643,3.3384951271083594,3.5817619047619047,3.674163620330287,3.757632318440113,3.849204904630554,3.465390602747599,3.335960317460317,3.2930519696353033,3.612602501193031,3.5604788289554925,3.329406931647761,3.134047619047618,3.385254979588313,3.2454652694695643,3.4047475255707886,3.2622248601249417,3.6000634920634913,3.604103663311997,3.723300726986423,3.7715092286929006
audio_480.wav,3.0,3.6750686058856323,3.190873015873017,3.21762592191759,3.053136941659283,3.113804316991851,3.1713350199974,3.1490000000000005,3.0062291982708653,2.665396742992744,2.7709372112446893,2.5316337744394937,2.8290793650793646,2.9066093875260535,2.499137576164166,2.588111033104946,2.6002149434927344,2.770126984126984,2.841334811793145,2.52684609862273,2.441575791038509,2.6330525139834844,2.8579523809523804,2.8311896421479745,2.5095187343058143,2.5445259284150836,2.9513086477915444,2.996039682539682,3.0096779455112785,3.0322431879548515,3.025208982728062,2.557684596961334,3.1171269841269833,3.011608067858068,2.9232565157592636,2.932392534953294,2.4475080336895836,2.89815873015873,2.874922158088825,2.6006220624723184,2.696532678174215
audio_706.wav,3.0,4.752254071408423,4.07297619047619,4.120212298503966,4.270861459444876,4.189006699296448,4.014087055000598,3.3857460317460313,3.2878811728395063,3.2762251123891555,3.227340916316877,2.845541477203369,3.3442698412698406,3.309258559341892,2.9993955076063714,3.006054248291236,3.0221939863772858,3.3879444444444453,3.3638632332174,3.182142009446173,3.129011599479979,2.906799462792268,3.2804285714285704,3.2525630311046974,3.001152400926987,3.017519399836805,4.443112373352051,3.329992063492064,3.5024117965367965,3.74360356298133,3.717042012082762,3.925819404106498,3.36234126984127,3.263534130992465,3.330768274073152,3.376646870571585,2.795734862390118,3.2526428571428583,3.2420810809560816,2.982757955355385,3.1142679085848077
audio_57.wav,2.5,2.544081674152894,2.8808492063492053,2.958404566112899,2.766570737881343,2.849786922408723,2.757844131318057,3.110404761904761,3.3035619164785834,3.150024111084958,3.167247737445788,3.1363993485768638,3.5169682539682547,3.451062001270335,3.291445399220965,3.304024721368903,3.311825324437781,3.381555555555556,3.3815084375501034,3.160692331018726,3.166594506375482,3.2086974152641115,3.525539682539682,3.6759479455729447,3.118360149356711,3.379010846176804,2.0963915586471558,2.8359047619047626,2.907623136123135,2.7932839112552763,2.647460032104917,2.4506642855567193,3.265595238095237,3.498179595096262,3.1120389987120642,3.1470541537219217,2.5939804277885563,3.5351587301587295,3.638700048408382,3.322777994767088,3.274540894962261
audio_209.wav,5.0,3.8466566695600957,4.16270634920635,4.117061888728554,4.062863419451346,4.047382965881432,3.860349030575956,4.472071428571428,4.588170702754035,4.339994028592566,4.395641071788062,4.9136308034261065,4.514087301587303,4.49841724787558,4.7835218381258935,4.689933683983983,4.8579932437045334,4.611865079365079,4.534059904601571,4.705094425716575,4.732820453332288,4.80768588895647,4.677349206349207,4.642989083447416,4.7797297393155915,4.778279882409305,4.53782590230306,3.7835317460317466,3.8646826853701852,4.022011527454967,4.216999007976672,4.438069471756049,4.428095238095238,4.600949484928651,4.385703307059305,4.510321649487477,4.8829127709999005,4.664619047619047,4.668232683982684,4.812938130091491,4.880471151765832
audio_712.wav,4.0,4.057862317474122,3.962722222222222,4.014473685265351,3.5818142009181053,3.6883629901693418,4.602405047098354,4.406976190476191,4.3146434846018185,4.363498056349103,4.297048514431107,3.773923317591349,4.200222222222223,4.257716069424402,4.298221033098429,4.292885628092037,3.8922106910719805,4.2549841269841275,4.27319132796216,4.319458541604077,4.300052901738052,4.006271499389447,4.359746031746031,4.317283209074877,4.259447290780017,4.278621895376159,4.1796707312266035,3.525436507936508,3.4489327955994598,3.387918550386042,3.3113030527766885,4.618336878792477,4.2591825396825405,4.151253248294914,4.114119974873259,4.138437658776458,4.387267716934325,4.380007936507937,4.312449709241377,4.28705082608372,4.342774751292832
audio_353.wav,3.0,3.01811108603574,3.4337698412698416,3.4567985008818347,3.4876554777455895,3.3884077550693514,2.7421834299221968,2.946563492063492,2.9543174264007597,2.7516585781700584,2.7061579615468876,3.5567568143208823,3.654095238095238,3.5230333478250144,3.6526077758717954,3.7740433807905513,3.3393246529413854,3.6179999999999986,3.59882776020276,3.3820692807970865,3.4969659131753748,3.270685893549327,3.2750317460317455,3.321230038480037,3.120130408960968,3.1524650396507634,4.091514190038045,3.469650793650794,3.418413837705504,3.4696186559403093,3.54122438872173,3.6965225256265275,2.9697142857142844,2.96872054642888,3.014362575268541,2.95813660184425,3.792791853793999,3.3173253968253977,3.284611104944439,3.1506643340809646,3.2009966657981743
audio_575.wav,2.0,3.136180456565638,2.9111587301587307,2.9652091442508115,2.7745335920510463,2.913109831660972,3.090516181427754,2.9776269841269847,3.1236959275292606,2.8010315713844047,2.818444540623608,2.849850654602051,2.8471746031746026,2.8570493071743073,2.7317831916414668,2.914309205806084,2.7999492647893622,2.7815873015873014,2.833976859560192,2.643857139567148,2.832611489038564,3.023327820182145,2.85163492063492,3.035953016119683,2.7585715726763915,2.9188333471255667,2.778181791305542,3.1251269841269855,3.192995029661697,3.1226429047240187,3.185220190136247,3.2864179468126653,3.101492063492063,3.0879443704443705,2.7120711823924086,2.838591699327121,2.8377481481128335,2.8543333333333334,3.06978605345272,2.6970197725848646,2.7937092593602437
audio_383.wav,3.5,3.481563057812929,3.6590714285714294,3.7255466693800017,3.6498753776697614,3.648261801787651,3.5678519295339495,3.361388888888889,3.508163820747153,3.5518039867826174,3.4658253071976333,4.5216294924418134,4.270119047619047,4.318107070398738,4.380750108062099,4.350944337499911,4.183824381157165,4.322222222222222,4.319950985742652,4.277046774387492,4.313225667051053,4.015237677485018,4.040785714285714,4.032642676767677,4.191942881314584,4.092991128432146,3.8049031098683677,3.782126984126984,3.6639714806798147,3.8695407665304486,3.8923630633928767,4.037904864578573,3.4734206349206347,3.638928802678802,3.710623055780276,3.6733676178139625,4.406133528429396,4.0508571428571445,4.092240761779977,4.311484497305668,4.180512361513472
audio_781.wav,5.0,4.152879593083157,3.9238095238095254,3.7930503909670588,3.8701116905107917,3.8284633714552214,4.144626835670523,4.0989603174603175,4.043544723794724,4.30539135314644,4.191887227386134,5.0,4.263968253968252,4.288758062924731,4.401570344381799,4.51396986098679,5.0,4.286817460317461,4.302535068326734,4.486640754875565,4.3787991030135185,5.0,4.2430079365079365,4.160593650176985,4.514830154474527,4.525262481636769,2.926852305730184,3.4352063492063496,3.379447446072447,3.354273874077451,3.4987319117673525,4.181070570161264,3.9706825396825387,3.8941193883277214,4.1437280526340965,4.028956374741136,4.985700435764324,4.1842936507936495,4.126042308000641,4.408567676865933,4.444714008549037
audio_118.wav,4.5,2.919176393837661,3.0668809523809517,3.005978146853147,2.7392260916130837,2.6697009204629096,3.4016890866518334,3.4526984126984117,3.355845959595959,3.2310432475918023,3.476483960857274,2.937896490097046,3.052579365079366,2.9968322125405464,2.9046499177817733,2.9955934449195234,3.216528193797395,3.010452380952381,3.0275509058842385,2.9301926923018105,3.034081932581867,3.364052598840359,3.074650793650793,2.935408836533837,2.921022171441187,3.029437184962799,4.159559408823649,3.7384682539682537,3.8298025678025684,4.110789417387427,4.07346222022931,3.949463278830341,3.546079365079365,3.5552207422207416,3.534454952687003,3.6834317148380484,3.5618236979917035,3.150579365079364,3.021102172518839,3.0495855013084388,3.0598533575166376
audio_337.wav,5.0,5.0,4.594793650793651,4.498080889789223,4.534384887846401,4.628992745708634,5.0,4.680785714285714,4.587119263452597,4.916953301006098,4.889137301674128,4.617119312286377,4.731023809523808,4.689154260862594,4.845717874168355,4.833963262263029,4.975190072952294,4.768460317460317,4.695323873657206,4.878632394307131,4.931196072258505,5.0,4.795579365079366,4.784401154401153,4.934440887438027,4.927898652267275,2.7182765007019043,3.214119047619048,3.321169252044252,2.973403653752898,2.9256459877992413,4.527132441678503,4.657206349206349,4.599440675065675,4.7244640182057696,4.700162904494225,4.661897471738494,4.8039999999999985,4.762750440917109,4.91208850545213,4.938943863206277
audio_715.wav,3.0,3.713074609016917,3.791920634920633,3.8956216129549452,3.9556444412516014,4.001250797829023,3.7609181239066753,3.941992063492064,3.854262923804592,4.0686306780486445,4.020584920370427,4.355287233988444,3.761214285714285,3.773429527262861,3.8901682249281433,3.9847441566545156,4.367607901862816,3.7731031746031753,3.6951058000641352,3.6309506885652745,3.9325929115729052,4.20839756633437,3.7711587301587297,3.737954150787484,3.6279674535806996,3.866073489660016,4.706384817759196,4.01963492063492,4.0057823441990115,4.154248998318,4.211516834614728,4.233306625778632,4.082388888888889,3.9389659938826607,4.276414772240314,4.142715503739047,4.266507995458169,3.7598492063492066,3.7821149668233,3.8033433491747637,3.9788743551969095
audio_323.wav,3.5,4.325908676804499,3.943650793650793,3.8770085901752576,3.9783120144409403,4.117034441028665,4.302666459881142,3.1761507936507933,3.0263098645181974,3.27701022420514,3.1050773407428136,3.7530692418416343,3.7704682539682537,3.7575162260578927,3.702032683169557,3.7936766671987177,3.924840031707616,3.897380952380953,3.7883855511772193,3.8855830133716083,3.907249277950599,3.907324553716313,3.4487222222222216,3.389628052503052,3.330274295810339,3.4443416272347425,3.6315267086029053,3.85902380952381,3.8195519804269806,4.256244420593391,4.212188438766184,3.971574730023395,3.354206349206349,3.3862686233519574,3.7403540397668666,3.7499678169131396,3.6851205950593204,3.5401031746031744,3.540402894944562,3.509847463072839,3.5715808830438682
audio_374.wav,4.0,3.386171006868388,3.8530317460317476,3.8236469857303192,3.7886197733931097,3.9383416864913006,3.259712017360954,3.5606111111111116,3.474080356372023,3.5423389965619125,3.548792774720363,4.0174241065979,3.544071428571429,3.367893779060445,3.267926325201769,3.3367705012704665,3.634168115937784,3.563793650793651,3.4740441888358546,3.2833243297083583,3.5134519485823787,3.6441905545888247,3.4709761904761898,3.4434813011063015,3.385988006874293,3.5151141784525706,2.2318127950032554,2.6615317460317467,2.6981298562548552,2.0256135382537845,2.13340139970994,3.5209789352909957,3.4478095238095245,3.4155833734167054,3.48131092864022,3.543816136336925,3.5897530863531024,3.454793650793652,3.4577384544467886,3.4032881390104444,3.460135384190339
audio_348.wav,3.5,3.4268166704156005,3.6231349206349197,3.7295223063973073,3.853480117480045,3.707708414971187,3.6860597105114583,3.5892222222222228,3.5858200117783467,3.7505227423672127,3.791115236170196,3.0910164515177407,2.9671825396825398,2.8823893899310575,3.001767816250388,2.846646616293271,3.324582727573563,3.072253968253968,2.9830563834313835,3.18005668012518,3.1358420360432646,3.357732562788033,3.1501507936507935,3.105262746512748,3.4278688112110074,3.4116311901146155,3.2418673038482666,3.3141111111111106,3.2845200941034265,3.2547212786922763,3.145104247937917,3.1784658566185917,3.457944444444445,3.4360598645181977,3.7131438036745004,3.666115797805348,3.175225347891029,3.064031746031747,3.053348565015232,3.1416313400922697,3.2921950435277836
audio_547.wav,3.0,3.36838418025278,3.130603174603174,3.1822474423724416,3.0759739053373174,3.136293061535909,3.767841070046144,3.2677301587301595,3.1820042419000765,3.405073927467146,3.322684531397257,2.6658990383148193,2.8756904761904742,2.9212885771635775,2.829348719423527,2.7752884970441465,2.7514918712005776,2.8686507936507937,2.8905471765888433,2.868149732652446,2.9073554599903964,3.0842739088359092,2.969714285714286,2.9553211973211977,2.9572134550190827,2.857402225569326,2.622812509536743,3.2259126984127007,3.2844788190204866,3.16227437326533,3.062935553596032,3.3779059454939944,3.295261904761905,3.1556705146705153,3.1707010400223283,3.1505312530797283,2.9057327580170025,2.979039682539682,3.0230244909411574,2.9840150727975665,2.921770499572867
audio_41.wav,4.0,2.745578024253549,3.224492063492063,3.2979324317657643,3.082052677004276,3.0536242361723573,3.0095598331889004,3.3204603174603182,3.2464833052749724,3.105454449327698,3.177786395955854,3.3844640254974365,3.8172539682539672,3.7906260930427593,4.197293153306323,3.9143504312303143,2.452903706333022,3.524579365079365,3.5076669071669073,3.612670745216718,3.423557681425841,2.3577190913419064,3.5430952380952383,3.3937921862088536,3.4510763284623915,3.4827703386475015,2.5323636531829834,3.0235238095238106,3.1046665977903714,2.9015611605987566,2.9776260813418975,2.074153404646924,3.155063492063492,3.141753892712226,2.8814911391106186,2.8380509055091045,2.387242304822262,3.500388888888889,3.3782629299712634,3.385046331281768,3.2356664709521143
audio_284.wav,4.5,3.651452190489048,3.593190476190477,3.536189293730961,3.667891802524808,3.746910475901926,4.055160280125863,3.8442222222222235,3.94261636203303,4.112153496514912,4.026206387986685,4.611804644266765,3.8510079365079357,3.7653858425525093,4.072105121804579,4.105420366484657,4.589796681211044,3.7743809523809517,3.6847775018191693,4.0173656783022755,4.034334808139509,4.612390707731397,3.8916031746031745,3.9161006092672754,4.135305919534898,4.112491422902192,4.4224174817403155,3.658674603174603,3.787393929373096,4.205361824586237,3.979281600005231,4.780999985450239,3.8333888888888885,3.989178913678913,4.1341630570438115,3.9803874779618766,4.705892474770998,3.8318809523809527,3.921517295975631,4.0358779752869856,4.11952524684719
audio_13.wav,3.0,3.352021567947651,3.5619126984126996,3.5634663700497033,3.473611650147259,3.3945274979803606,3.2398990499293263,3.72838888888889,3.965572751322751,3.7453314455948075,3.7151339303506425,3.2053346633911133,3.239555555555556,3.2966957271123944,2.874998558755482,2.9773726989833755,3.288104613140916,3.286579365079366,3.3519618884202202,2.9055962259872743,3.0530222538747354,3.470701346366372,3.4451031746031746,3.607272602397602,3.3822260170265657,3.325169651535925,3.526622931162516,3.2197936507936493,3.3603098413931733,3.4909410514031993,3.5356954438389088,3.4272869027136643,3.764055555555556,4.008546889838557,3.955788074055221,3.7676410373136284,3.271335164758534,3.430095238095238,3.58814576318743,3.463064579332061,3.388976788959617
audio_548.wav,3.5,2.7090195129926804,3.0978412698412705,3.0836177294927296,3.089179255609244,3.1125593295664444,3.1732434597937096,3.414055555555556,3.404786054994388,3.4172221022733424,3.3130354785116993,2.2421041329701743,3.0997222222222223,3.0029056036556034,2.9894299661593497,2.9986985991773065,2.284561383339415,3.133396825396826,3.0205002204585534,3.1036372225640423,3.0247063009408905,2.307847266756158,3.3322777777777763,3.2861757517174186,3.2776342223635475,3.131841893430106,4.542808214823405,3.838246031746032,3.7468007779257775,3.5124748965568795,3.749464089380501,3.120075122911768,3.526873015873015,3.4667991822991833,3.403827513945543,3.46232836257408,2.5404473255912627,3.252412698412698,3.323234843859844,3.236632252755237,3.1112533502743687
audio_687.wav,4.5,3.5017056230998023,3.760452380952381,3.6618090721007377,3.6117689247904843,3.664268103358511,4.0595963654228155,4.567388888888889,4.656648047939716,4.645414673077872,4.598255832355512,4.712383270263672,4.351293650793651,4.313047318422317,4.64949623642843,4.5983647540497765,4.269538134043404,4.382642857142857,4.302905563572229,4.534125768622965,4.584846836030346,4.2132940118219855,4.586269841269841,4.623169370752703,4.715541922598731,4.857250243633005,4.8984808921813965,3.5176031746031744,3.4819166820833503,3.6096640682057557,3.6382464033473787,4.937443641434782,4.529301587301587,4.658650953984288,4.610315782153556,4.697085700695086,4.775918685587587,4.526174603174602,4.5942004137837475,4.605110386167126,4.766050252983024
audio_104.wav,2.5,3.07293440547893,2.725261904761904,2.783102272727272,2.446477343260865,2.3507618558486048,2.9801558994389143,2.8501746031746027,3.0446812369729037,2.701500754894777,2.707498777705103,2.200594663619995,2.8183333333333334,2.7974626823793485,2.545403809105047,2.513930130694289,1.9353633231261604,2.6863095238095247,2.7314611777111772,2.432572781520742,2.3664299069445764,1.9900893180774386,2.7235952380952377,2.8226800020966696,2.5680560414946476,2.4388902690886334,3.339153607686361,2.8538333333333328,2.7276518157768144,2.825955051424225,2.715921864503445,2.4614984257944226,2.8647380952380943,2.9721746201329537,2.7114013758461666,2.7325656820147857,2.473268044954686,2.701285714285714,2.791157802074469,2.5188397345505007,2.469106923844986
audio_181.wav,3.0,3.3102996032600593,3.783674603174603,3.778447037530371,4.13844845845215,4.036527833369681,3.2193201785153716,3.5841349206349213,3.587367459700793,3.6433302328659454,3.5427656220829804,3.440752903620402,3.1990317460317463,3.1517891414141412,3.316812633861732,3.1927333679087275,3.529705126204115,3.22613492063492,3.169716710758378,3.425396523711761,3.3029055241426746,3.556546959496496,3.365460317460317,3.403256814173481,3.381422013397632,3.421609388627111,3.616403818130493,3.3167460317460304,3.4230635290635294,3.4086127204701193,3.3380342325544583,2.8001375951098666,3.6055873015873012,3.5380021197937856,3.3086141690136532,3.4625660121052753,3.10807498311361,3.363142857142856,3.405011998803666,3.2842828721549373,3.3774609328280305
audio_755.wav,4.0,3.877240047460095,3.8598730158730157,3.787155543530545,3.9785646102044514,4.083231288789586,3.4348599946254126,3.3649841269841256,3.127853523020189,3.2220313443572657,3.233094654750053,4.409227053324382,4.085650793650793,4.075004649671316,4.052753785284254,4.055847970779287,4.22592293576396,4.133507936507938,4.075639736806403,4.132124178215014,4.017183934232591,4.106919122671453,3.88286507936508,3.685797218758003,3.746408245312058,3.7562894474781228,4.170356273651123,3.532571428571428,3.506202889702889,3.8671419459201055,3.8841480676624514,3.3873098367669834,3.2814920634920637,3.037808361391695,3.173146852153444,3.22409024158781,3.601257366685985,3.6750238095238092,3.6474973344556667,3.702609149833311,3.7307286804073194
audio_733.wav,5.0,5.0,3.9865634920634907,3.794946818613486,3.873422775222677,3.836094651726954,4.647709310958432,4.046841269841269,3.9480781887865226,4.109990698970303,4.080990632053974,4.148654460906982,3.7520238095238088,3.6427657327240652,3.7077055843327504,3.883175754032585,4.76704337773002,3.739547619047618,3.70524307328474,3.8166532386934975,3.8467693574700945,4.750136124611288,3.760769841269839,3.605977450019116,3.7041540156862722,3.8025520617407467,3.529390732447306,3.5038888888888877,3.5320765684932347,3.7707125957797234,3.740933857570796,4.006543082769618,3.9785396825396817,3.8985038017538023,3.998065285349563,4.036279061935597,4.495793380891972,3.6669444444444443,3.532369086160751,3.588883781809628,3.7634865735717025
audio_5072.wav,0.0,0.0,0.01369047619047619,0.05580952380952381,0.02902917245599081,0.06735241598306475,0.0,0.017809523809523806,0.05875132275132275,0.025465216166515137,0.04491059680318538,0.2610906759897868,0.06287301587301587,0.10717063492063493,0.18824855336070026,0.15302497455076083,0.4655303740455028,0.059579365079365086,0.11066666666666665,0.23819167161433707,0.21838047300992325,0.23820691064206492,0.05476190476190476,0.13104497354497355,0.1790347511092578,0.1959514794941932,3.3238638242085776,3.384936507936508,3.5129796700213363,3.4945266645833684,3.4919714840889067,0.09445994529026702,0.012460317460317461,0.05651984126984127,0.036199910850577825,0.07490542650194952,0.17555750329904626,0.04850793650793651,0.10632407407407406,0.162756346750024,0.14632428193632183
audio_776.wav,4.5,3.6045760293784306,3.6670158730158726,3.489782826741159,3.778580880986682,3.773389447350892,4.198026879037809,3.764547619047619,3.726193931068931,4.232239369219723,4.252574216479223,4.173103014628093,4.347603174603175,4.297243346160012,4.501642874033872,4.491039411654135,4.20443818649731,4.368523809523809,4.297141463474797,4.618495918881316,4.531645642201499,4.439988586286668,4.31613492063492,4.191152156485489,4.617790261101919,4.547556073377968,3.5624729792277017,3.566222222222222,3.6203099770599785,3.554026681214619,3.7104653457839745,4.001332668346618,3.6990555555555553,3.6950055515472187,4.003131557553571,3.9816580393948318,4.318021571662054,4.269079365079364,4.145810165143498,4.591784769179985,4.593619827234438
audio_70.wav,2.0,2.5487614805576277,2.803571428571429,2.7303611296111305,2.546943093961118,2.5201564500029665,2.316566348137163,2.641190476190476,2.5487761374428044,2.527669620669786,2.4796841467524846,2.455154816309611,2.6875476190476193,2.718605565730565,2.787023975023614,2.6863396929058916,2.5100421112313187,2.6227460317460327,2.6283937289562296,2.637404718377814,2.5012174175545874,2.4162610847335992,2.530420634920636,2.552356351210518,2.4741278568530913,2.3257631961992526,3.959128220876058,2.8837460317460333,2.847880898422565,2.8963013680263483,2.922496265327475,3.328956855350418,2.6170555555555555,2.581214045214045,2.4645998685026176,2.4551363480181077,3.267751694991055,2.6114444444444445,2.5601032948532954,2.485697876684104,2.4056045336969505
audio_49.wav,3.0,3.268970858685035,2.954825396825397,2.9173147022730355,2.6381912189175947,2.858371876614699,3.256214118258639,2.8871984126984125,2.8193373863790527,2.5946475493389802,2.9235055387464324,3.878723700841268,3.215658730158731,3.2262322970239636,3.05954740551566,3.088024806522886,3.759297256599043,3.1781825396825405,3.249049069757403,3.1242803556613583,3.1022728290948023,3.750577856586803,3.002507936507936,3.009019700978035,2.9829240048232744,3.0224447994179884,1.0689918994903564,3.2197777777777765,3.2270443553360213,2.957667987477926,2.9069922013969367,2.7050417428580893,2.8559920634920637,2.827410714285714,2.570720327413498,2.6943025220154433,3.307043545914049,2.9621746031746023,2.9926372377622372,3.1050026604074934,3.0690287682435264
audio_527.wav,5.0,4.136761295428598,3.741809523809524,3.607472683181017,3.7262346551297063,3.8111062260289246,4.5225767795462035,4.245507936507937,4.277496676163342,4.317247525739717,4.372566242087498,3.9522130489349365,3.6433333333333313,3.598277128735461,3.6672831470346368,3.7316955049751552,4.226859288228265,3.6669523809523805,3.5973167727334396,3.601943003830362,3.8171370752269547,4.203314642909825,4.004396825396827,4.068962361712361,4.36428960275017,4.279843323266704,3.5938679377237954,3.079388888888888,3.0645192616025945,3.5382412578723383,3.357105835100922,4.546829865593476,4.196698412698412,4.248106160814494,4.357276142874956,4.352792032750776,3.992334277665091,3.9280000000000004,4.05561934670268,4.331879741815249,4.198410294657854
audio_273.wav,3.5,3.6413336657498525,3.9744682539682525,4.069942161233828,3.811447539502097,3.962635258815858,4.263341258932265,3.894753968253968,3.664655776322441,3.648877666458036,3.6576229263067694,3.51487930615743,3.6833650793650796,3.7263200256533593,3.661325184881648,3.5358919820190455,3.5079929968753945,3.7015555555555566,3.785799008090675,3.6650471876585002,3.559077601981336,3.7155606566231114,3.6692063492063496,3.6655824114157447,3.4172435615512247,3.4108929551839124,4.124711672465007,3.4345,3.4318726196642864,3.1819581038716156,3.323236898932865,4.063450350889643,3.8067698412698423,3.5094989578322924,3.569034743832212,3.595801413667003,3.811323632689968,3.651571428571428,3.6823069630986303,3.487627774477725,3.403980382664359
audio_139.wav,4.0,3.7937719330914894,3.7683888888888895,3.607560377893712,3.6536603388533107,3.7355153786592408,4.582728816573467,3.9172777777777785,3.9024374514374522,4.138302667405469,4.1214013252513375,4.163027842839559,3.754285714285714,3.8240180606430614,4.111357328648498,4.083547445001979,3.9993411054534675,3.6917857142857144,3.7786761972595304,3.7886810368970565,3.958160630300602,4.356538364796118,3.7854047619047626,3.8280572452239103,4.1200214863985245,4.166179689484118,3.9054996172587075,3.292325396825397,3.296563926813926,3.6796881889032087,3.390769510970729,3.863644651564741,3.8349444444444445,3.8749630539213875,3.9732524883269646,4.029537579008179,3.5420139355467355,3.8096746031746034,3.804225345642011,4.034191581681054,3.876552554708589
audio_467.wav,3.0,3.732970438195957,3.28968253968254,3.3274698896782233,3.406505028993666,3.4244936174330456,3.426407848920682,3.1973650793650807,3.1251716693800025,3.3010099667235373,3.2627615525504328,2.8339808781941733,3.0162936507936506,3.0250551629742812,3.1754367924002054,2.995452744897751,3.3344699407499516,3.11227777777778,3.088772969314636,3.2042918163137686,3.2351782677555483,3.3479654763708893,3.017349206349207,2.9911839426006086,3.148678249881027,3.117796151692476,3.068718989690145,3.2846428571428565,3.2369686085519427,3.362651412714927,3.258561783341865,3.186682485433677,3.168984126984128,3.15281468993969,3.3011041531984433,3.2772363519901155,3.426550499678965,3.0371031746031742,3.041717338217339,3.1036533306836183,3.1324512041362493
audio_407.wav,4.5,3.3879735448967314,3.6115793650793644,3.5946654487487817,3.4941076935849082,3.57773584244892,3.928668408119009,3.85079365079365,3.9167884137467475,3.9295467985772348,3.9264745855324983,4.098217407862346,4.265325396825396,4.365227292768959,4.443030823430527,4.516587621059192,4.115211632750322,4.2658015873015875,4.301358732317066,4.263922577123183,4.347037036883108,4.126219329332046,4.270460317460317,4.387306884473552,4.486869421075312,4.330140923009391,4.603500843048096,4.0591825396825385,4.128663640371973,4.44752367583348,4.473630583173363,4.505107377290576,4.1265793650793645,4.113303485095152,4.103485978122677,4.207680489554574,4.476085154354288,4.318119047619049,4.392342739821905,4.58036218180601,4.410080242682315
audio_404.wav,4.5,3.7797604013287507,3.896785714285714,3.807599408307741,3.6156868511874425,3.7073622343113097,4.467824051498159,4.30322222222222,4.215716328424661,4.234298173866666,4.41869729514359,4.016461292902629,4.153198412698413,4.33231575677409,4.307539277303452,4.284309742434462,4.039124653707793,4.285047619047619,4.314994095410763,4.315394322298328,4.2791954233846825,4.069093729412927,4.4364920634920635,4.3935492532159195,4.2961536411443,4.367449609372783,5.0,3.86370634920635,3.834794252044252,4.02623046757981,4.022907531838704,5.0,4.463841269841271,4.363734850026518,4.599380164942305,4.6209437291310955,4.647373225564392,4.46781746031746,4.392364697802197,4.290248934525192,4.447748853714345
audio_534.wav,3.0,3.5644120794947955,3.287103174603175,3.3318663019079673,3.1521634067158657,3.1819803287122297,3.7557314422500685,3.393960317460318,3.5305413459996786,3.3213477361251442,3.2732251882493215,3.428699175516764,3.2269206349206354,3.24537219416386,3.328120762554071,3.3210618954872966,3.498084756363753,3.259190476190476,3.2297784992785004,3.339922876587052,3.412457951314997,3.5228255234152024,3.237412698412699,3.2797882302882306,3.340152642410644,3.2736649457820515,2.1721922556559243,2.745539682539682,2.7170887060470394,2.643417817756477,2.503002451878935,3.4169740274467326,3.3931825396825395,3.5731752244668917,3.3339895473505172,3.2483966550147922,3.6119615162637904,3.2634761904761915,3.2801926730676736,3.234130123261884,3.210877803793181
audio_96.wav,3.0,3.3347858453716075,3.155103174603175,3.279374155165821,3.1299467036792072,3.205336962523934,3.447625719012372,3.48931746031746,3.6585671149837817,3.5045097842315207,3.63428311292574,3.459082921346029,3.691142857142856,3.6110329238662566,3.594027243943041,3.7309217384966065,3.5575508189397276,3.5517777777777777,3.4934594942094943,3.4646019453044232,3.558214552945865,3.6219489381509207,3.5594682539682547,3.589258016674684,3.562081453252043,3.605993247355452,2.857501745223999,3.381285714285714,3.38300280583614,3.8051190082678286,3.55598552633966,2.9760243780383617,3.459785714285714,3.5077594997594996,3.5074773314100534,3.5684254226368526,3.031539369755482,3.5631349206349197,3.598689719231387,3.482604810773808,3.635161049753537
audio_137.wav,2.5,2.956746345349636,2.7566190476190475,2.874325276575276,2.7595599493744807,2.898248322067276,3.370670978301927,2.807198412698412,2.806101681497515,2.6878993006190295,2.7193158347634685,2.8443922996520996,2.9865952380952376,2.9256884118967466,2.983740936077288,2.9934289195759423,3.104123077002299,2.888301587301587,2.880048346715013,2.8776944125607518,2.8776991685158446,2.9029793650275217,2.8225158730158726,2.7186980689064018,2.5209878005646957,2.5367419475236557,4.0170103708903,3.388912698412698,3.40315257736091,3.4809785389525545,3.664493258066719,3.9374080559841573,2.9536666666666664,2.9466055194805194,2.8261849767027774,2.8140768314925833,3.077603578566258,2.9177222222222223,2.802504589546255,2.5635985439368203,2.679043007228266
audio_150.wav,2.5,2.308460275598357,2.9691111111111113,3.044821650571651,2.8061618134335635,2.736580974797929,2.43971948376374,2.892571428571429,2.8981209192042523,2.60515226762796,2.663925321240528,2.8546186288197837,2.94454761904762,3.0703129910213245,2.826098135732829,2.864022113967659,2.677560061118097,2.9528888888888893,3.110562371270705,2.9648604036562163,2.851115464766208,2.7647555010274925,2.864603174603175,2.8861924664841325,2.775615624683708,2.7627383023160585,2.5815505186716714,2.9651984126984114,3.000887852887853,2.939938341172436,2.67387637204479,4.056313864718636,2.9906904761904762,3.0847311638978305,2.9724000578191494,3.109136893028674,3.6979813909267776,2.9753888888888884,2.968793129709796,2.8947949689430907,2.8600839746322166
audio_339.wav,5.0,4.393132485913934,4.366095238095238,4.278407928491262,4.352591746923914,4.36145594255821,4.6068980015671235,4.4001111111111095,4.490028298861632,4.745939089060259,4.667429420131726,4.907463073730469,4.54023015873016,4.59996097883598,4.878366511674908,4.82742703197009,5.0,4.563714285714284,4.638244288119288,4.901645096258301,4.813006558261068,5.0,4.537484126984127,4.642539301747635,4.829990259873902,4.894924967298995,3.6252217292785645,3.27024603174603,3.27367480359147,3.325854782914625,3.4006769581568883,4.084705300951575,4.3708253968253965,4.40261720378387,4.650070507641857,4.545563562171481,4.876771997182066,4.520777777777777,4.603883345050012,4.857950081948365,4.920284005790639
audio_409.wav,5.0,4.5787035599623485,3.818944444444444,3.6706179561179564,3.9913043210297174,4.119801577426748,4.18779740673896,3.926611111111111,4.1064962321628995,4.254567386646717,4.228409695633232,4.914406776428223,4.362976190476189,4.348449935866602,4.70106608040352,4.792365860242106,4.9755802561640605,4.362912698412697,4.255951600868268,4.631774944118091,4.73459667484475,4.969907882714091,4.431404761904761,4.393445480445481,4.722379613743514,4.73019506656581,3.8265875975290933,4.071960317460319,3.997427896177896,4.540342376046854,4.4904971959630435,3.912762789199102,3.9629761904761893,4.135196345321346,4.389436022560964,4.342713297977508,4.788343995330622,4.352317460317461,4.3081310510477175,4.815612352579459,4.714895312545959
audio_78.wav,2.0,3.6823487894595033,3.6652222222222206,3.739993406285073,3.902054984537525,3.9880682436191015,3.352773809634488,3.2506587301587295,3.140933000641335,3.074179002365795,3.1951532057823804,3.350351651509603,3.6251587301587294,3.7434512601595933,3.5096868888695454,3.54455884703305,3.453766673272556,3.5830238095238087,3.669971107596107,3.467262561079391,3.453143862416846,3.135630188012618,3.1727619047619045,3.0310749358666036,2.6697116131414678,2.83999849151477,2.473175366719564,2.6837539682539684,2.6261421186837848,2.2730575456941424,2.3433583451802136,2.6861332820197887,3.0503968253968243,2.83338303671637,2.7342888421797,2.7284046031192375,3.068255884359401,3.122095238095238,3.046564434022766,2.6620893164419033,2.84081918712878
audio_244.wav,3.5,3.9891671018325887,4.332119047619048,4.375706970498636,4.4712110177433395,4.299413789692962,3.4269180831735775,3.839730158730159,3.798815759131935,4.025826757173802,3.9472686190766297,3.768568992614746,4.219642857142856,4.081905423280423,4.1754206784773595,4.199077444505858,3.6159701995416498,4.283785714285715,4.1906636079969415,4.299121288803782,4.281242519340783,3.710878190768902,4.172039682539681,3.913808561808562,4.179369418791575,4.074965339362964,3.6171297232309976,3.6009841269841254,3.5741850772684116,3.6974012658684052,3.6348660498021275,3.085170351587438,3.748515873015874,3.706160748202415,3.8540707780877415,3.7584134512443073,3.4504536101302095,4.09831746031746,3.9196645607478935,4.1859264051601155,4.079743498449091
audio_752.wav,4.0,4.482083101448452,3.890079365079364,3.8801869488536145,4.126216133832626,4.145671897647261,4.214721408928012,3.8300000000000014,3.777965748757417,4.104021261488291,4.137694622970245,4.427478313446045,4.02584126984127,4.069852252685586,4.250076924394102,4.46393508501367,4.763611429225368,3.9448730158730165,3.9488766773350115,4.099388822736088,4.3135860360289335,4.795889886334117,3.847746031746031,3.773110910694244,4.159794725980525,4.201237184008773,3.4004620711008706,3.1467619047619055,3.043246616038283,2.798434306120115,2.9198158141862565,3.656484238373963,3.696444444444444,3.7372571780071784,3.930457437630403,4.004171462848088,4.470009419674679,3.7751587301587293,3.7782353988604007,4.113426789049325,4.122036654524874
audio_508.wav,3.0,3.5505356761944147,3.653484126984127,3.753417554667555,3.927243550810982,3.8647130286375266,3.2601974725813587,3.6677460317460313,3.5859026806526813,3.621862153468431,3.55669598333947,3.3402911027272544,3.1293333333333333,3.2134344421011085,3.20650107725816,3.087260491681377,3.2719243389863037,3.2202142857142846,3.24150119633453,3.2872834946051532,3.345349547322048,3.327604262955829,3.249119047619049,3.1520191999358667,3.1940011872145893,3.19628565057811,3.6199812094370523,3.3181904761904772,3.2731948858149837,3.3265218544179582,3.4453728369092,3.5239365510957157,3.6178888888888885,3.5267210536377207,3.6690008758310415,3.546017046755415,3.4588704099106464,3.2510714285714304,3.22870640933141,3.252494879671333,3.242829902902995
audio_664.wav,2.5,3.6894503565768946,3.460484126984125,3.439216009299342,3.397987003520953,3.563546822099268,3.5319432009663756,3.0882380952380966,3.212878214378215,3.2020189484357413,3.2259585184171957,3.4341296354929605,3.2935873015873027,3.3409698788865456,3.176764180463342,3.23377840751497,3.991776805505328,3.4981269841269835,3.431820286195286,3.2936800196358544,3.253596188345757,3.999990327726998,3.3567539682539675,3.4276385682219015,3.3436395298552433,3.2862261053842086,3.08064595858256,3.2233730158730167,3.207476591309925,3.1782387826124157,3.1299214248281615,4.040327626692906,3.1611746031746026,3.1970612473945814,3.010599987513197,3.1547696815620347,4.306985997495787,3.3548888888888873,3.3765863133779805,3.324994983199916,3.379390582285765
audio_701.wav,2.5,3.061542771891377,3.161499999999999,3.115517436267437,2.825710090858513,2.988701847161669,2.594735347114685,2.9912539682539667,2.892735088985089,2.7806481746527183,2.800370082636937,2.3747430642445884,2.8381507936507937,2.782546917588584,2.5879899998687255,2.6321078964213664,2.3436689403271136,2.8393888888888887,2.8244040280706937,2.6734908301585585,2.662851389506488,2.5105472799954467,2.8174920634920633,2.761403850778851,2.597116659086787,2.6491572431916466,2.9611178239186606,3.3698730158730164,3.2737308401475063,3.220023942461399,3.2489896576892274,2.47470736832468,3.0544920634920647,2.975639590347923,2.8005984005936395,2.696568372690907,2.2606006623926347,2.8454920634920633,2.824025460650461,2.607641309965409,2.686115250656661
audio_5044.wav,0.0,0.0,0.03482539682539683,0.08443606701940036,0.17934010268991807,0.09592597813365052,0.7957475405374833,0.03726190476190477,0.13355423280423281,0.4559773880687448,0.596079491451952,0.34117428461710614,0.07892857142857142,0.2036177248677249,0.06737916888667962,0.015335488673557192,0.0619579174726422,0.05781746031746032,0.1864783950617284,0.054616096505028355,0.053281850071763476,0.5115589594071454,0.11168253968253967,0.23405335097001764,0.15924445959209363,0.3153653637886414,3.4271719455718994,3.8606190476190463,3.760047358505691,3.9432868611461687,3.8847433435955465,0.8041719671537574,0.0456984126984127,0.1486499118165785,0.5922735377778161,0.7063963722439849,0.34785102201297846,0.06383333333333334,0.22360696248196246,0.16932760726188004,0.33460132592730973
audio_734.wav,4.5,4.41309726129672,4.099190476190476,3.9825812351229026,4.041865846198099,4.061095948411733,3.8410295378106767,3.549349206349206,3.157696030821031,3.2530744704929546,3.2710388366130076,3.737143039703369,3.6461507936507958,3.7009934155350823,3.8427133474313475,3.882302664491783,4.121707797773469,3.707071428571428,3.7565095799262473,3.8031378534602047,3.8481385252122577,4.074957098437267,3.5132857142857135,3.2051141543641553,3.396668938850592,3.3482206505162186,2.6115384896596274,3.3383253968253963,3.309058754517089,3.8477174373684107,3.5463660415623424,3.399514620868542,3.475000000000001,3.0716199279115943,3.253817834024011,3.242469366898348,4.336923516296902,3.4658095238095243,3.137385181176848,3.355945112751171,3.341463541988247
audio_51.wav,3.0,3.2888280622582666,3.0374920634920635,3.0287258698092026,3.2576778091561427,3.2023477612917026,3.0549746808949365,3.075095238095237,3.124403186319853,2.8701847476799593,2.9800719490789604,2.982650359471639,3.0345317460317465,2.989316598524933,3.0596437415387214,2.9514677178264486,3.453212693105765,3.0790873015873017,3.028370751162418,3.1037609525738667,3.221624399931288,3.567199595074772,3.0278888888888886,3.111168336293336,2.9605326717170075,3.0526064922991694,2.256365696589152,2.7464841269841265,2.780680927097594,2.679081908857493,2.5913096899919053,2.6090143868833797,2.86879365079365,2.984462993796327,2.786977449858796,2.7918850986718593,3.422356980369186,2.872230158730158,2.9703228114478115,2.7709145625116007,2.9678999379807465
audio_704.wav,2.0,3.6106948000554318,3.328492063492064,3.463491149282816,3.2442232317047655,3.0530927647069728,3.374274353325036,3.3007777777777783,3.285660492285492,3.252802446229511,3.1235734026087982,3.177345593770345,3.0131746031746043,2.9855544933461604,3.003160466502583,3.0337513460336623,3.355676745733169,3.019309523809524,3.04718753006253,3.1643538881273927,3.059714928681272,3.3141705941813666,3.0449365079365074,3.0914332966416302,2.9763350395368615,3.0415075179939617,3.0919415950775146,3.453476190476192,3.2518780077946743,3.5059391674022096,3.51247295767999,2.8681020133794495,3.158642857142857,3.061607465065798,2.9838977991251183,3.071511114365375,2.6012803334567725,3.0033968253968255,2.9769777136443807,2.967055934240404,2.9538363204031874
audio_129.wav,3.5,3.3562284841860284,3.209912698412698,3.1891514904848237,3.7606173289457163,3.673496826684861,3.961694069197655,3.581126984126985,3.5830952411785746,3.920431772113769,3.9072847529567043,2.670701583226522,3.233849206349207,3.1145435660018994,3.200272084174061,3.0291318856515823,2.9703931892484507,3.191515873015874,3.138390499932166,3.264119938463688,3.325173303868366,3.1769319675108534,3.270468253968255,3.277749084249084,3.546656346354729,3.5453869552020336,4.160767237345378,3.343111111111112,3.257513279929947,3.107039915014965,3.2549458395927027,4.466879566542394,3.517396825396825,3.5673005173838512,3.7710420032574787,3.8603541357974502,4.166040420997906,3.3882301587301598,3.206452641494309,3.56862144043802,3.553772344825571
audio_107.wav,4.0,3.1636106377260185,3.0559841269841272,3.1537077212910556,3.3477431289109454,3.1982878116162436,3.2628836906608267,3.3618253968253975,3.562004990379991,3.4396690904613325,3.555513502725168,3.4267935752868652,2.9782698412698405,3.0051754433837767,2.862734670641885,2.86184166591783,3.294949846333095,2.8343174603174606,2.8957319717319723,2.6942786421771667,2.7030630591141755,3.2288806667285996,2.987373015873016,3.2194542633292627,2.8254636823015127,2.914720109401665,2.3577343622843423,3.060055555555555,3.0791464646464646,3.1478381320080078,3.1111859403480406,3.5954154753572927,3.3317936507936525,3.623432135765469,3.443697500511524,3.464204246979469,3.2332958697841288,3.085436507936508,3.2391811290561283,2.856970161421309,2.876894852772025
audio_143.wav,5.0,3.716412810935811,3.73346031746032,3.693373208581543,4.079146269487107,4.007367982089402,4.150818085494509,3.810412698412699,3.865934312600979,4.053403121820174,4.104693415682076,3.6273706754048667,3.5297460317460327,3.579085736794069,3.5467086195981516,3.625938753782861,3.8494540015339,3.632452380952382,3.601035914702583,3.8618036296815568,3.8934807417675654,3.8772108092657818,3.882142857142858,3.882340929132596,3.967177149482827,3.8091774841901724,5.0,3.814444444444444,3.8064871162787832,4.180144048102136,4.222476232145813,4.947994589470145,3.7614920634920637,3.7887360910694245,4.122648435309897,4.2056556267434635,4.560681708677172,3.793190476190476,3.8091549607799613,4.029304363693826,3.988568792033611
audio_458.wav,3.0,3.6518631750909036,3.9586825396825405,3.825753272961606,4.032672684590304,4.142235436878045,4.578579777773386,4.524468253968252,4.533349506974506,4.631745646650285,4.676943684418412,4.564695517222087,3.7196269841269847,3.819198793490461,3.695224289265779,3.884425794920889,4.979416547001542,3.6581666666666663,3.888728005019671,3.8424952117407813,3.81356814022832,4.975550452563392,4.107103174603177,4.243446804738471,4.381167291151402,4.39760024166938,2.8322375615437827,3.520468253968254,3.5232933501683497,3.74711369332981,3.73238613450845,4.303119721218654,4.4764841269841265,4.495231020522687,4.640940232557171,4.686697417597085,4.766400490461028,4.120714285714285,4.215073267781601,4.359789923803812,4.396398667668287
audio_424.wav,3.0,2.675277034377215,2.7284126984126975,2.7903097442680775,2.7838465061904536,2.7719087202193418,2.423983325803358,2.734523809523809,2.7162729662312994,2.4563956057781375,2.468802321841496,2.957327445348104,2.854031746031746,2.9182277121027123,2.89581461785813,2.7117371686749308,2.956827029612114,2.8493968253968256,2.9181826599326595,2.7403113169517574,2.7001398046840293,3.037106501754375,2.76373015873016,2.7944347581430917,2.6678518751876816,2.630815313889269,3.029672543207804,3.3595714285714284,3.35210747277414,3.2573090408029812,3.387465290674079,2.6925419627901417,2.8758650793650786,2.8686780780947454,2.539533885803809,2.5436110692647405,2.6787844114381567,2.8164206349206347,2.831614878948212,2.6945546810552785,2.5934518894960057
audio_563.wav,2.0,3.605463451626058,3.5514047619047617,3.454441735733404,3.14566380149871,3.371693434119019,3.0614402236425833,2.8543888888888893,2.6656170634920624,2.630651850037106,2.7110713329895577,2.341839551925659,3.280460317460317,3.4802687266437267,3.1251119305585533,3.1808239364447757,2.305443649397482,3.2350238095238084,3.448055475388808,2.8977990482792446,3.003625244393748,2.2206887288468398,2.937650793650794,3.0441681281681277,2.6384088138360653,2.641750252373002,2.174984415372213,2.8037619047619047,2.7459316640149978,2.7277766410761335,2.8530348100316645,2.3862770014241925,2.780349206349206,2.6350114376364377,2.4856982329811252,2.4941390192584216,2.624046326923301,2.9280476190476192,2.986833814333814,2.529010397404097,2.5544327508980356
audio_625.wav,2.5,4.321619320148314,4.034539682539683,4.081435145101811,4.3700550530983655,4.3918979502138855,3.378436914356609,3.1374603174603153,3.056841911175244,3.204870816646551,3.278681971815819,2.7071070671081543,3.504190476190475,3.525257648215982,3.417577520722309,3.3422153549816755,2.878215579887067,3.612714285714285,3.5629946149529483,3.493533669179491,3.412931046911554,2.7922374428941255,3.2770873015873003,3.229295207878541,3.1791828283699854,3.1017531135784204,1.9376355012257893,3.204753968253968,3.1558931038097704,2.9692303881004114,3.0182410889901106,2.6924035044329524,3.161690476190477,2.9908542984792987,2.742457272027129,2.901836238974403,2.3467847508381423,3.3288333333333333,3.2368179212762533,3.0455160388532483,3.016772497616472
audio_302.wav,5.0,3.931196883812344,4.101515873015873,4.0592970239636905,4.237559567931779,4.318987260311145,3.5541793141073392,3.3300555555555538,3.079986391694726,3.4672601944676438,3.3576176763315924,4.6681515375773115,4.122285714285714,4.1101668270001595,4.220035957714652,4.27868286949768,4.8171954588965304,4.225611111111109,4.171641814975149,4.265426297650614,4.299198262807978,4.643986745154453,3.7934047619047626,3.4997630671797335,3.5885430794414455,3.7156312680446466,3.3400726318359375,3.4635714285714294,3.586604286916787,3.431367915622264,3.3786146465750533,4.351750828426348,3.54315873015873,3.3351063180646516,3.7993002116566124,3.5270656240258513,4.667927270904885,3.8430396825396826,3.5847478354978364,3.7443670630192294,3.7340217850703
audio_154.wav,3.0,2.446886664809494,2.9715000000000003,2.869931204597871,2.8729189829704542,2.7653302731892757,2.840485022217697,3.1206507936507943,3.05266311928812,3.0550862190915358,2.912767925886122,2.9812779426574707,2.93518253968254,2.9007849927849922,2.7063248662142385,2.715064683729043,2.532209904004228,2.9281031746031747,2.8912994967994976,2.6802764115159863,2.6993464925181314,2.66151093588481,3.0832301587301587,2.9515195529778873,2.9543967039330092,2.955596158345464,3.3875736395517984,3.6499444444444435,3.6863928606796255,3.613784645389908,3.748679167685163,2.797880465192032,3.253238095238095,3.2098283830367165,3.2943213227937904,3.1930854081617634,2.8484810888115164,3.1244206349206345,3.0173400873817555,3.0545146749041288,3.074284856001592
audio_754.wav,4.0,3.8436452896428097,3.9397698412698414,4.013427809844476,3.8492092439419174,3.7280698918614283,3.675748743632599,3.5232936507936508,3.4542354898188226,3.4546192807247684,3.4288374011007057,4.223650932312012,4.045198412698412,3.952614310072643,4.172432738057728,4.217678986098307,4.199701406468031,3.9610555555555567,4.0525696787780126,4.190007679660302,4.155918080630994,4.112171694498145,3.6829126984126983,3.5900891330891334,3.7001027155753925,3.7592699449066163,3.9567275842030845,3.651769841269841,3.5410640732724077,3.739083203817185,3.7815653405971728,3.8721785033344376,3.544603174603175,3.3973467951801286,3.3942893751671916,3.515611086114865,4.104386210503144,3.655698412698413,3.603031379114712,3.6182143853893116,3.6805659559073596
audio_749.wav,3.0,3.247699236453562,3.3999206349206363,3.4270222508972505,3.329469890637507,3.2994520703141443,2.488325675641248,2.636912698412699,2.6691565548648892,2.5061842377762975,2.5294214158389927,2.6215403079986572,3.1090952380952372,3.0811922336922346,2.9556943388585553,2.952301505350365,2.662856252584778,3.1610079365079375,3.0529132796216127,3.0253065524888982,2.928114714090304,2.570394580985865,2.8240555555555553,2.8535874619207955,2.7649759176787705,2.723447589236374,3.4529781341552734,3.139952380952382,3.128637706429373,3.0547661163937687,3.026640379609459,2.7664102017484473,2.7544047619047625,2.8479098278264945,2.6933726078128637,2.740582168148427,2.452520500896498,2.8508968253968248,2.849711159211159,2.833173704564757,2.7530514833661353
audio_366.wav,5.0,3.9200700987221153,3.993769841269842,3.827506937506937,3.8469663534545,3.8712907479971608,4.658221487732977,4.50602380952381,4.526766895141895,4.532430635118865,4.5419604405026135,4.8807417551676435,4.334269841269841,4.444688672438672,4.6358174583871055,4.642168109478983,4.731926731910517,4.298785714285711,4.332671991588659,4.429422285609128,4.526406247171267,4.7889955762199525,4.540484126984127,4.620727773769439,4.7187190437343745,4.763295632065257,4.737832069396973,3.8197460317460323,3.890151522859856,4.282874343242824,4.358461271415542,4.763321356307333,4.363587301587303,4.432618333826667,4.565934851791336,4.5429480754071605,4.63384799966749,4.4845555555555565,4.585103321061655,4.610305477327777,4.638754175898864
audio_693.wav,3.0,2.345239303770065,3.581873015873016,3.5362920813754144,3.5250213568451847,3.4435396406440546,1.9660586365200912,2.8245079365079366,2.864472797264464,2.875887571798593,2.8908093684048453,3.964686950047811,3.740785714285714,3.7606801470134794,3.94902453683459,3.889086752687914,3.631955708853932,3.707841269841269,3.71995615033115,4.094788485311985,3.8775730488559077,3.1176652921380144,3.2674523809523808,3.3034187294187287,3.4609118328948703,3.36755636576137,2.603097359339396,3.1364444444444435,3.0958999102749094,3.1683841772953962,3.0402089407813846,1.949159681863436,2.838150793650794,2.8531093674843664,2.8466261547287073,2.964559167258989,3.0183729001431545,3.251960317460318,3.1872043789543785,3.229018017485204,3.304558870001984
audio_608.wav,5.0,4.563266176700722,4.422769841269843,4.521425048716715,4.7582358493802746,4.881052415043532,4.358400883416402,4.586452380952381,4.758311595811596,4.813830204240605,4.8151613473322294,4.258036136627197,4.410396825396824,4.34091465941466,4.461396877974104,4.458173464869692,4.356222537214567,4.350714285714286,4.409504148629147,4.623654488739343,4.499356239874987,4.41278265448146,4.528420634920636,4.642053811928812,4.588581686275347,4.662127928058258,3.1237669785817466,3.6611349206349204,3.6637398188231516,3.319975756483761,3.523400026575608,4.249117789462404,4.496753968253969,4.699632194965528,4.77048069075099,4.793579114333155,4.1297372327273685,4.463444444444445,4.605951278659611,4.640324072131224,4.667159212893388
audio_220.wav,4.0,3.79936314215823,4.167214285714286,4.322305900979921,4.327465388599393,4.263843467237622,4.604173151007538,4.564428571428571,4.569208862125528,4.353560526041235,4.338091615884276,3.980064074198405,4.128531746031746,4.041861341590508,4.148561115390918,4.080855142203031,3.9086011390103046,4.173865079365079,4.02749725428892,4.099518629675664,4.013511857948072,4.06654778872785,4.350325396825397,4.386109908609908,4.35232994850855,4.370817214500498,3.7737318674723306,3.8458015873015885,3.7201336117586123,4.0862334697802725,4.037698544532154,4.5559724887355255,4.656119047619047,4.708953242744909,4.5687946831382025,4.41140617737474,4.122019286765969,4.398960317460316,4.426831995165328,4.35110583617312,4.421709570930418
audio_761.wav,4.0,4.017810818785047,4.11415873015873,4.197309665642998,4.2340421745402415,4.257488503463429,4.186583556327384,4.421269841269839,4.534600794267461,4.598521687267948,4.566878627229559,3.507730722427368,3.561873015873015,3.5579585738335737,3.562707474946434,3.507715157884656,3.4072215099381338,3.7220079365079375,3.5735645542728878,3.5650755376778105,3.584702293803741,3.3837445546476963,3.990230158730158,4.08884128525795,3.944739598284117,3.9937460599389323,4.032141764958699,3.650920634920636,3.6791317077983745,3.8661702929310935,3.9018223063257005,3.940869511312789,4.537801587301586,4.530484221025888,4.642925290088402,4.66857189419878,3.508603009959445,4.004349206349205,4.111471494554828,4.028404545048443,4.042495059028335
audio_640.wav,3.0,2.965264640492411,3.0261746031746033,3.0728199377782706,2.971685458970326,2.9519441051793973,2.8261148507104714,2.9709285714285714,2.918812804479472,2.869521970227048,2.8987832485074723,3.118279059727987,2.991285714285714,3.053361872695206,3.060051952471904,3.040157482428631,3.1359318695152285,2.98776984126984,3.018015131473464,3.0938514017345278,3.085877295757006,3.0965351387270608,2.919222222222222,2.909014181805849,2.868869830851066,2.805256628234341,2.6349318822224936,3.581547619047619,3.578906224947892,3.92122819727844,3.9680639198380425,3.0174791369075944,2.909444444444444,2.7842085615002286,2.6450782769637575,2.7511552896286253,2.8385868557298317,2.901007936507936,2.8735760042426715,2.8412908143763933,2.778869654282163
audio_67.wav,4.0,3.7678573591932345,3.0296746031746036,3.1026672895006233,3.0540856685548703,3.1690353632122474,3.655784952941225,3.3841984126984137,3.496022782001949,3.530951773043501,3.6228171564584244,2.4639805952707925,3.4204126984126995,3.5547642542642532,3.43203318108068,3.4364637372606244,2.8899766608561266,3.581849206349205,3.5757750120250122,3.6761326826901115,3.6784187181599157,2.9135630715832392,3.6111984126984122,3.662746056412723,3.7065895959274697,3.7155967487560417,3.5399999618530273,3.3326904761904763,3.2899360068943397,3.5558594690209375,3.4611179966709575,3.5898038158929957,3.365357142857143,3.4976165084915087,3.4099082918391215,3.5383354111586,2.5589473773188107,3.648349206349208,3.671028184778184,3.5963769214685892,3.5400926948030347
audio_299.wav,4.0,3.294385196041952,3.889976190476189,3.79446164021164,3.7349787679466018,3.664642750478663,3.710026519353543,4.189349206349206,4.24218182434849,4.3564854368687245,4.26340630662605,3.7414511839548745,3.8796587301587304,4.049937522354189,3.9346831641168034,4.021261199404572,3.259212148330352,3.9768650793650786,4.020834315375982,3.839794234303495,3.9569144944345993,3.3944629576506293,4.028547619047618,4.0933358786275456,4.044966100819029,4.1607593148926405,4.19010066986084,3.871079365079364,3.775415171248504,4.116202557830358,4.140390912701501,4.032358040042828,4.092142857142858,4.101517436267437,4.36783659347812,4.297348107770097,2.9965411442112466,4.042039682539683,4.019327815702815,4.092347930381485,4.124008121477563
audio_102.wav,2.0,3.389352858439755,3.2637698412698413,3.32578695687029,3.46900985514608,3.3593328123694306,2.8734025604258675,3.043428571428572,3.2524882956549632,3.1075995363479065,3.137337558203914,3.192415634791056,3.98395238095238,3.9002164902998224,3.842494913728992,3.9806524621671677,3.023735487112526,3.656341269841269,3.7483234990318324,3.5759605148560296,3.6161016076799917,2.8201710133330713,3.2408095238095243,3.353111071027737,3.3049911092901816,3.3890613864972923,1.0942056973775227,2.8262301587301586,2.7764138377055034,2.460264927561862,2.2211805536542517,2.2354506974078863,3.0301031746031746,3.162516814975149,3.0389479360834493,2.989802164756876,2.5536794446418405,3.1937698412698405,3.271130972422639,3.382317625001028,3.2998995112108975
audio_258.wav,3.5,3.8019401556384156,3.3558174603174593,3.4392856048272713,3.4946910194518885,3.4394323590429807,3.3750590850473454,3.1540079365079365,3.2173588001504676,3.122511134204468,3.0785021113702835,2.761953035990397,3.161452380952381,3.1522334054834054,3.353783075694152,3.255599715704411,3.0610408149728046,3.1161746031746027,3.1799537237453914,3.3619602287911134,3.313515274704422,2.9049757183942866,3.0739523809523805,3.1538808321308314,3.068824294318875,3.105271037141824,3.232449690500895,3.9383174603174615,3.8355380329547004,4.0564010487546724,3.995429789626201,3.215636618733612,3.2288253968253957,3.159386732095065,3.0726393793906763,3.1208576091408307,2.986230279582797,3.0881507936507924,3.1712698628531957,3.013450255883575,3.1369249364853773
audio_679.wav,4.5,4.154823863697483,4.4227857142857125,4.397690656565657,4.618356285005063,4.637054132632673,4.878552115932535,4.651,4.779100428892096,4.967242416620452,4.972017968066144,4.988471349080403,4.544261904761904,4.6296712762546095,4.865490753741214,4.934006808400873,4.812035586114722,4.6248571428571426,4.635307559724224,4.9044376759563795,4.960250623349222,4.8989776365367135,4.77738888888889,4.754522005772006,4.989364831052041,4.964588849134142,4.399923324584961,4.1734126984127,4.000039045830712,4.2812573279070305,4.327388593941184,5.0,4.646428571428571,4.6819664702581365,4.984017854698572,4.9970433572094235,4.986662199338476,4.693031746031745,4.748465648548983,4.957245078948535,4.943401469969082
audio_82.wav,4.0,3.416987053914308,3.488746031746031,3.4778636409886414,3.490927431849773,3.5484360298793685,4.403170843974412,3.707404761904763,3.8294194647944657,3.7179340948891677,3.7549975152748662,4.392293135325114,4.1203412698412665,4.150443524068525,4.403783115730022,4.304492853067566,4.391680164102236,3.9408253968253972,3.9949251643418306,4.060007028179119,4.066945090979938,4.586456877686973,4.092738095238094,4.160034972743307,4.3074931419498546,4.234594113782048,3.6828977266947427,3.165595238095237,3.208871331600499,3.0058207490910043,3.284930201714472,4.545791405250937,3.699357142857142,3.868313712522046,3.705564137758936,3.826259031481078,4.497786318063173,4.018809523809523,4.161955788039121,4.317239097065305,4.18951737255903
audio_325.wav,5.0,4.44182280217407,3.812785714285715,3.7735011022927694,4.089824389248958,4.124502546653152,4.798920112891799,3.9645952380952387,3.9811269872103203,4.3655035099611235,4.474502028726629,5.0,4.52134126984127,4.569552123802123,4.882208049605751,4.907851782372593,4.922759716829441,4.564095238095238,4.601069996361663,4.95289815842072,4.971581256008827,4.952515664386238,4.547055555555556,4.475883309591644,4.813051804900611,4.909220026014952,4.1657625039418535,3.6321984126984135,3.4974194324194325,3.7108597826052674,3.876633744690196,5.0,3.8339126984126963,3.85376665001665,4.201556452158075,4.307761453316293,4.794638923118898,4.454166666666667,4.407174168424169,4.838419713934916,4.838379160684563
audio_399.wav,3.0,2.919278630362814,3.495023809523809,3.380619022952356,2.9729782914267324,2.9978275587726237,3.0195342264163956,3.6036111111111104,3.407175088800089,3.2352454158568524,3.2928154956684126,2.6132121086120605,2.8863095238095227,2.90644096335763,2.8180732060618716,2.7687192545119736,2.229373360252077,2.928507936507937,2.938575356742024,2.7218579910331475,2.741367189444992,2.2120230778128276,3.016214285714286,2.9211384803468134,2.80455617755367,2.7597307202571177,2.8316258589426675,3.054436507936508,3.1122573414240082,3.3125684039191583,3.2243278301220903,3.035126355370562,3.66184126984127,3.404589236380904,3.4087252890164144,3.307640930759358,2.216054294480003,3.0470873015873017,3.0145904635487972,2.6984589770798504,2.8076873216721214
audio_285.wav,4.0,3.014136860529242,3.551999999999999,3.4044878763212094,3.598186595932701,3.56507809865294,3.4323491015410768,3.6067063492063496,3.667056585389917,3.6417162970808037,3.6980874677036257,3.4517221450805664,4.016611111111112,3.949819709611376,3.8904358863189876,3.95330467862649,3.6996635381169045,3.9288809523809536,4.029422458714127,3.9943046128648647,4.0414694003957985,3.6586120421152635,3.9536666666666673,3.9777520812520812,4.019210483279182,3.9310077120882188,3.217152198155721,3.351261904761906,3.1624575856242525,3.0338799353404347,2.9822049771336108,3.630099657389238,3.518277777777779,3.6308585118585115,3.7384415086282092,3.6965141228417466,3.616314418774895,3.8848571428571446,3.904103896103896,3.9656363625157485,3.957763454528209
audio_784.wav,4.5,4.2893058832703606,4.048944444444444,3.902663197913198,3.638213561319836,3.839743291210642,4.147749411002608,4.158928571428572,4.110364832698166,4.259908808542664,4.057665869587096,4.923818429311116,4.578555555555556,4.682714486131154,4.661550844548999,4.706112475848258,4.986245976465563,4.639960317460317,4.660161711745045,4.785445155144878,4.783856451689498,4.979172455616976,4.451444444444445,4.446313077354745,4.54349955536529,4.69264473167209,4.200700044631958,4.086825396825397,3.9667138432555107,4.259320227161701,4.3062437907375,4.1724022627197614,4.158825396825396,4.109112948779615,4.430508458407345,4.3321661883652895,4.669781917054446,4.428174603174604,4.433410393618726,4.567703625443889,4.651034065661265
audio_0.wav,3.0,3.0241639015451347,3.055,2.964224286515954,2.856089814158351,2.776293911966619,2.79016836398721,2.8320317460317455,2.994606040564374,2.8006684587614266,2.733926313768805,2.7844724655151367,3.2861904761904768,3.363103388895056,3.2529085711203343,3.2808483167991356,2.8136871574722115,3.242357142857143,3.345023789482122,3.1539348963071787,3.106117921053207,2.938505241379738,3.121857142857142,3.202606506148172,2.931406414895218,3.028936607950477,3.9372530778249106,2.68463492063492,2.7188443053859714,2.751187218571713,2.6142579788823013,2.2767835142837978,2.836396825396825,3.036089310380977,2.735256857824325,2.7896226850099595,2.7704556982088264,3.091269841269842,3.133145602853936,2.911782027996997,2.9805066807026495
audio_435.wav,3.5,3.8989601562862446,3.4949444444444446,3.522123082164749,3.4310070059105224,3.476822621938847,3.7139048081874293,3.8012698412698427,3.9069520587437268,3.909749543191495,4.089248163917829,3.56391978263855,3.119071428571429,3.13653368699202,3.0509028093775097,3.0511548111161364,3.7360380602716003,3.2276587301587303,3.210246925913592,3.2139962928557053,3.1809576410346523,3.7471968510536358,3.327436507936509,3.3450244708994705,3.416630656367038,3.4020406570518595,2.9110185305277505,3.123190476190477,3.000987117820451,2.7653119094918885,3.083265218034826,3.231499705292444,3.793873015873016,3.8762566538399867,3.984086180832849,3.8955615494024456,3.5836286042496135,3.325944444444445,3.353830667789,3.4466637751841946,3.415753628544531
audio_91.wav,5.0,2.6691862983127463,2.963079365079366,2.8162151290067956,2.7490816423074307,2.7491353000941827,3.4588279908809993,3.5495555555555565,3.6873849098432436,3.4447166502089632,3.4826449110735958,3.747504790623983,3.3659444444444446,3.4390409991243325,3.081013302753197,3.1941921812819274,3.370694070835635,3.1407063492063485,3.2261473865640533,3.1470798936073616,3.120776010404979,3.5533733242083954,3.44463492063492,3.4004157401240733,3.347096438429759,3.350788665076338,4.198432604471843,3.2433650793650792,3.222339726631393,3.3245699735385905,3.380548331735975,4.124343186042718,3.4923730158730137,3.636272747314415,3.5670786458166837,3.60927612498802,3.6102174455504006,3.438579365079365,3.4143247154080485,3.387562851287987,3.3568204044056356
audio_109.wav,2.0,1.6068886707944998,2.610365079365079,2.6556913333579995,2.4249555990239657,2.416581669564518,1.9998571203088817,2.619103174603175,2.5156468253968254,2.432202731802132,2.5154189998175203,2.4101339975992837,2.9788095238095234,3.046381747881748,2.872784707561985,2.7194126402893377,2.3717792023126094,2.8112777777777773,2.909114009447343,2.711411782049039,2.6337175738869973,2.426387555223521,2.713285714285714,2.6637279541446195,2.5591862827575294,2.539101822893605,2.370382070541382,3.0948333333333338,3.110524167190834,3.0223700465154906,2.927429936120174,1.4368646866934227,2.6776666666666658,2.522958461291795,2.436795411683319,2.4273644904937743,1.8932777621349306,2.7053492063492057,2.73766804954305,2.485287722036325,2.5037111113364583
audio_772.wav,3.0,3.1104303911729008,3.070103174603174,3.124390533848868,3.299417277515863,3.271025130490808,2.9580152979157432,2.921849206349206,2.9659845478595472,3.00191606683079,2.891873682722307,3.5983170668284097,3.208547619047619,3.261103916145583,3.2336018899915815,3.0898228178713993,3.8727053422585644,3.252642857142856,3.3043352573352576,3.305082158243495,3.165327556569141,3.786615545999357,3.3073015873015876,3.326452902036236,3.4878084301191072,3.3297558476568496,2.123005986213684,2.8045873015873024,2.6231121332371337,2.4953618725207485,2.4960329291721983,2.7894568977655756,2.8542698412698417,2.864434143017476,2.726202890744142,2.863895902355781,3.079882000886764,3.194396825396826,3.341990580407248,3.4387405891397873,3.333802422316053
audio_270.wav,3.5,4.190405419819911,3.7585079365079372,3.769921536796536,4.1832377691306215,4.045005008764338,3.9346924940295818,3.277420634920635,3.1802038177871506,3.5380973162092317,3.4404137886711426,3.528705437978109,3.4915,3.2971683023766363,3.296967136072824,3.2656823181999894,3.872449214213983,3.5606904761904765,3.3573506416423076,3.310892822160181,3.3563396303616524,3.7388177135012772,3.3748253968253965,3.210789321789322,3.220886689839759,3.280480091691461,2.702052593231201,3.388325396825396,3.5072176866343523,3.758705822253471,3.658791651449708,3.9526054336649836,3.249571428571428,3.0795727513227518,3.3231743587948297,3.2940238080487227,3.599188868900994,3.3905238095238093,3.177310738644071,3.2262618294422594,3.1811979785217113
audio_528.wav,2.5,3.3865352572908516,3.8143650793650785,3.7040597118930454,3.721530126950379,3.584338604299344,3.3295253106044544,3.625722222222221,3.3931298254214917,3.4466893957614277,3.2603005329350023,1.9870551824569702,3.071095238095239,3.1104262296345624,3.07229073076061,2.9778936486935574,2.4259981970031057,3.09913492063492,3.110699664532998,3.206821081913206,3.1114994489822614,2.520601029767455,3.166960317460319,3.2360366115366115,2.925753547111476,2.971849139004958,3.6418890953063965,3.164119047619048,3.2085781625781635,3.2173335180641494,3.2944910061459347,3.032939247594023,3.6569603174603174,3.441364858906526,3.3739964285652113,3.221105407131351,2.7082013598269676,3.1420555555555545,3.1947415223665225,3.0412912506806644,2.9635992172541026
audio_441.wav,2.0,3.2683760099630166,2.655761904761904,2.7872428050344715,2.6891745939527922,2.6009777174975146,2.4567311101031515,2.699373015873016,2.6080298420715087,2.549549511329612,2.5452857787069694,2.3727723757425943,2.778857142857142,2.819421313254646,2.6427513831048057,2.7701521632569137,2.496452077446271,2.7659365079365075,2.7674647065897067,2.5962050216897548,2.6786607436567764,2.4875834883181898,2.734555555555555,2.736994127785794,2.702130053372447,2.6346078838753404,2.1301605304082236,3.1708571428571424,3.096474861558196,3.3047065518051357,2.9644927427958305,3.4204156174862113,2.800706349206349,2.784778258778259,2.652770267507496,2.778258383840655,3.150684017618776,2.8056111111111104,2.832012774262774,2.7639216769947144,2.763954290257697
audio_381.wav,5.0,4.2535947293317,4.339515873015873,4.223220418470419,4.127426644788815,4.264595226038584,4.126917484683591,4.275523809523809,4.260011917095251,4.390653671369478,4.447022864437127,4.9068929354349775,4.692476190476189,4.715499098124099,4.805950798354618,4.767869429494582,4.842948149941615,4.737960317460317,4.746324334616001,4.862891059473992,4.8825162199049545,4.678789129191583,4.715007936507937,4.658172278338944,4.763466228146459,4.8146963297690855,3.7133986155192056,3.4636825396825404,3.5434155998322665,3.565086542644098,3.441844578802213,4.306346188315815,4.296055555555555,4.202448332531667,4.397744243303915,4.39627110282956,4.410912705606502,4.690650793650793,4.630679980513314,4.7034059719760135,4.812979929664274
audio_86.wav,2.0,3.4837208365932306,3.4777063492063505,3.4927465404965403,3.3976355233594444,3.405285128087854,2.6655852701274667,2.900436507936508,2.861652104068771,2.6790640849005456,2.7329492170202863,2.886270523071289,3.6128571428571425,3.505071989738657,3.662117793389047,3.6369824048497326,2.6858732591200485,3.46470634920635,3.487381211381212,3.4559000351416613,3.4163735595357725,2.4325642695439584,3.0628571428571423,3.0500053588386926,2.948563697708544,3.0654551296915855,2.842538277308146,2.988507936507936,2.9172314336897673,2.8477038723971817,2.933209620329933,2.44833117590761,2.766952380952381,2.673881222172889,2.4772760370731928,2.464287887171325,2.41126954729152,2.9737539682539693,3.0284145838729164,2.875945526434474,2.9013100109572463
audio_101.wav,4.0,3.2338043320465197,3.2491904761904755,3.3343202399452405,2.8777832820842995,2.780530241943247,3.281360730091721,3.1690634920634912,3.3872279942279953,3.2934672685030626,3.1886093769906694,3.6471988360087075,3.4515476190476186,3.362255904589238,3.286900636877169,3.337250616742891,3.5607240357861065,3.4014365079365074,3.324307234432234,3.4063846082605536,3.3202641081817177,3.4845219847193714,3.2441746031746033,3.3213926521009856,3.2463797522603297,3.2676557135303175,3.4430864651997886,3.0856507936507938,3.1045026655443326,3.017201488399275,2.905762799611384,2.8811359327479393,3.070896825396826,3.329659414659415,3.032371505009724,3.084499711924453,3.6106271442538596,3.1831984126984136,3.226374263082596,3.13638577012914,3.1376442128439694
audio_333.wav,4.5,4.22680838170842,3.9338412698412686,3.820191979316979,3.9473784100080365,3.940755025181385,4.174643235089345,3.7526666666666664,3.4385804534971194,3.6015946295098136,3.7309547290372778,3.919424215952555,3.5488809523809515,3.6228184146100824,3.481224587998143,3.448376127986954,3.6216841479961452,3.6365158730158744,3.6536274543357883,3.5285401462876376,3.509025685109389,3.704625965037137,3.7017698412698414,3.551785934744269,3.682919783866565,3.537827084193814,3.873922348022461,3.594436507936509,3.440854064145731,3.961691836596808,3.6612399708372974,3.9793623918934635,3.6806428571428556,3.2104117579950913,3.459178272896144,3.5532496937526514,3.7278801268270634,3.6995317460317456,3.5669109393692744,3.641153571653044,3.5414162005026744
audio_149.wav,2.5,2.408900622811632,3.1432460317460325,3.237473307556641,2.9642710507855625,2.942635836597837,1.6454973033273348,2.7563968253968256,2.8201402517235845,2.4767357728080093,2.540398150385755,2.2889238198598227,3.0837619047619054,3.262231758981759,3.1154981229443535,3.1055077377445124,2.271346599662468,3.093785714285714,3.291183216474883,3.1562661284280504,3.0801523040496583,1.9915746873206774,2.8762619047619045,2.8936655350822016,2.638009591106291,2.715073310750185,3.5281185309092202,2.8862460317460332,2.866290188206855,2.774468397591028,2.758106154623968,2.110999532991422,2.7400396825396824,2.780042368125702,2.5305184349973833,2.39525551441729,2.4532452411567416,2.897928571428572,2.902410259493594,2.790310401492109,2.7094277662426527
audio_719.wav,3.0,3.5695678388854866,3.4755634920634932,3.4987706213539553,3.2593963918844167,3.4928404136291316,3.2810049218858612,3.4739206349206344,3.482702120410453,3.4553070350405686,3.4853079944596317,3.0899722576141357,3.4921031746031743,3.5751415282248615,3.398873441475947,3.4908484850718415,2.968152658561655,3.4484206349206357,3.5936089365881028,3.443357917992859,3.399791570024257,2.9515123512741623,3.526928571428573,3.620792317250649,3.522228511933123,3.5204886965231488,3.6425485610961914,3.519738095238095,3.471637780429447,3.4708170087621344,3.4892426208537053,3.3824609595634154,3.633357142857143,3.5814130668714,3.588123215493859,3.6110496506152607,3.2130711594224928,3.5464285714285704,3.6147131171297837,3.5274459821197426,3.6289750551322455
audio_638.wav,3.0,3.3489766005996024,3.3575873015873015,3.349853854478854,3.45499865407775,3.363617672356995,3.1337028302449066,3.224968253968255,3.189878766295433,2.92672776726547,3.0626972537841604,2.9803101221720376,2.9808333333333326,3.0445859526276204,3.232312104524985,3.18711818038047,3.1023944576817435,2.9614047619047628,3.055826543826544,3.1818939792733967,3.1567843494254784,2.97591124308803,3.1614047619047625,3.1752009055759056,3.110278477759658,3.1768096245507027,3.480567693710327,3.565817460317461,3.5237615239698568,3.4934152574721065,3.6871936785656523,3.2186623044121645,3.221769841269842,3.242925324675325,3.0344700143265135,3.1512158011275724,3.422105962331312,3.100031746031746,3.2152870971620984,3.2455356536101156,3.240008364601239
audio_147.wav,3.0,3.9074235625365468,3.7809206349206357,3.7954775286441955,3.5732107612918296,3.5923822248731754,3.378279495093649,3.287500000000001,3.0571164545331206,3.0530615393068463,3.0866436545289537,3.2049176692962646,3.6873492063492073,3.7047985317151984,3.712702931541098,3.6382683405200313,3.252811506651899,3.610373015873018,3.636689153439153,3.604947844138202,3.592168709716311,3.074390128694714,3.3325476190476184,3.198201499118166,3.0388234729659005,3.0380465950914974,3.064144770304362,3.0895396825396833,3.223985549943883,3.0817448480378267,2.9350486657830523,3.547397600867685,3.1455317460317462,3.038994528619528,3.1614646238874244,3.0803075280811,2.9412508690766566,3.3031746031746025,3.205408662325329,3.062794662200002,3.0793528343385965
audio_62.wav,4.0,2.736936727086672,2.6989682539682534,2.6805890652557323,2.755955132689838,2.8226395926329353,2.9887871843451674,2.7630555555555554,2.8036555019055016,2.7331402066575112,2.7289666281603124,3.500612258911133,3.6192301587301583,3.5352239565989563,3.7744708172203665,3.659264233327367,3.4103919391904154,3.4954365079365086,3.3958640741974073,3.446970998109768,3.4743092665362973,3.3649108445683056,3.459579365079364,3.2290347923681266,3.3582736353437475,3.458397049767673,2.232615311940511,2.8970317460317454,3.061142328350661,2.8582606700892423,2.8166256945208166,2.810949745662677,2.890230158730157,2.828249679333014,2.784565857901697,2.8025020320482885,3.501272992670079,3.412380952380952,3.1156130952380945,3.254178421785712,3.2840978216935395
audio_763.wav,5.0,4.552194487729441,4.443015873015873,4.302965722549054,4.532644889976434,4.459931944980557,4.574667123311859,4.695984126984126,4.717655932030932,4.778352228489538,4.718567061037775,5.0,4.501190476190476,4.469343434343434,4.496652112086981,4.66131833505269,5.0,4.651166666666666,4.564070660820659,4.549695295987186,4.617829988928715,5.0,4.7641269841269835,4.75623276414943,4.90613566698524,4.96735847675904,3.846512794494629,3.8256111111111113,3.8348610479027134,4.02014928875233,3.9559853320813225,4.824713971320128,4.647952380952381,4.643243386243387,4.77786330347235,4.813183544541883,5.0,4.7150317460317455,4.724041887125222,4.85574527920638,4.937066866827707
audio_498.wav,2.0,2.3133580119625705,2.6999285714285706,2.715214925506592,2.733282130910817,2.7326354818070313,1.9085300163674512,2.477325396825397,2.430682219015552,2.339815202682971,2.3047639373544073,2.550783713658651,2.42347619047619,2.4518097427264087,2.3003161866137005,2.367434741215573,2.4315565074330605,2.4575793650793654,2.4646737629654294,2.3201195142045177,2.328298785092946,2.5007565145340687,2.402603174603174,2.429187369729036,2.173505107444658,2.1674889843639846,2.057514707247416,2.8544761904761913,2.853125524167192,2.789374189465022,2.7028595178820645,1.2880216696839857,2.495309523809524,2.445794955044955,2.2429249608583994,2.244600367713634,2.2462876882618503,2.43113492063492,2.448277497194164,2.126683071011136,2.2375187172414086
audio_1.wav,3.5,2.498460418132008,3.1585238095238086,3.0954385984385993,2.8456596843983415,3.0399641175032333,2.6466847074122497,3.2240555555555552,3.2268923961840628,3.1980753821559893,3.224257157151557,3.206817944844564,3.679595238095238,3.882540225206892,3.6362171645402803,3.6946787718671903,2.7642735625045773,3.432285714285714,3.6758925966009293,3.267739129275643,3.522137808590196,2.8058499686568297,3.6242857142857137,3.8214963616630286,3.673930979859987,3.758260438518935,2.5501948992411294,3.3566349206349213,3.3625883190883186,3.6414814980197128,3.374273782530732,2.833304039210967,3.400174603174603,3.4278257670071404,3.350763080424324,3.4695220108612754,2.636778861612879,3.71681746031746,3.8548518117684782,3.715463894039294,3.702941696012062
audio_304.wav,5.0,4.986332287095343,4.697571428571427,4.609421777296777,4.832885818147781,4.95806574940383,4.884102611256161,4.2787460317460315,3.9293243478562103,3.9734645559200175,4.122004946889931,4.813011010487874,4.576841269841268,4.410039021164021,4.561358659620499,4.580941354462528,4.952876619576468,4.653714285714286,4.488706429373097,4.733356412832194,4.798843536444227,4.765892866567241,4.493261904761903,4.2997022206188875,4.28219132736985,4.301673245639756,3.7057975133260093,3.9733571428571435,3.985662336120669,4.199931895386565,4.170342559996452,4.891216103506171,4.237722222222223,3.9870582087665443,4.274141432244643,4.346842119339429,4.846486309516617,4.524047619047619,4.238268492310159,4.309479300161663,4.4847280129463805
audio_347.wav,5.0,4.018964232940679,4.04276984126984,3.906940638065638,3.951101784442302,3.838965170177882,3.4946406320433723,3.246777777777778,3.298398215210715,3.407065147199079,3.357111635118295,4.76060136159261,4.228682539682541,4.09955284992785,4.077591040631067,4.307519064057342,4.564664105164875,4.1816587301587305,3.8993974543974548,4.068984675113181,4.202077251044654,4.489960300494215,3.681492063492065,3.6679504769921434,3.8679722567123203,3.9295348913765937,3.5251753330230713,3.517357142857143,3.4991325464658813,3.776605806759273,3.723261392525768,3.6146477763086327,3.2893174603174606,3.4176091670675013,3.4611107917268935,3.5225215295210646,4.600802882943166,3.6695158730158735,3.6567372997373,3.9244422614751073,3.910164831550709
audio_560.wav,4.0,3.2097449341592923,2.9903888888888885,2.883841479508146,3.06776707354812,3.0218629906567513,3.8980347723748108,3.470761904761904,3.630378120336454,3.586655200698061,3.652569905638226,3.418969472249349,3.1420873015873005,3.1744157046657047,3.3990306893882987,3.501892802621056,3.502997188835179,3.125396825396825,3.1086851250601253,3.3026263415706723,3.472047507886959,3.538287937241845,3.328253968253968,3.3589963400796736,3.479908128497211,3.5483607858764366,3.6379228432973227,3.5100079365079346,3.4249595034595033,3.951420423842125,3.86288405674982,3.2332985989436924,3.568341269841271,3.696939995189996,3.598082178518601,3.6766371536936635,3.6134165574553894,3.2882777777777776,3.3374651875901873,3.6395251579008554,3.5792076842656626
audio_452.wav,3.5,3.2771346624270925,2.9518015873015884,3.0158954826038156,2.921379055631584,2.908674212915882,2.7031989496165507,2.9087222222222215,3.0247685832685822,2.7938930925116328,2.732579741876272,3.0219998359680176,2.946968253968253,2.8983126903960237,2.8150706747607472,2.75822600884403,3.251759091879942,2.9347857142857134,2.916597983806317,2.7705146976102597,2.6826496055850613,3.0954047679479646,2.876238095238094,2.8494505232421887,2.8533357246857385,2.8177722336686504,2.9557658036549888,3.010214285714285,3.084114237614237,2.9750256766803744,2.9861691999478004,2.747945760282827,3.005095238095238,3.131773143523143,2.8096497766776984,2.7875772579532487,2.565932353908813,2.9028412698412693,2.951239598364598,2.8480683071481816,2.8006762428785303
audio_716.wav,4.5,3.782412181738857,3.635626984126984,3.588590722549054,3.8893336942496504,3.7660327836629843,3.9869519594295273,3.64134126984127,3.6130824514991193,3.8619266449851914,3.8864271052466144,3.8775476614634194,4.012015873015874,3.8555985233901886,3.967215663054866,4.094969593231049,3.9350014092634846,3.9435079365079364,3.8461276115859437,3.984309223968738,4.1789159772130775,4.0341415433721375,3.949809523809525,3.8407153340486673,4.143680444701695,4.245022160725791,4.963308811187744,3.53097619047619,3.583435525893858,3.8368176358567845,3.8270071811263144,4.077479209243224,3.474650793650793,3.6046121378621385,3.6207513755963885,3.555078735695551,3.9181345760068407,3.908349206349206,3.8167289963123294,4.038268045746828,4.126573070608866
audio_473.wav,2.0,2.834113196191002,2.622571428571428,2.6466966181966183,2.7540196447900995,2.7251407425475307,1.7406803189487527,2.795238095238096,2.757705297017798,2.622731733221936,2.6819823830180325,2.465250253677368,2.6519523809523804,2.741940406044573,2.578777290157218,2.4614283196862665,2.4543974102865262,2.6336825396825394,2.6281702741702735,2.3982856375127812,2.4587135603389716,2.2718023497486968,2.7176904761904765,2.7373378627545297,2.5381795863711227,2.5728091945871356,3.090378999710083,3.29831746031746,3.1388738437488435,2.926069956943428,3.1472039122423836,1.18090319981813,2.9165158730158716,2.8880170416003748,2.846351967009086,2.844981250366913,2.2687770348053893,2.8156190476190477,2.7778930174763503,2.8268025652588338,2.737757782818811
audio_95.wav,4.0,1.6744398605487174,2.6220714285714286,2.68794798565632,2.4958220664702364,2.4891015908736223,2.7834660046065416,3.1977857142857142,3.4917222283888947,3.133897569732646,3.1077782987027294,4.318373044331868,3.6592063492063502,3.584598577348577,3.559943563146233,3.540485606252106,3.7574169272467706,3.4994761904761904,3.486239795698129,3.40502547552943,3.4063828922168553,3.796114009154255,3.6689206349206347,3.7365433100849774,3.7849192211522755,3.750417847681924,3.0976062615712485,3.088166666666666,3.191300047175048,3.139963175193857,3.109895184041195,2.8907150406888626,3.1898095238095237,3.492216089466089,3.1155393280136408,3.198717522883689,3.4635919997722744,3.5895714285714284,3.662522955439623,3.7662526232998768,3.6161184904987227
audio_732.wav,4.0,3.1743499654394607,3.594730158730158,3.4920414909164905,3.362378663031,3.2503616090800427,2.99308746861562,3.1935476190476186,3.046981060606061,3.0223662391471002,2.949029427145439,3.55449644724528,2.9654603174603174,2.9893347624597624,3.07944061987792,3.250204811389288,3.2766027809410825,2.958182539682539,3.0527513474180137,2.9311650146811927,2.9572589713030464,3.215223515048526,2.918920634920634,2.9004654758821427,2.9757474452401738,2.947574216969686,5.0,3.6909523809523805,3.6465681109014443,3.9103047709215217,3.8264112079028814,4.811170589626617,3.2578888888888873,3.012809844476511,3.0049748293992966,3.092978433622493,4.206922691537849,2.975865079365079,2.8860665383998714,2.8990635845997463,2.9261739628386683
audio_292.wav,5.0,4.86691859912665,4.5196507936507935,4.533693884818884,4.852704849585645,4.9153530407199595,4.969143223652268,4.628246031746031,4.682053961470629,4.9299110809428,4.948106057584014,5.0,4.429912698412698,4.454936287477955,4.738265366102106,4.7332766179898815,5.0,4.555087301587303,4.5741872957289615,4.820112636779856,4.890613911852966,5.0,4.662365079365078,4.694544352252686,4.885000526586622,4.921472891025597,4.092044830322266,3.5281587301587294,3.4150667388167384,3.4365548235236907,3.56342220630451,4.7587488343760915,4.52584126984127,4.579026635401635,4.722077441672326,4.773041638373377,5.0,4.602317460317459,4.6336520562770565,4.815609718374961,4.809218968305696
audio_469.wav,2.5,3.6123487877951685,3.4112380952380956,3.4859812008978666,3.379971874038405,3.578633688878183,2.7779254024390654,2.952817460317462,2.9566695696279024,3.016814644826185,2.964669570998509,2.6780920028686523,3.041666666666666,3.091340432715432,3.2153619788983234,3.1676717727872195,2.9929369315917964,3.1290317460317443,3.1572281360614696,3.265261835230309,3.2086204222013177,2.913946357794019,2.909563492063492,2.885052723511057,2.97936399652286,2.96170867985494,2.3557331562042236,2.959904761904762,2.9669948909115575,2.968078314307057,2.8940096622498204,2.7018303470677743,2.999492063492063,2.9397952602952597,2.7923733852518677,2.847111105107402,2.9034809524274454,2.935793650793651,2.9373489550572884,2.86459254150818,2.8312692042529815
audio_329.wav,2.0,3.358694486349004,3.337055555555556,3.606280356988691,3.482800387483412,3.2424537751375926,3.190979814887591,3.549698412698412,3.4785027496105925,3.4332394127028767,3.4335569613368726,2.3882404963175454,2.7437142857142853,2.824586922336922,2.5408649790903937,2.5786308412192738,2.550812947096077,2.8012380952380957,2.8413266995350335,2.6839381311086616,2.655379397475626,2.688817194785411,2.9452857142857147,2.9393592873176204,2.9188204491131344,2.9039141558726165,1.8531839450200398,3.1355873015873006,3.142670921670923,2.92959687307215,2.950427676573767,2.775730602344561,3.615071428571428,3.526758625633626,3.487252858658389,3.449541941446874,2.3694352080199823,3.06331746031746,2.9499426206509547,3.0226037763000577,2.8605508099848636
audio_169.wav,2.0,3.6449595975484708,3.5972380952380956,3.6188134226884237,3.4651052903822332,3.363506108660415,3.0951930195444497,3.403555555555556,3.2196559844476518,3.024522129125302,3.1064972815252325,2.457831064860026,2.966333333333333,2.8796799195267337,2.7452904115147363,2.85014009252192,2.4488750117243234,2.8943253968253972,2.950863303363304,2.7724645676174045,2.7357876095136535,2.6171836519424025,3.0197301587301584,2.9283603495270167,2.8820199148968655,2.932475635543012,3.129019578297933,3.288976190476191,3.257199280657614,3.4154661959669017,3.3431590413275907,3.337438661563647,3.310261904761905,3.1654983504150174,3.1996070526683975,3.3363648172749776,3.1427342440187616,3.07507142857143,2.9371033549783547,2.895745918802701,2.9165760335580893
audio_174.wav,2.5,3.5094827386666485,3.4129682539682533,3.3377430362847034,3.2979420543434563,3.37941869573201,3.243534835159761,3.296238095238096,3.1474678793428787,3.431210578808632,3.2515621961349095,2.605180501937866,2.9857142857142858,2.9704524009940685,2.933269608665427,2.864674848229479,2.595587883749626,3.0038492063492064,3.002090885965886,2.9379444952835243,2.95034881761755,2.5704872454749053,2.9714841269841283,2.9135257104007106,2.833252328204466,2.9252643793677238,3.713685671488444,3.056793650793651,3.043077843452844,2.720641485719048,2.7008932583028447,3.5543319587172455,3.2669126984126975,3.1800370123703465,3.0775969187074375,3.0618677764662956,2.7937122849279703,2.9717698412698415,2.968897506814173,2.740434836813991,2.822614044134479
audio_513.wav,2.5,2.4368145283374933,2.979253968253969,2.996784578076246,2.7167130913341935,2.6355141773578494,2.270266950367411,2.9279841269841285,2.9454832913999582,2.9206601751174524,2.8790564955323643,2.8034756183624268,2.7682380952380954,2.8392693602693595,2.7384471940288804,2.7568005357208523,2.428696001209397,2.801119047619047,2.8285988055154725,2.726989544045619,2.8480534980168812,2.865432465275184,2.8014285714285716,2.836518191684858,2.812272871546241,2.8542188357249008,2.4036046266555786,2.9965000000000006,3.1157628282211625,3.42023096972954,3.294656607803321,2.5348487454937065,2.9027460317460325,2.82349984429151,2.762608723682255,2.8002282962860234,3.108659408024419,2.7746349206349215,2.820459295334295,2.8606223518599294,2.800935136445682
audio_584.wav,3.0,2.8789968716842016,3.2896349206349194,3.288770007770007,3.395932446292585,3.41530215075341,2.346160425914772,2.8887619047619046,2.7593601090267748,2.866683271899138,2.7188022226032227,2.939556121826172,2.9098095238095247,2.890793476585142,2.596725266209306,2.602721361182672,2.5935613752462294,2.9287142857142854,2.893541173332839,2.63118858810205,2.6773041765441774,2.5662684052380684,2.785888888888889,2.6710020519603854,2.5074602610559076,2.528402158552574,3.4170114994049072,3.1863968253968245,3.124533836533837,3.02083958874586,2.9647692006901902,2.692580349199106,2.9586190476190475,2.8623996188996195,2.6362438119093734,2.739874400872084,2.613839457177809,2.833420634920635,2.7567932098765433,2.620716888959908,2.602861104265394
audio_345.wav,5.0,4.274936949939424,4.205563492063493,4.181346126096127,4.230971040275563,4.312983822718329,4.528602976894047,4.632,4.647767316017316,4.836355087979173,4.839951381394642,5.0,4.606134920634921,4.483198532948532,4.583117558289093,4.679678447656125,4.917081549111834,4.6326269841269845,4.507550204425205,4.692403121958858,4.649347677038254,4.863830145789906,4.773642857142857,4.7009893578643585,4.847924815573472,4.832733623551678,1.8743538061777751,3.2598571428571437,3.3388803310886637,3.115269458184913,3.0192370859108535,4.181164609599463,4.441920634920636,4.533446989738655,4.725872193775424,4.751404691188661,4.165787998674002,4.727952380952381,4.663020588978923,4.823729255177389,4.79416571487172
audio_750.wav,4.0,3.651190635487938,3.7808095238095247,3.767685225268559,3.4648291311572303,3.635525164596029,3.5119901160499545,3.673777777777779,3.392748727352894,3.5641868782265473,3.6410238135706603,4.220145543416341,4.046460317460318,4.031682712349377,4.140278129472233,4.034719221893698,4.390125606233202,4.069412698412698,4.057436147186149,4.165329813477302,4.030790486850971,4.266860097485135,3.8720000000000003,3.8381624317040974,4.023634767921885,4.0234760876787155,3.412082036336263,3.6578888888888894,3.625875126416794,3.6272399253041527,3.591936409873147,3.8198920269017123,3.573023809523809,3.3587741602533274,3.7337212528341825,3.723130315161688,4.305417884684877,3.9447063492063488,3.745676106301106,3.983223426380091,3.9688043766539223
audio_116.wav,3.0,3.600385080118988,3.657095238095238,3.6607134038800706,3.624771842516506,3.6696475447678942,3.6043425506919093,3.5989761904761917,3.4722595598845607,3.5919473844826815,3.6011964182953933,3.442887465159098,3.077071428571428,3.109722863556197,3.0415170557502953,3.137733798522227,3.901416687300255,3.0684285714285706,3.0585970518678853,3.0138120217610496,3.101318225918414,3.9115803458908247,3.023325396825397,3.0089662050912054,2.8866008628503272,3.0764097409733124,2.6541874408721924,3.2272301587301584,3.2383051447009783,3.133809413366118,3.053078900436674,3.4728304824472844,3.489166666666666,3.333603822103822,3.1005572922656737,3.264868649467824,3.631658088459751,3.0227380952380947,3.013094709303043,2.916929917732871,2.9057070289033944
audio_114.wav,2.5,4.176521315660478,3.746912698412699,3.7317012139095476,3.5493181176170707,3.5199542427141117,3.6326758176154126,3.3301111111111106,3.460188168313167,3.4975307427153104,3.4074209992086986,2.637248436609904,3.1518174603174614,3.1805514069264067,2.9438438488657757,3.020907535178313,2.9046483781176913,3.2152460317460316,3.245665858832524,2.9905016740068278,3.0018434098236377,2.829962947800326,3.0127142857142863,3.003531285072951,2.688339666828986,2.743397644486595,2.377215544382731,3.0451190476190466,3.0035672953589625,2.770990802613863,2.6485535530729525,3.288098938545108,3.3685476190476193,3.374698953823954,3.219977812788006,3.0963736669609876,2.8243117375379754,3.085730158730159,3.017370530703863,2.722174094384322,2.766128600314598
audio_157.wav,3.0,3.702602882351877,3.99231746031746,3.8753103671020335,3.9205976920319365,3.940463413714362,3.309506119816351,3.2308888888888894,2.9817468133718137,3.022118814832203,2.972272689155083,3.8949212233225503,3.473111111111111,3.4889657487574155,3.54819736434364,3.5265052485815858,4.075878156299017,3.4902539682539686,3.58260366947867,3.62719310227498,3.693248602942264,4.097202921717136,3.332309523809523,3.170368626743627,3.321884180347284,3.367278791656957,2.4779818058013916,3.1287777777777777,3.083002283210616,2.8698734846887333,2.9099146156761972,2.965784639527991,3.1421825396825387,2.9362461720378383,2.8111137669900548,2.9205642439000266,3.2843794719980295,3.3268968253968265,3.111017770809438,3.2445237433612495,3.1462964701643994
audio_385.wav,4.5,3.6057113066906648,3.408055555555554,3.403003661461994,3.473487622247752,3.3433996567064193,4.334531057243336,3.843849206349207,3.834970828554163,3.8586774019844188,3.9671041608982356,4.520731290181478,3.981968253968251,3.7681824132657447,4.191940745445945,4.1656740021406415,4.509814550773231,3.9964920634920627,3.789842793009459,4.018072954721987,4.062759631799995,4.83157478234953,4.197349206349206,4.032137997804664,4.295877857733427,4.274063068652999,4.843970616658528,3.7151666666666667,3.6163815227981897,3.589997694538251,3.621955749900112,4.476240852824577,3.8818333333333332,3.8727652224318887,3.9895228970001138,4.021607007149009,4.817183458699607,4.157452380952383,3.9865262206928875,4.363632284429465,4.278391414120399
audio_264.wav,2.5,3.7096188391579115,3.188801587301587,3.1677192961359624,2.9336111161957454,2.9055451602115276,3.102737737067141,3.054380952380953,3.0506292180042176,2.6999181959726464,2.699470926716143,1.9226916631062825,3.523277777777778,2.8552774170274167,2.9913551391970366,2.6269031390156417,2.292869102491838,3.5139206349206353,2.903048790715457,2.9013506653044296,2.585946099551197,2.2068740544148207,3.4526190476190473,2.8203392132558798,2.949502674668409,2.534000151900395,2.8914087613423667,3.101000000000001,3.1772676135592803,2.7653249179368458,2.60702461837653,3.779010213460721,3.1049126984126985,3.0314488674905333,2.918038142418935,2.9548168224069986,1.9636768791316552,3.453769841269841,2.7847815949482624,2.950702579234207,2.607923987031537
audio_390.wav,5.0,5.0,4.567293650793652,4.480649255065923,4.716111964809563,4.794016593403177,5.0,4.669071428571425,4.5712705704789025,4.848057991987344,4.813387604140677,4.56127389272054,4.505539682539684,4.515419620502953,4.517442295628924,4.5730485397809195,4.899148851881649,4.486865079365079,4.525699582824584,4.578151415333086,4.534509927377406,4.823062195487867,4.683238095238093,4.629537710746046,4.648177449531646,4.617580628655277,5.0,3.8446190476190476,3.7643944743528066,4.428399792074405,4.300701993594251,5.0,4.434095238095236,4.3580245711079035,4.704035970242643,4.632726083942829,5.0,4.604634920634919,4.592470198011864,4.606507160903959,4.56966509525477
audio_766.wav,4.5,3.7627033782939923,3.7017063492063484,3.8843099955599967,3.924642468840256,3.918604299840132,3.3797338380992588,3.320246031746032,3.296102940269607,3.616835981250629,3.3373115068938666,3.979127566019694,3.7544126984126986,3.735239738656406,3.741228918582133,3.658722471973326,3.777240458932779,3.749444444444445,3.6960106452189776,3.64128453355215,3.6181206925233504,3.783316261563994,3.544579365079366,3.4859857904441234,3.570819108559597,3.5211018261480818,3.8879387378692627,3.7462698412698416,3.7116276855860195,3.5437374078811543,3.5113116107840163,3.739060222040091,3.397952380952382,3.3938204218620887,3.6938469390860127,3.540022067992462,4.0284740249792605,3.5501190476190487,3.45556569664903,3.6151573150877976,3.639054953762455
audio_571.wav,2.0,3.794204971108504,3.5404126984127,3.6250636477719813,3.420824974996652,3.315271162461354,2.7628747008817975,2.814428571428571,2.851109547859549,2.6432975723889793,2.665186995857875,2.522711912790934,2.734904761904762,2.8154508177008175,2.6329976140911286,2.628849837938938,2.78546787527243,2.8246269841269833,2.868361612153279,2.72146080875709,2.6470553452944183,2.534227522117123,2.699984126984127,2.754178329386663,2.631913958002151,2.452937310661593,1.3727709452311199,2.702857142857143,2.7041348003848,2.1846174285869897,2.269285695599742,2.1851182273700633,2.8083253968253974,2.764343995510662,2.557863731282913,2.462583924618625,2.2068992110585697,2.727357142857143,2.7455799879133203,2.57413942713759,2.418440793977285
audio_393.wav,4.5,4.238279802738038,3.6684285714285703,3.537046046546046,3.4861635764693744,3.631300445582131,4.1050324926909,3.4028412698412698,3.3165730041563375,3.4726115250401173,3.385243398768198,4.5886311531066895,4.155984126984126,4.016855864814199,4.283539851258147,4.382867623794343,4.9152709081826655,4.152634920634919,3.9764320417237085,4.324717152764837,4.4589269367808475,4.874249166223577,4.091722222222223,3.849051035384368,4.167028237538244,4.149914631522502,3.51814866065979,3.2744682539682546,3.2266280756280747,3.34241102221084,3.158038810587279,4.276235767747971,3.3709682539682526,3.29584754288921,3.338764427557479,3.2109432458106717,4.6202037176285335,3.9930158730158722,3.7358836780503446,3.9469756710483543,4.076656640830353
audio_691.wav,4.0,3.4032004474145956,3.2714206349206356,3.2903790391707055,3.516189457447401,3.6113487555006607,4.077748006204024,3.5512777777777775,3.642376763668429,4.09567224101429,4.063388542063371,4.004366318384807,3.5409365079365096,3.5779650334233675,3.7057825034385132,3.7047187647731636,3.9868971446813446,3.461825396825395,3.5595419025419024,3.7413826839757682,3.635105963389922,4.0188706130541005,3.602174603174602,3.621757013048679,3.7954429791988353,3.7962967796813447,2.707942247390747,3.437634920634922,3.4461786970745307,3.620808808210986,3.4252257120790652,4.214603678262142,3.57495238095238,3.552834910459911,3.8610863638327637,3.8509124548539866,4.288660676697627,3.6534365079365068,3.638851993685327,3.8129783008788984,3.738922532049949
